{"total":8196,"offset":267,"limit":20,"language":"en","uri":"http://data.europa.eu/esco/concept-scheme/skills","relation":"hasTopConcept","_links":{"self":{"href":"https://ec.europa.eu/esco/api/resource/related?uri=http://data.europa.eu/esco/concept-scheme/skills&relation=hasTopConcept&limit=20&offset=267&language=en&full=true"},"prev":{"href":"https://ec.europa.eu/esco/api/resource/related?uri=http://data.europa.eu/esco/concept-scheme/skills&relation=hasTopConcept&limit=20&offset=266&language=en&full=true"},"next":{"href":"https://ec.europa.eu/esco/api/resource/related?uri=http://data.europa.eu/esco/concept-scheme/skills&relation=hasTopConcept&limit=20&offset=268&language=en&full=true"}},"_embedded":{"hasTopConcept":[{"className":"Skill","classId":"http://data.europa.eu/esco/model#Skill","uri":"http://data.europa.eu/esco/skill/8a13f5ba-6630-4f41-a2e3-8cb7202bc932","title":"apply medical imaging techniques","referenceLanguage":["en"],"preferredLabel":{"de":"bildgebende Verfahren anwenden","no":"bruke medisinske avbildningsteknikker","fi":"käyttää lääketieteellisen kuvantamisen tekniikoita","en-us":"apply medical imaging techniques","pt":"aplicar técnicas de imagiologia médica","bg":"прилагане на медицински образни техники","lt":"taikyti medicininio vizualizavimo metodus","lv":"izmantot medicīniskās attēlveidošanas metodes","hr":"primjenjivati rendgenske tehnike","fr":"appliquer des techniques d’imagerie médicale","hu":"orvosi képalkotó technikákat alkalmaz","sk":"apply medical imaging techniques","sl":"uporabljati metode slikanja v medicini","ga":"teicnící íomháithe leighis a chur i bhfeidhm","sv":"använda medicinska bildtekniker","mt":"użu ta’ tekniki tal-immaġnijiet mediċi","el":"εφαρμογή ιατρικών τεχνικών απεικόνισης","en":"apply medical imaging techniques","is":"beitir læknisfræðilegri myndgreiningartækni","it":"applicare le tecniche di diagnostica per immagini","es":"emplear técnicas de imagen médica","et":"meditsiinilise kuvamise meetodeid kasutama","cs":"uplatňovat lékařské zobrazovací techniky","ar":"يطبق تقنيات الأشعة الطبية","pl":"stosować techniki obrazowania medycznego","da":"anvende medicinske billeddannelsesteknikker","ro":"aplică tehnici de imagistică medicală","nl":"medische beeldvormingstechnieken toepassen"},"alternativeLabel":{"en":["use medical imaging techniques","apply medical imaging technique","perform x-ray and ultrasound examinations","apply medical imaging-techniques","make use of medical imaging techniques"],"nl":["medischebeeldvormingstechnieken toepassen"],"es":["usar técnicas de imagen médica","utilizar técnicas de imagen para el diagnóstico médico","emplear técnicas de imagen para el diagnóstico médico","utilizar técnicas de imagen médica","usar técnicas de imagen para el diagnóstico médico"]},"description":{"en-us":{"literal":"Use imaging techniques such as X-rays and ultrasound for looking at the designated body part of the patient. Use a wide range of technology and equipment for this purpose.","mimetype":"plain/text"},"en":{"literal":"Use imaging techniques such as X-rays and ultrasound for looking at the designated body part of the patient. Use a wide range of technology and equipment for this purpose.","mimetype":"plain/text"}},"status":"released","_links":{"self":{"href":"https://ec.europa.eu/esco/api/resource/skill?uri=http://data.europa.eu/esco/skill/8a13f5ba-6630-4f41-a2e3-8cb7202bc932&language=en","uri":"http://data.europa.eu/esco/skill/8a13f5ba-6630-4f41-a2e3-8cb7202bc932","title":"apply medical imaging techniques"},"isTopConceptInScheme":[{"href":"https://ec.europa.eu/esco/api/resource/taxonomy?uri=http://data.europa.eu/esco/concept-scheme/skills&language=en","uri":"http://data.europa.eu/esco/concept-scheme/skills","title":"ESCO skills"},{"href":"https://ec.europa.eu/esco/api/resource/taxonomy?uri=http://data.europa.eu/esco/concept-scheme/member-skills&language=en","uri":"http://data.europa.eu/esco/concept-scheme/member-skills","title":"ESCO member skills"}],"isInScheme":[{"href":"https://ec.europa.eu/esco/api/resource/taxonomy?uri=http://data.europa.eu/esco/concept-scheme/skills&language=en","uri":"http://data.europa.eu/esco/concept-scheme/skills","title":"ESCO skills"},{"href":"https://ec.europa.eu/esco/api/resource/taxonomy?uri=http://data.europa.eu/esco/concept-scheme/member-skills&language=en","uri":"http://data.europa.eu/esco/concept-scheme/member-skills","title":"ESCO member skills"}],"hasSkillType":[{"href":"https://ec.europa.eu/esco/api/resource/concept?uri=http://data.europa.eu/esco/skill-type/skill&language=en","uri":"http://data.europa.eu/esco/skill-type/skill","title":"skill"}],"hasReuseLevel":[{"href":"https://ec.europa.eu/esco/api/resource/concept?uri=http://data.europa.eu/esco/skill-reuse-level/occupation-specific&language=en","uri":"http://data.europa.eu/esco/skill-reuse-level/occupation-specific","title":"occupation specific skills and competences","code":"Level 4"}],"isEssentialForOccupation":[{"href":"https://ec.europa.eu/esco/api/resource/occupation?uri=http://data.europa.eu/esco/occupation/7d092380-1c2e-48fe-81de-0d191b4e96d6&language=en","uri":"http://data.europa.eu/esco/occupation/7d092380-1c2e-48fe-81de-0d191b4e96d6","title":"diagnostic radiographer"}]},"_embedded":{}},{"className":"Skill","classId":"http://data.europa.eu/esco/model#Skill","uri":"http://data.europa.eu/esco/skill/1cd4dbed-77dc-435c-8fc5-c8f4eb740853","title":"prepare for diagnostic imaging procedures","referenceLanguage":["en"],"preferredLabel":{"de":"diagnostische Bildgebungsverfahren vorbereiten","no":"forberede miljøet for diagnostiske avbildningsprosedyrer","en-us":"prepare for diagnostic imaging procedures","fi":"valmistella välineet diagnostista kuvantamista varten","pt":"preparar para procedimentos de imagiologia de diagnóstico","bg":"подготвяне за процедури за образна диагностика","lt":"pasiruošti diagnostinėms vizualizavimo procedūroms","lv":"sagatavoties attēldiagnostikas procedūrām","hr":"pripremati se za postupke dijagnostičkog snimanja","fr":"effectuer les préparatifs pour les procédures d’imagerie de diagnostic","hu":"előkészül a diagnosztikai képalkotó eljárásokra","sk":"prepare for diagnostic imaging procedures","sl":"izvajati priprave za postopke diagnostičnega slikanja","ga":"ullmhú do ghnáthaimh íomháithe dhiagnóisigh","sv":"förbereda för diagnostiska avbildningsundersökningar","el":"προετοιμασία διαδικασιών διαγνωστικής απεικόνισης","mt":"tħejjija għall-proċeduri dijanjostiċi permezz tal-immaġnijiet","en":"prepare for diagnostic imaging procedures","is":"undirbýr fyrir myndgreiningarframkvæmd","it":"svolgere i preparativi per le procedure di diagnostica per immagini","es":"preparar el equipo de formación de imágenes médicas y la sala","et":"diagnostilise kuvamise protseduure ette valmistama","cs":"připravovat diagnostické zobrazovací postupy","ar":"يحضر لإجراءات التصوير التشخيصي","pl":"przygotowywać sprzęt do przeprowadzenia procedur obrazowania diagnostycznego","da":"klargøre til diagnostiske imaging-procedurer","ro":"efectuează pregătiri pentru proceduri de imagistică de diagnostic","nl":"voorbereiden voor diagnostische beeldvormingsprocedures"},"alternativeLabel":{"en":["prepare for diagnostic imaging proceedings","prepare for medical imaging procedures","set up diagnostic imaging procedures","prepare for diagnostic imaging procedure","prepare for CT scans","set up equipment for diagnostic imaging procedures","prepare for diagnostic imaging practices","make ready for diagnostic imaging procedures","prepare for MRI scans","prepare for X-ray imaging"],"es":["tener listo el equipo de formación de imágenes médicas y la sala"]},"description":{"en-us":{"literal":"Set up the equipment for diagnostic imaging procedures, ensuring that the room is ready for the patient.","mimetype":"plain/text"},"en":{"literal":"Set up the equipment for diagnostic imaging procedures, ensuring that the room is ready for the patient.","mimetype":"plain/text"}},"status":"released","_links":{"self":{"href":"https://ec.europa.eu/esco/api/resource/skill?uri=http://data.europa.eu/esco/skill/1cd4dbed-77dc-435c-8fc5-c8f4eb740853&language=en","uri":"http://data.europa.eu/esco/skill/1cd4dbed-77dc-435c-8fc5-c8f4eb740853","title":"prepare for diagnostic imaging procedures"},"isTopConceptInScheme":[{"href":"https://ec.europa.eu/esco/api/resource/taxonomy?uri=http://data.europa.eu/esco/concept-scheme/member-skills&language=en","uri":"http://data.europa.eu/esco/concept-scheme/member-skills","title":"ESCO member skills"},{"href":"https://ec.europa.eu/esco/api/resource/taxonomy?uri=http://data.europa.eu/esco/concept-scheme/skills&language=en","uri":"http://data.europa.eu/esco/concept-scheme/skills","title":"ESCO skills"}],"isInScheme":[{"href":"https://ec.europa.eu/esco/api/resource/taxonomy?uri=http://data.europa.eu/esco/concept-scheme/member-skills&language=en","uri":"http://data.europa.eu/esco/concept-scheme/member-skills","title":"ESCO member skills"},{"href":"https://ec.europa.eu/esco/api/resource/taxonomy?uri=http://data.europa.eu/esco/concept-scheme/skills&language=en","uri":"http://data.europa.eu/esco/concept-scheme/skills","title":"ESCO skills"}],"hasSkillType":[{"href":"https://ec.europa.eu/esco/api/resource/concept?uri=http://data.europa.eu/esco/skill-type/skill&language=en","uri":"http://data.europa.eu/esco/skill-type/skill","title":"skill"}],"hasReuseLevel":[{"href":"https://ec.europa.eu/esco/api/resource/concept?uri=http://data.europa.eu/esco/skill-reuse-level/occupation-specific&language=en","uri":"http://data.europa.eu/esco/skill-reuse-level/occupation-specific","title":"occupation specific skills and competences","code":"Level 4"}],"isEssentialForOccupation":[{"href":"https://ec.europa.eu/esco/api/resource/occupation?uri=http://data.europa.eu/esco/occupation/7d092380-1c2e-48fe-81de-0d191b4e96d6&language=en","uri":"http://data.europa.eu/esco/occupation/7d092380-1c2e-48fe-81de-0d191b4e96d6","title":"diagnostic radiographer"}]},"_embedded":{}},{"className":"Skill","classId":"http://data.europa.eu/esco/model#Skill","uri":"http://data.europa.eu/esco/skill/ce0e0f82-a4f8-44e2-92c7-ceed2156fca2","title":"characteristics of diamonds","referenceLanguage":["en"],"preferredLabel":{"no":"diamanters egenskaper","de":"Merkmale von Diamanten","fi":"timanttien ominaisuudet","en-us":"characteristics of diamonds","pt":"características dos diamantes","bg":"характеристики на диамантите","lt":"deimantų ypatybės","hr":"svojstva dijamanata","lv":"briljantu īpašības","fr":"caractéristiques des diamants","hu":"a gyémántok jellemzői","sk":"charakteristické vlastnosti diamantov","sl":"lastnosti diamantov","ga":"saintréithe de dhiamaint","sv":"egenskaper hos diamanter","el":"χαρακτηριστικά διαμαντιών","mt":"karatteristiċi tad-djamanti","en":"characteristics of diamonds","is":"sérkenni demanta","it":"caratteristiche dei diamanti","es":"características de los diamantes","et":"teemantide omadused","cs":"vlastnosti diamantů","ar":"خصائص الماس","pl":"właściwości określające wartość diamentów","ro":"caracteristici ale diamantelor","da":"karakteristika ved diamanter","nl":"eigenschappen van diamanten"},"alternativeLabel":{"en":["the characteristics of a diamond","attributes of diamonds","aspects of diamonds","qualities of diamonds","components of diamonds","diamond characteristics","characteristics of a diamond"],"es":["propiedades de los diamantes","especificaciones de los diamantes"]},"description":{"en-us":{"literal":"Key characteristics of diamonds that affect their value: carat weight, cut, color and clarity.","mimetype":"plain/text"},"en":{"literal":"Key characteristics of diamonds that affect their value: carat weight, cut, colour and clarity.","mimetype":"plain/text"}},"status":"released","_links":{"self":{"href":"https://ec.europa.eu/esco/api/resource/skill?uri=http://data.europa.eu/esco/skill/ce0e0f82-a4f8-44e2-92c7-ceed2156fca2&language=en","uri":"http://data.europa.eu/esco/skill/ce0e0f82-a4f8-44e2-92c7-ceed2156fca2","title":"characteristics of diamonds"},"isTopConceptInScheme":[{"href":"https://ec.europa.eu/esco/api/resource/taxonomy?uri=http://data.europa.eu/esco/concept-scheme/skills&language=en","uri":"http://data.europa.eu/esco/concept-scheme/skills","title":"ESCO skills"},{"href":"https://ec.europa.eu/esco/api/resource/taxonomy?uri=http://data.europa.eu/esco/concept-scheme/member-skills&language=en","uri":"http://data.europa.eu/esco/concept-scheme/member-skills","title":"ESCO member skills"}],"isInScheme":[{"href":"https://ec.europa.eu/esco/api/resource/taxonomy?uri=http://data.europa.eu/esco/concept-scheme/skills&language=en","uri":"http://data.europa.eu/esco/concept-scheme/skills","title":"ESCO skills"},{"href":"https://ec.europa.eu/esco/api/resource/taxonomy?uri=http://data.europa.eu/esco/concept-scheme/member-skills&language=en","uri":"http://data.europa.eu/esco/concept-scheme/member-skills","title":"ESCO member skills"}],"hasSkillType":[{"href":"https://ec.europa.eu/esco/api/resource/concept?uri=http://data.europa.eu/esco/skill-type/knowledge&language=en","uri":"http://data.europa.eu/esco/skill-type/knowledge","title":"knowledge"}],"hasReuseLevel":[{"href":"https://ec.europa.eu/esco/api/resource/concept?uri=http://data.europa.eu/esco/skill-reuse-level/cross-sector&language=en","uri":"http://data.europa.eu/esco/skill-reuse-level/cross-sector","title":"cross-sector skills and competences","code":"Level 2"}],"isEssentialForOccupation":[{"href":"https://ec.europa.eu/esco/api/resource/occupation?uri=http://data.europa.eu/esco/occupation/47b747bb-5bbf-40d5-aa3e-8d4a79238502&language=en","uri":"http://data.europa.eu/esco/occupation/47b747bb-5bbf-40d5-aa3e-8d4a79238502","title":"jewellery and watches shop manager"},{"href":"https://ec.europa.eu/esco/api/resource/occupation?uri=http://data.europa.eu/esco/occupation/6729aa5a-285f-4baf-a466-c2ccd2f2d96f&language=en","uri":"http://data.europa.eu/esco/occupation/6729aa5a-285f-4baf-a466-c2ccd2f2d96f","title":"precious stone setter"},{"href":"https://ec.europa.eu/esco/api/resource/occupation?uri=http://data.europa.eu/esco/occupation/73bcde7c-bc34-485d-a7af-7b94fc43f61b&language=en","uri":"http://data.europa.eu/esco/occupation/73bcde7c-bc34-485d-a7af-7b94fc43f61b","title":"precious stone cutter"},{"href":"https://ec.europa.eu/esco/api/resource/occupation?uri=http://data.europa.eu/esco/occupation/80fe3002-3ae4-4d3b-8969-0f2ce1049d7d&language=en","uri":"http://data.europa.eu/esco/occupation/80fe3002-3ae4-4d3b-8969-0f2ce1049d7d","title":"jewellery and watches specialised seller"}],"isOptionalForOccupation":[{"href":"https://ec.europa.eu/esco/api/resource/occupation?uri=http://data.europa.eu/esco/occupation/547b304b-9a72-4717-9b24-b7046df5f64e&language=en","uri":"http://data.europa.eu/esco/occupation/547b304b-9a72-4717-9b24-b7046df5f64e","title":"specialised seller"}]},"_embedded":{}},{"className":"Skill","classId":"http://data.europa.eu/esco/model#Skill","uri":"http://data.europa.eu/esco/skill/d84cda8c-92ac-4b3b-8d04-3d086cba0e7f","title":"determine patient's exposure factors","referenceLanguage":["en"],"preferredLabel":{"no":"bestemme pasientens eksponeringsfaktorer","de":"Expositionsfaktoren von Patienten/Patientinnen ermitteln","fi":"määritellä potilaan altistusmääriä","en-us":"determine patient's exposure factors","pt":"determinar os fatores de exposição do paciente","bg":"определяне на експозиционните фактори за ясна снимка на пациента","lt":"nustatyti paciento ekspozicijos veiksnius","lv":"noteikt pacienta apstarošanas faktorus","hr":"utvrđivati čimbenike izloženosti pacijenata","fr":"déterminer les facteurs d’exposition d’un patient","hu":"meghatározza a beteg kitettségi tényezőit","sk":"determine patient's exposure factors","sl":"določati pacientove dejavnike izpostavljenosti","ga":"tosca nochta an othair a chinneadh","sv":"avgöra patienters exponeringsfaktorer","el":"καθορισμός παραγόντων έκθεσης ασθενή","mt":"identifikazzjoni tal-fatturi ta’ esponiment tal-pazjenti","en":"determine patient's exposure factors","is":"ákvarðar myndgreiningarstuðul fyrir sjúkling","it":"determinare i fattori di esposizione del paziente","es":"determinar los factores de exposición para cada paciente","et":"patsiendi ülesvõtte ekspositsiooniparameetrid määrama","cs":"určovat faktory expozice pacienta","ar":"يحدد عوامل تعرض المريض","pl":"określać czynniki narażenia pacjenta","da":"bestemme patients eksponeringsfaktorer","ro":"stabilește factorii de expunere pentru pacient","nl":"blootstellingsfactoren van patiënten bepalen"},"alternativeLabel":{"en":["determine a patient's exposure factors","determine exposure factors to be used","determine exposure factors for a patient","calculate patient's exposure factors","determine exposure factors for imaging"],"es":["decidir los factores de exposición para cada paciente","seleccionar los factores de exposición para cada paciente"]},"description":{"en-us":{"literal":"Determine the exposure factors to be used for producing a clear image of the pathology or trauma.","mimetype":"plain/text"},"en":{"literal":"Determine the exposure factors to be used for producing a clear image of the pathology or trauma.","mimetype":"plain/text"}},"status":"released","_links":{"self":{"href":"https://ec.europa.eu/esco/api/resource/skill?uri=http://data.europa.eu/esco/skill/d84cda8c-92ac-4b3b-8d04-3d086cba0e7f&language=en","uri":"http://data.europa.eu/esco/skill/d84cda8c-92ac-4b3b-8d04-3d086cba0e7f","title":"determine patient's exposure factors"},"isTopConceptInScheme":[{"href":"https://ec.europa.eu/esco/api/resource/taxonomy?uri=http://data.europa.eu/esco/concept-scheme/member-skills&language=en","uri":"http://data.europa.eu/esco/concept-scheme/member-skills","title":"ESCO member skills"},{"href":"https://ec.europa.eu/esco/api/resource/taxonomy?uri=http://data.europa.eu/esco/concept-scheme/skills&language=en","uri":"http://data.europa.eu/esco/concept-scheme/skills","title":"ESCO skills"}],"isInScheme":[{"href":"https://ec.europa.eu/esco/api/resource/taxonomy?uri=http://data.europa.eu/esco/concept-scheme/member-skills&language=en","uri":"http://data.europa.eu/esco/concept-scheme/member-skills","title":"ESCO member skills"},{"href":"https://ec.europa.eu/esco/api/resource/taxonomy?uri=http://data.europa.eu/esco/concept-scheme/skills&language=en","uri":"http://data.europa.eu/esco/concept-scheme/skills","title":"ESCO skills"}],"hasSkillType":[{"href":"https://ec.europa.eu/esco/api/resource/concept?uri=http://data.europa.eu/esco/skill-type/skill&language=en","uri":"http://data.europa.eu/esco/skill-type/skill","title":"skill"}],"hasReuseLevel":[{"href":"https://ec.europa.eu/esco/api/resource/concept?uri=http://data.europa.eu/esco/skill-reuse-level/sector-specific&language=en","uri":"http://data.europa.eu/esco/skill-reuse-level/sector-specific","title":"sector specific skills and competences","code":"Level 3"}],"isEssentialForOccupation":[{"href":"https://ec.europa.eu/esco/api/resource/occupation?uri=http://data.europa.eu/esco/occupation/5efb4fff-8c5f-4697-9587-034d9f6af094&language=en","uri":"http://data.europa.eu/esco/occupation/5efb4fff-8c5f-4697-9587-034d9f6af094","title":"nuclear medicine radiographer"},{"href":"https://ec.europa.eu/esco/api/resource/occupation?uri=http://data.europa.eu/esco/occupation/7d092380-1c2e-48fe-81de-0d191b4e96d6&language=en","uri":"http://data.europa.eu/esco/occupation/7d092380-1c2e-48fe-81de-0d191b4e96d6","title":"diagnostic radiographer"}]},"_embedded":{}},{"className":"Skill","classId":"http://data.europa.eu/esco/model#Skill","uri":"http://data.europa.eu/esco/skill/6d4e180e-019f-417c-b6a6-69175c1f76d3","title":"perform diagnostic imaging procedures","referenceLanguage":["en"],"preferredLabel":{"no":"utføre diagnostiske avbildningsprosedyrer","de":"bildgebende diagnostische Verfahren anwenden","fi":"suorittaa diagnostisen kuvantamisen menettelyjä","en-us":"perform diagnostic imaging procedures","pt":"realizar procedimentos de imagiologia de diagnóstico","bg":"провеждане на процедури за образна диагностика","lt":"vykdyti diagnostines vizualizavimo procedūras","lv":"veikt attēldiagnostikas procedūras","hr":"provoditi postupke dijagnostičkog snimanja","fr":"exécuter des procédures d’imagerie de diagnostic","hu":"diagnosztikai képalkotó eljárásokat végez","sk":"perform diagnostic imaging procedures","sl":"izvajati postopke diagnostičnega slikanja","ga":"gnáthaimh íomháithe dhiagnóisigh a dhéanamh","sv":"utföra diagnostiska avbildningsundersökningar","el":"διενέργεια διαδικασιών διαγνωστικής απεικόνισης","mt":"twettiq tal-proċeduri dijanjostiċi permezz tal-immaġnijiet","en":"perform diagnostic imaging procedures","is":"framkvæmir myndgreiningaraðgerðir","it":"svolgere le procedure di diagnostica per immagini","es":"utilizar procedimientos de diagnóstico por imágenes","et":"diagnostilise kuvamise protseduure teostama","cs":"provádět diagnostické zobrazovací procedury","ar":"ينفذ إجراءات التصوير التشخيصي","pl":"przeprowadzać procedury obrazowania diagnostycznego","ro":"efectuează proceduri de imagistică de diagnostic","da":"udføre diagnostiske imaging-procedurer","nl":"diagnostische beeldvormingsprocedures uitvoeren"},"alternativeLabel":{"en":["carry out diagnostic imaging procedures","use diagnostic imaging procedures","make use of diagnostic imaging procedures","apply diagnostic imaging procedures","perform diagnostic imaging procedure","perform procedures of diagnostic imaging"],"es":["usar procedimientos de diagnóstico por imágenes"]},"description":{"en-us":{"literal":"Carry out diagnostic imaging procedures such as Magnetic Resonance Imaging to see see how the patient responds to treatment or to diagnose an abnormality.","mimetype":"plain/text"},"en":{"literal":"Carry out diagnostic imaging procedures such as Magnetic Resonance Imaging to see see how the patient responds to treatment or to diagnose an abnormality.","mimetype":"plain/text"}},"status":"released","_links":{"self":{"href":"https://ec.europa.eu/esco/api/resource/skill?uri=http://data.europa.eu/esco/skill/6d4e180e-019f-417c-b6a6-69175c1f76d3&language=en","uri":"http://data.europa.eu/esco/skill/6d4e180e-019f-417c-b6a6-69175c1f76d3","title":"perform diagnostic imaging procedures"},"isTopConceptInScheme":[{"href":"https://ec.europa.eu/esco/api/resource/taxonomy?uri=http://data.europa.eu/esco/concept-scheme/skills&language=en","uri":"http://data.europa.eu/esco/concept-scheme/skills","title":"ESCO skills"},{"href":"https://ec.europa.eu/esco/api/resource/taxonomy?uri=http://data.europa.eu/esco/concept-scheme/member-skills&language=en","uri":"http://data.europa.eu/esco/concept-scheme/member-skills","title":"ESCO member skills"}],"isInScheme":[{"href":"https://ec.europa.eu/esco/api/resource/taxonomy?uri=http://data.europa.eu/esco/concept-scheme/skills&language=en","uri":"http://data.europa.eu/esco/concept-scheme/skills","title":"ESCO skills"},{"href":"https://ec.europa.eu/esco/api/resource/taxonomy?uri=http://data.europa.eu/esco/concept-scheme/member-skills&language=en","uri":"http://data.europa.eu/esco/concept-scheme/member-skills","title":"ESCO member skills"}],"hasSkillType":[{"href":"https://ec.europa.eu/esco/api/resource/concept?uri=http://data.europa.eu/esco/skill-type/skill&language=en","uri":"http://data.europa.eu/esco/skill-type/skill","title":"skill"}],"hasReuseLevel":[{"href":"https://ec.europa.eu/esco/api/resource/concept?uri=http://data.europa.eu/esco/skill-reuse-level/occupation-specific&language=en","uri":"http://data.europa.eu/esco/skill-reuse-level/occupation-specific","title":"occupation specific skills and competences","code":"Level 4"}],"isEssentialForOccupation":[{"href":"https://ec.europa.eu/esco/api/resource/occupation?uri=http://data.europa.eu/esco/occupation/7d092380-1c2e-48fe-81de-0d191b4e96d6&language=en","uri":"http://data.europa.eu/esco/occupation/7d092380-1c2e-48fe-81de-0d191b4e96d6","title":"diagnostic radiographer"}]},"_embedded":{}},{"className":"Skill","classId":"http://data.europa.eu/esco/model#Skill","uri":"http://data.europa.eu/esco/skill/7e7268cb-dcd5-4938-9667-367e5c137dbb","title":"produce drum components","referenceLanguage":["en"],"preferredLabel":{"no":"produsere trommekomponenter","de":"Bestandteile von Trommeln herstellen","en-us":"produce drum components","fi":"valmistaa rummun osia","pt":"fabricar peças para tambores","bg":"изработване на компоненти за барабани","lt":"gaminti būgno dalis","hr":"proizvoditi dijelove bubnja","lv":"izgatavot bungu sastāvdaļas","fr":"produire des pièces de percussions","hu":"dobalkatrészeket gyárt","sk":"vyrábať súčasti bubna","sl":"izdelovati sestavne dele bobnov","ga":"comhpháirteanna druma a tháirgeadh","sv":"tillverka trumdelar","mt":"produzzjoni tal-komponenti tat-tnabar","el":"παραγωγή εξαρτημάτων για τύμπανα","en":"produce drum components","is":"framleiðir íhluti í trommur","it":"produrre componenti per percussioni","es":"fabricar componentes de tambores","et":"trummikomponente valmistama","cs":"vyrábět součásti bubnů","ar":"يصنع أجزاء الطبلة","pl":"produkować elementy bębnów","ro":"produce componente de tobe","da":"producere trommekomponenter","nl":"onderdelen van drumtoestellen produceren"},"alternativeLabel":{"de":["Bestandteile von Trommeln produzieren"],"sv":["tillverka delar till trummor"],"pt":["construir peças para tambores"],"sl":["proizvajati sestavne dele bobnov"],"en":["construct drum components","erect drum components","producing drum components","produce a drum component","make drum components","build drum components"],"pl":["wytwarzać elementy bębnów"],"es":["producir partes de tambores","elaborar piezas de tambores","fabricar componentes de bombos"]},"description":{"en-us":{"literal":"Choose the appropriate materials and tools, and build the different drum parts such as the shell, the top and bottom hoops, the top and bottom heads, and tension rods.","mimetype":"plain/text"},"en":{"literal":"Choose the appropriate materials and tools, and build the different drum parts such as the shell, the top and bottom hoops, the top and bottom heads, and tension rods.","mimetype":"plain/text"}},"status":"released","_links":{"self":{"href":"https://ec.europa.eu/esco/api/resource/skill?uri=http://data.europa.eu/esco/skill/7e7268cb-dcd5-4938-9667-367e5c137dbb&language=en","uri":"http://data.europa.eu/esco/skill/7e7268cb-dcd5-4938-9667-367e5c137dbb","title":"produce drum components"},"isTopConceptInScheme":[{"href":"https://ec.europa.eu/esco/api/resource/taxonomy?uri=http://data.europa.eu/esco/concept-scheme/member-skills&language=en","uri":"http://data.europa.eu/esco/concept-scheme/member-skills","title":"ESCO member skills"},{"href":"https://ec.europa.eu/esco/api/resource/taxonomy?uri=http://data.europa.eu/esco/concept-scheme/skills&language=en","uri":"http://data.europa.eu/esco/concept-scheme/skills","title":"ESCO skills"}],"isInScheme":[{"href":"https://ec.europa.eu/esco/api/resource/taxonomy?uri=http://data.europa.eu/esco/concept-scheme/member-skills&language=en","uri":"http://data.europa.eu/esco/concept-scheme/member-skills","title":"ESCO member skills"},{"href":"https://ec.europa.eu/esco/api/resource/taxonomy?uri=http://data.europa.eu/esco/concept-scheme/skills&language=en","uri":"http://data.europa.eu/esco/concept-scheme/skills","title":"ESCO skills"}],"hasSkillType":[{"href":"https://ec.europa.eu/esco/api/resource/concept?uri=http://data.europa.eu/esco/skill-type/skill&language=en","uri":"http://data.europa.eu/esco/skill-type/skill","title":"skill"}],"hasReuseLevel":[{"href":"https://ec.europa.eu/esco/api/resource/concept?uri=http://data.europa.eu/esco/skill-reuse-level/occupation-specific&language=en","uri":"http://data.europa.eu/esco/skill-reuse-level/occupation-specific","title":"occupation specific skills and competences","code":"Level 4"}],"isEssentialForOccupation":[{"href":"https://ec.europa.eu/esco/api/resource/occupation?uri=http://data.europa.eu/esco/occupation/b558a934-9308-48fc-b03b-bea8e23ab085&language=en","uri":"http://data.europa.eu/esco/occupation/b558a934-9308-48fc-b03b-bea8e23ab085","title":"membranophone musical instruments maker"}]},"_embedded":{}},{"className":"Skill","classId":"http://data.europa.eu/esco/model#Skill","uri":"http://data.europa.eu/esco/skill/84c52ee9-3eed-4f6c-983c-456e818c65f3","title":"read hallmarks","referenceLanguage":["en"],"preferredLabel":{"de":"Punzierungen lesen","no":"lese varemerker","en-us":"read hallmarks","fi":"lukea tarkastusleimoja","pt":"ler marcas registadas","bg":"разчитане на проби на метали","lt":"suprasti prabos žymenis","hr":"čitati žigove","lv":"lasīt raudzes apzīmējumus","fr":"déchiffrer des poinçons","hu":"fémjelzések leolvasását végzi","sk":"čítať puncové značky","sl":"brati čistinske žige","ga":"sainmharcanna a léamh","sv":"tyda kontrollstämplar","el":"ανάγνωση σήμανσης μεταλλικών επιφανειών","mt":"qari tal-imbollar ta’ garanzija","en":"read hallmarks","is":"les gæðastimpla","it":"leggere le punzonature","es":"entender los contrastes","et":"proovimärgistust lugema","cs":"číst puncovní značky","ar":"يقرأ الدمغات","pl":"odczytywać stemple probiercze","ro":"citește mărcile","da":"læse kendetegn","nl":"waarmerken lezen"},"alternativeLabel":{"sv":["läsa kontrollstämplar"],"en":["read a hallmark","study hallmarks","interpret hallmarks","gather hallmarks","reading a hallmark","reading hallmarks","learn about hallmarks"],"ro":["descifrează mărcile"],"es":["entender los punzonados","entender los sellos de contraste"]},"description":{"en-us":{"literal":"Read and understand stamps on metal object to indicate the purity, date of production, and producer of the item.","mimetype":"plain/text"},"en":{"literal":"Read and understand stamps on metal object to indicate the purity, date of production, and producer of the item.","mimetype":"plain/text"}},"status":"released","_links":{"self":{"href":"https://ec.europa.eu/esco/api/resource/skill?uri=http://data.europa.eu/esco/skill/84c52ee9-3eed-4f6c-983c-456e818c65f3&language=en","uri":"http://data.europa.eu/esco/skill/84c52ee9-3eed-4f6c-983c-456e818c65f3","title":"read hallmarks"},"isTopConceptInScheme":[{"href":"https://ec.europa.eu/esco/api/resource/taxonomy?uri=http://data.europa.eu/esco/concept-scheme/member-skills&language=en","uri":"http://data.europa.eu/esco/concept-scheme/member-skills","title":"ESCO member skills"},{"href":"https://ec.europa.eu/esco/api/resource/taxonomy?uri=http://data.europa.eu/esco/concept-scheme/skills&language=en","uri":"http://data.europa.eu/esco/concept-scheme/skills","title":"ESCO skills"}],"isInScheme":[{"href":"https://ec.europa.eu/esco/api/resource/taxonomy?uri=http://data.europa.eu/esco/concept-scheme/member-skills&language=en","uri":"http://data.europa.eu/esco/concept-scheme/member-skills","title":"ESCO member skills"},{"href":"https://ec.europa.eu/esco/api/resource/taxonomy?uri=http://data.europa.eu/esco/concept-scheme/skills&language=en","uri":"http://data.europa.eu/esco/concept-scheme/skills","title":"ESCO skills"}],"hasSkillType":[{"href":"https://ec.europa.eu/esco/api/resource/concept?uri=http://data.europa.eu/esco/skill-type/skill&language=en","uri":"http://data.europa.eu/esco/skill-type/skill","title":"skill"}],"hasReuseLevel":[{"href":"https://ec.europa.eu/esco/api/resource/concept?uri=http://data.europa.eu/esco/skill-reuse-level/sector-specific&language=en","uri":"http://data.europa.eu/esco/skill-reuse-level/sector-specific","title":"sector specific skills and competences","code":"Level 3"}],"isEssentialForOccupation":[{"href":"https://ec.europa.eu/esco/api/resource/occupation?uri=http://data.europa.eu/esco/occupation/47b747bb-5bbf-40d5-aa3e-8d4a79238502&language=en","uri":"http://data.europa.eu/esco/occupation/47b747bb-5bbf-40d5-aa3e-8d4a79238502","title":"jewellery and watches shop manager"}],"isOptionalForOccupation":[{"href":"https://ec.europa.eu/esco/api/resource/occupation?uri=http://data.europa.eu/esco/occupation/547b304b-9a72-4717-9b24-b7046df5f64e&language=en","uri":"http://data.europa.eu/esco/occupation/547b304b-9a72-4717-9b24-b7046df5f64e","title":"specialised seller"},{"href":"https://ec.europa.eu/esco/api/resource/occupation?uri=http://data.europa.eu/esco/occupation/80fe3002-3ae4-4d3b-8969-0f2ce1049d7d&language=en","uri":"http://data.europa.eu/esco/occupation/80fe3002-3ae4-4d3b-8969-0f2ce1049d7d","title":"jewellery and watches specialised seller"}]},"_embedded":{}},{"className":"Skill","classId":"http://data.europa.eu/esco/model#Skill","uri":"http://data.europa.eu/esco/skill/bbc84808-9e85-4bde-acd7-5ce408aa2ba9","title":"perform ultrasound","referenceLanguage":["en"],"preferredLabel":{"de":"Ultraschalluntersuchungen durchführen","no":"utføre ultralyd","en-us":"perform ultrasound","fi":"tehdä ultraäänitutkimuksia","pt":"realizar ecografias","bg":"извършване на преглед с ултразвук","lt":"atlikti ultragarsą","hr":"obavljati ultrazvučne preglede","lv":"veikt ultraskaņas izmeklējumus","fr":"réaliser des échographies","hu":"ultrahang vizsgálatot végez","sk":"perform ultrasound","sl":"izvajati ultrazvok","ga":"ultrafhuaim a dhéanamh","sv":"utföra ultraljudsundersökningar","mt":"twettiq tal-ultrasound","el":"διενέργεια υπερήχου","en":"perform ultrasound","is":"framkvæmir ómsjá","it":"eseguire un'ecografia","es":"realizar una ecografía","et":"ulatraheliuuringut tegema","cs":"provádět ultrazvuk","ar":"يقوم بفحص الموجات فوق الصوتية","pl":"przeprowadzać ultrasonografię","da":"anvende ultralyd","ro":"efectuează ultrasonografie","nl":"echografieën uitvoeren"},"alternativeLabel":{"en":["conduct ultrasound","operate ultrasound","operate ultrasound techniques","use ultrasound","conduct ultrasound techniques","perform ultrasound techniques"],"fr":["utiliser les techniques d’imagerie par ultrasons"],"ro":["efectuează ecografie"],"es":["hacer una ecografía"],"nl":["echo's nemen"]},"description":{"en-us":{"literal":"Use ultrasound and sonography imaging techniques to look at the inside of the patient's body.","mimetype":"plain/text"},"en":{"literal":"Use ultrasound and sonography imaging techniques to look at the inside of the patient's body.","mimetype":"plain/text"}},"status":"released","_links":{"self":{"href":"https://ec.europa.eu/esco/api/resource/skill?uri=http://data.europa.eu/esco/skill/bbc84808-9e85-4bde-acd7-5ce408aa2ba9&language=en","uri":"http://data.europa.eu/esco/skill/bbc84808-9e85-4bde-acd7-5ce408aa2ba9","title":"perform ultrasound"},"isTopConceptInScheme":[{"href":"https://ec.europa.eu/esco/api/resource/taxonomy?uri=http://data.europa.eu/esco/concept-scheme/member-skills&language=en","uri":"http://data.europa.eu/esco/concept-scheme/member-skills","title":"ESCO member skills"},{"href":"https://ec.europa.eu/esco/api/resource/taxonomy?uri=http://data.europa.eu/esco/concept-scheme/skills&language=en","uri":"http://data.europa.eu/esco/concept-scheme/skills","title":"ESCO skills"}],"isInScheme":[{"href":"https://ec.europa.eu/esco/api/resource/taxonomy?uri=http://data.europa.eu/esco/concept-scheme/member-skills&language=en","uri":"http://data.europa.eu/esco/concept-scheme/member-skills","title":"ESCO member skills"},{"href":"https://ec.europa.eu/esco/api/resource/taxonomy?uri=http://data.europa.eu/esco/concept-scheme/skills&language=en","uri":"http://data.europa.eu/esco/concept-scheme/skills","title":"ESCO skills"}],"hasSkillType":[{"href":"https://ec.europa.eu/esco/api/resource/concept?uri=http://data.europa.eu/esco/skill-type/skill&language=en","uri":"http://data.europa.eu/esco/skill-type/skill","title":"skill"}],"hasReuseLevel":[{"href":"https://ec.europa.eu/esco/api/resource/concept?uri=http://data.europa.eu/esco/skill-reuse-level/occupation-specific&language=en","uri":"http://data.europa.eu/esco/skill-reuse-level/occupation-specific","title":"occupation specific skills and competences","code":"Level 4"}],"isOptionalForOccupation":[{"href":"https://ec.europa.eu/esco/api/resource/occupation?uri=http://data.europa.eu/esco/occupation/7d092380-1c2e-48fe-81de-0d191b4e96d6&language=en","uri":"http://data.europa.eu/esco/occupation/7d092380-1c2e-48fe-81de-0d191b4e96d6","title":"diagnostic radiographer"}]},"_embedded":{}},{"className":"Skill","classId":"http://data.europa.eu/esco/model#Skill","uri":"http://data.europa.eu/esco/skill/dfaf0c99-3887-4a49-be53-c480075075f1","title":"use treatment verification systems","referenceLanguage":["en"],"preferredLabel":{"no":"bruke behandlingsverifikasjonssystemer","de":"Therapieüberprüfungssysteme verwenden","fi":"käyttää hoidon todentamisjärjestelmiä","en-us":"use treatment verification systems","pt":"utilizar sistemas de verificação dos tratamentos","bg":"използване на системи за осъществяване на контрол върху лечението","lt":"naudoti gydymo patvirtinimo sistemas","lv":"izmantot ārstēšanas pārbaudes sistēmas","hr":"upotrebljavati sustave za provjeru primjerenosti liječenja","fr":"utiliser des systèmes de vérification des traitements","hu":"kezelés‑ellenőrzési rendszereket használ","sk":"use treatment verification systems","sl":"uporabljati sisteme za preverjanje zdravljenja","ga":"córais fíoraithe cóireála a úsáid","sv":"använda system för att verifiera behandlingar","mt":"użu tas-sistemi tal-verifika tat-trattamenti","el":"χρήση συστημάτων εξακρίβωσης θεραπειών","en":"use treatment verification systems","is":"notar meðferðarstaðfestingarkerfi","it":"utilizzare i sistemi di verifica dei trattamenti","es":"emplear sistemas de verificación del tratamiento","et":"ravi kontrolli meetodeid kasutama","cs":"používat systémy ověřování léčby","ar":"يستخدم نظم التحقق من العلاج","pl":"stosować systemy weryfikacji skuteczności leczenia","da":"bruge systemer til behandlingsverifikation","ro":"utilizează sisteme de verificare a tratamentului","nl":"controlesystemen voor behandeling gebruiken"},"alternativeLabel":{"de":["Behandlungsüberprüfungssysteme verwenden"],"en":["use treatment-verification-systems","employ treatment verification systems","carry out treatment verification","use a treatment verification system","use treatment verification-systems","apply treatment verification methods"],"nl":["verificatiesystemen voor behandeling gebruiken"]},"description":{"en-us":{"literal":"Carry out various methods and verification systems to check and adapt radiation treatments according to the patient's responses.","mimetype":"plain/text"},"en":{"literal":"Carry out various methods and verification systems to check and adapt radiation treatments according to the patient's responses.","mimetype":"plain/text"}},"status":"released","_links":{"self":{"href":"https://ec.europa.eu/esco/api/resource/skill?uri=http://data.europa.eu/esco/skill/dfaf0c99-3887-4a49-be53-c480075075f1&language=en","uri":"http://data.europa.eu/esco/skill/dfaf0c99-3887-4a49-be53-c480075075f1","title":"use treatment verification systems"},"isTopConceptInScheme":[{"href":"https://ec.europa.eu/esco/api/resource/taxonomy?uri=http://data.europa.eu/esco/concept-scheme/skills&language=en","uri":"http://data.europa.eu/esco/concept-scheme/skills","title":"ESCO skills"},{"href":"https://ec.europa.eu/esco/api/resource/taxonomy?uri=http://data.europa.eu/esco/concept-scheme/member-skills&language=en","uri":"http://data.europa.eu/esco/concept-scheme/member-skills","title":"ESCO member skills"}],"isInScheme":[{"href":"https://ec.europa.eu/esco/api/resource/taxonomy?uri=http://data.europa.eu/esco/concept-scheme/skills&language=en","uri":"http://data.europa.eu/esco/concept-scheme/skills","title":"ESCO skills"},{"href":"https://ec.europa.eu/esco/api/resource/taxonomy?uri=http://data.europa.eu/esco/concept-scheme/member-skills&language=en","uri":"http://data.europa.eu/esco/concept-scheme/member-skills","title":"ESCO member skills"}],"hasSkillType":[{"href":"https://ec.europa.eu/esco/api/resource/concept?uri=http://data.europa.eu/esco/skill-type/skill&language=en","uri":"http://data.europa.eu/esco/skill-type/skill","title":"skill"}],"hasReuseLevel":[{"href":"https://ec.europa.eu/esco/api/resource/concept?uri=http://data.europa.eu/esco/skill-reuse-level/occupation-specific&language=en","uri":"http://data.europa.eu/esco/skill-reuse-level/occupation-specific","title":"occupation specific skills and competences","code":"Level 4"}],"isEssentialForOccupation":[{"href":"https://ec.europa.eu/esco/api/resource/occupation?uri=http://data.europa.eu/esco/occupation/7d092380-1c2e-48fe-81de-0d191b4e96d6&language=en","uri":"http://data.europa.eu/esco/occupation/7d092380-1c2e-48fe-81de-0d191b4e96d6","title":"diagnostic radiographer"}]},"_embedded":{}},{"className":"Skill","classId":"http://data.europa.eu/esco/model#Skill","uri":"http://data.europa.eu/esco/skill/398b4b25-fb61-4003-9293-50914d8bfcba","title":"run a media server","referenceLanguage":["en"],"preferredLabel":{"no":"drifte en medieserver","de":"einen Medienserver betreiben","fi":"käyttää mediapalvelinta","en-us":"run a media server","pt":"executar um servidor de multimédia","bg":"пускане на медиен сървър","lt":"naudoti medijų serverį","hr":"rukovati medijskim poslužiteljem","lv":"darbināt multivides serveri","fr":"utiliser un serveur média","hu":"médiaszervereket futtat","sk":"spustiť mediálny server","sl":"upravljati medijski strežnik","ga":"freastalaí meán a reáchtáil","sv":"driva en medieserver","el":"χρήση διακομιστή μέσων","mt":"tħaddim ta’ server tal-midja","en":"run a media server","is":"keyrir miðlunarþjón","it":"gestire un server multimediale","es":"instalar y poner en funcionamiento un servidor multimedia","et":"meediaserverit käitama","cs":"provozovat mediální server","ar":"يدير خادمًا إعلاميًا","pl":"zarządzać serwerem multimediów","da":"drive en medieserver","ro":"operează un server media","nl":"mediaserver runnen"},"alternativeLabel":{"en":["running media servers","operate a media server","carry out planned installation of media system","run a server for the media"]},"description":{"en-us":{"literal":"Set up and run a media server.","mimetype":"plain/text"},"en":{"literal":"Set up and run a media server.","mimetype":"plain/text"}},"status":"released","_links":{"self":{"href":"https://ec.europa.eu/esco/api/resource/skill?uri=http://data.europa.eu/esco/skill/398b4b25-fb61-4003-9293-50914d8bfcba&language=en","uri":"http://data.europa.eu/esco/skill/398b4b25-fb61-4003-9293-50914d8bfcba","title":"run a media server"},"isTopConceptInScheme":[{"href":"https://ec.europa.eu/esco/api/resource/taxonomy?uri=http://data.europa.eu/esco/concept-scheme/skills&language=en","uri":"http://data.europa.eu/esco/concept-scheme/skills","title":"ESCO skills"},{"href":"https://ec.europa.eu/esco/api/resource/taxonomy?uri=http://data.europa.eu/esco/concept-scheme/member-skills&language=en","uri":"http://data.europa.eu/esco/concept-scheme/member-skills","title":"ESCO member skills"}],"isInScheme":[{"href":"https://ec.europa.eu/esco/api/resource/taxonomy?uri=http://data.europa.eu/esco/concept-scheme/skills&language=en","uri":"http://data.europa.eu/esco/concept-scheme/skills","title":"ESCO skills"},{"href":"https://ec.europa.eu/esco/api/resource/taxonomy?uri=http://data.europa.eu/esco/concept-scheme/member-skills&language=en","uri":"http://data.europa.eu/esco/concept-scheme/member-skills","title":"ESCO member skills"}],"hasSkillType":[{"href":"https://ec.europa.eu/esco/api/resource/concept?uri=http://data.europa.eu/esco/skill-type/skill&language=en","uri":"http://data.europa.eu/esco/skill-type/skill","title":"skill"}],"hasReuseLevel":[{"href":"https://ec.europa.eu/esco/api/resource/concept?uri=http://data.europa.eu/esco/skill-reuse-level/cross-sector&language=en","uri":"http://data.europa.eu/esco/skill-reuse-level/cross-sector","title":"cross-sector skills and competences","code":"Level 2"}],"isEssentialForOccupation":[{"href":"https://ec.europa.eu/esco/api/resource/occupation?uri=http://data.europa.eu/esco/occupation/c995fe34-0909-4ce3-b7b7-97945efede56&language=en","uri":"http://data.europa.eu/esco/occupation/c995fe34-0909-4ce3-b7b7-97945efede56","title":"video designer"},{"href":"https://ec.europa.eu/esco/api/resource/occupation?uri=http://data.europa.eu/esco/occupation/061f56c6-36eb-4aa7-b5ef-98b7a569da1c&language=en","uri":"http://data.europa.eu/esco/occupation/061f56c6-36eb-4aa7-b5ef-98b7a569da1c","title":"video operator"}]},"_embedded":{}},{"className":"Skill","classId":"http://data.europa.eu/esco/model#Skill","uri":"http://data.europa.eu/esco/skill/c904a021-876c-47cb-8e52-da2d1e45374f","title":"report on radiological examinations","referenceLanguage":["en"],"preferredLabel":{"de":"Berichte über radiologische Untersuchungen verfassen","no":"rapportere informasjon om radiologiske undersøkelser","fi":"raportoida radiologisista tutkimuksista","en-us":"report on radiological examinations","pt":"elaborar relatórios sobre os exames radiológicos","bg":"докладване относно радиологични прегледи","lt":"pateikti radiologinių tyrimų rezultatus","hr":"izvješćivati o radiološkim pregledima","lv":"ziņot par radioloģiskajiem izmeklējumiem","fr":"rédiger des rapports sur les examens radiologiques","hu":"beszámol a radiológiai vizsgálatokról","sk":"report on radiological examinations","sl":"poročati o radioloških preiskavah","ga":"tuairisc a thabhairt ar scrúduithe raideolaíocha","sv":"rapportera om radiologiska undersökningar","el":"καταγραφή εκτίμησης σχετικά με τις ακτινολογικές εξετάσεις","mt":"rapportar dwar l-eżaminazzjonijiet radjoloġiċi","en":"report on radiological examinations","is":"skýrir frá geislunarfræðilegum skoðunum","it":"riferire in merito agli esami radiologici","es":"informar sobre los exámenes radiológicos","et":"radioloogilise uuringu vastust koostama","cs":"podávat zprávy o radiologických vyšetřeních","ar":"يرفع تقارير بالفحوص الإشعاعية","pl":"przekazywać wyniki badań radiologicznych","ro":"raportează cu privire la examinările radiologice","da":"rapportere om radiologiske undersøgelser","nl":"verslag doen van radiologische onderzoeken"},"alternativeLabel":{"en":["report on radiological investigation","record and report on radiological examinations","account on radiological examinations","report on radiological investigations","account on radiological examination","report on radiological analysis","give an account on radiological examinations"],"es":["registrar e informar sobre los exámenes radiológicos"]},"description":{"en-us":{"literal":"Record and report on radiological examinations to send to the primary care or referring physician.","mimetype":"plain/text"},"en":{"literal":"Record and report on radiological examinations to send to the primary care or referring physician.","mimetype":"plain/text"}},"status":"released","_links":{"self":{"href":"https://ec.europa.eu/esco/api/resource/skill?uri=http://data.europa.eu/esco/skill/c904a021-876c-47cb-8e52-da2d1e45374f&language=en","uri":"http://data.europa.eu/esco/skill/c904a021-876c-47cb-8e52-da2d1e45374f","title":"report on radiological examinations"},"isTopConceptInScheme":[{"href":"https://ec.europa.eu/esco/api/resource/taxonomy?uri=http://data.europa.eu/esco/concept-scheme/skills&language=en","uri":"http://data.europa.eu/esco/concept-scheme/skills","title":"ESCO skills"},{"href":"https://ec.europa.eu/esco/api/resource/taxonomy?uri=http://data.europa.eu/esco/concept-scheme/member-skills&language=en","uri":"http://data.europa.eu/esco/concept-scheme/member-skills","title":"ESCO member skills"}],"isInScheme":[{"href":"https://ec.europa.eu/esco/api/resource/taxonomy?uri=http://data.europa.eu/esco/concept-scheme/skills&language=en","uri":"http://data.europa.eu/esco/concept-scheme/skills","title":"ESCO skills"},{"href":"https://ec.europa.eu/esco/api/resource/taxonomy?uri=http://data.europa.eu/esco/concept-scheme/member-skills&language=en","uri":"http://data.europa.eu/esco/concept-scheme/member-skills","title":"ESCO member skills"}],"hasSkillType":[{"href":"https://ec.europa.eu/esco/api/resource/concept?uri=http://data.europa.eu/esco/skill-type/skill&language=en","uri":"http://data.europa.eu/esco/skill-type/skill","title":"skill"}],"hasReuseLevel":[{"href":"https://ec.europa.eu/esco/api/resource/concept?uri=http://data.europa.eu/esco/skill-reuse-level/occupation-specific&language=en","uri":"http://data.europa.eu/esco/skill-reuse-level/occupation-specific","title":"occupation specific skills and competences","code":"Level 4"}],"isOptionalForOccupation":[{"href":"https://ec.europa.eu/esco/api/resource/occupation?uri=http://data.europa.eu/esco/occupation/7d092380-1c2e-48fe-81de-0d191b4e96d6&language=en","uri":"http://data.europa.eu/esco/occupation/7d092380-1c2e-48fe-81de-0d191b4e96d6","title":"diagnostic radiographer"}]},"_embedded":{}},{"className":"Skill","classId":"http://data.europa.eu/esco/model#Skill","uri":"http://data.europa.eu/esco/skill/eeabb115-df17-44ed-bdf9-5d27ba5d5521","title":"undertake post-examination activities","referenceLanguage":["en"],"preferredLabel":{"de":"der medizinischen Untersuchung folgende Tätigkeiten erledigen","no":"foreta gjøremål i etterkant av medisinsk undersøkelser","fi":"suorittaa tutkimuksen jälkeisiä tehtäviä","en-us":"undertake post-examination activities","pt":"realizar atividades após um exame","bg":"извършване на дейности след преглед","lt":"atlikti veiksmus po apžiūros","lv":"veikt darbības pēc izmeklējumiem","hr":"poduzimati aktivnosti nakon pregleda","fr":"effectuer les tâches après un examen","hu":"vizsgálatot követő tevékenységeket végez","sk":"undertake post-examination activities","sl":"izvajati dejavnosti po pregledu","ga":"tabhairt faoi ghníomhaíochtaí iarscrúdaithe","sv":"vidta åtgärder efter undersökning","el":"εκτέλεση δραστηριοτήτων μετά από την εξέταση του ασθενή","mt":"twettiq tal-attivitajiet ta’ wara l-eżaminazzjonijiet","en":"undertake post-examination activities","is":"tekur sér fyrir hendur starfsemi eftir skoðun","it":"svolgere le attività post-esame","es":"realizar actividades posteriores al reconocimiento médico","et":"arstliku läbivaatuse järgseid toiminguid teostama","cs":"provádět činnosti následující po vyšetření","ar":"يضطلع بأنشطة ما بعد الفحص","pl":"podejmować działania po zakończeniu badania","da":"gennemføre aktiviteter efter undersøgelse","ro":"efectuează activități post-examen medical","nl":"activiteiten na onderzoek uitvoeren"},"alternativeLabel":{"en":["undertake an activity after the examination","undertake post-examination activity","undertage a post-examination activity","perform a post-examination activity","perform post-examination activities","carry out a post-examination activity"]},"description":{"en-us":{"literal":"Perform post-examination activities such as liaising with the doctor, cleaning the room and speaking with the patient.","mimetype":"plain/text"},"en":{"literal":"Perform post-examination activities such as liaising with the doctor, cleaning the room and speaking with the patient.","mimetype":"plain/text"}},"status":"released","_links":{"self":{"href":"https://ec.europa.eu/esco/api/resource/skill?uri=http://data.europa.eu/esco/skill/eeabb115-df17-44ed-bdf9-5d27ba5d5521&language=en","uri":"http://data.europa.eu/esco/skill/eeabb115-df17-44ed-bdf9-5d27ba5d5521","title":"undertake post-examination activities"},"isTopConceptInScheme":[{"href":"https://ec.europa.eu/esco/api/resource/taxonomy?uri=http://data.europa.eu/esco/concept-scheme/member-skills&language=en","uri":"http://data.europa.eu/esco/concept-scheme/member-skills","title":"ESCO member skills"},{"href":"https://ec.europa.eu/esco/api/resource/taxonomy?uri=http://data.europa.eu/esco/concept-scheme/skills&language=en","uri":"http://data.europa.eu/esco/concept-scheme/skills","title":"ESCO skills"}],"isInScheme":[{"href":"https://ec.europa.eu/esco/api/resource/taxonomy?uri=http://data.europa.eu/esco/concept-scheme/member-skills&language=en","uri":"http://data.europa.eu/esco/concept-scheme/member-skills","title":"ESCO member skills"},{"href":"https://ec.europa.eu/esco/api/resource/taxonomy?uri=http://data.europa.eu/esco/concept-scheme/skills&language=en","uri":"http://data.europa.eu/esco/concept-scheme/skills","title":"ESCO skills"}],"hasSkillType":[{"href":"https://ec.europa.eu/esco/api/resource/concept?uri=http://data.europa.eu/esco/skill-type/skill&language=en","uri":"http://data.europa.eu/esco/skill-type/skill","title":"skill"}],"hasReuseLevel":[{"href":"https://ec.europa.eu/esco/api/resource/concept?uri=http://data.europa.eu/esco/skill-reuse-level/sector-specific&language=en","uri":"http://data.europa.eu/esco/skill-reuse-level/sector-specific","title":"sector specific skills and competences","code":"Level 3"}],"isEssentialForOccupation":[{"href":"https://ec.europa.eu/esco/api/resource/occupation?uri=http://data.europa.eu/esco/occupation/a9e54177-a185-404d-b6e6-15663d31137e&language=en","uri":"http://data.europa.eu/esco/occupation/a9e54177-a185-404d-b6e6-15663d31137e","title":"therapeutic radiographer"},{"href":"https://ec.europa.eu/esco/api/resource/occupation?uri=http://data.europa.eu/esco/occupation/7d092380-1c2e-48fe-81de-0d191b4e96d6&language=en","uri":"http://data.europa.eu/esco/occupation/7d092380-1c2e-48fe-81de-0d191b4e96d6","title":"diagnostic radiographer"},{"href":"https://ec.europa.eu/esco/api/resource/occupation?uri=http://data.europa.eu/esco/occupation/5efb4fff-8c5f-4697-9587-034d9f6af094&language=en","uri":"http://data.europa.eu/esco/occupation/5efb4fff-8c5f-4697-9587-034d9f6af094","title":"nuclear medicine radiographer"}]},"_embedded":{}},{"className":"Skill","classId":"http://data.europa.eu/esco/model#Skill","uri":"http://data.europa.eu/esco/skill/a5443429-dac6-4849-9dc9-3b740a42f424","title":"determine medical images' diagnostic suitability","referenceLanguage":["en"],"preferredLabel":{"no":"bestemme diagnostisk egnethet av medisinske bilder","de":"die diagnostische Eignung von medizinischem Bildmaterial feststellen","fi":"määritellä lääketieteellisten kuvien diagnostista soveltuvuutta","en-us":"determine medical images' diagnostic suitability","pt":"determinar a adequação do diagnóstico das imagens médicas","bg":"определяне на диагностичната пригодност на медицинските снимки","lt":"nustatyti diagnostinį medicininių vaizdų tinkamumą","hr":"utvrditi dijagnostičku vrijednost rendgenskih snimki","lv":"noteikt medicīnisko attēlu piemērotību diagnostikai","fr":"déterminer si l'imagerie médicale réalisée permettra l'établissement d'un diagnostic","hu":"meghatározza az orvosi felvételek diagnosztikai alkalmasságát","sk":"determine medical images' diagnostic suitability","sl":"ugotavljati primernost medicinskih slik za diagnosticiranje","ga":"oiriúnacht dhiagnóiseach íomhánna leighis a chinneadh","sv":"avgöra medicinska bilders diagnostiska användbarhet","mt":"identifikazzjoni tal-idoneità dijanjostika tal-immaġnijiet mediċi","el":"εκτίμηση της καταλληλότητας των ιατρικών απεικονίσεων για τη διενέργεια διάγνωσης","en":"determine medical images' diagnostic suitability","is":"ákvarðar hentugleika læknisfræðilegrar myndgreiningar","it":"determinare l'idoneità diagnostica delle immagini medicali","es":"determinar si las imágenes médicas son adecuadas para hacer un diagnóstico","et":"meditsiiniliste ülesvõtete diagnostikaks sobivust hindama","cs":"určovat diagnostickou vhodnost lékařských snímků","ar":"يحدد الملاءمة التشخيصية للصور الطبية","pl":"określać odpowiedniość diagnostyczną obrazów medycznych","da":"bestemme, om medicinske billeder er egnet til diagnosticering","ro":"stabilește relevanța pentru diagnostic a imaginilor medicale","nl":"geschiktheid van medische beelden voor diagnoses bepalen"},"alternativeLabel":{"en":["determine diagnostic suitabilty of the medical images","analyze medical images' diagnostic suitability","appraise medical images","determine medical image's diagnostic suitability","determine diagnostic suitability of medical images","analyse medical images' diagnostic suitability","decide on medical images' diagnostic suitability","ensure medical images' diagnostic suitability","determine a medical image's diagnostic suitability"],"es":["decidir si las imágenes médicas son adecuadas para hacer un diagnóstico","evaluar si las imágenes médicas son adecuadas para hacer un diagnóstico","estimar si las imágenes médicas son adecuadas para el diagnóstico"]},"description":{"en-us":{"literal":"Appraise the medical images to make sure that they are clear. Determine if they are suitable for further use or if new images need to be taken. analyze the images for their suitability in treatment planning.","mimetype":"plain/text"},"en":{"literal":"Appraise the medical images to make sure that they are clear. Determine if they are suitable for further use or if new images need to be taken. Analyse the images for their suitability in treatment planning.","mimetype":"plain/text"}},"status":"released","_links":{"self":{"href":"https://ec.europa.eu/esco/api/resource/skill?uri=http://data.europa.eu/esco/skill/a5443429-dac6-4849-9dc9-3b740a42f424&language=en","uri":"http://data.europa.eu/esco/skill/a5443429-dac6-4849-9dc9-3b740a42f424","title":"determine medical images' diagnostic suitability"},"isTopConceptInScheme":[{"href":"https://ec.europa.eu/esco/api/resource/taxonomy?uri=http://data.europa.eu/esco/concept-scheme/member-skills&language=en","uri":"http://data.europa.eu/esco/concept-scheme/member-skills","title":"ESCO member skills"},{"href":"https://ec.europa.eu/esco/api/resource/taxonomy?uri=http://data.europa.eu/esco/concept-scheme/skills&language=en","uri":"http://data.europa.eu/esco/concept-scheme/skills","title":"ESCO skills"}],"isInScheme":[{"href":"https://ec.europa.eu/esco/api/resource/taxonomy?uri=http://data.europa.eu/esco/concept-scheme/member-skills&language=en","uri":"http://data.europa.eu/esco/concept-scheme/member-skills","title":"ESCO member skills"},{"href":"https://ec.europa.eu/esco/api/resource/taxonomy?uri=http://data.europa.eu/esco/concept-scheme/skills&language=en","uri":"http://data.europa.eu/esco/concept-scheme/skills","title":"ESCO skills"}],"hasSkillType":[{"href":"https://ec.europa.eu/esco/api/resource/concept?uri=http://data.europa.eu/esco/skill-type/skill&language=en","uri":"http://data.europa.eu/esco/skill-type/skill","title":"skill"}],"hasReuseLevel":[{"href":"https://ec.europa.eu/esco/api/resource/concept?uri=http://data.europa.eu/esco/skill-reuse-level/sector-specific&language=en","uri":"http://data.europa.eu/esco/skill-reuse-level/sector-specific","title":"sector specific skills and competences","code":"Level 3"}],"isEssentialForOccupation":[{"href":"https://ec.europa.eu/esco/api/resource/occupation?uri=http://data.europa.eu/esco/occupation/a9e54177-a185-404d-b6e6-15663d31137e&language=en","uri":"http://data.europa.eu/esco/occupation/a9e54177-a185-404d-b6e6-15663d31137e","title":"therapeutic radiographer"},{"href":"https://ec.europa.eu/esco/api/resource/occupation?uri=http://data.europa.eu/esco/occupation/7d092380-1c2e-48fe-81de-0d191b4e96d6&language=en","uri":"http://data.europa.eu/esco/occupation/7d092380-1c2e-48fe-81de-0d191b4e96d6","title":"diagnostic radiographer"},{"href":"https://ec.europa.eu/esco/api/resource/occupation?uri=http://data.europa.eu/esco/occupation/5efb4fff-8c5f-4697-9587-034d9f6af094&language=en","uri":"http://data.europa.eu/esco/occupation/5efb4fff-8c5f-4697-9587-034d9f6af094","title":"nuclear medicine radiographer"}]},"_embedded":{}},{"className":"Skill","classId":"http://data.europa.eu/esco/model#Skill","uri":"http://data.europa.eu/esco/skill/514210f5-9471-48ee-bb62-0160001522c5","title":"administer contrast media","referenceLanguage":["en"],"preferredLabel":{"de":"Kontrastmittel verabreichen","no":"administrere kontrastmedier","en-us":"administer contrast media","fi":"annostella varjoaineita","pt":"administrar produtos de contraste","bg":"прилагане на контрастни вещества","lt":"naudoti kontrastines medžiagas","lv":"ievadīt kontrastvielas","hr":"davati kontrastna sredstva","fr":"administrer des produits de contraste","hu":"kontrasztanyagot ad be","sk":"administer contrast media","sl":"dajati kontrastna sredstva","ga":"leachtanna codarsnachta a riar","sv":"administrera kontrastmedel","el":"χορήγηση σκιαγραφικών ουσιών","mt":"użu u għoti tal-aġenti ta’ kuntrast","en":"administer contrast media","is":"gefur skuggaefni","it":"somministrare i mezzi di contrasto","es":"administrar medios de contraste","et":"kontrastainet manustama","cs":"podávat kontrastní látky","ar":"يدير وسط التباين","pl":"podawać środki kontrastowe","ro":"administrează substanțe de contrast","da":"indgive kontraststoffer","nl":"contraststoffen toedienen"},"alternativeLabel":{"sv":["tillföra kontrastmedel"],"en":["use and administer contrast agents","administer contrast agent","utilize contrast media","apply contrast media","inject contrast agent","use contrast media","utilize contrast agent","apply contrast agent","inject contrast media","use contrast agent","administer constrast agents"],"es":["aplicar medios de contraste","administrar medios de contraste para aumentar la visibilidad","usar medios de contraste","utilizar medios de contraste"]},"description":{"en-us":{"literal":"Use and administer contrast agents to enhance the visibility of the body in medical imaging.","mimetype":"plain/text"},"en":{"literal":"Use and administer contrast agents to enhance the visibility of the body in medical imaging.","mimetype":"plain/text"}},"status":"released","_links":{"self":{"href":"https://ec.europa.eu/esco/api/resource/skill?uri=http://data.europa.eu/esco/skill/514210f5-9471-48ee-bb62-0160001522c5&language=en","uri":"http://data.europa.eu/esco/skill/514210f5-9471-48ee-bb62-0160001522c5","title":"administer contrast media"},"isTopConceptInScheme":[{"href":"https://ec.europa.eu/esco/api/resource/taxonomy?uri=http://data.europa.eu/esco/concept-scheme/skills&language=en","uri":"http://data.europa.eu/esco/concept-scheme/skills","title":"ESCO skills"},{"href":"https://ec.europa.eu/esco/api/resource/taxonomy?uri=http://data.europa.eu/esco/concept-scheme/member-skills&language=en","uri":"http://data.europa.eu/esco/concept-scheme/member-skills","title":"ESCO member skills"}],"isInScheme":[{"href":"https://ec.europa.eu/esco/api/resource/taxonomy?uri=http://data.europa.eu/esco/concept-scheme/skills&language=en","uri":"http://data.europa.eu/esco/concept-scheme/skills","title":"ESCO skills"},{"href":"https://ec.europa.eu/esco/api/resource/taxonomy?uri=http://data.europa.eu/esco/concept-scheme/member-skills&language=en","uri":"http://data.europa.eu/esco/concept-scheme/member-skills","title":"ESCO member skills"}],"hasSkillType":[{"href":"https://ec.europa.eu/esco/api/resource/concept?uri=http://data.europa.eu/esco/skill-type/skill&language=en","uri":"http://data.europa.eu/esco/skill-type/skill","title":"skill"}],"hasReuseLevel":[{"href":"https://ec.europa.eu/esco/api/resource/concept?uri=http://data.europa.eu/esco/skill-reuse-level/sector-specific&language=en","uri":"http://data.europa.eu/esco/skill-reuse-level/sector-specific","title":"sector specific skills and competences","code":"Level 3"}],"isEssentialForOccupation":[{"href":"https://ec.europa.eu/esco/api/resource/occupation?uri=http://data.europa.eu/esco/occupation/5efb4fff-8c5f-4697-9587-034d9f6af094&language=en","uri":"http://data.europa.eu/esco/occupation/5efb4fff-8c5f-4697-9587-034d9f6af094","title":"nuclear medicine radiographer"}],"isOptionalForOccupation":[{"href":"https://ec.europa.eu/esco/api/resource/occupation?uri=http://data.europa.eu/esco/occupation/7d092380-1c2e-48fe-81de-0d191b4e96d6&language=en","uri":"http://data.europa.eu/esco/occupation/7d092380-1c2e-48fe-81de-0d191b4e96d6","title":"diagnostic radiographer"},{"href":"https://ec.europa.eu/esco/api/resource/occupation?uri=http://data.europa.eu/esco/occupation/a9e54177-a185-404d-b6e6-15663d31137e&language=en","uri":"http://data.europa.eu/esco/occupation/a9e54177-a185-404d-b6e6-15663d31137e","title":"therapeutic radiographer"}]},"_embedded":{}},{"className":"Skill","classId":"http://data.europa.eu/esco/model#Skill","uri":"http://data.europa.eu/esco/skill/2912fc2d-6e4f-4f8c-b40b-5926d57da483","title":"evaluate delivery of radiation treatment","referenceLanguage":["en"],"preferredLabel":{"no":"evaluere levering av strålebehandling","de":"Einsatz von Strahlenbehandlungen evaluieren","en-us":"evaluate delivery of radiation treatment","fi":"arvioida sädehoidon antamista","pt":"avaliar um tratamento de radioterapia","bg":"оценяване на провежданата лъчетерапия","lt":"įvertinti gydymo radiacija paslaugų teikimą","hr":"ocjenjivati pružanje radijacijskog liječenja","lv":"novērtēt veikto radioterapiju","fr":"évaluer un traitement par radiothérapie","hu":"kiértékeli a sugárkezelés eredményeit","sk":"evaluate delivery of radiation treatment","sl":"ovrednotiti zdravljenje z radioterapijo","ga":"soláthar cóireála radaíochta a mheas","sv":"utvärdera utförd strålningsbehandling","mt":"evalwazzjoni tal-għoti tat-trattament bir-radjazzjoni","el":"αξιολόγηση της απόδοσης της ραδιοθεραπείας","en":"evaluate delivery of radiation treatment","is":"metur framkvæmd geislunarmeðferðar","it":"valutare l'erogazione del trattamento radioterapico","es":"evaluar el tratamiento de radioterapia","et":"kiiritusravi teostamist hindama","cs":"hodnotit provádění léčby ozařováním","ar":"يقيّم تنفيذ العلاج بالأشعة","pl":"oceniać skuteczność radioterapii","ro":"evaluează administrarea radioterapiei","da":"evaluere strålebehandling","nl":"toediening van stralingsbehandeling evalueren"},"alternativeLabel":{"cs":["hodnotit provádění radiační léčby"],"de":["Einsatz von Strahlentherapie evaluieren","Einsatz von Radiotherapie evaluieren"],"sv":["utvärdera utförd radioterapi"],"en":["carry out radiation treatment evaluations","perform analyses of radiation treatments","execute radiation treatment analyses","analyse delivery of radiation treatment","analyse radiation treatment delivery","evaluate radiation treatment delivery","make assessments of radiation treatment","assess delivery of radiation treatment","assess radiation treatment delivery","conduct evaluations of radiation treatment"],"nl":["toediening van radiatiebehandeling evalueren"],"es":["analizar el tratamiento de radioterapia","valorar el tratamiento de radioterapia"]},"description":{"en-us":{"literal":"analyze and evaluate the radiation treatment to ensure that it appropriately meets the prescription.","mimetype":"plain/text"},"en":{"literal":"Analyse and evaluate the radiation treatment to ensure that it appropriately meets the prescription.","mimetype":"plain/text"}},"status":"released","_links":{"self":{"href":"https://ec.europa.eu/esco/api/resource/skill?uri=http://data.europa.eu/esco/skill/2912fc2d-6e4f-4f8c-b40b-5926d57da483&language=en","uri":"http://data.europa.eu/esco/skill/2912fc2d-6e4f-4f8c-b40b-5926d57da483","title":"evaluate delivery of radiation treatment"},"isTopConceptInScheme":[{"href":"https://ec.europa.eu/esco/api/resource/taxonomy?uri=http://data.europa.eu/esco/concept-scheme/member-skills&language=en","uri":"http://data.europa.eu/esco/concept-scheme/member-skills","title":"ESCO member skills"},{"href":"https://ec.europa.eu/esco/api/resource/taxonomy?uri=http://data.europa.eu/esco/concept-scheme/skills&language=en","uri":"http://data.europa.eu/esco/concept-scheme/skills","title":"ESCO skills"}],"isInScheme":[{"href":"https://ec.europa.eu/esco/api/resource/taxonomy?uri=http://data.europa.eu/esco/concept-scheme/member-skills&language=en","uri":"http://data.europa.eu/esco/concept-scheme/member-skills","title":"ESCO member skills"},{"href":"https://ec.europa.eu/esco/api/resource/taxonomy?uri=http://data.europa.eu/esco/concept-scheme/skills&language=en","uri":"http://data.europa.eu/esco/concept-scheme/skills","title":"ESCO skills"}],"hasSkillType":[{"href":"https://ec.europa.eu/esco/api/resource/concept?uri=http://data.europa.eu/esco/skill-type/skill&language=en","uri":"http://data.europa.eu/esco/skill-type/skill","title":"skill"}],"hasReuseLevel":[{"href":"https://ec.europa.eu/esco/api/resource/concept?uri=http://data.europa.eu/esco/skill-reuse-level/occupation-specific&language=en","uri":"http://data.europa.eu/esco/skill-reuse-level/occupation-specific","title":"occupation specific skills and competences","code":"Level 4"}],"isEssentialForOccupation":[{"href":"https://ec.europa.eu/esco/api/resource/occupation?uri=http://data.europa.eu/esco/occupation/7d092380-1c2e-48fe-81de-0d191b4e96d6&language=en","uri":"http://data.europa.eu/esco/occupation/7d092380-1c2e-48fe-81de-0d191b4e96d6","title":"diagnostic radiographer"}]},"_embedded":{}},{"className":"Skill","classId":"http://data.europa.eu/esco/model#Skill","uri":"http://data.europa.eu/esco/skill/0ddce721-52dd-485d-a2da-f3237c65dec7","title":"restore teeths' natural colour","referenceLanguage":["en"],"preferredLabel":{"no":"gjenopprette tennenes naturlige farge","de":"die natürliche Farbe von Zähnen wiederherstellen","fi":"palauttaa hampaiden luonnollinen väri","en-us":"restore teeths' natural color","pt":"restaurar a cor natural dos dentes","bg":"възстановяване на естествения цвят на зъбите","lt":"atkurti natūralią dantų spalvą","lv":"atjaunot zobu dabisko krāsu","hr":"obnavljati prirodnu boju zuba","fr":"restaurer la couleur naturelle des dents","hu":"helyreállítja a fogak természetes színét","sk":"restore teeths' natural colour","sl":"obnavljati naravno barvo zob","ga":"an dath nádúrtha a chur ar ais ar fhiacla","sv":"återställa tänders naturliga färg","mt":"restawr tal-kulur naturali tas-snien","el":"αποκατάσταση του φυσικού χρώματος των δοντιών","en":"restore teeths' natural colour","is":"endurheimtir náttúrulegan lit tanna","it":"ripristinare il colore naturale dei denti","es":"recuperar el color natural de los dientes","et":"hammaste loomulikku värvust taastama","cs":"obnovovat přirozenou barvu zubů","ar":"يعيد الألوان الطبيعية للأسنان","pl":"przywracać naturalny kolor zębów","da":"genskabe tænders naturlige farve","ro":"restaurează culoarea naturală a dinților","nl":"natuurlijke kleur van tanden herstellen"},"alternativeLabel":{"en":["bring back teeths' natural colour","bleach, clean or polish tooth","restore teeths' natural color","restore tooth's natural colour","bring back natural color of teeth","restore tooth's natural color","bleach, clean or polish teeth"],"es":["restaurar el color natural de los dientes"]},"description":{"en-us":{"literal":"Bleach, clean or polish teeth to restore natural color.","mimetype":"plain/text"},"en":{"literal":"Bleach, clean or polish teeth to restore natural colour.","mimetype":"plain/text"}},"status":"released","_links":{"self":{"href":"https://ec.europa.eu/esco/api/resource/skill?uri=http://data.europa.eu/esco/skill/0ddce721-52dd-485d-a2da-f3237c65dec7&language=en","uri":"http://data.europa.eu/esco/skill/0ddce721-52dd-485d-a2da-f3237c65dec7","title":"restore teeths' natural colour"},"isTopConceptInScheme":[{"href":"https://ec.europa.eu/esco/api/resource/taxonomy?uri=http://data.europa.eu/esco/concept-scheme/skills&language=en","uri":"http://data.europa.eu/esco/concept-scheme/skills","title":"ESCO skills"},{"href":"https://ec.europa.eu/esco/api/resource/taxonomy?uri=http://data.europa.eu/esco/concept-scheme/member-skills&language=en","uri":"http://data.europa.eu/esco/concept-scheme/member-skills","title":"ESCO member skills"}],"isInScheme":[{"href":"https://ec.europa.eu/esco/api/resource/taxonomy?uri=http://data.europa.eu/esco/concept-scheme/skills&language=en","uri":"http://data.europa.eu/esco/concept-scheme/skills","title":"ESCO skills"},{"href":"https://ec.europa.eu/esco/api/resource/taxonomy?uri=http://data.europa.eu/esco/concept-scheme/member-skills&language=en","uri":"http://data.europa.eu/esco/concept-scheme/member-skills","title":"ESCO member skills"}],"hasSkillType":[{"href":"https://ec.europa.eu/esco/api/resource/concept?uri=http://data.europa.eu/esco/skill-type/skill&language=en","uri":"http://data.europa.eu/esco/skill-type/skill","title":"skill"}],"hasReuseLevel":[{"href":"https://ec.europa.eu/esco/api/resource/concept?uri=http://data.europa.eu/esco/skill-reuse-level/occupation-specific&language=en","uri":"http://data.europa.eu/esco/skill-reuse-level/occupation-specific","title":"occupation specific skills and competences","code":"Level 4"}],"isEssentialForOccupation":[{"href":"https://ec.europa.eu/esco/api/resource/occupation?uri=http://data.europa.eu/esco/occupation/e52b5707-7097-4dbc-ac61-054e917da241&language=en","uri":"http://data.europa.eu/esco/occupation/e52b5707-7097-4dbc-ac61-054e917da241","title":"dental practitioner"}]},"_embedded":{}},{"className":"Skill","classId":"http://data.europa.eu/esco/model#Skill","uri":"http://data.europa.eu/esco/skill/6d2872f7-219c-43b0-a2cc-99f411121c03","title":"issue official documents","referenceLanguage":["en"],"preferredLabel":{"no":"utstede offisielle dokumenter","de":"amtliche Dokumente ausgeben","en-us":"issue official documents","fi":"myöntää virallisia asiakirjoja","pt":"emitir documentos oficiais","bg":"издаване на официални документи","lt":"išduoti oficialius dokumentus","lv":"izdot oficiālus dokumentus","hr":"izdavati službene dokumente","fr":"délivrer des documents officiels","hu":"hivatalos okmányokat állít ki","sk":"vydávať úradné dokumenty","sl":"izdajati uradne dokumente","ga":"doiciméid oifigiúla a eisiúint","sv":"utfärda officiella handlingar","mt":"ħruġ tad-dokumenti uffiċjali","el":"έκδοση επίσημων εγγράφων","en":"issue official documents","is":"gefur út opinber gögn","it":"rilasciare documenti ufficiali","es":"expedir documentos oficiales","et":"ametlikke dokumente välja andma","cs":"vydávat oficiální dokumenty","ar":"يصدر وثائق رسمية","pl":"wydawać dokumenty urzędowe","ro":"emite documente oficiale","da":"udstede officielle dokumenter","nl":"officiële documenten verstrekken"},"alternativeLabel":{"en":["supply official documentation","furnish official documentation","supply official documents","provide official documents","provide official documentation","furnish official documents"],"nl":["officiële documenten afgeven"]},"description":{"en-us":{"literal":"Issue and certify official documents to national citizens and foreigners such as passports and certificates.","mimetype":"plain/text"},"en":{"literal":"Issue and certify official documents to national citizens and foreigners such as passports and certificates.","mimetype":"plain/text"}},"status":"released","_links":{"self":{"href":"https://ec.europa.eu/esco/api/resource/skill?uri=http://data.europa.eu/esco/skill/6d2872f7-219c-43b0-a2cc-99f411121c03&language=en","uri":"http://data.europa.eu/esco/skill/6d2872f7-219c-43b0-a2cc-99f411121c03","title":"issue official documents"},"isTopConceptInScheme":[{"href":"https://ec.europa.eu/esco/api/resource/taxonomy?uri=http://data.europa.eu/esco/concept-scheme/skills&language=en","uri":"http://data.europa.eu/esco/concept-scheme/skills","title":"ESCO skills"},{"href":"https://ec.europa.eu/esco/api/resource/taxonomy?uri=http://data.europa.eu/esco/concept-scheme/member-skills&language=en","uri":"http://data.europa.eu/esco/concept-scheme/member-skills","title":"ESCO member skills"}],"isInScheme":[{"href":"https://ec.europa.eu/esco/api/resource/taxonomy?uri=http://data.europa.eu/esco/concept-scheme/skills&language=en","uri":"http://data.europa.eu/esco/concept-scheme/skills","title":"ESCO skills"},{"href":"https://ec.europa.eu/esco/api/resource/taxonomy?uri=http://data.europa.eu/esco/concept-scheme/member-skills&language=en","uri":"http://data.europa.eu/esco/concept-scheme/member-skills","title":"ESCO member skills"}],"hasSkillType":[{"href":"https://ec.europa.eu/esco/api/resource/concept?uri=http://data.europa.eu/esco/skill-type/skill&language=en","uri":"http://data.europa.eu/esco/skill-type/skill","title":"skill"}],"hasReuseLevel":[{"href":"https://ec.europa.eu/esco/api/resource/concept?uri=http://data.europa.eu/esco/skill-reuse-level/cross-sector&language=en","uri":"http://data.europa.eu/esco/skill-reuse-level/cross-sector","title":"cross-sector skills and competences","code":"Level 2"}],"isEssentialForOccupation":[{"href":"https://ec.europa.eu/esco/api/resource/occupation?uri=http://data.europa.eu/esco/occupation/d21890a3-cbe9-49df-9a19-a4120d866548&language=en","uri":"http://data.europa.eu/esco/occupation/d21890a3-cbe9-49df-9a19-a4120d866548","title":"notary"},{"href":"https://ec.europa.eu/esco/api/resource/occupation?uri=http://data.europa.eu/esco/occupation/e19fe26f-0759-4bb1-af71-5bbecf3df69f&language=en","uri":"http://data.europa.eu/esco/occupation/e19fe26f-0759-4bb1-af71-5bbecf3df69f","title":"immigration adviser"},{"href":"https://ec.europa.eu/esco/api/resource/occupation?uri=http://data.europa.eu/esco/occupation/a8d05b64-f60b-4dd9-91c2-e2e63d82f2f5&language=en","uri":"http://data.europa.eu/esco/occupation/a8d05b64-f60b-4dd9-91c2-e2e63d82f2f5","title":"consul"}],"isOptionalForOccupation":[{"href":"https://ec.europa.eu/esco/api/resource/occupation?uri=http://data.europa.eu/esco/occupation/4ed22a87-8478-4731-be11-5942eacb2e16&language=en","uri":"http://data.europa.eu/esco/occupation/4ed22a87-8478-4731-be11-5942eacb2e16","title":"public funding advisor"}]},"_embedded":{}},{"className":"Skill","classId":"http://data.europa.eu/esco/model#Skill","uri":"http://data.europa.eu/esco/skill/d5f1997a-59a8-4ea7-b18c-df0d69b8f2e5","title":"alcohol fuels","referenceLanguage":["en"],"preferredLabel":{"de":"Alkoholkraftstoffe","no":"alkoholdrivstoff","fi":"alkoholipolttoaineet","en-us":"alcohol fuels","pt":"combustível álcool","bg":"алкохолни горива","lt":"degalai alkoholio pagrindu","hr":"alkoholna goriva","lv":"spirtu saturošas degvielas","fr":"carburants à base d’alcool","hu":"alkoholalapú tüzelőanyagok","sk":"alkoholové palivá","sl":"alkoholna goriva","ga":"breoslaí alcóil","sv":"motoralkohol","mt":"fjuwils tal-alkoħol","el":"καύσιμες αλκοόλες","en":"alcohol fuels","is":"alkóhól eldsneyti","it":"alcool combustibili","es":"carburantes alcohólicos","et":"alkoholkütused","cs":"alkoholová paliva","ar":"وقود الكحول","pl":"paliwa zawierające alkohol","da":"alkoholbrændstoffer","ro":"combustibil pe bază de alcooli","nl":"alcoholbrandstoffen"},"alternativeLabel":{"sv":["motorsprit","alkoholbränsle"],"en":["alcohol fuel","alcohol fuelled"],"es":["carburantes a base de alcohol","combustibles de alcohol"]},"description":{"en-us":{"literal":"The alcohols such as ethanol and methanol used for improving power performance of engines by injecting them into the air intake of forced induction internal combustion engines.","mimetype":"plain/text"},"en":{"literal":"The alcohols such as ethanol and methanol used for improving power performance of engines by injecting them into the air intake of forced induction internal combustion engines.","mimetype":"plain/text"}},"status":"released","_links":{"self":{"href":"https://ec.europa.eu/esco/api/resource/skill?uri=http://data.europa.eu/esco/skill/d5f1997a-59a8-4ea7-b18c-df0d69b8f2e5&language=en","uri":"http://data.europa.eu/esco/skill/d5f1997a-59a8-4ea7-b18c-df0d69b8f2e5","title":"alcohol fuels"},"isTopConceptInScheme":[{"href":"https://ec.europa.eu/esco/api/resource/taxonomy?uri=http://data.europa.eu/esco/concept-scheme/member-skills&language=en","uri":"http://data.europa.eu/esco/concept-scheme/member-skills","title":"ESCO member skills"},{"href":"https://ec.europa.eu/esco/api/resource/taxonomy?uri=http://data.europa.eu/esco/concept-scheme/skills&language=en","uri":"http://data.europa.eu/esco/concept-scheme/skills","title":"ESCO skills"}],"isInScheme":[{"href":"https://ec.europa.eu/esco/api/resource/taxonomy?uri=http://data.europa.eu/esco/concept-scheme/member-skills&language=en","uri":"http://data.europa.eu/esco/concept-scheme/member-skills","title":"ESCO member skills"},{"href":"https://ec.europa.eu/esco/api/resource/taxonomy?uri=http://data.europa.eu/esco/concept-scheme/skills&language=en","uri":"http://data.europa.eu/esco/concept-scheme/skills","title":"ESCO skills"}],"hasSkillType":[{"href":"https://ec.europa.eu/esco/api/resource/concept?uri=http://data.europa.eu/esco/skill-type/knowledge&language=en","uri":"http://data.europa.eu/esco/skill-type/knowledge","title":"knowledge"}],"hasReuseLevel":[{"href":"https://ec.europa.eu/esco/api/resource/concept?uri=http://data.europa.eu/esco/skill-reuse-level/occupation-specific&language=en","uri":"http://data.europa.eu/esco/skill-reuse-level/occupation-specific","title":"occupation specific skills and competences","code":"Level 4"}],"isEssentialForOccupation":[{"href":"https://ec.europa.eu/esco/api/resource/occupation?uri=http://data.europa.eu/esco/occupation/47dd863b-b124-4bb1-bb42-a9498492a8cb&language=en","uri":"http://data.europa.eu/esco/occupation/47dd863b-b124-4bb1-bb42-a9498492a8cb","title":"liquid fuel engineer"}]},"_embedded":{}},{"className":"Skill","classId":"http://data.europa.eu/esco/model#Skill","uri":"http://data.europa.eu/esco/skill/089e4390-8495-4fda-aa70-da52c66fcb23","title":"lay marquetry","referenceLanguage":["en"],"preferredLabel":{"de":"Intarsien einlegen","no":"legge marketeri","fi":"asentaa intarsialattiaa","en-us":"lay marquetry","pt":"assentar piso marchetado","bg":"полагане на декоративни дървени мозайки","lt":"dėlioti parketo mozaikas","hr":"postavljati gravure","lv":"veidot koka mozaīkas","fr":"poser de la marqueterie","hu":"faintarziát készít","sk":"vytvoriť dekoratívnu intarziu","sl":"polagati intarzije","ga":"maircíneacht a leagan","sv":"lägga intarsiagolv","el":"τοποθέτηση ξύλινου ψηφιδωτού","mt":"tpoġġija tal-markì","en":"lay marquetry","is":"leggur skreytiparket","it":"posare gli intarsi","es":"colocar marquetería","et":"puitdekoratsioone paigaldama","cs":"pokládat marketerii","ar":"يطعم خشب الزينة","pl":"kłaść intarsje","da":"lægge træmosaik","ro":"execută lucrări de marchetărie","nl":"marqueterie leggen"},"alternativeLabel":{"en":["marquetry laying","laying marquetry","laying decorative parquet","decorative parquet laying","laying of decorative parquet","lay decorative parquet","laying of marquetry"],"ga":["maircíneacht a chur síos"],"es":["colocar parqué","realizar trabajos de ebanistería"]},"description":{"en-us":{"literal":"Lay marquetry, decorative parquet surface including curved elements usually cut with laser equipment.","mimetype":"plain/text"},"en":{"literal":"Lay marquetry, decorative parquet surface including curved elements usually cut with laser equipment.","mimetype":"plain/text"}},"status":"released","_links":{"self":{"href":"https://ec.europa.eu/esco/api/resource/skill?uri=http://data.europa.eu/esco/skill/089e4390-8495-4fda-aa70-da52c66fcb23&language=en","uri":"http://data.europa.eu/esco/skill/089e4390-8495-4fda-aa70-da52c66fcb23","title":"lay marquetry"},"isTopConceptInScheme":[{"href":"https://ec.europa.eu/esco/api/resource/taxonomy?uri=http://data.europa.eu/esco/concept-scheme/member-skills&language=en","uri":"http://data.europa.eu/esco/concept-scheme/member-skills","title":"ESCO member skills"},{"href":"https://ec.europa.eu/esco/api/resource/taxonomy?uri=http://data.europa.eu/esco/concept-scheme/skills&language=en","uri":"http://data.europa.eu/esco/concept-scheme/skills","title":"ESCO skills"}],"isInScheme":[{"href":"https://ec.europa.eu/esco/api/resource/taxonomy?uri=http://data.europa.eu/esco/concept-scheme/member-skills&language=en","uri":"http://data.europa.eu/esco/concept-scheme/member-skills","title":"ESCO member skills"},{"href":"https://ec.europa.eu/esco/api/resource/taxonomy?uri=http://data.europa.eu/esco/concept-scheme/skills&language=en","uri":"http://data.europa.eu/esco/concept-scheme/skills","title":"ESCO skills"}],"hasSkillType":[{"href":"https://ec.europa.eu/esco/api/resource/concept?uri=http://data.europa.eu/esco/skill-type/skill&language=en","uri":"http://data.europa.eu/esco/skill-type/skill","title":"skill"}],"hasReuseLevel":[{"href":"https://ec.europa.eu/esco/api/resource/concept?uri=http://data.europa.eu/esco/skill-reuse-level/occupation-specific&language=en","uri":"http://data.europa.eu/esco/skill-reuse-level/occupation-specific","title":"occupation specific skills and competences","code":"Level 4"}],"isOptionalForOccupation":[{"href":"https://ec.europa.eu/esco/api/resource/occupation?uri=http://data.europa.eu/esco/occupation/4f1bb8b4-3fff-4e68-b427-8c892534a181&language=en","uri":"http://data.europa.eu/esco/occupation/4f1bb8b4-3fff-4e68-b427-8c892534a181","title":"hardwood floor layer"}]},"_embedded":{}},{"className":"Skill","classId":"http://data.europa.eu/esco/model#Skill","uri":"http://data.europa.eu/esco/skill/54a0974e-a8d1-4b2d-9dfa-e1da028a58e3","title":"visual disability","referenceLanguage":["en"],"preferredLabel":{"de":"Sehbehinderung","no":"synshemming","en-us":"visual disability","fi":"näkövamma","pt":"deficiência visual","bg":"нарушение на зрението","lt":"regėjimo negalia","hr":"teškoće s vidom","lv":"redzes invaliditāte","fr":"handicap visuel","hu":"látássérülés","sk":"zrakové postihnutie","sl":"okvara vida","ga":"míchumas radhairc","sv":"synnedsättning","el":"οπτικές δυσκολίες","mt":"diżabbiltà viżiva","en":"visual disability","is":"sjónskerðing","it":"disabilità visiva","es":"discapacidad visual","et":"nägemispuue","cs":"zrakové postižení","ar":"الإعاقة البصرية","pl":"niepełnosprawność wzrokowa","ro":"deficiență de vedere","da":"synshandicap","nl":"visuele beperking"},"alternativeLabel":{"no":["visuell funksjonshemming"],"el":["οπτικά προβλήματα"],"lt":["regos negalia","regėjimo sutrikimai"],"en":["visual deficiency","visual delay","visual impairment","visual difficulty","visual disabilities"],"lv":["redzes traucējumi"],"pl":["upośledzenie wzroku"],"fr":["cécité","déficience visuelle","malvoyance"],"ro":["tulburări de vedere","probleme de vedere"],"nl":["visuele handicap"]},"description":{"en-us":{"literal":"Impairment of the ability to naturally discern and process viewed images.","mimetype":"plain/text"},"en":{"literal":"Impairment of the ability to naturally discern and process viewed images.","mimetype":"plain/text"}},"status":"released","_links":{"self":{"href":"https://ec.europa.eu/esco/api/resource/skill?uri=http://data.europa.eu/esco/skill/54a0974e-a8d1-4b2d-9dfa-e1da028a58e3&language=en","uri":"http://data.europa.eu/esco/skill/54a0974e-a8d1-4b2d-9dfa-e1da028a58e3","title":"visual disability"},"isTopConceptInScheme":[{"href":"https://ec.europa.eu/esco/api/resource/taxonomy?uri=http://data.europa.eu/esco/concept-scheme/skills&language=en","uri":"http://data.europa.eu/esco/concept-scheme/skills","title":"ESCO skills"},{"href":"https://ec.europa.eu/esco/api/resource/taxonomy?uri=http://data.europa.eu/esco/concept-scheme/member-skills&language=en","uri":"http://data.europa.eu/esco/concept-scheme/member-skills","title":"ESCO member skills"}],"isInScheme":[{"href":"https://ec.europa.eu/esco/api/resource/taxonomy?uri=http://data.europa.eu/esco/concept-scheme/skills&language=en","uri":"http://data.europa.eu/esco/concept-scheme/skills","title":"ESCO skills"},{"href":"https://ec.europa.eu/esco/api/resource/taxonomy?uri=http://data.europa.eu/esco/concept-scheme/member-skills&language=en","uri":"http://data.europa.eu/esco/concept-scheme/member-skills","title":"ESCO member skills"}],"hasSkillType":[{"href":"https://ec.europa.eu/esco/api/resource/concept?uri=http://data.europa.eu/esco/skill-type/knowledge&language=en","uri":"http://data.europa.eu/esco/skill-type/knowledge","title":"knowledge"}],"hasReuseLevel":[{"href":"https://ec.europa.eu/esco/api/resource/concept?uri=http://data.europa.eu/esco/skill-reuse-level/cross-sector&language=en","uri":"http://data.europa.eu/esco/skill-reuse-level/cross-sector","title":"cross-sector skills and competences","code":"Level 2"}],"isEssentialForOccupation":[{"href":"https://ec.europa.eu/esco/api/resource/occupation?uri=http://data.europa.eu/esco/occupation/65a9366c-d4d3-484d-a577-c63d335987da&language=en","uri":"http://data.europa.eu/esco/occupation/65a9366c-d4d3-484d-a577-c63d335987da","title":"guide dog instructor"}],"isOptionalForOccupation":[{"href":"https://ec.europa.eu/esco/api/resource/occupation?uri=http://data.europa.eu/esco/occupation/b6beb46d-9ed2-4a66-9117-7e3f21f234dd&language=en","uri":"http://data.europa.eu/esco/occupation/b6beb46d-9ed2-4a66-9117-7e3f21f234dd","title":"early years special educational needs teacher"},{"href":"https://ec.europa.eu/esco/api/resource/occupation?uri=http://data.europa.eu/esco/occupation/1391bdf9-bd61-4fb5-91ca-c29036ab2b60&language=en","uri":"http://data.europa.eu/esco/occupation/1391bdf9-bd61-4fb5-91ca-c29036ab2b60","title":"home care aide"},{"href":"https://ec.europa.eu/esco/api/resource/occupation?uri=http://data.europa.eu/esco/occupation/1f137f0b-7097-4583-9d1b-b69e57369319&language=en","uri":"http://data.europa.eu/esco/occupation/1f137f0b-7097-4583-9d1b-b69e57369319","title":"special educational needs assistant"},{"href":"https://ec.europa.eu/esco/api/resource/occupation?uri=http://data.europa.eu/esco/occupation/f89b12a1-689f-4a4f-8695-abb620810f1e&language=en","uri":"http://data.europa.eu/esco/occupation/f89b12a1-689f-4a4f-8695-abb620810f1e","title":"special educational needs teacher primary school"},{"href":"https://ec.europa.eu/esco/api/resource/occupation?uri=http://data.europa.eu/esco/occupation/034cad59-e666-4770-a7ef-a337257f8072&language=en","uri":"http://data.europa.eu/esco/occupation/034cad59-e666-4770-a7ef-a337257f8072","title":"special educational needs teacher secondary school"},{"href":"https://ec.europa.eu/esco/api/resource/occupation?uri=http://data.europa.eu/esco/occupation/976cbfcc-8958-4800-a435-71d15405a42a&language=en","uri":"http://data.europa.eu/esco/occupation/976cbfcc-8958-4800-a435-71d15405a42a","title":"special educational needs teacher"}]},"_embedded":{}}]}}