{"total":8196,"offset":263,"limit":20,"language":"en","uri":"http://data.europa.eu/esco/concept-scheme/skills","relation":"hasTopConcept","_links":{"self":{"href":"https://ec.europa.eu/esco/api/resource/related?uri=http://data.europa.eu/esco/concept-scheme/skills&relation=hasTopConcept&limit=20&offset=263&language=en&full=true"},"prev":{"href":"https://ec.europa.eu/esco/api/resource/related?uri=http://data.europa.eu/esco/concept-scheme/skills&relation=hasTopConcept&limit=20&offset=262&language=en&full=true"},"next":{"href":"https://ec.europa.eu/esco/api/resource/related?uri=http://data.europa.eu/esco/concept-scheme/skills&relation=hasTopConcept&limit=20&offset=264&language=en&full=true"}},"_embedded":{"hasTopConcept":[{"className":"Skill","classId":"http://data.europa.eu/esco/model#Skill","uri":"http://data.europa.eu/esco/skill/14d00c3e-b335-4a51-8f3f-649441683d5a","title":"seismology","referenceLanguage":["en"],"preferredLabel":{"de":"Seismologie","no":"seismologi","fi":"seismologia","en-us":"seismology","pt":"sismologia","bg":"сеизмология","lt":"seismologija","hr":"seizmologija","lv":"seismoloģija","fr":"sismologie","hu":"szeizmológia","sk":"seizmológia","sl":"seizmologija","ga":"seismeolaíocht","sv":"seismologi","mt":"sismoloġija","el":"σεισμολογία","en":"seismology","is":"jarðskjálftafræði","it":"sismologia","es":"sismología","et":"seismoloogia","cs":"seismologie","ar":"علم الزلازل","pl":"sejsmologia","da":"seismologi","ro":"seismologie","nl":"seismologie"},"alternativeLabel":{"de":["Erdbebenkunde"],"en":["the study of earthquakes","earthquake studies"],"fr":["séismologie"],"es":["estudio de los terremotos"]},"description":{"en-us":{"literal":"The scientific field of study that deals with the generation of elastic waves and motion on the Earth's crust and other celestial bodies.","mimetype":"plain/text"},"en":{"literal":"The scientific field of study that deals with the generation of elastic waves and motion on the Earth's crust and other celestial bodies.","mimetype":"plain/text"}},"status":"released","_links":{"self":{"href":"https://ec.europa.eu/esco/api/resource/skill?uri=http://data.europa.eu/esco/skill/14d00c3e-b335-4a51-8f3f-649441683d5a&language=en","uri":"http://data.europa.eu/esco/skill/14d00c3e-b335-4a51-8f3f-649441683d5a","title":"seismology"},"isTopConceptInScheme":[{"href":"https://ec.europa.eu/esco/api/resource/taxonomy?uri=http://data.europa.eu/esco/concept-scheme/skills&language=en","uri":"http://data.europa.eu/esco/concept-scheme/skills","title":"ESCO skills"},{"href":"https://ec.europa.eu/esco/api/resource/taxonomy?uri=http://data.europa.eu/esco/concept-scheme/member-skills&language=en","uri":"http://data.europa.eu/esco/concept-scheme/member-skills","title":"ESCO member skills"}],"isInScheme":[{"href":"https://ec.europa.eu/esco/api/resource/taxonomy?uri=http://data.europa.eu/esco/concept-scheme/skills&language=en","uri":"http://data.europa.eu/esco/concept-scheme/skills","title":"ESCO skills"},{"href":"https://ec.europa.eu/esco/api/resource/taxonomy?uri=http://data.europa.eu/esco/concept-scheme/member-skills&language=en","uri":"http://data.europa.eu/esco/concept-scheme/member-skills","title":"ESCO member skills"}],"hasSkillType":[{"href":"https://ec.europa.eu/esco/api/resource/concept?uri=http://data.europa.eu/esco/skill-type/knowledge&language=en","uri":"http://data.europa.eu/esco/skill-type/knowledge","title":"knowledge"}],"hasReuseLevel":[{"href":"https://ec.europa.eu/esco/api/resource/concept?uri=http://data.europa.eu/esco/skill-reuse-level/occupation-specific&language=en","uri":"http://data.europa.eu/esco/skill-reuse-level/occupation-specific","title":"occupation specific skills and competences","code":"Level 4"}],"isEssentialForOccupation":[{"href":"https://ec.europa.eu/esco/api/resource/occupation?uri=http://data.europa.eu/esco/occupation/b79cfd33-6e46-4b71-b180-c9a84422f047&language=en","uri":"http://data.europa.eu/esco/occupation/b79cfd33-6e46-4b71-b180-c9a84422f047","title":"seismologist"}]},"_embedded":{}},{"className":"Skill","classId":"http://data.europa.eu/esco/model#Skill","uri":"http://data.europa.eu/esco/skill/b97f4aef-ccda-4d55-8587-d62be69755b2","title":"refraction of the eye","referenceLanguage":["en"],"preferredLabel":{"no":"øyets refraksjon","de":"okuläre Refraktion","fi":"silmän taittovirheet","en-us":"refraction of the eye","pt":"refração do olho","bg":"рефракция на окото","lt":"akies refrakcija","hr":"refrakcija oka","lv":"acs refrakcija","fr":"réfraction de l’œil","hu":"a szem fénytörése","sk":"refrakcia oka","sl":"ugotavljanje refrakcijske napake očesa","ga":"athraonadh na súile","sv":"undersökning av brytningsfel","mt":"refrazzjoni tal-għajn","el":"διάθλαση του οφθαλμού","en":"refraction of the eye","is":"sjónlag","it":"esame della rifrazione oculare","es":"refracción de los ojos","et":"silma refraktsiooni mõõtmine","cs":"refrakce oka","ar":"انكسار العين","pl":"refrakcja oka","ro":"refracția ochiului","da":"øjenrefraktion","nl":"refractie van het oog"},"alternativeLabel":{"fi":["silmän refraktio"],"sl":["določanje refrakcijske anomalije","refrakcija"],"en":["refractive error examination","refractive error testing","refraction of the eyes"],"hu":["a szem refrakciója"],"es":["detección de errores refractivos"]},"description":{"en-us":{"literal":"The way to perform clinical tests by using a phoropter to identify the eye's refractive error.","mimetype":"plain/text"},"en":{"literal":"The way to perform clinical tests by using a phoropter to identify the eye's refractive error.","mimetype":"plain/text"}},"status":"released","_links":{"self":{"href":"https://ec.europa.eu/esco/api/resource/skill?uri=http://data.europa.eu/esco/skill/b97f4aef-ccda-4d55-8587-d62be69755b2&language=en","uri":"http://data.europa.eu/esco/skill/b97f4aef-ccda-4d55-8587-d62be69755b2","title":"refraction of the eye"},"isTopConceptInScheme":[{"href":"https://ec.europa.eu/esco/api/resource/taxonomy?uri=http://data.europa.eu/esco/concept-scheme/member-skills&language=en","uri":"http://data.europa.eu/esco/concept-scheme/member-skills","title":"ESCO member skills"},{"href":"https://ec.europa.eu/esco/api/resource/taxonomy?uri=http://data.europa.eu/esco/concept-scheme/skills&language=en","uri":"http://data.europa.eu/esco/concept-scheme/skills","title":"ESCO skills"}],"isInScheme":[{"href":"https://ec.europa.eu/esco/api/resource/taxonomy?uri=http://data.europa.eu/esco/concept-scheme/member-skills&language=en","uri":"http://data.europa.eu/esco/concept-scheme/member-skills","title":"ESCO member skills"},{"href":"https://ec.europa.eu/esco/api/resource/taxonomy?uri=http://data.europa.eu/esco/concept-scheme/skills&language=en","uri":"http://data.europa.eu/esco/concept-scheme/skills","title":"ESCO skills"}],"hasSkillType":[{"href":"https://ec.europa.eu/esco/api/resource/concept?uri=http://data.europa.eu/esco/skill-type/knowledge&language=en","uri":"http://data.europa.eu/esco/skill-type/knowledge","title":"knowledge"}],"hasReuseLevel":[{"href":"https://ec.europa.eu/esco/api/resource/concept?uri=http://data.europa.eu/esco/skill-reuse-level/occupation-specific&language=en","uri":"http://data.europa.eu/esco/skill-reuse-level/occupation-specific","title":"occupation specific skills and competences","code":"Level 4"}],"isEssentialForOccupation":[{"href":"https://ec.europa.eu/esco/api/resource/occupation?uri=http://data.europa.eu/esco/occupation/bffbe18a-cb8b-4f90-bd87-7505cd3b16f5&language=en","uri":"http://data.europa.eu/esco/occupation/bffbe18a-cb8b-4f90-bd87-7505cd3b16f5","title":"optometrist"}]},"_embedded":{}},{"className":"Skill","classId":"http://data.europa.eu/esco/model#Skill","uri":"http://data.europa.eu/esco/skill/6c902e55-c42f-482f-91e7-f8bcd7ef4ff3","title":"connect oil well heads","referenceLanguage":["en"],"preferredLabel":{"no":"koble til oljebrønnhoder","de":"Bohrlochköpfe an Tankanlagen anschließen","en-us":"connect oil well heads","fi":"kytkeä kaivoventtiilejä","pt":"ligar cabeças de poço de petróleo","bg":"свързване на нефтени колонни глави","lt":"prijungti naftos gręžinio galvutes","lv":"pieslēgt naftas urbuma izejas","hr":"povezivati bušotinske glave","fr":"relier des têtes de puits de pétrole","hu":"olajkútfúró fejeket csatlakoztat","sk":"pripojiť ústie ropného vrtu","sl":"povezovati vrtalne glave naftnih vrtin","ga":"barra tobair ola a nascadh","sv":"koppla upp oljebrunnshuvuden","mt":"ikkonnettjar taż-żejt ma’ ras il-bjar","el":"σύνδεση των κεφαλών γεωτρήσεων πετρελαίου","en":"connect oil well heads","is":"tengir olíuborholutoppa","it":"collegare le teste dei pozzi petroliferi","es":"conectar cabezas de pozos","et":"puuraugu suudme sulge- ja regulaarseadmeid ühendama","cs":"připojit ústí ropného vrtu","ar":"يوصل رؤوس آبار النفط","pl":"podłączać głowice odwiertów naftowych","da":"tilslutte olieborehoveder","ro":"conectează guri de sondă","nl":"olieputmonden bevestigen"},"alternativeLabel":{"en":["connecting oil wellheads","connecting of oil wellheads","preparing of oil wellheads for connection","preparation of oil wellheads for connection","prepare oil wellheads for connection","prepare for connecting oil wellheads","preparing oil wellheads for connection","connection of oil wellheads","oil wellheads connection"],"es":["preparar cabezas de pozos","instalar cabezas de pozos","conectar bocas de pozos"]},"description":{"en-us":{"literal":"Prepare oil wellheads for connection to oil stock tanks.","mimetype":"plain/text"},"en":{"literal":"Prepare oil wellheads for connection to oil stock tanks.","mimetype":"plain/text"}},"status":"released","_links":{"self":{"href":"https://ec.europa.eu/esco/api/resource/skill?uri=http://data.europa.eu/esco/skill/6c902e55-c42f-482f-91e7-f8bcd7ef4ff3&language=en","uri":"http://data.europa.eu/esco/skill/6c902e55-c42f-482f-91e7-f8bcd7ef4ff3","title":"connect oil well heads"},"isTopConceptInScheme":[{"href":"https://ec.europa.eu/esco/api/resource/taxonomy?uri=http://data.europa.eu/esco/concept-scheme/member-skills&language=en","uri":"http://data.europa.eu/esco/concept-scheme/member-skills","title":"ESCO member skills"},{"href":"https://ec.europa.eu/esco/api/resource/taxonomy?uri=http://data.europa.eu/esco/concept-scheme/skills&language=en","uri":"http://data.europa.eu/esco/concept-scheme/skills","title":"ESCO skills"}],"isInScheme":[{"href":"https://ec.europa.eu/esco/api/resource/taxonomy?uri=http://data.europa.eu/esco/concept-scheme/member-skills&language=en","uri":"http://data.europa.eu/esco/concept-scheme/member-skills","title":"ESCO member skills"},{"href":"https://ec.europa.eu/esco/api/resource/taxonomy?uri=http://data.europa.eu/esco/concept-scheme/skills&language=en","uri":"http://data.europa.eu/esco/concept-scheme/skills","title":"ESCO skills"}],"hasSkillType":[{"href":"https://ec.europa.eu/esco/api/resource/concept?uri=http://data.europa.eu/esco/skill-type/skill&language=en","uri":"http://data.europa.eu/esco/skill-type/skill","title":"skill"}],"hasReuseLevel":[{"href":"https://ec.europa.eu/esco/api/resource/concept?uri=http://data.europa.eu/esco/skill-reuse-level/sector-specific&language=en","uri":"http://data.europa.eu/esco/skill-reuse-level/sector-specific","title":"sector specific skills and competences","code":"Level 3"}],"isEssentialForOccupation":[{"href":"https://ec.europa.eu/esco/api/resource/occupation?uri=http://data.europa.eu/esco/occupation/8d765d88-c8d6-406e-8dfe-e37c5aa89be6&language=en","uri":"http://data.europa.eu/esco/occupation/8d765d88-c8d6-406e-8dfe-e37c5aa89be6","title":"roughneck"},{"href":"https://ec.europa.eu/esco/api/resource/occupation?uri=http://data.europa.eu/esco/occupation/86c49d9c-b37d-4a14-8e9d-d0357005a48d&language=en","uri":"http://data.europa.eu/esco/occupation/86c49d9c-b37d-4a14-8e9d-d0357005a48d","title":"roustabout"}]},"_embedded":{}},{"className":"Skill","classId":"http://data.europa.eu/esco/model#Skill","uri":"http://data.europa.eu/esco/skill/ccc28081-a273-45f8-98f6-0fd70e935263","title":"monitor customer behaviour","referenceLanguage":["en"],"preferredLabel":{"de":"Kundenverhalten beaufsichtigen","no":"overvåke kundeatferd","fi":"tarkkailla asiakkaiden käyttäytymistä","en-us":"monitor customer behavior","pt":"estar atento ao comportamento dos clientes","bg":"следене на поведението на клиентите","lt":"stebėti klientų elgesį","lv":"pārraudzīt klientu uzvedību","hr":"nadzirati ponašanja korisnika","fr":"surveiller le comportement des clients","hu":"nyomon követi a fogyasztói magatartást","sk":"monitorovať správanie zákazníkov","sl":"spremljati vedenje strank","ga":"faireachán a dhéanamh ar iompraíocht custaiméirí","sv":"övervaka kundbeteende","mt":"monitoraġġ tal-imġiba tal-klijenti","el":"παρακολούθηση συμπεριφοράς καταναλωτών","en":"monitor customer behaviour","is":"fylgjast með hegðun viðskiptavina","it":"monitorare il comportamento dei clienti","es":"supervisar el comportamiento de la clientela","et":"kliendikäitumist jälgima","cs":"monitorovat chování zákazníků","ar":"يراقب سلوك العملاء","pl":"obserwować zachowanie klienta","ro":"monitorizează comportamentul consumatorilor","da":"holde øje med kundeadfærd","nl":"klantgedrag observeren"},"alternativeLabel":{"de":["das Verhalten von Kunden überwachen","Kundenverhalten überwachen","Kundenverhalten beobachten"],"fi":["analysoida asiakkaiden käyttäytymistä","tarkkailla asiakkaiden tarpeiden ja kiinnostuksenkohteiden kehittymistä"],"sv":["övervaka kunders beteende","granska kunders beteende","övervaka kundbeteenden","övervaka klientbeteende","granska kunders beteendemönster","granska kundbeteende"],"pt":["vigiar os clientes","observar o comportamento dos clientes","estar atento aos comportamentos dos clientes","observar comportamentos dos clientes"],"bg":["наблюдение на поведението на клиентите","мониторинг на поведението на клиентите","следене на поведението на клиенти","следенето на поведението на клиентите"],"el":["μελέτη συμπεριφοράς καταναλωτή","μελέτη προτύπων συμπεριφοράς των καταναλωτών","μελέτη της συμπεριφοράς των καταναλωτών"],"lt":["stebėti klientų poreikius ir interesus","stebėti kliento elgesį","nustatyti klientų poreikius ir interesus"],"en":["observe clients' needs and attitude","check out customer traits","monitor customers' behaviour","monitor behaviour by customers"],"lv":["izsekot klientu vajadzības un intereses","pārraudzīt klientu vajadzības un intereses","analizēt klientu uzvedību"],"is":["greina hegðun viðskiptavina","fylgjast með þróun á þörfum og hugðarefnum viðskiptavina","fylgjast með þörfum og hugðarefnum viðskiptavina"],"hr":["pratiti ponašanja korisnika","nadzirati korisnikovo ponašanje","nadgledati ponašanja korisnika","nadgledati korisnikovo ponašanje"],"it":["controllare il comportamento dei clienti","monitorare il comportamento della clientela","monitorare i clienti","monitorare i comportamenti dei clienti"],"fr":["observer avec attention le comportement des clients","faire attention au comportement des clients","observer avec attention le comportement de la clientèle"],"hu":["nyomon követi a fogyasztók magatartását","figyelemmel kíséri a fogyasztói magatartást","a fogyasztói magatartást vizsgálatát végzi","nyomon követi a fogyasztói igények változásait"],"es":["analizar la conducta de la clientela","controlar el comportamiento de la clientela","vigilar el comportamiento de la clientela","observar el comportamiento de la clientela"],"et":["klientide vajadusi jälgima","klientide käitumist jälgima","kliendikäitumist analüüsima"],"cs":["monitorovat chování zákazníka","monitorovat chování návštěvníků","monitorovat chování klientů","sledovat chování návštěvníků"],"sk":["sledovať zákaznícke správanie","orientovať sa v potrebách a požiadavkách zákazníkov","mať prehľad o správaní zákazníkov"],"sl":["spremljati ravnanje strank","spremljati zadovoljstvo strank","izvajati spremljanje vedenja strank","spremljati vedenje gostov"],"pl":["analizować zachowanie klienta","obserwować potrzeby i zainteresowania klienta","obserwować rozwój potrzeb i zainteresowań klienta","przyglądać się zachowaniu klienta"],"da":["holde øje med kunders adfærd","holde øje med kunders adfærdsmønstre","overvåge kundeadfærd","overvåge kundernes adfærd","holde øje med kundernes præferencer"],"ro":["studiaza comportamentul consumatorilor","analizează alegerile consumatorilor","studiază reacțiile consumatorilor","analizeaza comportamentul consumatorilor"],"nl":["kijken hoe klanten zich gedragen","reacties van klanten observeren","klantgedrag volgen","kijken hoe klanten reageren","klantgedrag analyseren"]},"description":{"en-us":{"literal":"Oversee, identify and observe the evolution of the customer's needs and interests.","mimetype":"plain/text"},"en":{"literal":"Oversee, identify and observe the evolution of the customer's needs and interests.","mimetype":"plain/text"}},"status":"released","_links":{"self":{"href":"https://ec.europa.eu/esco/api/resource/skill?uri=http://data.europa.eu/esco/skill/ccc28081-a273-45f8-98f6-0fd70e935263&language=en","uri":"http://data.europa.eu/esco/skill/ccc28081-a273-45f8-98f6-0fd70e935263","title":"monitor customer behaviour"},"isTopConceptInScheme":[{"href":"https://ec.europa.eu/esco/api/resource/taxonomy?uri=http://data.europa.eu/esco/concept-scheme/skills&language=en","uri":"http://data.europa.eu/esco/concept-scheme/skills","title":"ESCO skills"},{"href":"https://ec.europa.eu/esco/api/resource/taxonomy?uri=http://data.europa.eu/esco/concept-scheme/member-skills&language=en","uri":"http://data.europa.eu/esco/concept-scheme/member-skills","title":"ESCO member skills"}],"isInScheme":[{"href":"https://ec.europa.eu/esco/api/resource/taxonomy?uri=http://data.europa.eu/esco/concept-scheme/skills&language=en","uri":"http://data.europa.eu/esco/concept-scheme/skills","title":"ESCO skills"},{"href":"https://ec.europa.eu/esco/api/resource/taxonomy?uri=http://data.europa.eu/esco/concept-scheme/member-skills&language=en","uri":"http://data.europa.eu/esco/concept-scheme/member-skills","title":"ESCO member skills"}],"hasSkillType":[{"href":"https://ec.europa.eu/esco/api/resource/concept?uri=http://data.europa.eu/esco/skill-type/skill&language=en","uri":"http://data.europa.eu/esco/skill-type/skill","title":"skill"}],"hasReuseLevel":[{"href":"https://ec.europa.eu/esco/api/resource/concept?uri=http://data.europa.eu/esco/skill-reuse-level/cross-sector&language=en","uri":"http://data.europa.eu/esco/skill-reuse-level/cross-sector","title":"cross-sector skills and competences","code":"Level 2"}],"isEssentialForOccupation":[{"href":"https://ec.europa.eu/esco/api/resource/occupation?uri=http://data.europa.eu/esco/occupation/87e40e79-16fb-4391-9dcb-c15f40e026c1&language=en","uri":"http://data.europa.eu/esco/occupation/87e40e79-16fb-4391-9dcb-c15f40e026c1","title":"betting manager"},{"href":"https://ec.europa.eu/esco/api/resource/occupation?uri=http://data.europa.eu/esco/occupation/146f2c99-3f8b-4856-95ba-3ecfea681809&language=en","uri":"http://data.europa.eu/esco/occupation/146f2c99-3f8b-4856-95ba-3ecfea681809","title":"gambling manager"},{"href":"https://ec.europa.eu/esco/api/resource/occupation?uri=http://data.europa.eu/esco/occupation/9c9752b7-3e3b-4a08-8553-b63a013f8072&language=en","uri":"http://data.europa.eu/esco/occupation/9c9752b7-3e3b-4a08-8553-b63a013f8072","title":"customer experience manager"}],"isOptionalForOccupation":[{"href":"https://ec.europa.eu/esco/api/resource/occupation?uri=http://data.europa.eu/esco/occupation/64e38ce7-3901-4261-bfee-77c7a77397f2&language=en","uri":"http://data.europa.eu/esco/occupation/64e38ce7-3901-4261-bfee-77c7a77397f2","title":"policy manager"},{"href":"https://ec.europa.eu/esco/api/resource/occupation?uri=http://data.europa.eu/esco/occupation/207d7b18-6540-432e-8aa6-785ed434572f&language=en","uri":"http://data.europa.eu/esco/occupation/207d7b18-6540-432e-8aa6-785ed434572f","title":"business intelligence manager"}]},"_embedded":{}},{"className":"Skill","classId":"http://data.europa.eu/esco/model#Skill","uri":"http://data.europa.eu/esco/skill/325e8546-a5bb-4bbe-be43-07df4cd2970e","title":"test visual acuity","referenceLanguage":["en"],"preferredLabel":{"no":"teste synsskarphet","de":"Sehschärfe testen","fi":"testata näön tarkkuutta","en-us":"test visual acuity","pt":"testar a acuidade visual","bg":"провеждане на тестове за острота на зрението","lt":"tikrinti regėjimo aštrumą","hr":"provjeravati oštrinu vida","lv":"pārbaudīt redzi","fr":"tester l’acuité visuelle","hu":"látásélességet vizsgál","sk":"test visual acuity","sl":"preizkušati ostrino vida","ga":"géire amhairc a thástáil","sv":"testa synskärpan","el":"δοκιμή οπτικής οξύτητας","mt":"ittestjar tal-akutezza viżiva","en":"test visual acuity","is":"prófar sjónskerpu","it":"testare l'acutezza visiva","es":"examinar la agudeza visual","et":"nägemisteravust kontrollima","cs":"testovat ostrost zraku","ar":"يختبر حدة البصر","pl":"badać prawidłowość widzenia","da":"teste synsstyrke","ro":"testează acuitatea vizuală","nl":"gezichtsscherpte testen"},"alternativeLabel":{"en":["test patients' visual acuity","examine visual acuity","check visual acuity","test coordination of eyes","analyse visual acuity","check coordination of eyes","assay visual acuity"],"es":["revisar la agudeza visual"]},"description":{"en-us":{"literal":"Test patients` visual acuity, perception of depth color, and ability to focus and coordinate the eyes.","mimetype":"plain/text"},"en":{"literal":"Test patients` visual acuity, perception of depth colour, and ability to focus and coordinate the eyes.","mimetype":"plain/text"}},"status":"released","_links":{"self":{"href":"https://ec.europa.eu/esco/api/resource/skill?uri=http://data.europa.eu/esco/skill/325e8546-a5bb-4bbe-be43-07df4cd2970e&language=en","uri":"http://data.europa.eu/esco/skill/325e8546-a5bb-4bbe-be43-07df4cd2970e","title":"test visual acuity"},"isTopConceptInScheme":[{"href":"https://ec.europa.eu/esco/api/resource/taxonomy?uri=http://data.europa.eu/esco/concept-scheme/skills&language=en","uri":"http://data.europa.eu/esco/concept-scheme/skills","title":"ESCO skills"},{"href":"https://ec.europa.eu/esco/api/resource/taxonomy?uri=http://data.europa.eu/esco/concept-scheme/member-skills&language=en","uri":"http://data.europa.eu/esco/concept-scheme/member-skills","title":"ESCO member skills"}],"isInScheme":[{"href":"https://ec.europa.eu/esco/api/resource/taxonomy?uri=http://data.europa.eu/esco/concept-scheme/skills&language=en","uri":"http://data.europa.eu/esco/concept-scheme/skills","title":"ESCO skills"},{"href":"https://ec.europa.eu/esco/api/resource/taxonomy?uri=http://data.europa.eu/esco/concept-scheme/member-skills&language=en","uri":"http://data.europa.eu/esco/concept-scheme/member-skills","title":"ESCO member skills"}],"hasSkillType":[{"href":"https://ec.europa.eu/esco/api/resource/concept?uri=http://data.europa.eu/esco/skill-type/skill&language=en","uri":"http://data.europa.eu/esco/skill-type/skill","title":"skill"}],"hasReuseLevel":[{"href":"https://ec.europa.eu/esco/api/resource/concept?uri=http://data.europa.eu/esco/skill-reuse-level/sector-specific&language=en","uri":"http://data.europa.eu/esco/skill-reuse-level/sector-specific","title":"sector specific skills and competences","code":"Level 3"}],"isEssentialForOccupation":[{"href":"https://ec.europa.eu/esco/api/resource/occupation?uri=http://data.europa.eu/esco/occupation/771244bf-b204-4e7f-8b25-ee523ae7b791&language=en","uri":"http://data.europa.eu/esco/occupation/771244bf-b204-4e7f-8b25-ee523ae7b791","title":"orthoptist"},{"href":"https://ec.europa.eu/esco/api/resource/occupation?uri=http://data.europa.eu/esco/occupation/bffbe18a-cb8b-4f90-bd87-7505cd3b16f5&language=en","uri":"http://data.europa.eu/esco/occupation/bffbe18a-cb8b-4f90-bd87-7505cd3b16f5","title":"optometrist"}]},"_embedded":{}},{"className":"Skill","classId":"http://data.europa.eu/esco/model#Skill","uri":"http://data.europa.eu/esco/skill/cbfca0c7-0be4-48f9-a092-63a3e506a6a6","title":"use seismometers","referenceLanguage":["en"],"preferredLabel":{"no":"bruke seismometre","de":"Erdbebenanzeiger benutzen","en-us":"use seismometers","fi":"käyttää seismometriä","pt":"operar sismómetros","bg":"използване на сеизмометри","lt":"naudoti seismometrus","hr":"upotrebljavati seizmografe","lv":"lietot seismometrus","fr":"utiliser un sismomètre","hu":"szeizmográfokat használ","sk":"používať seizmometre","sl":"uporabljati seizmometre","ga":"seismiméadair a úsáid","sv":"använda seismometrar","mt":"użu tas-sismometri","el":"χρήση σεισμογράφων","en":"use seismometers","is":"notar skjálftanema","it":"usare sismometri","es":"utilizar sismómetros","et":"seismomeetreid kasutama","cs":"používat seismometry","ar":"يستخدم مقاييس الزلازل","pl":"korzystać z sejsmometrów","ro":"utilizează seismometre","da":"bruge seismometre","nl":"seismometers gebruiken"},"alternativeLabel":{"de":["Seismometer benutzen"],"el":["χρήση σεισμομέτρων"],"en":["seismometer use","using seismometers","apply seismometers","employ seismometers","operate seismometers"],"fr":["utiliser un sismographe"],"es":["usar sismómetros","emplear sismómetros"]},"description":{"en-us":{"literal":"Operate seismometers in order to measure shifts in the Earth's crust such as motion created by earthquakes, tsunamis, and volcanic eruptions.","mimetype":"plain/text"},"en":{"literal":"Operate seismometers in order to measure shifts in the Earth's crust such as motion created by earthquakes, tsunamis, and volcanic eruptions.","mimetype":"plain/text"}},"status":"released","_links":{"self":{"href":"https://ec.europa.eu/esco/api/resource/skill?uri=http://data.europa.eu/esco/skill/cbfca0c7-0be4-48f9-a092-63a3e506a6a6&language=en","uri":"http://data.europa.eu/esco/skill/cbfca0c7-0be4-48f9-a092-63a3e506a6a6","title":"use seismometers"},"isTopConceptInScheme":[{"href":"https://ec.europa.eu/esco/api/resource/taxonomy?uri=http://data.europa.eu/esco/concept-scheme/member-skills&language=en","uri":"http://data.europa.eu/esco/concept-scheme/member-skills","title":"ESCO member skills"},{"href":"https://ec.europa.eu/esco/api/resource/taxonomy?uri=http://data.europa.eu/esco/concept-scheme/skills&language=en","uri":"http://data.europa.eu/esco/concept-scheme/skills","title":"ESCO skills"}],"isInScheme":[{"href":"https://ec.europa.eu/esco/api/resource/taxonomy?uri=http://data.europa.eu/esco/concept-scheme/member-skills&language=en","uri":"http://data.europa.eu/esco/concept-scheme/member-skills","title":"ESCO member skills"},{"href":"https://ec.europa.eu/esco/api/resource/taxonomy?uri=http://data.europa.eu/esco/concept-scheme/skills&language=en","uri":"http://data.europa.eu/esco/concept-scheme/skills","title":"ESCO skills"}],"hasSkillType":[{"href":"https://ec.europa.eu/esco/api/resource/concept?uri=http://data.europa.eu/esco/skill-type/skill&language=en","uri":"http://data.europa.eu/esco/skill-type/skill","title":"skill"}],"hasReuseLevel":[{"href":"https://ec.europa.eu/esco/api/resource/concept?uri=http://data.europa.eu/esco/skill-reuse-level/occupation-specific&language=en","uri":"http://data.europa.eu/esco/skill-reuse-level/occupation-specific","title":"occupation specific skills and competences","code":"Level 4"}],"isEssentialForOccupation":[{"href":"https://ec.europa.eu/esco/api/resource/occupation?uri=http://data.europa.eu/esco/occupation/b79cfd33-6e46-4b71-b180-c9a84422f047&language=en","uri":"http://data.europa.eu/esco/occupation/b79cfd33-6e46-4b71-b180-c9a84422f047","title":"seismologist"}]},"_embedded":{}},{"className":"Skill","classId":"http://data.europa.eu/esco/model#Skill","uri":"http://data.europa.eu/esco/skill/2b24cbb7-f94e-43c1-8377-138f80ad5c19","title":"develop translation memory software","referenceLanguage":["en"],"preferredLabel":{"no":"utvikle oversettelsesminneprogramvare","de":"Translation-Memory-Software entwickeln","fi":"kehittää käännösmuistiohjelmistoja","en-us":"develop translation memory software","pt":"desenvolver software de memórias de tradução","bg":"разработване на софтуер с преводна памет","lt":"kurti vertimo atminties programinę įrangą","lv":"izstrādāt tulkošanas atmiņas programmatūru","hr":"razvijati softver s prijevodnom memorijom","fr":"mettre au point des logiciels de mémoires de traduction","hu":"fordítási memóriákat kezelő szoftvereket fejleszt ki","sk":"vyvinúť softvér prekladovej pamäte","sl":"razvijati programsko opremo za delo s prevajalskim spominom","ga":"bogearraí cuimhne aistriúcháin a fhorbairt","sv":"utveckla programvara för översättningsminnen","mt":"żvilupp ta’ softwer tal-memorji tat-traduzzjoni","el":"ανάπτυξη λογισμικού μεταφραστικής μνήμης","en":"develop translation memory software","is":"þróar hugbúnað fyrir þýðingaminni","it":"sviluppare software basati su memorie di traduzione","es":"elaborar programas de memoria de traducción","et":"tõlkemälutarkvara välja töötama","cs":"vyvíjet software pro práci s překladovými paměťmi","ar":"يطور برامج ذاكرة الترجمة","pl":"opracowywać oprogramowanie wykorzystujące pamięci tłumaczeniowe","ro":"dezvoltă software pentru memorii de traducere","da":"udvikle oversættelseshukommelsessoftware","nl":"software voor vertaalgeheugens ontwikkelen"},"alternativeLabel":{"sv":["utveckla mjukvara för översättningsminnen"],"en":["define translation memory software","write translation memory software","translation memory software development","development of translation memory software","create translation memory software","prepare translation memory software"],"hu":["CAT-eszközöket dolgoz ki","CAT-szoftvereket dolgoz ki"],"es":["desarrollar software de memoria de traducción","desarrollar programas de memoria de traducción","crear programas de memoria de traducción"]},"description":{"en-us":{"literal":"Develop and improve translation memory software for retrieving equivalent target texts in existing databases when translating from one language to another.","mimetype":"plain/text"},"en":{"literal":"Develop and improve translation memory software for retrieving equivalent target texts in existing databases when translating from one language to another.","mimetype":"plain/text"}},"status":"released","_links":{"self":{"href":"https://ec.europa.eu/esco/api/resource/skill?uri=http://data.europa.eu/esco/skill/2b24cbb7-f94e-43c1-8377-138f80ad5c19&language=en","uri":"http://data.europa.eu/esco/skill/2b24cbb7-f94e-43c1-8377-138f80ad5c19","title":"develop translation memory software"},"isTopConceptInScheme":[{"href":"https://ec.europa.eu/esco/api/resource/taxonomy?uri=http://data.europa.eu/esco/concept-scheme/member-skills&language=en","uri":"http://data.europa.eu/esco/concept-scheme/member-skills","title":"ESCO member skills"},{"href":"https://ec.europa.eu/esco/api/resource/taxonomy?uri=http://data.europa.eu/esco/concept-scheme/skills&language=en","uri":"http://data.europa.eu/esco/concept-scheme/skills","title":"ESCO skills"}],"isInScheme":[{"href":"https://ec.europa.eu/esco/api/resource/taxonomy?uri=http://data.europa.eu/esco/concept-scheme/member-skills&language=en","uri":"http://data.europa.eu/esco/concept-scheme/member-skills","title":"ESCO member skills"},{"href":"https://ec.europa.eu/esco/api/resource/taxonomy?uri=http://data.europa.eu/esco/concept-scheme/skills&language=en","uri":"http://data.europa.eu/esco/concept-scheme/skills","title":"ESCO skills"}],"hasSkillType":[{"href":"https://ec.europa.eu/esco/api/resource/concept?uri=http://data.europa.eu/esco/skill-type/skill&language=en","uri":"http://data.europa.eu/esco/skill-type/skill","title":"skill"}],"hasReuseLevel":[{"href":"https://ec.europa.eu/esco/api/resource/concept?uri=http://data.europa.eu/esco/skill-reuse-level/sector-specific&language=en","uri":"http://data.europa.eu/esco/skill-reuse-level/sector-specific","title":"sector specific skills and competences","code":"Level 3"}],"isOptionalForOccupation":[{"href":"https://ec.europa.eu/esco/api/resource/occupation?uri=http://data.europa.eu/esco/occupation/4874fa37-0cd1-4a68-aed8-a838851f242d&language=en","uri":"http://data.europa.eu/esco/occupation/4874fa37-0cd1-4a68-aed8-a838851f242d","title":"language engineer"},{"href":"https://ec.europa.eu/esco/api/resource/occupation?uri=http://data.europa.eu/esco/occupation/fde4372d-8293-42de-afbb-8b5a9b274fe7&language=en","uri":"http://data.europa.eu/esco/occupation/fde4372d-8293-42de-afbb-8b5a9b274fe7","title":"application engineer"}]},"_embedded":{}},{"className":"Skill","classId":"http://data.europa.eu/esco/model#Skill","uri":"http://data.europa.eu/esco/skill/b61124b7-3a6d-4f76-96cb-8e2214b79484","title":"apply radiological health sciences","referenceLanguage":["en"],"preferredLabel":{"no":"anvende radiologisk helsevitenskap","de":"Forschungsergebnisse der Strahlenmedizin umsetzen","fi":"soveltaa radiologisia terveystieteitä","en-us":"apply radiological health sciences","pt":"utilizar as ciências radiológicas","bg":"прилагане на научните познания за радиационна безопасност","lt":"taikyti radiologinius sveikatos mokslus","hr":"primjenjivati radiološku znanost","lv":"izmantot radioloģiskās veselības zinātnes atziņas","fr":"utiliser les sciences radiologiques","hu":"radiológiai egészségügyi ismereteket alkalmaz","sk":"apply radiological health sciences","sl":"uporabljati radiološke zdravstvene vede","ga":"eolaíochtaí sláinte raideolaíche a chur i bhfeidhm","sv":"tillämpa strålskyddsvetenskap","mt":"applikazzjoni tax-xjenzi radjoloġiċi tas-saħħa","el":"χρήση ραδιολογικών επιστημών υγείας","en":"apply radiological health sciences","is":"beitir geislunarfræðilegum heilsuvísindum","it":"applicare le scienze radiologiche della salute","es":"utilizar ciencias radiológicas","et":"radiobioloogiaalaseid teadmisi rakendama","cs":"uplatňovat radiační zdravotnické vědy","ar":"يطبق العلوم الصحية الإشعاعية","pl":"korzystać ze zdobyczy nauk o zdrowiu w dziedzinie radiologii","da":"anvende radiologisk sundhedsvidenskab","ro":"aplică științe medicale de radiologie","nl":"radiologische gezondheidswetenschappen toepassen"},"alternativeLabel":{"en":["apply radiological health science","use radiological health sciences","apply radiological health science methods","apply scientific methods in radiology"],"es":["aplicar ciencias radiológicas","usar ciencias radiológicas","emplear ciencias radiológicas"]},"description":{"en-us":{"literal":"Use and apply radiological health sciences according to the situation and patient's response to treatment.","mimetype":"plain/text"},"en":{"literal":"Use and apply radiological health sciences according to the situation and patient's response to treatment.","mimetype":"plain/text"}},"status":"released","_links":{"self":{"href":"https://ec.europa.eu/esco/api/resource/skill?uri=http://data.europa.eu/esco/skill/b61124b7-3a6d-4f76-96cb-8e2214b79484&language=en","uri":"http://data.europa.eu/esco/skill/b61124b7-3a6d-4f76-96cb-8e2214b79484","title":"apply radiological health sciences"},"isTopConceptInScheme":[{"href":"https://ec.europa.eu/esco/api/resource/taxonomy?uri=http://data.europa.eu/esco/concept-scheme/skills&language=en","uri":"http://data.europa.eu/esco/concept-scheme/skills","title":"ESCO skills"},{"href":"https://ec.europa.eu/esco/api/resource/taxonomy?uri=http://data.europa.eu/esco/concept-scheme/member-skills&language=en","uri":"http://data.europa.eu/esco/concept-scheme/member-skills","title":"ESCO member skills"}],"isInScheme":[{"href":"https://ec.europa.eu/esco/api/resource/taxonomy?uri=http://data.europa.eu/esco/concept-scheme/skills&language=en","uri":"http://data.europa.eu/esco/concept-scheme/skills","title":"ESCO skills"},{"href":"https://ec.europa.eu/esco/api/resource/taxonomy?uri=http://data.europa.eu/esco/concept-scheme/member-skills&language=en","uri":"http://data.europa.eu/esco/concept-scheme/member-skills","title":"ESCO member skills"}],"hasSkillType":[{"href":"https://ec.europa.eu/esco/api/resource/concept?uri=http://data.europa.eu/esco/skill-type/skill&language=en","uri":"http://data.europa.eu/esco/skill-type/skill","title":"skill"}],"hasReuseLevel":[{"href":"https://ec.europa.eu/esco/api/resource/concept?uri=http://data.europa.eu/esco/skill-reuse-level/sector-specific&language=en","uri":"http://data.europa.eu/esco/skill-reuse-level/sector-specific","title":"sector specific skills and competences","code":"Level 3"}],"isEssentialForOccupation":[{"href":"https://ec.europa.eu/esco/api/resource/occupation?uri=http://data.europa.eu/esco/occupation/5efb4fff-8c5f-4697-9587-034d9f6af094&language=en","uri":"http://data.europa.eu/esco/occupation/5efb4fff-8c5f-4697-9587-034d9f6af094","title":"nuclear medicine radiographer"},{"href":"https://ec.europa.eu/esco/api/resource/occupation?uri=http://data.europa.eu/esco/occupation/7d092380-1c2e-48fe-81de-0d191b4e96d6&language=en","uri":"http://data.europa.eu/esco/occupation/7d092380-1c2e-48fe-81de-0d191b4e96d6","title":"diagnostic radiographer"},{"href":"https://ec.europa.eu/esco/api/resource/occupation?uri=http://data.europa.eu/esco/occupation/7639a601-6db0-41ed-9fb0-813d9b8beb05&language=en","uri":"http://data.europa.eu/esco/occupation/7639a601-6db0-41ed-9fb0-813d9b8beb05","title":"radiographer"},{"href":"https://ec.europa.eu/esco/api/resource/occupation?uri=http://data.europa.eu/esco/occupation/a9e54177-a185-404d-b6e6-15663d31137e&language=en","uri":"http://data.europa.eu/esco/occupation/a9e54177-a185-404d-b6e6-15663d31137e","title":"therapeutic radiographer"}]},"_embedded":{}},{"className":"Skill","classId":"http://data.europa.eu/esco/model#Skill","uri":"http://data.europa.eu/esco/skill/f414dc08-35bd-4bc7-846d-88a3844d057c","title":"trendwatching","referenceLanguage":["en"],"preferredLabel":{"de":"Trendbeobachtung","no":"trendobservering","fi":"trendien seuraaminen","en-us":"trendwatching","pt":"observação de tendências","bg":"наблюдение на тенденциите","lt":"tendencijų stebėjimas","hr":"praćenje trendova","lv":"sekošana tendencēm","fr":"étude des tendances","hu":"a trendek követése","sk":"sledovanie trendov","sl":"opazovanje trendov","ga":"faire treochtaí","sv":"trendövervakning","mt":"osservazzjoni tax-xejriet","el":"παρακολούθηση τάσεων","en":"trendwatching","is":"tískuvöktun","it":"analisi delle tendenze","es":"seguimiento de tendencias","et":"trendiseire","cs":"sledování trendů","ar":"مراقبة التوجهات","pl":"monitorowanie tendencji","ro":"observarea tendințelor","da":"trendwatching","nl":"trendwatching"},"alternativeLabel":{"el":["εντοπισμός τάσεων"],"lt":["tendencijų sekimas"],"en":["trend monitoring","trendwatch","studying trends to predict future trends","trend-watching"],"ro":["monitorizarea tendințelor"],"es":["vigilancia de tendencias","revisión de tendencias","observación de tendencias"]},"description":{"en-us":{"literal":"The practice of understanding the world and its ever-changing nature. The observation of different phenomena in the world in order to predict and foresee the evolution of things in the world.","mimetype":"plain/text"},"en":{"literal":"The practice of understanding the world and its ever-changing nature. The observation of different phenomena in the world in order to predict and foresee the evolution of things in the world.","mimetype":"plain/text"}},"status":"released","_links":{"self":{"href":"https://ec.europa.eu/esco/api/resource/skill?uri=http://data.europa.eu/esco/skill/f414dc08-35bd-4bc7-846d-88a3844d057c&language=en","uri":"http://data.europa.eu/esco/skill/f414dc08-35bd-4bc7-846d-88a3844d057c","title":"trendwatching"},"isTopConceptInScheme":[{"href":"https://ec.europa.eu/esco/api/resource/taxonomy?uri=http://data.europa.eu/esco/concept-scheme/skills&language=en","uri":"http://data.europa.eu/esco/concept-scheme/skills","title":"ESCO skills"},{"href":"https://ec.europa.eu/esco/api/resource/taxonomy?uri=http://data.europa.eu/esco/concept-scheme/member-skills&language=en","uri":"http://data.europa.eu/esco/concept-scheme/member-skills","title":"ESCO member skills"}],"isInScheme":[{"href":"https://ec.europa.eu/esco/api/resource/taxonomy?uri=http://data.europa.eu/esco/concept-scheme/skills&language=en","uri":"http://data.europa.eu/esco/concept-scheme/skills","title":"ESCO skills"},{"href":"https://ec.europa.eu/esco/api/resource/taxonomy?uri=http://data.europa.eu/esco/concept-scheme/member-skills&language=en","uri":"http://data.europa.eu/esco/concept-scheme/member-skills","title":"ESCO member skills"}],"hasSkillType":[{"href":"https://ec.europa.eu/esco/api/resource/concept?uri=http://data.europa.eu/esco/skill-type/knowledge&language=en","uri":"http://data.europa.eu/esco/skill-type/knowledge","title":"knowledge"}],"hasReuseLevel":[{"href":"https://ec.europa.eu/esco/api/resource/concept?uri=http://data.europa.eu/esco/skill-reuse-level/cross-sector&language=en","uri":"http://data.europa.eu/esco/skill-reuse-level/cross-sector","title":"cross-sector skills and competences","code":"Level 2"}],"isEssentialForOccupation":[{"href":"https://ec.europa.eu/esco/api/resource/occupation?uri=http://data.europa.eu/esco/occupation/66fb9704-0d56-4673-8e69-7823816b73e1&language=en","uri":"http://data.europa.eu/esco/occupation/66fb9704-0d56-4673-8e69-7823816b73e1","title":"market research analyst"}],"isOptionalForOccupation":[{"href":"https://ec.europa.eu/esco/api/resource/occupation?uri=http://data.europa.eu/esco/occupation/0ddbf393-38f1-4c22-b14c-fe775008f321&language=en","uri":"http://data.europa.eu/esco/occupation/0ddbf393-38f1-4c22-b14c-fe775008f321","title":"chief marketing officer"}]},"_embedded":{}},{"className":"Skill","classId":"http://data.europa.eu/esco/model#Skill","uri":"http://data.europa.eu/esco/skill/ad07f7a9-dca7-4e6b-9461-86145953f48a","title":"tend metal planer","referenceLanguage":["en"],"preferredLabel":{"no":"håndtere metallhøvel","de":"Metallhobelmaschine pflegen","en-us":"tend metal planer","fi":"hoitaa metallihöylää","pt":"assegurar o correto funcionamento da plaina de metais","bg":"обслужване на хобелмашина за метал","lt":"prižiūrėti metalo obliavimo stakles","lv":"apkalpot metāla ēvelmašīnu","hr":"rukovati strojem za ravnanje metala","fr":"utiliser une raboteuse à métaux","hu":"a fémgyalut kiszolgálja","sk":"obsluhovať hobľovačku na kov","sl":"upravljati stroj za skobljanje kovin","ga":"féachaint i ndiaidh plánóir miotail","sv":"sköta metallhyvel","mt":"tħaddim tal-makkinarju tal-inċanar tal-metall","el":"χειρισμός της μηχανής πλανίσματος μεταλλικών επιφανειών","en":"tend metal planer","is":"hefur umsjón með málmhefli","it":"essere addetto a piallatrici per metallo","es":"ocuparse de regruesadoras de metal","et":"metallihöövliga töötama","cs":"obsluhovat hoblík na kov","ar":"يرعى ماكينة تسوية المعادن","pl":"obsługiwać strugarkę wzdłużną do metalu","ro":"operează mașină de rabotat piese de metal","da":"passe metalhøvl","nl":"metaalschaven bedienen"},"alternativeLabel":{"en":["guard metal planer","monitor levelling machinery","guard levelling machinery","oversee levelling machinery","oversee metal planer","monitor metal planer","watch over metal planer","watch over levelling machinery"],"es":["utilizar regruesadoras combinadas","manipular fresadoras","manejar cepilladoras","operar aplanadoras"]},"description":{"en-us":{"literal":"Tend a planer machine designed to cut excess material from a workpiece in order to create a flat surface, monitor and operate it according to regulations.","mimetype":"plain/text"},"en":{"literal":"Tend a planer machine designed to cut excess material from a workpiece in order to create a flat surface, monitor and operate it according to regulations.","mimetype":"plain/text"}},"status":"released","_links":{"self":{"href":"https://ec.europa.eu/esco/api/resource/skill?uri=http://data.europa.eu/esco/skill/ad07f7a9-dca7-4e6b-9461-86145953f48a&language=en","uri":"http://data.europa.eu/esco/skill/ad07f7a9-dca7-4e6b-9461-86145953f48a","title":"tend metal planer"},"isTopConceptInScheme":[{"href":"https://ec.europa.eu/esco/api/resource/taxonomy?uri=http://data.europa.eu/esco/concept-scheme/skills&language=en","uri":"http://data.europa.eu/esco/concept-scheme/skills","title":"ESCO skills"},{"href":"https://ec.europa.eu/esco/api/resource/taxonomy?uri=http://data.europa.eu/esco/concept-scheme/member-skills&language=en","uri":"http://data.europa.eu/esco/concept-scheme/member-skills","title":"ESCO member skills"}],"isInScheme":[{"href":"https://ec.europa.eu/esco/api/resource/taxonomy?uri=http://data.europa.eu/esco/concept-scheme/skills&language=en","uri":"http://data.europa.eu/esco/concept-scheme/skills","title":"ESCO skills"},{"href":"https://ec.europa.eu/esco/api/resource/taxonomy?uri=http://data.europa.eu/esco/concept-scheme/member-skills&language=en","uri":"http://data.europa.eu/esco/concept-scheme/member-skills","title":"ESCO member skills"}],"hasSkillType":[{"href":"https://ec.europa.eu/esco/api/resource/concept?uri=http://data.europa.eu/esco/skill-type/skill&language=en","uri":"http://data.europa.eu/esco/skill-type/skill","title":"skill"}],"hasReuseLevel":[{"href":"https://ec.europa.eu/esco/api/resource/concept?uri=http://data.europa.eu/esco/skill-reuse-level/cross-sector&language=en","uri":"http://data.europa.eu/esco/skill-reuse-level/cross-sector","title":"cross-sector skills and competences","code":"Level 2"}],"isEssentialForOccupation":[{"href":"https://ec.europa.eu/esco/api/resource/occupation?uri=http://data.europa.eu/esco/occupation/a5245c01-4ca8-406e-a152-620c28530ea8&language=en","uri":"http://data.europa.eu/esco/occupation/a5245c01-4ca8-406e-a152-620c28530ea8","title":"metal planer operator"}],"isOptionalForOccupation":[{"href":"https://ec.europa.eu/esco/api/resource/occupation?uri=http://data.europa.eu/esco/occupation/a603fdd9-31e7-424a-883a-e9f6bf88085a&language=en","uri":"http://data.europa.eu/esco/occupation/a603fdd9-31e7-424a-883a-e9f6bf88085a","title":"structural ironwork supervisor"},{"href":"https://ec.europa.eu/esco/api/resource/occupation?uri=http://data.europa.eu/esco/occupation/691ec040-f5ad-47ef-8698-03212d66dbbf&language=en","uri":"http://data.europa.eu/esco/occupation/691ec040-f5ad-47ef-8698-03212d66dbbf","title":"structural ironworker"}]},"_embedded":{}},{"className":"Skill","classId":"http://data.europa.eu/esco/model#Skill","uri":"http://data.europa.eu/esco/skill/f1c53948-edc3-4d4b-bdb5-37a17f6d30c1","title":"use T-brace","referenceLanguage":["en"],"preferredLabel":{"de":"Deckenstützen verwenden","no":"bruke T-krok","fi":"käyttää ankkuria","en-us":"use T-brace","pt":"utilizar barra de ancoragem","bg":"използване на Т-образни планки","lt":"naudoti T formos gulsčiąsias statomų konstrukcijų prilaikomąsias atramas","lv":"izmantot T veida stiprinājumu","hr":"upotrebljavati T-okvir","fr":"utiliser un té","hu":"T-támaszt használ","sk":"používať profily tvaru T","sl":"uporabljati podporni drog","ga":"T-shnaidhmeán a úsáid","sv":"använda t-stöd","el":"χρήση αγκίστρου Τ","mt":"użu tat-T-brace","en":"use T-brace","is":"notar T-þvingu","it":"utilizzare un sostegno a T","es":"utilizar soporte en T","et":"T-klambrit kasutama","cs":"použít podpěru ve tvaru T","ar":"يستخدم دعامة T","pl":"korzystać z bloku kotwiącego","da":"bruge ankerblok","ro":"utilizează teuri","nl":"T-vormige stut gebruiken"},"alternativeLabel":{"no":["bruke T-feste"],"fi":["käyttää ankkuripaalua"],"el":["χρήση ταυ"],"en":["use of deadman","using deadman","deadman use","T-brace use","deadman usage","using T-brace","T-brace usage","use deadman","use of T-brace"],"es":["instalar soporte en T","emplear soporte base en T"],"nl":["stut in T-vorm gebruiken"]},"description":{"en-us":{"literal":"Use a T-brace, also known as a deadman, to hold up one end of a structural element while installing or working on the other end.","mimetype":"plain/text"},"en":{"literal":"Use a T-brace, also known as a deadman, to hold up one end of a structural element while installing or working on the other end.","mimetype":"plain/text"}},"status":"released","_links":{"self":{"href":"https://ec.europa.eu/esco/api/resource/skill?uri=http://data.europa.eu/esco/skill/f1c53948-edc3-4d4b-bdb5-37a17f6d30c1&language=en","uri":"http://data.europa.eu/esco/skill/f1c53948-edc3-4d4b-bdb5-37a17f6d30c1","title":"use T-brace"},"isTopConceptInScheme":[{"href":"https://ec.europa.eu/esco/api/resource/taxonomy?uri=http://data.europa.eu/esco/concept-scheme/member-skills&language=en","uri":"http://data.europa.eu/esco/concept-scheme/member-skills","title":"ESCO member skills"},{"href":"https://ec.europa.eu/esco/api/resource/taxonomy?uri=http://data.europa.eu/esco/concept-scheme/skills&language=en","uri":"http://data.europa.eu/esco/concept-scheme/skills","title":"ESCO skills"}],"isInScheme":[{"href":"https://ec.europa.eu/esco/api/resource/taxonomy?uri=http://data.europa.eu/esco/concept-scheme/member-skills&language=en","uri":"http://data.europa.eu/esco/concept-scheme/member-skills","title":"ESCO member skills"},{"href":"https://ec.europa.eu/esco/api/resource/taxonomy?uri=http://data.europa.eu/esco/concept-scheme/skills&language=en","uri":"http://data.europa.eu/esco/concept-scheme/skills","title":"ESCO skills"}],"hasSkillType":[{"href":"https://ec.europa.eu/esco/api/resource/concept?uri=http://data.europa.eu/esco/skill-type/skill&language=en","uri":"http://data.europa.eu/esco/skill-type/skill","title":"skill"}],"hasReuseLevel":[{"href":"https://ec.europa.eu/esco/api/resource/concept?uri=http://data.europa.eu/esco/skill-reuse-level/occupation-specific&language=en","uri":"http://data.europa.eu/esco/skill-reuse-level/occupation-specific","title":"occupation specific skills and competences","code":"Level 4"}],"isOptionalForOccupation":[{"href":"https://ec.europa.eu/esco/api/resource/occupation?uri=http://data.europa.eu/esco/occupation/41a8e7c8-e1d8-4984-9b3c-dbbad1699f83&language=en","uri":"http://data.europa.eu/esco/occupation/41a8e7c8-e1d8-4984-9b3c-dbbad1699f83","title":"ceiling installer"}]},"_embedded":{}},{"className":"Skill","classId":"http://data.europa.eu/esco/model#Skill","uri":"http://data.europa.eu/esco/skill/ffc8481d-1855-4c49-a711-f8dd3b0332c7","title":"set up reinforcing steel","referenceLanguage":["en"],"preferredLabel":{"de":"Bewehrungsstahl vorbereiten","no":"sette opp armeringsstål","fi":"valmistella raudoitustangot","en-us":"set up reinforcing steel","pt":"dispor aço para betão armado","bg":"фиксиране на арматура","lt":"pastatyti plieninę armatūrą","lv":"uzstādīt armatūru","hr":"postavljati armirani čelik","fr":"mettre en place de l’acier renforcé","hu":"elhelyezi a betonacélt","sk":"pripraviť betonársku oceľ","sl":"nameščati armaturno jeklo","ga":"cruach threisiúcháin a chur suas","sv":"montera armeringsjärn","el":"εγκατάσταση ράβδου οπλισμού σκυροδέματος","mt":"issettjar tal-azzar rinfurzat","en":"set up reinforcing steel","is":"setur upp styrkt stál","it":"predisporre l’acciaio per il cemento armato","es":"colocar barras de refuerzo de acero","et":"sarruseterast ette valmistama","cs":"připravit výztužnou ocel","ar":"يعد حديد التسليح","pl":"rozstawiać pręty zbrojeniowe","da":"anvende armeringsjern","ro":"montează armături din oțel beton","nl":"betonstaal opzetten"},"alternativeLabel":{"fi":["valmistella betoniteräkset"],"en":["setting up of reinforcing steel","set up steel reinforcement","setting up steel reinforcement","setting up of rebar","set up rebar","rebar set up","setting up reinforcing steel","setting up rebar","reinforcing steel set up"],"hu":["elhelyezi a betonvasat"],"nl":["betonstaal opstellen"],"es":["añadir barras de refuerzo metálicas al hormigón armado","instalar armaduras de acero para hormigón","fijar barras de refuerzo de acero"]},"description":{"en-us":{"literal":"Set up reinforcing steel, or rebar, to be used for reinforced concrete construction. Set mats and columns securely in place to prepare for concrete pouring. Use separator blocks called dobies to keep the construction from the ground.","mimetype":"plain/text"},"en":{"literal":"Set up reinforcing steel, or rebar, to be used for reinforced concrete construction. Set mats and columns securely in place to prepare for concrete pouring. Use separator blocks called dobies to keep the construction from the ground.","mimetype":"plain/text"}},"status":"released","_links":{"self":{"href":"https://ec.europa.eu/esco/api/resource/skill?uri=http://data.europa.eu/esco/skill/ffc8481d-1855-4c49-a711-f8dd3b0332c7&language=en","uri":"http://data.europa.eu/esco/skill/ffc8481d-1855-4c49-a711-f8dd3b0332c7","title":"set up reinforcing steel"},"isTopConceptInScheme":[{"href":"https://ec.europa.eu/esco/api/resource/taxonomy?uri=http://data.europa.eu/esco/concept-scheme/member-skills&language=en","uri":"http://data.europa.eu/esco/concept-scheme/member-skills","title":"ESCO member skills"},{"href":"https://ec.europa.eu/esco/api/resource/taxonomy?uri=http://data.europa.eu/esco/concept-scheme/skills&language=en","uri":"http://data.europa.eu/esco/concept-scheme/skills","title":"ESCO skills"}],"isInScheme":[{"href":"https://ec.europa.eu/esco/api/resource/taxonomy?uri=http://data.europa.eu/esco/concept-scheme/member-skills&language=en","uri":"http://data.europa.eu/esco/concept-scheme/member-skills","title":"ESCO member skills"},{"href":"https://ec.europa.eu/esco/api/resource/taxonomy?uri=http://data.europa.eu/esco/concept-scheme/skills&language=en","uri":"http://data.europa.eu/esco/concept-scheme/skills","title":"ESCO skills"}],"hasSkillType":[{"href":"https://ec.europa.eu/esco/api/resource/concept?uri=http://data.europa.eu/esco/skill-type/skill&language=en","uri":"http://data.europa.eu/esco/skill-type/skill","title":"skill"}],"hasReuseLevel":[{"href":"https://ec.europa.eu/esco/api/resource/concept?uri=http://data.europa.eu/esco/skill-reuse-level/sector-specific&language=en","uri":"http://data.europa.eu/esco/skill-reuse-level/sector-specific","title":"sector specific skills and competences","code":"Level 3"}],"isEssentialForOccupation":[{"href":"https://ec.europa.eu/esco/api/resource/occupation?uri=http://data.europa.eu/esco/occupation/691ec040-f5ad-47ef-8698-03212d66dbbf&language=en","uri":"http://data.europa.eu/esco/occupation/691ec040-f5ad-47ef-8698-03212d66dbbf","title":"structural ironworker"}],"isOptionalForOccupation":[{"href":"https://ec.europa.eu/esco/api/resource/occupation?uri=http://data.europa.eu/esco/occupation/a9068f84-cecd-4cbb-9acb-e20c714435ec&language=en","uri":"http://data.europa.eu/esco/occupation/a9068f84-cecd-4cbb-9acb-e20c714435ec","title":"concrete finisher"},{"href":"https://ec.europa.eu/esco/api/resource/occupation?uri=http://data.europa.eu/esco/occupation/a603fdd9-31e7-424a-883a-e9f6bf88085a&language=en","uri":"http://data.europa.eu/esco/occupation/a603fdd9-31e7-424a-883a-e9f6bf88085a","title":"structural ironwork supervisor"}]},"_embedded":{}},{"className":"Skill","classId":"http://data.europa.eu/esco/model#Skill","uri":"http://data.europa.eu/esco/skill/39da28ca-7dbc-49d7-8633-ba1b3a4b00c7","title":"diagnose problems of the visual system","referenceLanguage":["en"],"preferredLabel":{"de":"Sehstörungen diagnostizieren","no":"diagnostisere problemer i det visuelle systemet","fi":"diagnosoida näköjärjestelmän sairauksia","en-us":"diagnose problems of the visual system","pt":"diagnosticar problemas do aparelho visual","bg":"диагностициране на проблеми на зрителната система","lt":"nustatyti regėjimo sistemos problemas","lv":"diagnosticēt redzes sistēmas traucējumus","hr":"dijagnosticirati probleme vidnog sustava","fr":"diagnostiquer des troubles de la vision","hu":"látórendszeri problémákat diagnosztizál","sk":"diagnose problems of the visual system","sl":"diagnosticirati težave vidnega sistema","ga":"fadhbanna an chórais radhairc a dhiagnóisiú","sv":"diagnostisera problem i synsystemet","el":"διάγνωση προβλημάτων του οπτικού συστήματος","mt":"dijanjożi tal-problemi tas-sistema viżiva","en":"diagnose problems of the visual system","is":"greinir vandamál í sjónkerfinu","it":"diagnosticare i problemi dell'apparato visivo","es":"diagnosticar problemas del sistema visual","et":"nägemisprobleeme diagnoosima","cs":"diagnostikovat problémy se zrakovým systémem","ar":"يشخص مشاكل جهاز الرؤية","pl":"diagnozować problemy związane z układem wzrokowym","ro":"diagnostichează tulburări ale aparatului vizual","da":"diagnosticere synsproblemer","nl":"problemen met het visuele systeem vaststellen"},"alternativeLabel":{"en":["assess sensory state of the eye","diagnose eye condition","diagnose visual problems","diagnose eye conditions","diagnose visual problem","identify health problems related to the visual system"],"es":["diagnosticar problemas de la vista","realizar un diagnóstico de los problemas de la vista","realizar un diagnóstico de los problemas del sistema visual"],"nl":["problemen met het zicht vaststellen"]},"description":{"en-us":{"literal":"Identify and diagnose problems of the visual system, such as those related to binocular vision, ocular motility, amblyopia or lazy eye, strabismus or squint, glaucoma, diabetic retinopathy, assessing the sensory state of the eye.","mimetype":"plain/text"},"en":{"literal":"Identify and diagnose problems of the visual system, such as those related to binocular vision, ocular motility, amblyopia or lazy eye, strabismus or squint, glaucoma, diabetic retinopathy, assessing the sensory state of the eye.","mimetype":"plain/text"}},"status":"released","_links":{"self":{"href":"https://ec.europa.eu/esco/api/resource/skill?uri=http://data.europa.eu/esco/skill/39da28ca-7dbc-49d7-8633-ba1b3a4b00c7&language=en","uri":"http://data.europa.eu/esco/skill/39da28ca-7dbc-49d7-8633-ba1b3a4b00c7","title":"diagnose problems of the visual system"},"isTopConceptInScheme":[{"href":"https://ec.europa.eu/esco/api/resource/taxonomy?uri=http://data.europa.eu/esco/concept-scheme/member-skills&language=en","uri":"http://data.europa.eu/esco/concept-scheme/member-skills","title":"ESCO member skills"},{"href":"https://ec.europa.eu/esco/api/resource/taxonomy?uri=http://data.europa.eu/esco/concept-scheme/skills&language=en","uri":"http://data.europa.eu/esco/concept-scheme/skills","title":"ESCO skills"}],"isInScheme":[{"href":"https://ec.europa.eu/esco/api/resource/taxonomy?uri=http://data.europa.eu/esco/concept-scheme/member-skills&language=en","uri":"http://data.europa.eu/esco/concept-scheme/member-skills","title":"ESCO member skills"},{"href":"https://ec.europa.eu/esco/api/resource/taxonomy?uri=http://data.europa.eu/esco/concept-scheme/skills&language=en","uri":"http://data.europa.eu/esco/concept-scheme/skills","title":"ESCO skills"}],"hasSkillType":[{"href":"https://ec.europa.eu/esco/api/resource/concept?uri=http://data.europa.eu/esco/skill-type/skill&language=en","uri":"http://data.europa.eu/esco/skill-type/skill","title":"skill"}],"hasReuseLevel":[{"href":"https://ec.europa.eu/esco/api/resource/concept?uri=http://data.europa.eu/esco/skill-reuse-level/sector-specific&language=en","uri":"http://data.europa.eu/esco/skill-reuse-level/sector-specific","title":"sector specific skills and competences","code":"Level 3"}],"isEssentialForOccupation":[{"href":"https://ec.europa.eu/esco/api/resource/occupation?uri=http://data.europa.eu/esco/occupation/771244bf-b204-4e7f-8b25-ee523ae7b791&language=en","uri":"http://data.europa.eu/esco/occupation/771244bf-b204-4e7f-8b25-ee523ae7b791","title":"orthoptist"}],"isOptionalForOccupation":[{"href":"https://ec.europa.eu/esco/api/resource/occupation?uri=http://data.europa.eu/esco/occupation/bffbe18a-cb8b-4f90-bd87-7505cd3b16f5&language=en","uri":"http://data.europa.eu/esco/occupation/bffbe18a-cb8b-4f90-bd87-7505cd3b16f5","title":"optometrist"}]},"_embedded":{}},{"className":"Skill","classId":"http://data.europa.eu/esco/model#Skill","uri":"http://data.europa.eu/esco/skill/08ea0af6-186c-40a3-bf6f-33790dd81120","title":"smoke cigars","referenceLanguage":["en"],"preferredLabel":{"de":"Zigarren rauchen","no":"røyke sigarer","fi":"polttaa sikareita","en-us":"smoke cigars","pt":"fumar charutos","bg":"пушене на цигари","lt":"rūkyti cigarus","hr":"pušiti cigare","lv":"smēķēt cigārus","fr":"fumer des cigares","hu":"szivart szív","sk":"fajčiť cigary","sl":"kaditi cigare","ga":"todóga a chaitheamh","sv":"röka cigarrer","el":"κάπνισμα πούρων","mt":"tipjip tas-sigarri","en":"smoke cigars","is":"reykir vindla","it":"fumare sigari","es":"fumar cigarros","et":"sigarit suitsetama","cs":"kouřit doutníky","ar":"يدخن السيجار","pl":"palić cygara","da":"ryge cigarer","ro":"fumează trabucuri","nl":"sigaren roken"},"alternativeLabel":{"en":["smoking cigar","puff cigars","light cigars","smoking cigars","smoke a cigar"],"es":["encender cigarros"]},"description":{"en-us":{"literal":"Technique to smoke a cigar in order to test suitability in all aspects. This consists of: grabbing the cigar, lightening it, moisturizing its end before lighting it up and labeling it.","mimetype":"plain/text"},"en":{"literal":"Technique to smoke a cigar in order to test suitability in all aspects. This consists of: grabbing the cigar, lightening it, moisturising its end before lighting it up and labeling it.","mimetype":"plain/text"}},"status":"released","_links":{"self":{"href":"https://ec.europa.eu/esco/api/resource/skill?uri=http://data.europa.eu/esco/skill/08ea0af6-186c-40a3-bf6f-33790dd81120&language=en","uri":"http://data.europa.eu/esco/skill/08ea0af6-186c-40a3-bf6f-33790dd81120","title":"smoke cigars"},"isTopConceptInScheme":[{"href":"https://ec.europa.eu/esco/api/resource/taxonomy?uri=http://data.europa.eu/esco/concept-scheme/member-skills&language=en","uri":"http://data.europa.eu/esco/concept-scheme/member-skills","title":"ESCO member skills"},{"href":"https://ec.europa.eu/esco/api/resource/taxonomy?uri=http://data.europa.eu/esco/concept-scheme/skills&language=en","uri":"http://data.europa.eu/esco/concept-scheme/skills","title":"ESCO skills"}],"isInScheme":[{"href":"https://ec.europa.eu/esco/api/resource/taxonomy?uri=http://data.europa.eu/esco/concept-scheme/member-skills&language=en","uri":"http://data.europa.eu/esco/concept-scheme/member-skills","title":"ESCO member skills"},{"href":"https://ec.europa.eu/esco/api/resource/taxonomy?uri=http://data.europa.eu/esco/concept-scheme/skills&language=en","uri":"http://data.europa.eu/esco/concept-scheme/skills","title":"ESCO skills"}],"hasSkillType":[{"href":"https://ec.europa.eu/esco/api/resource/concept?uri=http://data.europa.eu/esco/skill-type/skill&language=en","uri":"http://data.europa.eu/esco/skill-type/skill","title":"skill"}],"hasReuseLevel":[{"href":"https://ec.europa.eu/esco/api/resource/concept?uri=http://data.europa.eu/esco/skill-reuse-level/occupation-specific&language=en","uri":"http://data.europa.eu/esco/skill-reuse-level/occupation-specific","title":"occupation specific skills and competences","code":"Level 4"}],"isEssentialForOccupation":[{"href":"https://ec.europa.eu/esco/api/resource/occupation?uri=http://data.europa.eu/esco/occupation/d3de3205-dd5c-4112-86bc-161e41cd77a5&language=en","uri":"http://data.europa.eu/esco/occupation/d3de3205-dd5c-4112-86bc-161e41cd77a5","title":"cigar inspector"}]},"_embedded":{}},{"className":"Skill","classId":"http://data.europa.eu/esco/model#Skill","uri":"http://data.europa.eu/esco/skill/af313ba1-a39e-49ac-99ec-94630fbe4f7f","title":"develop code exploits","referenceLanguage":["en"],"preferredLabel":{"de":"Code-Exploits entwickeln","no":"utvikle kodebruk","fi":"kehittää exploit-koodeja","en-us":"develop code exploits","pt":"desenvolver exploração de falhas de código","bg":"разработване на експлойти с код","lt":"kurti kodo spragų išnaudojimo būdus","lv":"koda ekspluatējuma izstrāde","hr":"razviti iskorištavanje koda","fr":"développer des exploits","hu":"exploit programot fejleszt","sk":"vyvinúť kódy exploitov","sl":"razvijati kodne ukane","ga":"dúshaothair chóid a fhorbairt","sv":"utveckla trojaner","el":"ανάπτυξη κώδικα εκμετάλλευσης αδυναμιών λογισμικού","mt":"tiżviluppa code exploits","en":"develop code exploits","is":"þróa kóðaveilubrögð","it":"sviluppare codici exploit","es":"desarrollar vulnerabilidades de seguridad del código","et":"koodiekspluataatoreid arendama","cs":"vyvíjet exploity","ar":"يطور استخدامات الأكواد","pl":"tworzyć szkodliwe kody na potrzeby testów","da":"udvikle exploit-koder","ro":"dezvoltă exploatări de cod","nl":"kwetsbaarheden in software ontwikkelen"},"alternativeLabel":{"cs":["vyvíjet exploit","vyvíjet programy pro napadení slabiny systému","vyvinout exploit","vyvíjet a testovat softwarové exploity","hledat bezpečnostní díry"],"mt":["tiżviluppa l-code exploits","tħejji code exploits","tiżviluppa exploits abbażi ta' sekwenza ta' numri"],"el":["ανάπτυξη κώδικα εκμετάλλευσης υπολογιστικών δυσλειτουργιών","ανάπτυξη κώδικα εκμετάλλευσης ηλεκτρονικών σφαλμάτων"],"nl":["misbruik van software achterhalen","softwarelekken achterhalen","codemisbruik ontwikkelen","softwarelekken dichten","codemisbruik uitwerken","code-exploits uitwerken"]},"description":{"en-us":{"literal":"Create and test software exploits in a controlled environment to uncover and check system bugs or vulnerabilities.","mimetype":"plain/text"},"en":{"literal":"Create and test software exploits in a controlled environment to uncover and check system bugs or vulnerabilities.","mimetype":"plain/text"}},"status":"released","_links":{"self":{"href":"https://ec.europa.eu/esco/api/resource/skill?uri=http://data.europa.eu/esco/skill/af313ba1-a39e-49ac-99ec-94630fbe4f7f&language=en","uri":"http://data.europa.eu/esco/skill/af313ba1-a39e-49ac-99ec-94630fbe4f7f","title":"develop code exploits"},"isTopConceptInScheme":[{"href":"https://ec.europa.eu/esco/api/resource/taxonomy?uri=http://data.europa.eu/esco/concept-scheme/member-skills&language=en","uri":"http://data.europa.eu/esco/concept-scheme/member-skills","title":"ESCO member skills"},{"href":"https://ec.europa.eu/esco/api/resource/taxonomy?uri=http://data.europa.eu/esco/concept-scheme/skills&language=en","uri":"http://data.europa.eu/esco/concept-scheme/skills","title":"ESCO skills"}],"isInScheme":[{"href":"https://ec.europa.eu/esco/api/resource/taxonomy?uri=http://data.europa.eu/esco/concept-scheme/member-skills&language=en","uri":"http://data.europa.eu/esco/concept-scheme/member-skills","title":"ESCO member skills"},{"href":"https://ec.europa.eu/esco/api/resource/taxonomy?uri=http://data.europa.eu/esco/concept-scheme/skills&language=en","uri":"http://data.europa.eu/esco/concept-scheme/skills","title":"ESCO skills"}],"hasSkillType":[{"href":"https://ec.europa.eu/esco/api/resource/concept?uri=http://data.europa.eu/esco/skill-type/skill&language=en","uri":"http://data.europa.eu/esco/skill-type/skill","title":"skill"}],"hasReuseLevel":[{"href":"https://ec.europa.eu/esco/api/resource/concept?uri=http://data.europa.eu/esco/skill-reuse-level/sector-specific&language=en","uri":"http://data.europa.eu/esco/skill-reuse-level/sector-specific","title":"sector specific skills and competences","code":"Level 3"}],"isEssentialForOccupation":[{"href":"https://ec.europa.eu/esco/api/resource/occupation?uri=http://data.europa.eu/esco/occupation/76ef0a87-6afe-4560-b5d0-9a086abe45c5&language=en","uri":"http://data.europa.eu/esco/occupation/76ef0a87-6afe-4560-b5d0-9a086abe45c5","title":"ethical hacker"},{"href":"https://ec.europa.eu/esco/api/resource/occupation?uri=http://data.europa.eu/esco/occupation/4874fa37-0cd1-4a68-aed8-a838851f242d&language=en","uri":"http://data.europa.eu/esco/occupation/4874fa37-0cd1-4a68-aed8-a838851f242d","title":"language engineer"}],"isOptionalForOccupation":[{"href":"https://ec.europa.eu/esco/api/resource/occupation?uri=http://data.europa.eu/esco/occupation/fde4372d-8293-42de-afbb-8b5a9b274fe7&language=en","uri":"http://data.europa.eu/esco/occupation/fde4372d-8293-42de-afbb-8b5a9b274fe7","title":"application engineer"}]},"_embedded":{}},{"className":"Skill","classId":"http://data.europa.eu/esco/model#Skill","uri":"http://data.europa.eu/esco/skill/3cdb777c-3d88-433f-83e7-7d23701adf74","title":"history of chocolate","referenceLanguage":["en"],"preferredLabel":{"de":"Geschichte der Schokolade","no":"sjokoladens historie","en-us":"history of chocolate","fi":"suklaan historia","pt":"história do chocolate","bg":"история на шоколада","lt":"šokolado istorija","hr":"povijest čokolade","lv":"šokolādes vēsture","fr":"histoire du chocolat","hu":"a csokoládé története","sk":"dejiny čokolády","sl":"zgodovina čokolade","ga":"stair na seacláide","sv":"chokladens historia","el":"ιστορία της σοκολάτας","mt":"storja taċ-ċikkulata","en":"history of chocolate","is":"saga súkkulaðis","it":"storia del cioccolato","es":"historia del chocolate","et":"šokolaadi ajalugu","cs":"historie čokolády","ar":"تاريخ الشوكولاتة","pl":"historia czekolady","da":"chokoladens historie","ro":"istoria ciocolatei","nl":"geschiedenis van chocolade"},"alternativeLabel":{"en":["traditions of chocolate","chocolate history","chocolate past","yesteryear of chocolate","antiquity of chocolate","chocolate traditions","past of chocolate"],"es":["evolución del chocolate","orígenes del chocolate"]},"description":{"en-us":{"literal":"Origins of chocolate. Evolution of chocolate up to today. Preservation and fomentation of the tradition of chocolate.","mimetype":"plain/text"},"en":{"literal":"Origins of chocolate. Evolution of chocolate up to today. Preservation and fomentation of the tradition of chocolate.","mimetype":"plain/text"}},"status":"released","_links":{"self":{"href":"https://ec.europa.eu/esco/api/resource/skill?uri=http://data.europa.eu/esco/skill/3cdb777c-3d88-433f-83e7-7d23701adf74&language=en","uri":"http://data.europa.eu/esco/skill/3cdb777c-3d88-433f-83e7-7d23701adf74","title":"history of chocolate"},"isTopConceptInScheme":[{"href":"https://ec.europa.eu/esco/api/resource/taxonomy?uri=http://data.europa.eu/esco/concept-scheme/skills&language=en","uri":"http://data.europa.eu/esco/concept-scheme/skills","title":"ESCO skills"},{"href":"https://ec.europa.eu/esco/api/resource/taxonomy?uri=http://data.europa.eu/esco/concept-scheme/member-skills&language=en","uri":"http://data.europa.eu/esco/concept-scheme/member-skills","title":"ESCO member skills"}],"isInScheme":[{"href":"https://ec.europa.eu/esco/api/resource/taxonomy?uri=http://data.europa.eu/esco/concept-scheme/skills&language=en","uri":"http://data.europa.eu/esco/concept-scheme/skills","title":"ESCO skills"},{"href":"https://ec.europa.eu/esco/api/resource/taxonomy?uri=http://data.europa.eu/esco/concept-scheme/member-skills&language=en","uri":"http://data.europa.eu/esco/concept-scheme/member-skills","title":"ESCO member skills"}],"hasSkillType":[{"href":"https://ec.europa.eu/esco/api/resource/concept?uri=http://data.europa.eu/esco/skill-type/knowledge&language=en","uri":"http://data.europa.eu/esco/skill-type/knowledge","title":"knowledge"}],"hasReuseLevel":[{"href":"https://ec.europa.eu/esco/api/resource/concept?uri=http://data.europa.eu/esco/skill-reuse-level/sector-specific&language=en","uri":"http://data.europa.eu/esco/skill-reuse-level/sector-specific","title":"sector specific skills and competences","code":"Level 3"}],"isEssentialForOccupation":[{"href":"https://ec.europa.eu/esco/api/resource/occupation?uri=http://data.europa.eu/esco/occupation/35f62568-eb4e-4a09-9d83-ecc73116f94c&language=en","uri":"http://data.europa.eu/esco/occupation/35f62568-eb4e-4a09-9d83-ecc73116f94c","title":"chocolatier"}],"isOptionalForOccupation":[{"href":"https://ec.europa.eu/esco/api/resource/occupation?uri=http://data.europa.eu/esco/occupation/6725a5bb-b79d-4128-9494-089389ae2a48&language=en","uri":"http://data.europa.eu/esco/occupation/6725a5bb-b79d-4128-9494-089389ae2a48","title":"cacao bean roaster"}]},"_embedded":{}},{"className":"Skill","classId":"http://data.europa.eu/esco/model#Skill","uri":"http://data.europa.eu/esco/skill/65f7de43-a86e-4186-80ba-0a32ab1b0d7f","title":"supervise betting shop staff","referenceLanguage":["en"],"preferredLabel":{"no":"overvåke veddekioskannsatte","de":"Wettbüropersonal überwachen","fi":"valvoa vedonlyöntitoimiston henkilökuntaa","en-us":"supervise betting shop staff","pt":"supervisionar o pessoal da loja de apostas","bg":"надзор над персонала в салона за залози","lt":"prižiūrėti lažybų punkto darbuotojus","lv":"uzraudzīt derību pieņemšanas vietas personālu","hr":"nadzirati osoblje kladionice","fr":"superviser le personnel d'une agence de paris","hu":"felügyeli a fogadóiroda személyzetét","sk":"vykonávať dohľad nad zamestnancami stávkovej kancelárie","sl":"nadzirati osebje stavnice","ga":"maoirseacht a dhéanamh ar bhaill foirne siopa gealltóireachta","sv":"leda personalen vid ett vadslagningskontor","el":"επιτήρηση του προσωπικού σε κατάστημα διεξαγωγής στοιχημάτων","mt":"superviżjoni tal-persunal tal-ħwienet tal-imħatri","en":"supervise betting shop staff","is":"hefur umsjón með veðbankastarfsfólki","it":"supervisionare il personale delle agenzie di scommesse","es":"supervisar al personal de un establecimiento de apuestas","et":"kihlveokontori töötajaid juhendama","cs":"dohlížet na pracovníky v provozovně sázkové kanceláře","ar":"يشرف على موظفي متجر الرهان","pl":"nadzorować pracowników zakładu bukmacherskiego","da":"supervisere personale i bettingshop","ro":"supervizează personalul agenției de pariuri","nl":"personeel van een wedkantoor leiden"},"alternativeLabel":{"sl":["nadzirati zaposlene v stavnici"],"en":["supervise gaming employees","supervising betting shop's staff","oversee duties carried out by betting employees","supervise staff of betting shops"],"nl":["toezien op personeel van een wedkantoor","toezien op staf van een wedkantoor","staf van een wedkantoor leiden"]},"description":{"en-us":{"literal":"Observe, supervise and schedule the daily tasks of betting shop employees.","mimetype":"plain/text"},"en":{"literal":"Observe, supervise and schedule the daily tasks of betting shop employees.","mimetype":"plain/text"}},"status":"released","_links":{"self":{"href":"https://ec.europa.eu/esco/api/resource/skill?uri=http://data.europa.eu/esco/skill/65f7de43-a86e-4186-80ba-0a32ab1b0d7f&language=en","uri":"http://data.europa.eu/esco/skill/65f7de43-a86e-4186-80ba-0a32ab1b0d7f","title":"supervise betting shop staff"},"isTopConceptInScheme":[{"href":"https://ec.europa.eu/esco/api/resource/taxonomy?uri=http://data.europa.eu/esco/concept-scheme/skills&language=en","uri":"http://data.europa.eu/esco/concept-scheme/skills","title":"ESCO skills"},{"href":"https://ec.europa.eu/esco/api/resource/taxonomy?uri=http://data.europa.eu/esco/concept-scheme/member-skills&language=en","uri":"http://data.europa.eu/esco/concept-scheme/member-skills","title":"ESCO member skills"}],"isInScheme":[{"href":"https://ec.europa.eu/esco/api/resource/taxonomy?uri=http://data.europa.eu/esco/concept-scheme/skills&language=en","uri":"http://data.europa.eu/esco/concept-scheme/skills","title":"ESCO skills"},{"href":"https://ec.europa.eu/esco/api/resource/taxonomy?uri=http://data.europa.eu/esco/concept-scheme/member-skills&language=en","uri":"http://data.europa.eu/esco/concept-scheme/member-skills","title":"ESCO member skills"}],"hasSkillType":[{"href":"https://ec.europa.eu/esco/api/resource/concept?uri=http://data.europa.eu/esco/skill-type/skill&language=en","uri":"http://data.europa.eu/esco/skill-type/skill","title":"skill"}],"hasReuseLevel":[{"href":"https://ec.europa.eu/esco/api/resource/concept?uri=http://data.europa.eu/esco/skill-reuse-level/occupation-specific&language=en","uri":"http://data.europa.eu/esco/skill-reuse-level/occupation-specific","title":"occupation specific skills and competences","code":"Level 4"}],"isEssentialForOccupation":[{"href":"https://ec.europa.eu/esco/api/resource/occupation?uri=http://data.europa.eu/esco/occupation/87e40e79-16fb-4391-9dcb-c15f40e026c1&language=en","uri":"http://data.europa.eu/esco/occupation/87e40e79-16fb-4391-9dcb-c15f40e026c1","title":"betting manager"}]},"_embedded":{}},{"className":"Skill","classId":"http://data.europa.eu/esco/model#Skill","uri":"http://data.europa.eu/esco/skill/d440490a-35d9-42fd-b747-326b34d07be3","title":"predict earthquakes","referenceLanguage":["en"],"preferredLabel":{"no":"forutsi jordskjelv","de":"Erdbeben vorhersagen","fi":"ennustaa maanjäristyksiä","en-us":"predict earthquakes","pt":"prever terramotos","bg":"предсказване на земетресения","lt":"prognozuoti žemės drebėjimus","hr":"predviđati potrese","lv":"prognozēt zemestrīces","fr":"prévoir les tremblements de terre","hu":"előre jelzi a földrengéseket","sk":"predpovedať zemetrasenia","sl":"predvidevati potrese","ga":"creathanna talún a thuar","sv":"förutspå jordbävningar","mt":"tbassir tat-terremoti","el":"πρόβλεψη σεισμών","en":"predict earthquakes","is":"spáir jarðskjálftum","it":"prevedere i terremoti","es":"predecir terremotos","et":"maavärinaid prognoosima","cs":"předpovídat zemětřesení","ar":"يتوقع الزلازل","pl":"przewidywać trzęsienia ziemi","ro":"prezice cutremure","da":"forudsige jordskælv","nl":"aardbevingen voorspellen"},"alternativeLabel":{"en":["seismic forecasting","forecast earthquakes","predicting earthquakes","seismic prediction"],"fr":["prévoir les séismes"],"es":["utilizar equipos sísmicos para pronosticar terremotos","utilizar equipos sísmicos para predecir terremotos","pronosticar terremotos"]},"description":{"en-us":{"literal":"Use seismic equipment to forecast earthquakes in specific areas and issue warnings.","mimetype":"plain/text"},"en":{"literal":"Use seismic equipment to forecast earthquakes in specific areas and issue warnings.","mimetype":"plain/text"}},"status":"released","_links":{"self":{"href":"https://ec.europa.eu/esco/api/resource/skill?uri=http://data.europa.eu/esco/skill/d440490a-35d9-42fd-b747-326b34d07be3&language=en","uri":"http://data.europa.eu/esco/skill/d440490a-35d9-42fd-b747-326b34d07be3","title":"predict earthquakes"},"isTopConceptInScheme":[{"href":"https://ec.europa.eu/esco/api/resource/taxonomy?uri=http://data.europa.eu/esco/concept-scheme/skills&language=en","uri":"http://data.europa.eu/esco/concept-scheme/skills","title":"ESCO skills"},{"href":"https://ec.europa.eu/esco/api/resource/taxonomy?uri=http://data.europa.eu/esco/concept-scheme/member-skills&language=en","uri":"http://data.europa.eu/esco/concept-scheme/member-skills","title":"ESCO member skills"}],"isInScheme":[{"href":"https://ec.europa.eu/esco/api/resource/taxonomy?uri=http://data.europa.eu/esco/concept-scheme/skills&language=en","uri":"http://data.europa.eu/esco/concept-scheme/skills","title":"ESCO skills"},{"href":"https://ec.europa.eu/esco/api/resource/taxonomy?uri=http://data.europa.eu/esco/concept-scheme/member-skills&language=en","uri":"http://data.europa.eu/esco/concept-scheme/member-skills","title":"ESCO member skills"}],"hasSkillType":[{"href":"https://ec.europa.eu/esco/api/resource/concept?uri=http://data.europa.eu/esco/skill-type/skill&language=en","uri":"http://data.europa.eu/esco/skill-type/skill","title":"skill"}],"hasReuseLevel":[{"href":"https://ec.europa.eu/esco/api/resource/concept?uri=http://data.europa.eu/esco/skill-reuse-level/occupation-specific&language=en","uri":"http://data.europa.eu/esco/skill-reuse-level/occupation-specific","title":"occupation specific skills and competences","code":"Level 4"}],"isOptionalForOccupation":[{"href":"https://ec.europa.eu/esco/api/resource/occupation?uri=http://data.europa.eu/esco/occupation/b79cfd33-6e46-4b71-b180-c9a84422f047&language=en","uri":"http://data.europa.eu/esco/occupation/b79cfd33-6e46-4b71-b180-c9a84422f047","title":"seismologist"}]},"_embedded":{}},{"className":"Skill","classId":"http://data.europa.eu/esco/model#Skill","uri":"http://data.europa.eu/esco/skill/b758675a-b03b-4e4b-897c-57ca14b1a3d0","title":"probability theory","referenceLanguage":["en"],"preferredLabel":{"de":"Wahrscheinlichkeitstheorie","no":"sannsynlighetsteori","fi":"todennäköisyysteoria","en-us":"probability theory","pt":"teoria das probabilidades","bg":"теория на вероятностите","lt":"tikimybių teorija","hr":"teorija vjerojatnosti","lv":"varbūtības teorija","fr":"théorie des probabilités","hu":"valószínűségszámítás","sk":"teória pravdepodobnosti","sl":"teorija verjetnosti","ga":"teoiric na dóchúlachta","sv":"sannolikhetslära","mt":"teorija tal-probabbiltà","el":"θεωρία πιθανοτήτων","en":"probability theory","is":"líkindafræði","it":"teoria della probabilità","es":"teoría de probabilidades","et":"tõenäosusteooria","cs":"teorie pravděpodobnosti","ar":"نظرية الاحتمالات","pl":"teoria prawdopodobieństwa","da":"sandsynlighedsteori","ro":"teoria probabilităților","nl":"kansberekening"},"alternativeLabel":{"de":["Theorie der Stochastik"],"en":["theory of probability","probable theory","probable correctness theory","theory of probable occurrence of events"],"nl":["waarschijnlijkheidsleer"]},"description":{"en-us":{"literal":"The branch of mathematics concerned with the analysis of random phenomena.","mimetype":"plain/text"},"en":{"literal":"The branch of mathematics concerned with the analysis of random phenomena.","mimetype":"plain/text"}},"status":"released","_links":{"self":{"href":"https://ec.europa.eu/esco/api/resource/skill?uri=http://data.europa.eu/esco/skill/b758675a-b03b-4e4b-897c-57ca14b1a3d0&language=en","uri":"http://data.europa.eu/esco/skill/b758675a-b03b-4e4b-897c-57ca14b1a3d0","title":"probability theory"},"isTopConceptInScheme":[{"href":"https://ec.europa.eu/esco/api/resource/taxonomy?uri=http://data.europa.eu/esco/concept-scheme/member-skills&language=en","uri":"http://data.europa.eu/esco/concept-scheme/member-skills","title":"ESCO member skills"},{"href":"https://ec.europa.eu/esco/api/resource/taxonomy?uri=http://data.europa.eu/esco/concept-scheme/skills&language=en","uri":"http://data.europa.eu/esco/concept-scheme/skills","title":"ESCO skills"}],"isInScheme":[{"href":"https://ec.europa.eu/esco/api/resource/taxonomy?uri=http://data.europa.eu/esco/concept-scheme/member-skills&language=en","uri":"http://data.europa.eu/esco/concept-scheme/member-skills","title":"ESCO member skills"},{"href":"https://ec.europa.eu/esco/api/resource/taxonomy?uri=http://data.europa.eu/esco/concept-scheme/skills&language=en","uri":"http://data.europa.eu/esco/concept-scheme/skills","title":"ESCO skills"}],"hasSkillType":[{"href":"https://ec.europa.eu/esco/api/resource/concept?uri=http://data.europa.eu/esco/skill-type/knowledge&language=en","uri":"http://data.europa.eu/esco/skill-type/knowledge","title":"knowledge"}],"hasReuseLevel":[{"href":"https://ec.europa.eu/esco/api/resource/concept?uri=http://data.europa.eu/esco/skill-reuse-level/cross-sector&language=en","uri":"http://data.europa.eu/esco/skill-reuse-level/cross-sector","title":"cross-sector skills and competences","code":"Level 2"}],"isEssentialForOccupation":[{"href":"https://ec.europa.eu/esco/api/resource/occupation?uri=http://data.europa.eu/esco/occupation/491cf76d-eb0d-4f15-90f0-3f5c9b11472a&language=en","uri":"http://data.europa.eu/esco/occupation/491cf76d-eb0d-4f15-90f0-3f5c9b11472a","title":"gambling, betting, and lottery quality assurance engineer"}],"isOptionalForOccupation":[{"href":"https://ec.europa.eu/esco/api/resource/occupation?uri=http://data.europa.eu/esco/occupation/4874fa37-0cd1-4a68-aed8-a838851f242d&language=en","uri":"http://data.europa.eu/esco/occupation/4874fa37-0cd1-4a68-aed8-a838851f242d","title":"language engineer"},{"href":"https://ec.europa.eu/esco/api/resource/occupation?uri=http://data.europa.eu/esco/occupation/fde4372d-8293-42de-afbb-8b5a9b274fe7&language=en","uri":"http://data.europa.eu/esco/occupation/fde4372d-8293-42de-afbb-8b5a9b274fe7","title":"application engineer"}]},"_embedded":{}},{"className":"Skill","classId":"http://data.europa.eu/esco/model#Skill","uri":"http://data.europa.eu/esco/skill/440d7494-3d79-4e1f-83ba-b346e116b471","title":"operate video equipment","referenceLanguage":["en"],"preferredLabel":{"de":"Videogeräte bedienen","no":"betjene videoutstyr","fi":"käyttää videolaitteita","en-us":"operate video equipment","pt":"operar equipamento de vídeo","bg":"боравене с видео оборудване","lt":"naudoti vaizdo įrangą","hr":"rukovati video opremom","lv":"lietot video aparatūru","fr":"utiliser du matériel vidéo","hu":"videoberendezést működtet","sk":"obsluhovať video zariadenia","sl":"upravljati video opremo","ga":"trealamh físe a oibriú","sv":"använda videoutrustning","mt":"tħaddim tat-tagħmir viżiv","el":"χειρισμός εξοπλισμού βίντεο","en":"operate video equipment","is":"stjórnar myndbandsbúnaði","it":"azionare le apparecchiature video","es":"manejar equipo de vídeo","et":"videoseadmeid kasutama","cs":"obsluhovat nahrávací zařízení","ar":"يشغل أجهزة الفيديو","pl":"obsługiwać sprzęt wideo","ro":"operează echipamente video","da":"betjene videoudstyr","nl":"videoapparatuur gebruiken"},"alternativeLabel":{"fi":["käyttää videokuvausvälineitä"],"en":["undertake use of video equipment","operating video equipment","work video equipment","video equipment operation","perform video equipment","conduct video equipment"],"nl":["video-uitrusting gebruiken"]},"description":{"en-us":{"literal":"Use of various types of video equipment.","mimetype":"plain/text"},"en":{"literal":"Use  of various types of video equipment.","mimetype":"plain/text"}},"status":"released","_links":{"self":{"href":"https://ec.europa.eu/esco/api/resource/skill?uri=http://data.europa.eu/esco/skill/440d7494-3d79-4e1f-83ba-b346e116b471&language=en","uri":"http://data.europa.eu/esco/skill/440d7494-3d79-4e1f-83ba-b346e116b471","title":"operate video equipment"},"isTopConceptInScheme":[{"href":"https://ec.europa.eu/esco/api/resource/taxonomy?uri=http://data.europa.eu/esco/concept-scheme/skills&language=en","uri":"http://data.europa.eu/esco/concept-scheme/skills","title":"ESCO skills"},{"href":"https://ec.europa.eu/esco/api/resource/taxonomy?uri=http://data.europa.eu/esco/concept-scheme/member-skills&language=en","uri":"http://data.europa.eu/esco/concept-scheme/member-skills","title":"ESCO member skills"}],"isInScheme":[{"href":"https://ec.europa.eu/esco/api/resource/taxonomy?uri=http://data.europa.eu/esco/concept-scheme/skills&language=en","uri":"http://data.europa.eu/esco/concept-scheme/skills","title":"ESCO skills"},{"href":"https://ec.europa.eu/esco/api/resource/taxonomy?uri=http://data.europa.eu/esco/concept-scheme/member-skills&language=en","uri":"http://data.europa.eu/esco/concept-scheme/member-skills","title":"ESCO member skills"}],"hasSkillType":[{"href":"https://ec.europa.eu/esco/api/resource/concept?uri=http://data.europa.eu/esco/skill-type/skill&language=en","uri":"http://data.europa.eu/esco/skill-type/skill","title":"skill"}],"hasReuseLevel":[{"href":"https://ec.europa.eu/esco/api/resource/concept?uri=http://data.europa.eu/esco/skill-reuse-level/cross-sector&language=en","uri":"http://data.europa.eu/esco/skill-reuse-level/cross-sector","title":"cross-sector skills and competences","code":"Level 2"}],"isEssentialForOccupation":[{"href":"https://ec.europa.eu/esco/api/resource/occupation?uri=http://data.europa.eu/esco/occupation/463a687a-c7e9-469a-bb38-dcdfe1e7e35f&language=en","uri":"http://data.europa.eu/esco/occupation/463a687a-c7e9-469a-bb38-dcdfe1e7e35f","title":"audio and video equipment shop manager"},{"href":"https://ec.europa.eu/esco/api/resource/occupation?uri=http://data.europa.eu/esco/occupation/7642cbcc-9839-47fb-b2cf-d4bb831d6c93&language=en","uri":"http://data.europa.eu/esco/occupation/7642cbcc-9839-47fb-b2cf-d4bb831d6c93","title":"audio-visual technician"}]},"_embedded":{}}]}}