{"total":8196,"offset":329,"limit":20,"language":"en","uri":"http://data.europa.eu/esco/concept-scheme/skills","relation":"hasTopConcept","_links":{"self":{"href":"https://ec.europa.eu/esco/api/resource/related?uri=http://data.europa.eu/esco/concept-scheme/skills&relation=hasTopConcept&limit=20&offset=329&language=en&full=true"},"prev":{"href":"https://ec.europa.eu/esco/api/resource/related?uri=http://data.europa.eu/esco/concept-scheme/skills&relation=hasTopConcept&limit=20&offset=328&language=en&full=true"},"next":{"href":"https://ec.europa.eu/esco/api/resource/related?uri=http://data.europa.eu/esco/concept-scheme/skills&relation=hasTopConcept&limit=20&offset=330&language=en&full=true"}},"_embedded":{"hasTopConcept":[{"className":"Skill","classId":"http://data.europa.eu/esco/model#Skill","uri":"http://data.europa.eu/esco/skill/c863e6a4-ddab-4314-bc9a-2f6b0aee143d","title":"modify scenic elements during performance","referenceLanguage":["en"],"preferredLabel":{"no":"tilpasse sceneelementer under fremføring","de":"szenische Elemente während der Aufführung ändern","fi":"vaihtaa lavasteita esityksen aikana","en-us":"modify scenic elements during performance","pt":"mudar elementos cénicos durante as representações","bg":"модифициране на сценични елементи по време на изпълнение","lt":"keisti scenos detales per pasirodymą","lv":"pārveidot scenogrāfijas elementus priekšnesuma laikā","hr":"mijenjati scenske elemente tijekom izvedbe","fr":"modifier des éléments scéniques pendant une représentation","hu":"az előadás alatt módosítja a díszletelemeket","sk":"upraviť javiskové prvky počas predstavenia","sl":"spreminjati scenske elemente med predstavo","ga":"eilimintí radhairc a athrú le linn léirithe","sv":"ändra dekorelement under föreställning","el":"τροποποίηση σκηνικών στοιχείων κατά τη διάρκεια της παράστασης","mt":"modifika tal-elementi xeniċi waqt il-provi","en":"modify scenic elements during performance","is":"lagfærir leikmyndahluti meðan á sýningu stendur","it":"modificare gli elementi scenici durante lo spettacolo","es":"modificar elementos escénicos durante una representación","et":"esinemise ajal dekoratsioonielemente muutma","cs":"měnit v průběhu vystoupení scénické prvky","ar":"يعدل العناصر المسرحية أثناء الأداء","pl":"modyfikować elementy sceniczne w trakcie występu","da":"modificere sceneelementer under forestilling","ro":"modifică elementele de scenă în timpul spectacolelor","nl":"decorelementen vervangen tijdens een voorstelling"},"alternativeLabel":{"en":["change scenic elements during performance","swap scenic elements during performance","modify scenic elements during performance","replace scenic elements during performance","modify scenic elements during performances","switch scenic elements during performance","modifying scenic elements during performance"],"nl":["elementen van een set vervangen tijdens voorstelling","scenische elementen vervangen tijdens een voorstelling"]},"description":{"en-us":{"literal":"Change-over of scenic elements during performance, and follow the relevant documentation during performance.","mimetype":"plain/text"},"en":{"literal":"Change-over of scenic elements during performance, and follow the relevant documentation during performance.","mimetype":"plain/text"}},"status":"released","_links":{"self":{"href":"https://ec.europa.eu/esco/api/resource/skill?uri=http://data.europa.eu/esco/skill/c863e6a4-ddab-4314-bc9a-2f6b0aee143d&language=en","uri":"http://data.europa.eu/esco/skill/c863e6a4-ddab-4314-bc9a-2f6b0aee143d","title":"modify scenic elements during performance"},"isTopConceptInScheme":[{"href":"https://ec.europa.eu/esco/api/resource/taxonomy?uri=http://data.europa.eu/esco/concept-scheme/member-skills&language=en","uri":"http://data.europa.eu/esco/concept-scheme/member-skills","title":"ESCO member skills"},{"href":"https://ec.europa.eu/esco/api/resource/taxonomy?uri=http://data.europa.eu/esco/concept-scheme/skills&language=en","uri":"http://data.europa.eu/esco/concept-scheme/skills","title":"ESCO skills"}],"isInScheme":[{"href":"https://ec.europa.eu/esco/api/resource/taxonomy?uri=http://data.europa.eu/esco/concept-scheme/member-skills&language=en","uri":"http://data.europa.eu/esco/concept-scheme/member-skills","title":"ESCO member skills"},{"href":"https://ec.europa.eu/esco/api/resource/taxonomy?uri=http://data.europa.eu/esco/concept-scheme/skills&language=en","uri":"http://data.europa.eu/esco/concept-scheme/skills","title":"ESCO skills"}],"hasSkillType":[{"href":"https://ec.europa.eu/esco/api/resource/concept?uri=http://data.europa.eu/esco/skill-type/skill&language=en","uri":"http://data.europa.eu/esco/skill-type/skill","title":"skill"}],"hasReuseLevel":[{"href":"https://ec.europa.eu/esco/api/resource/concept?uri=http://data.europa.eu/esco/skill-reuse-level/sector-specific&language=en","uri":"http://data.europa.eu/esco/skill-reuse-level/sector-specific","title":"sector specific skills and competences","code":"Level 3"}],"isEssentialForOccupation":[{"href":"https://ec.europa.eu/esco/api/resource/occupation?uri=http://data.europa.eu/esco/occupation/f09b6100-28a6-4be5-9726-ecf5b24f74f6&language=en","uri":"http://data.europa.eu/esco/occupation/f09b6100-28a6-4be5-9726-ecf5b24f74f6","title":"theatre technician"},{"href":"https://ec.europa.eu/esco/api/resource/occupation?uri=http://data.europa.eu/esco/occupation/d52db93d-9ae5-47d9-b9dc-eab8aa9f2ba9&language=en","uri":"http://data.europa.eu/esco/occupation/d52db93d-9ae5-47d9-b9dc-eab8aa9f2ba9","title":"stagehand"},{"href":"https://ec.europa.eu/esco/api/resource/occupation?uri=http://data.europa.eu/esco/occupation/5a0ff408-e1df-424b-a2d6-4b475a516f2a&language=en","uri":"http://data.europa.eu/esco/occupation/5a0ff408-e1df-424b-a2d6-4b475a516f2a","title":"scenery technician"},{"href":"https://ec.europa.eu/esco/api/resource/occupation?uri=http://data.europa.eu/esco/occupation/50b41847-6dad-4a2e-9427-a0374c2963fd&language=en","uri":"http://data.europa.eu/esco/occupation/50b41847-6dad-4a2e-9427-a0374c2963fd","title":"stage machinist"},{"href":"https://ec.europa.eu/esco/api/resource/occupation?uri=http://data.europa.eu/esco/occupation/acb6b99a-6c13-482a-81b1-8b5614e0153e&language=en","uri":"http://data.europa.eu/esco/occupation/acb6b99a-6c13-482a-81b1-8b5614e0153e","title":"stage technician"}],"isOptionalForOccupation":[{"href":"https://ec.europa.eu/esco/api/resource/occupation?uri=http://data.europa.eu/esco/occupation/bd94312f-05c8-455d-a2f6-5490489ac4a4&language=en","uri":"http://data.europa.eu/esco/occupation/bd94312f-05c8-455d-a2f6-5490489ac4a4","title":"prop master/prop mistress"}]},"_embedded":{}},{"className":"Skill","classId":"http://data.europa.eu/esco/model#Skill","uri":"http://data.europa.eu/esco/skill/978db6a1-7297-4c89-819a-47605f2c3ba8","title":"manage software releases","referenceLanguage":["en"],"preferredLabel":{"no":"administrere programvareversjoner","de":"Software-Versionsmanagement durchführen","en-us":"manage software releases","fi":"hallita ohjelmistojulkaisuja","pt":"gerir lançamentos de software","bg":"управление на пускане на софтуер","lt":"valdyti naujų programinės įrangos versijų išleidimą","hr":"upravljati softverskim izdanjima","lv":"programmatūras izlaišanas pārvaldība","fr":"gérer des versions d’un logiciel","hu":"szoftverkiadás folyamatát kezeli","sk":"riadiť softvérové verzie","sl":"upravljati izdano programsko opremo","ga":"eisiúint bogearraí a bhainistiú","sv":"hantera programversioner","el":"διαχείριση εκδόσεων λογισμικού","mt":"timmaniġġja s-softwer li jkun inħareġ","en":"manage software releases","is":"annast útgáfu hugbúnaðar","it":"gestire il rilascio di software","es":"gestionar versiones de software","et":"tarkvaraversioone haldama","cs":"řídit verze softwaru","ar":"يدير إصدارات البرنامج","pl":"zarządzać wersjami oprogramowania","da":"administrere softwareudgivelser","ro":"gestionează lansările de software","nl":"softwarereleases beheren"},"alternativeLabel":{"cs":["řídit proces vydávání nových verzí softwaru","řídit verzi softwaru","spravovat softwarové verze","zkoumat a schvalovat softwarové verze"],"el":["διαχείριση της έκδοσης ανάπτυξης λογισμικού","εξέταση και έγκριση των εκδόσεων λογισμικού"],"mt":["timmaniġġja s-software li jkun inħareġ","timmaniġġja softwer li jkun inħareġ","tamministra s-softwer li jinħareġ","tieħu ħsieb is-softwer li jkun inħareġ","timmaniġġja edizzjonijiet jew applikazzjonijiet ġodda ta' softwer"],"nl":["softwareversies beheren","softwareversies implementeren","softwarereleases implementeren","beheren van softwarereleases","softwarereleaseproces beheren"]},"description":{"en-us":{"literal":"Examine and approve suggested software development releases. Manage further release process.","mimetype":"plain/text"},"en":{"literal":"Examine and approve suggested software development releases. Manage further release process.","mimetype":"plain/text"}},"status":"released","_links":{"self":{"href":"https://ec.europa.eu/esco/api/resource/skill?uri=http://data.europa.eu/esco/skill/978db6a1-7297-4c89-819a-47605f2c3ba8&language=en","uri":"http://data.europa.eu/esco/skill/978db6a1-7297-4c89-819a-47605f2c3ba8","title":"manage software releases"},"isTopConceptInScheme":[{"href":"https://ec.europa.eu/esco/api/resource/taxonomy?uri=http://data.europa.eu/esco/concept-scheme/member-skills&language=en","uri":"http://data.europa.eu/esco/concept-scheme/member-skills","title":"ESCO member skills"},{"href":"https://ec.europa.eu/esco/api/resource/taxonomy?uri=http://data.europa.eu/esco/concept-scheme/skills&language=en","uri":"http://data.europa.eu/esco/concept-scheme/skills","title":"ESCO skills"}],"isInScheme":[{"href":"https://ec.europa.eu/esco/api/resource/taxonomy?uri=http://data.europa.eu/esco/concept-scheme/member-skills&language=en","uri":"http://data.europa.eu/esco/concept-scheme/member-skills","title":"ESCO member skills"},{"href":"https://ec.europa.eu/esco/api/resource/taxonomy?uri=http://data.europa.eu/esco/concept-scheme/skills&language=en","uri":"http://data.europa.eu/esco/concept-scheme/skills","title":"ESCO skills"}],"hasSkillType":[{"href":"https://ec.europa.eu/esco/api/resource/concept?uri=http://data.europa.eu/esco/skill-type/skill&language=en","uri":"http://data.europa.eu/esco/skill-type/skill","title":"skill"}],"hasReuseLevel":[{"href":"https://ec.europa.eu/esco/api/resource/concept?uri=http://data.europa.eu/esco/skill-reuse-level/occupation-specific&language=en","uri":"http://data.europa.eu/esco/skill-reuse-level/occupation-specific","title":"occupation specific skills and competences","code":"Level 4"}],"isEssentialForOccupation":[{"href":"https://ec.europa.eu/esco/api/resource/occupation?uri=http://data.europa.eu/esco/occupation/82f90e87-de92-4678-adae-61d3e5f7e1e4&language=en","uri":"http://data.europa.eu/esco/occupation/82f90e87-de92-4678-adae-61d3e5f7e1e4","title":"chief information officer"}]},"_embedded":{}},{"className":"Skill","classId":"http://data.europa.eu/esco/model#Skill","uri":"http://data.europa.eu/esco/skill/e33f2942-c4e7-4cfa-8b5a-4e068ab5b1aa","title":"writing style guides","referenceLanguage":["en"],"preferredLabel":{"no":"veiledninger for skrivestil","de":"Leitfäden für die Abfassung von Schriftstücken","fi":"kirjoittamisen tyylioppaat","en-us":"writing style guides","pt":"guias de estilo de redação","bg":"езикови наръчници","lt":"rašymo stilių vadovai","lv":"dokumentu noformēšanas rokasgrāmatu izstrāde","hr":"stilski priručnici","fr":"guides de rédaction","hu":"kiadványszerkesztési útmutatók","sk":"príručky úpravy dokumentov","sl":"pisanje slogovnih priročnikov","ga":"treoracha stíle scríbhneoireachta","sv":"skrivregler","el":"εγχειρίδια σύνταξης κειμένων","mt":"kitba tal-gwidi tal-istil","en":"writing style guides","is":"ritunarleiðbeiningar","it":"guide di stile per la redazione","es":"guías de estilo","et":"kirjutamise stiilijuhendid","cs":"stylistické příručky","ar":"إرشادات نمط الكتابة","pl":"wytyczne w zakresie stylów pisania","ro":"ghiduri stilistice de redactare","da":"writing style guides","nl":"schrijfwijzers"},"alternativeLabel":{"de":["Redaktionshandbücher"],"fi":["tekstinlaadinnan ohjeet"],"el":["οδηγοί σύνταξης κειμένων"],"lt":["rašymo funkcinių stilių gairės"],"en":["writing style manual","writing style guide","write style guides","writing guides for style","designing style guides"],"fr":["guides rédactionnels"],"ro":["ghid de redactare"],"es":["manuales de estilo","manuales de estilo escrito"],"nl":["stijlgidsen","schrijfgidsen"]},"description":{"en-us":{"literal":"The large variety of style guides available depending on the kind of writing, industry, or purpose. Style guides comprise APA style and ASA style for the social sciences, AP style for journalism, CSE style for physical sciences, and others.","mimetype":"plain/text"},"en":{"literal":"The large variety of style guides available depending on the kind of writing, industry, or purpose. Style guides comprise APA style and ASA style for the social sciences, AP style for journalism, CSE style for physical sciences, and others.","mimetype":"plain/text"}},"status":"released","_links":{"self":{"href":"https://ec.europa.eu/esco/api/resource/skill?uri=http://data.europa.eu/esco/skill/e33f2942-c4e7-4cfa-8b5a-4e068ab5b1aa&language=en","uri":"http://data.europa.eu/esco/skill/e33f2942-c4e7-4cfa-8b5a-4e068ab5b1aa","title":"writing style guides"},"isTopConceptInScheme":[{"href":"https://ec.europa.eu/esco/api/resource/taxonomy?uri=http://data.europa.eu/esco/concept-scheme/skills&language=en","uri":"http://data.europa.eu/esco/concept-scheme/skills","title":"ESCO skills"},{"href":"https://ec.europa.eu/esco/api/resource/taxonomy?uri=http://data.europa.eu/esco/concept-scheme/member-skills&language=en","uri":"http://data.europa.eu/esco/concept-scheme/member-skills","title":"ESCO member skills"}],"isInScheme":[{"href":"https://ec.europa.eu/esco/api/resource/taxonomy?uri=http://data.europa.eu/esco/concept-scheme/skills&language=en","uri":"http://data.europa.eu/esco/concept-scheme/skills","title":"ESCO skills"},{"href":"https://ec.europa.eu/esco/api/resource/taxonomy?uri=http://data.europa.eu/esco/concept-scheme/member-skills&language=en","uri":"http://data.europa.eu/esco/concept-scheme/member-skills","title":"ESCO member skills"}],"hasSkillType":[{"href":"https://ec.europa.eu/esco/api/resource/concept?uri=http://data.europa.eu/esco/skill-type/knowledge&language=en","uri":"http://data.europa.eu/esco/skill-type/knowledge","title":"knowledge"}],"hasReuseLevel":[{"href":"https://ec.europa.eu/esco/api/resource/concept?uri=http://data.europa.eu/esco/skill-reuse-level/cross-sector&language=en","uri":"http://data.europa.eu/esco/skill-reuse-level/cross-sector","title":"cross-sector skills and competences","code":"Level 2"}],"isOptionalForOccupation":[{"href":"https://ec.europa.eu/esco/api/resource/occupation?uri=http://data.europa.eu/esco/occupation/6cc19251-763b-4de1-b4f7-526c9ff732d2&language=en","uri":"http://data.europa.eu/esco/occupation/6cc19251-763b-4de1-b4f7-526c9ff732d2","title":"public relations manager"},{"href":"https://ec.europa.eu/esco/api/resource/occupation?uri=http://data.europa.eu/esco/occupation/cd7b838c-51f6-41ec-9067-bb974c0f991b&language=en","uri":"http://data.europa.eu/esco/occupation/cd7b838c-51f6-41ec-9067-bb974c0f991b","title":"communication manager"}]},"_embedded":{}},{"className":"Skill","classId":"http://data.europa.eu/esco/model#Skill","uri":"http://data.europa.eu/esco/skill/2ea26d96-22bc-4425-97d4-3fab5384f614","title":"manage nutrients","referenceLanguage":["en"],"preferredLabel":{"no":"forvalte næringsstoffer","de":"Nährstoffe managen","fi":"vastata ravintoaineista","en-us":"manage nutrients","pt":"gerir os nutrientes","bg":"управляване на хранителни вещества","lt":"valdyti aprūpinimą maisto medžiagomis","hr":"nadzirati sastav hranjivih tvari","lv":"pārvaldīt barības vielas","fr":"gérer des nutriments","hu":"tápanyagokat kezel","sk":"riadiť živiny","sl":"nadzorovati vsebnost hranilnih snovi","ga":"cothaithigh a bhainistiú","sv":"hantera näringsämnen","el":"διαχείριση θρεπτικών ουσιών","mt":"immaniġġjar tan-nutrijenti","en":"manage nutrients","is":"sér um fæðubótarefni","it":"gestire i nutrienti","es":"gestionar nutrientes","et":"toitaineid haldama","cs":"spravovat živiny","ar":"يدير العناصر الغذائية","pl":"zarządzać składnikami odżywczymi","da":"håndtere næringsstoffer","ro":"supraveghează aplicarea nutrienților","nl":"voedingsstoffen beheren"},"alternativeLabel":{"en":["managing nutrients","nutrient controlling","nutrients managing","nutrient managing","nutrients controlling","manage nutrients","control nutrients","controlling nutrients"],"ro":["controlează nutrienți"],"es":["controlar nutrientes"]},"description":{"en-us":{"literal":"Collect and process samples of soil and plant tissue. Supervise application of lime and fertilizers.","mimetype":"plain/text"},"en":{"literal":"Collect and process samples of soil and plant tissue. Supervise application of lime and fertilisers.","mimetype":"plain/text"}},"status":"released","_links":{"self":{"href":"https://ec.europa.eu/esco/api/resource/skill?uri=http://data.europa.eu/esco/skill/2ea26d96-22bc-4425-97d4-3fab5384f614&language=en","uri":"http://data.europa.eu/esco/skill/2ea26d96-22bc-4425-97d4-3fab5384f614","title":"manage nutrients"},"isTopConceptInScheme":[{"href":"https://ec.europa.eu/esco/api/resource/taxonomy?uri=http://data.europa.eu/esco/concept-scheme/member-skills&language=en","uri":"http://data.europa.eu/esco/concept-scheme/member-skills","title":"ESCO member skills"},{"href":"https://ec.europa.eu/esco/api/resource/taxonomy?uri=http://data.europa.eu/esco/concept-scheme/skills&language=en","uri":"http://data.europa.eu/esco/concept-scheme/skills","title":"ESCO skills"}],"isInScheme":[{"href":"https://ec.europa.eu/esco/api/resource/taxonomy?uri=http://data.europa.eu/esco/concept-scheme/member-skills&language=en","uri":"http://data.europa.eu/esco/concept-scheme/member-skills","title":"ESCO member skills"},{"href":"https://ec.europa.eu/esco/api/resource/taxonomy?uri=http://data.europa.eu/esco/concept-scheme/skills&language=en","uri":"http://data.europa.eu/esco/concept-scheme/skills","title":"ESCO skills"}],"hasSkillType":[{"href":"https://ec.europa.eu/esco/api/resource/concept?uri=http://data.europa.eu/esco/skill-type/skill&language=en","uri":"http://data.europa.eu/esco/skill-type/skill","title":"skill"}],"hasReuseLevel":[{"href":"https://ec.europa.eu/esco/api/resource/concept?uri=http://data.europa.eu/esco/skill-reuse-level/sector-specific&language=en","uri":"http://data.europa.eu/esco/skill-reuse-level/sector-specific","title":"sector specific skills and competences","code":"Level 3"}],"isEssentialForOccupation":[{"href":"https://ec.europa.eu/esco/api/resource/occupation?uri=http://data.europa.eu/esco/occupation/b9e51ff4-d7fb-4653-bc72-65086ffc6e65&language=en","uri":"http://data.europa.eu/esco/occupation/b9e51ff4-d7fb-4653-bc72-65086ffc6e65","title":"viticulture adviser"},{"href":"https://ec.europa.eu/esco/api/resource/occupation?uri=http://data.europa.eu/esco/occupation/c40ef517-d4ab-4932-b184-9c2ea5b24fe2&language=en","uri":"http://data.europa.eu/esco/occupation/c40ef517-d4ab-4932-b184-9c2ea5b24fe2","title":"agronomist"}],"isOptionalForOccupation":[{"href":"https://ec.europa.eu/esco/api/resource/occupation?uri=http://data.europa.eu/esco/occupation/1fc60ca6-c3ea-4aeb-bf3b-350c0c5e7f93&language=en","uri":"http://data.europa.eu/esco/occupation/1fc60ca6-c3ea-4aeb-bf3b-350c0c5e7f93","title":"vineyard machinery operator"}]},"_embedded":{}},{"className":"Skill","classId":"http://data.europa.eu/esco/model#Skill","uri":"http://data.europa.eu/esco/skill/2de02cd6-3803-4561-b9d7-2b87a769f7ac","title":"purchase props","referenceLanguage":["en"],"preferredLabel":{"no":"kjøpe rekvisitter","de":"Requisiten erwerben","en-us":"purchase props","fi":"hankkia rekvisiittaa","pt":"comprar adereços","bg":"закупуване на реквизит","lt":"pirkti rekvizitą","lv":"iegādāties rekvizītus","hr":"kupovati rekvizite","fr":"acheter des accessoires","hu":"kellékeket vásárol","sk":"nakupovať rekvizity","sl":"kupovati rekvizite","ga":"fearais stáitse a cheannach","sv":"köpa in rekvisita","el":"αγορά σκηνικών αντικειμένων","mt":"xiri tal-props","en":"purchase props","is":"kaupir inn leikmuni","it":"acquistare gli oggetti di scena","es":"comprar utilería","et":"rekvisiite ostma","cs":"nakupovat rekvizity","ar":"يشتري دعائم","pl":"nabywać rekwizyty","da":"købe rekvisitter","ro":"achiziționează recuzită","nl":"rekwisieten aankopen"},"alternativeLabel":{"en":["acquire props","purchasing props","buy props"],"ro":["cumpără obiecte de recuzită","achiziționează decoruri"]},"description":{"en-us":{"literal":"Buy the required props for a performance.","mimetype":"plain/text"},"en":{"literal":"Buy the required props for a performance.","mimetype":"plain/text"}},"status":"released","_links":{"self":{"href":"https://ec.europa.eu/esco/api/resource/skill?uri=http://data.europa.eu/esco/skill/2de02cd6-3803-4561-b9d7-2b87a769f7ac&language=en","uri":"http://data.europa.eu/esco/skill/2de02cd6-3803-4561-b9d7-2b87a769f7ac","title":"purchase props"},"isTopConceptInScheme":[{"href":"https://ec.europa.eu/esco/api/resource/taxonomy?uri=http://data.europa.eu/esco/concept-scheme/skills&language=en","uri":"http://data.europa.eu/esco/concept-scheme/skills","title":"ESCO skills"},{"href":"https://ec.europa.eu/esco/api/resource/taxonomy?uri=http://data.europa.eu/esco/concept-scheme/member-skills&language=en","uri":"http://data.europa.eu/esco/concept-scheme/member-skills","title":"ESCO member skills"}],"isInScheme":[{"href":"https://ec.europa.eu/esco/api/resource/taxonomy?uri=http://data.europa.eu/esco/concept-scheme/skills&language=en","uri":"http://data.europa.eu/esco/concept-scheme/skills","title":"ESCO skills"},{"href":"https://ec.europa.eu/esco/api/resource/taxonomy?uri=http://data.europa.eu/esco/concept-scheme/member-skills&language=en","uri":"http://data.europa.eu/esco/concept-scheme/member-skills","title":"ESCO member skills"}],"hasSkillType":[{"href":"https://ec.europa.eu/esco/api/resource/concept?uri=http://data.europa.eu/esco/skill-type/skill&language=en","uri":"http://data.europa.eu/esco/skill-type/skill","title":"skill"}],"hasReuseLevel":[{"href":"https://ec.europa.eu/esco/api/resource/concept?uri=http://data.europa.eu/esco/skill-reuse-level/sector-specific&language=en","uri":"http://data.europa.eu/esco/skill-reuse-level/sector-specific","title":"sector specific skills and competences","code":"Level 3"}],"isEssentialForOccupation":[{"href":"https://ec.europa.eu/esco/api/resource/occupation?uri=http://data.europa.eu/esco/occupation/9b3c6dd8-4d3b-4a12-8bb8-55bb2e92c3a6&language=en","uri":"http://data.europa.eu/esco/occupation/9b3c6dd8-4d3b-4a12-8bb8-55bb2e92c3a6","title":"set buyer"}],"isOptionalForOccupation":[{"href":"https://ec.europa.eu/esco/api/resource/occupation?uri=http://data.europa.eu/esco/occupation/7a18e959-44fe-49ae-9757-124f46a7487c&language=en","uri":"http://data.europa.eu/esco/occupation/7a18e959-44fe-49ae-9757-124f46a7487c","title":"prop maker"},{"href":"https://ec.europa.eu/esco/api/resource/occupation?uri=http://data.europa.eu/esco/occupation/874a2080-a9b6-46a9-8662-c9b7d4208f73&language=en","uri":"http://data.europa.eu/esco/occupation/874a2080-a9b6-46a9-8662-c9b7d4208f73","title":"set designer"},{"href":"https://ec.europa.eu/esco/api/resource/occupation?uri=http://data.europa.eu/esco/occupation/71898b81-fc2f-4a97-826d-f45e49a8160a&language=en","uri":"http://data.europa.eu/esco/occupation/71898b81-fc2f-4a97-826d-f45e49a8160a","title":"assistant video and motion picture director"},{"href":"https://ec.europa.eu/esco/api/resource/occupation?uri=http://data.europa.eu/esco/occupation/bd94312f-05c8-455d-a2f6-5490489ac4a4&language=en","uri":"http://data.europa.eu/esco/occupation/bd94312f-05c8-455d-a2f6-5490489ac4a4","title":"prop master/prop mistress"}]},"_embedded":{}},{"className":"Skill","classId":"http://data.europa.eu/esco/model#Skill","uri":"http://data.europa.eu/esco/skill/b6ae29b8-9b81-4b6a-8ceb-d6f1364c030a","title":"tend spice mixing machine","referenceLanguage":["en"],"preferredLabel":{"no":"håndtere krydderblandingsmaskin","de":"Gewürzmischmaschine bedienen","en-us":"tend spice mixing machine","fi":"hoitaa mausteiden sekoituskonetta","pt":"utilizar máquinas de misturar especiarias","bg":"зареждане на машина за смесване на подправки","lt":"prižiūrėti prieskonių maišymo mašiną","lv":"apkalpot garšvielu maisīšanas iekārtu","hr":"posluživati stroj za miješanje začina","fr":"utiliser une machine à mélanger les épices","hu":"fűszerkeverő gépet kezel","sk":"obsluhovať stroj na miešanie korenín","sl":"upravljati stroj za mešanje začimb","ga":"féachaint i ndiaidh meaisíní measctha spíosraí","sv":"sköta kryddblandningsmaskin","mt":"tħaddim tal-magni tat-taħlit tal-ħwawar","el":"χειρισμός της μηχανής ανάμειξης μπαχαρικών","en":"tend spice mixing machine","is":"gætir kryddblöndunarvélar","it":"essere addetto alle macchine di miscelazione delle spezie","es":"ocuparse de la mezcladora de especies","et":"vürtsisegamismasinaga töötama","cs":"obsluhovat stroj na mísení koření","ar":"يرعى آلة خلط التوابل","pl":"zajmować się maszyną do mieszania przypraw","da":"passe krydderiblandemaskine","ro":"supraveghează mașina de amestecat mirodenii","nl":"kruidenmengmachines bedienen"},"alternativeLabel":{"en":["mind a spice mixing machine","tend spice mixing machinery","tend spice mixing machines","tend a spice mixing machine","look after a spice mixing machine","watch a spice mixing machine","take care of a spice mixing machine"],"hr":["rukovati strojem za miješanje začina"],"ro":["supraveghează mașina de mixat mirodenii"],"nl":["kruidenmengmachines onderhouden"],"es":["manejar mezcladora de especies","manipular mezcladora de especies","encargarse de la mezcladora de especies"]},"description":{"en-us":{"literal":"Weigh out each variety of spice and transfer them to the mixing machine to be blended.","mimetype":"plain/text"},"en":{"literal":"Weigh out each variety of spice and transfer them to the mixing machine to be blended.","mimetype":"plain/text"}},"status":"released","_links":{"self":{"href":"https://ec.europa.eu/esco/api/resource/skill?uri=http://data.europa.eu/esco/skill/b6ae29b8-9b81-4b6a-8ceb-d6f1364c030a&language=en","uri":"http://data.europa.eu/esco/skill/b6ae29b8-9b81-4b6a-8ceb-d6f1364c030a","title":"tend spice mixing machine"},"isTopConceptInScheme":[{"href":"https://ec.europa.eu/esco/api/resource/taxonomy?uri=http://data.europa.eu/esco/concept-scheme/member-skills&language=en","uri":"http://data.europa.eu/esco/concept-scheme/member-skills","title":"ESCO member skills"},{"href":"https://ec.europa.eu/esco/api/resource/taxonomy?uri=http://data.europa.eu/esco/concept-scheme/skills&language=en","uri":"http://data.europa.eu/esco/concept-scheme/skills","title":"ESCO skills"}],"isInScheme":[{"href":"https://ec.europa.eu/esco/api/resource/taxonomy?uri=http://data.europa.eu/esco/concept-scheme/member-skills&language=en","uri":"http://data.europa.eu/esco/concept-scheme/member-skills","title":"ESCO member skills"},{"href":"https://ec.europa.eu/esco/api/resource/taxonomy?uri=http://data.europa.eu/esco/concept-scheme/skills&language=en","uri":"http://data.europa.eu/esco/concept-scheme/skills","title":"ESCO skills"}],"hasSkillType":[{"href":"https://ec.europa.eu/esco/api/resource/concept?uri=http://data.europa.eu/esco/skill-type/skill&language=en","uri":"http://data.europa.eu/esco/skill-type/skill","title":"skill"}],"hasReuseLevel":[{"href":"https://ec.europa.eu/esco/api/resource/concept?uri=http://data.europa.eu/esco/skill-reuse-level/sector-specific&language=en","uri":"http://data.europa.eu/esco/skill-reuse-level/sector-specific","title":"sector specific skills and competences","code":"Level 3"}],"isEssentialForOccupation":[{"href":"https://ec.europa.eu/esco/api/resource/occupation?uri=http://data.europa.eu/esco/occupation/78ddc0cc-166e-437e-9c41-48aa0a6c6f93&language=en","uri":"http://data.europa.eu/esco/occupation/78ddc0cc-166e-437e-9c41-48aa0a6c6f93","title":"extract mixer tester"}],"isOptionalForOccupation":[{"href":"https://ec.europa.eu/esco/api/resource/occupation?uri=http://data.europa.eu/esco/occupation/16ec2281-b0b3-4cde-9888-2cb6cc492c25&language=en","uri":"http://data.europa.eu/esco/occupation/16ec2281-b0b3-4cde-9888-2cb6cc492c25","title":"sauce production operator"}]},"_embedded":{}},{"className":"Skill","classId":"http://data.europa.eu/esco/model#Skill","uri":"http://data.europa.eu/esco/skill/6a793311-f785-4948-9ae9-8c29f42414de","title":"adjust scraper bars","referenceLanguage":["en"],"preferredLabel":{"de":"Abstreifleiste einstellen","no":"justere skrapestenger","fi":"säätää saksimaista kaavinta","en-us":"adjust scraper bars","pt":"ajustar as barras das raspadeiras","bg":"настройване на шабери","lt":"reguliuoti skutiklių mentes","lv":"regulēt kasīkļa joslu","hr":"prilagođavati strugalice","fr":"ajuster les barres d’un racleur","hu":"kaparókés beállítását módosítja","sk":"nastaviť škrabáky","sl":"nastavljati strgalne drogove","ga":"barraí scríobáin a choigeartú","sv":"justera avstrykningsstänger","mt":"aġġustament tal-istaneg tal-brix","el":"προσαρμογή μπαρών απόξεσης","en":"adjust scraper bars","is":"stillir sköfustöng","it":"regolare le barre raschianti","es":"ajustar el tamaño de las barras de extensión","et":"konveieri kraape reguleerima","cs":"regulovat stěrky","ar":"يضبط قضبان المكشطة","pl":"dostosowywać listwę zgarniającą","ro":"ajustează raclete","da":"justere skraberbomme","nl":"afstrijkers afstellen"},"alternativeLabel":{"de":["Abstreifer einstellen"],"lt":["reguliuoti grandiklių mentes"],"en":["scraper bar calibrating","scraper bar adjusting","calibrate scraper bars","scraper bars calibrating","calibrating scraper bars","adjusting scraper bars","scraper bars adjusting"],"nl":["afstrijkers instellen"]},"description":{"en-us":{"literal":"Adjust the dimensions of the scraper bars, using the belt conveyor, so that they are according to the specified rubber sheeting parameters.","mimetype":"plain/text"},"en":{"literal":"Adjust the dimensions of the scraper bars, using the belt conveyor, so that they are according to the specified rubber sheeting parameters.","mimetype":"plain/text"}},"status":"released","_links":{"self":{"href":"https://ec.europa.eu/esco/api/resource/skill?uri=http://data.europa.eu/esco/skill/6a793311-f785-4948-9ae9-8c29f42414de&language=en","uri":"http://data.europa.eu/esco/skill/6a793311-f785-4948-9ae9-8c29f42414de","title":"adjust scraper bars"},"isTopConceptInScheme":[{"href":"https://ec.europa.eu/esco/api/resource/taxonomy?uri=http://data.europa.eu/esco/concept-scheme/member-skills&language=en","uri":"http://data.europa.eu/esco/concept-scheme/member-skills","title":"ESCO member skills"},{"href":"https://ec.europa.eu/esco/api/resource/taxonomy?uri=http://data.europa.eu/esco/concept-scheme/skills&language=en","uri":"http://data.europa.eu/esco/concept-scheme/skills","title":"ESCO skills"}],"isInScheme":[{"href":"https://ec.europa.eu/esco/api/resource/taxonomy?uri=http://data.europa.eu/esco/concept-scheme/member-skills&language=en","uri":"http://data.europa.eu/esco/concept-scheme/member-skills","title":"ESCO member skills"},{"href":"https://ec.europa.eu/esco/api/resource/taxonomy?uri=http://data.europa.eu/esco/concept-scheme/skills&language=en","uri":"http://data.europa.eu/esco/concept-scheme/skills","title":"ESCO skills"}],"hasSkillType":[{"href":"https://ec.europa.eu/esco/api/resource/concept?uri=http://data.europa.eu/esco/skill-type/skill&language=en","uri":"http://data.europa.eu/esco/skill-type/skill","title":"skill"}],"hasReuseLevel":[{"href":"https://ec.europa.eu/esco/api/resource/concept?uri=http://data.europa.eu/esco/skill-reuse-level/occupation-specific&language=en","uri":"http://data.europa.eu/esco/skill-reuse-level/occupation-specific","title":"occupation specific skills and competences","code":"Level 4"}],"isEssentialForOccupation":[{"href":"https://ec.europa.eu/esco/api/resource/occupation?uri=http://data.europa.eu/esco/occupation/e7ef8a86-6acd-458d-bf48-634b8fd28950&language=en","uri":"http://data.europa.eu/esco/occupation/e7ef8a86-6acd-458d-bf48-634b8fd28950","title":"foam rubber mixer"}]},"_embedded":{}},{"className":"Skill","classId":"http://data.europa.eu/esco/model#Skill","uri":"http://data.europa.eu/esco/skill/cbc24ea1-8f53-4211-96d4-2c682d018b8a","title":"use tools for construction and repair","referenceLanguage":["en"],"preferredLabel":{"de":"Werkzeuge für Schiffsbau und -reparatur verwenden","no":"bruke verktøy for bygging og reparasjon","fi":"käyttää rakentamis- ja korjaustyökaluja","en-us":"use tools for construction and repair","pt":"utilizar ferramentas de construção e reparação","bg":"ползване на строителни и ремонтни инструменти","lt":"naudoti statybos ir remonto įrankius","lv":"lietot būvniecības un remontdarbu darbarīkus","hr":"upotrebljavati alate za izgradnju i popravak","fr":"utiliser des outils pour la construction et la réparation","hu":"építkezéshez és javításhoz eszközöket használ","sk":"používať stavebné náradie a náradie na opravy","sl":"uporabljati orodja za gradnjo in popravila","ga":"uirlisí a úsáid le haghaidh tógáil agus deisiú","sv":"använda verktyg för byggnation och reparation","el":"χρήση εργαλείων για κατασκευές και επισκευές","mt":"użu tal-għodda għall-kostruzzjoni u għat-tiswija","en":"use tools for construction and repair","is":"notar tæki til bygginga og viðhalds","it":"utilizzare gli strumenti per la costruzione e la riparazione","es":"utilizar herramientas de construcción o reparación","et":"ehitus- ja parandustööriistu kasutama","cs":"používat nástroje pro výstavbu a opravu","ar":"يستخدم أدوات البناء والإصلاح","pl":"korzystać z narzędzi do budowy i naprawy","da":"bruge bygge- og reparationsværktøj","ro":"utilizează scule pentru construcții și reparații","nl":"materiaal gebruiken voor bouw en reparatie"},"alternativeLabel":{"en":["employing construction and repair tools","using construction and repair tools","employing construction tools","using repair tools","employ construction tools","employ construction and repair tools","use construction and repair tools","employ tools for construction and repair","use repair tools","using construction tools","employ repair tools","employing tools for construction and repair","use construction tools","employing repair tools"],"es":["manejar herramientas de construcción o reparación","operar herramientas de construcción o reparación","manipular herramientas de construcción o reparación"]},"description":{"en-us":{"literal":"Construct and repair ships and equipment using hand tools, machine tools, and measuring instruments. Safely carry out emergency or temporary repairs. Take measures to ensure a safe working environment. Use various types of sealants and packaging.","mimetype":"plain/text"},"en":{"literal":"Construct and repair ships and equipment using hand tools, machine tools, and measuring instruments. Safely carry out emergency or temporary repairs. Take measures to ensure a safe working environment. Use various types of sealants and packaging.","mimetype":"plain/text"}},"status":"released","_links":{"self":{"href":"https://ec.europa.eu/esco/api/resource/skill?uri=http://data.europa.eu/esco/skill/cbc24ea1-8f53-4211-96d4-2c682d018b8a&language=en","uri":"http://data.europa.eu/esco/skill/cbc24ea1-8f53-4211-96d4-2c682d018b8a","title":"use tools for construction and repair"},"isTopConceptInScheme":[{"href":"https://ec.europa.eu/esco/api/resource/taxonomy?uri=http://data.europa.eu/esco/concept-scheme/member-skills&language=en","uri":"http://data.europa.eu/esco/concept-scheme/member-skills","title":"ESCO member skills"},{"href":"https://ec.europa.eu/esco/api/resource/taxonomy?uri=http://data.europa.eu/esco/concept-scheme/skills&language=en","uri":"http://data.europa.eu/esco/concept-scheme/skills","title":"ESCO skills"}],"isInScheme":[{"href":"https://ec.europa.eu/esco/api/resource/taxonomy?uri=http://data.europa.eu/esco/concept-scheme/member-skills&language=en","uri":"http://data.europa.eu/esco/concept-scheme/member-skills","title":"ESCO member skills"},{"href":"https://ec.europa.eu/esco/api/resource/taxonomy?uri=http://data.europa.eu/esco/concept-scheme/skills&language=en","uri":"http://data.europa.eu/esco/concept-scheme/skills","title":"ESCO skills"}],"hasSkillType":[{"href":"https://ec.europa.eu/esco/api/resource/concept?uri=http://data.europa.eu/esco/skill-type/skill&language=en","uri":"http://data.europa.eu/esco/skill-type/skill","title":"skill"}],"hasReuseLevel":[{"href":"https://ec.europa.eu/esco/api/resource/concept?uri=http://data.europa.eu/esco/skill-reuse-level/sector-specific&language=en","uri":"http://data.europa.eu/esco/skill-reuse-level/sector-specific","title":"sector specific skills and competences","code":"Level 3"}],"isEssentialForOccupation":[{"href":"https://ec.europa.eu/esco/api/resource/occupation?uri=http://data.europa.eu/esco/occupation/2ada3e89-9159-49e7-88f7-4dd435fd95ac&language=en","uri":"http://data.europa.eu/esco/occupation/2ada3e89-9159-49e7-88f7-4dd435fd95ac","title":"optical instrument repairer"},{"href":"https://ec.europa.eu/esco/api/resource/occupation?uri=http://data.europa.eu/esco/occupation/1214a616-aaa5-4140-b82e-2cc5028b0fa4&language=en","uri":"http://data.europa.eu/esco/occupation/1214a616-aaa5-4140-b82e-2cc5028b0fa4","title":"blending plant operator"},{"href":"https://ec.europa.eu/esco/api/resource/occupation?uri=http://data.europa.eu/esco/occupation/08f5481e-9233-4ef2-9e4b-945224879ce5&language=en","uri":"http://data.europa.eu/esco/occupation/08f5481e-9233-4ef2-9e4b-945224879ce5","title":"commissioning technician"},{"href":"https://ec.europa.eu/esco/api/resource/occupation?uri=http://data.europa.eu/esco/occupation/ea6cd713-94ca-4292-9ba9-ca8a4ec3ed5f&language=en","uri":"http://data.europa.eu/esco/occupation/ea6cd713-94ca-4292-9ba9-ca8a4ec3ed5f","title":"dismantling worker"}],"isOptionalForOccupation":[{"href":"https://ec.europa.eu/esco/api/resource/occupation?uri=http://data.europa.eu/esco/occupation/579254cf-6d69-4889-9000-9c79dc568644&language=en","uri":"http://data.europa.eu/esco/occupation/579254cf-6d69-4889-9000-9c79dc568644","title":"mechanical engineer"},{"href":"https://ec.europa.eu/esco/api/resource/occupation?uri=http://data.europa.eu/esco/occupation/c36fc197-1f5b-4563-acd8-6f1d06aa1c03&language=en","uri":"http://data.europa.eu/esco/occupation/c36fc197-1f5b-4563-acd8-6f1d06aa1c03","title":"marine engineer"}]},"_embedded":{}},{"className":"Skill","classId":"http://data.europa.eu/esco/model#Skill","uri":"http://data.europa.eu/esco/skill/518339db-bdfb-4d12-8d76-c065a7ca4364","title":"paediatric phlebotomy procedures","referenceLanguage":["en"],"preferredLabel":{"de":"Verfahren der Blutentnahme in der Kinderheilkunde","no":"pediatriske flebotomiprosedyrer","fi":"menetelmät verikokeiden ottamiseen lapsilta","en-us":"pediatric phlebotomy procedures","pt":"procedimentos de flebotomia pediátrica","bg":"процедури в педиатрията за извършване на флеботомия","lt":"vaikų kraujo ėmimo tyrimams procedūros","hr":"pedijatrijsko vađenje krvi","lv":"flebotomijas procedūras pediatrijā","fr":"procédures de phlébotomie en pédiatrie","hu":"gyermekvérvételi eljárások","sk":"postupy detskej flebotómie","sl":"postopki odvzema krvi pri otrocih","ga":"gnáthaimh fleibeatóime péidiatraicí","sv":"blodprovstagning på barn","el":"διαδικασίες φλεβοτομής παίδων","mt":"proċeduri pedjatriċi tal-fsada","en":"paediatric phlebotomy procedures","is":"verklag við blóðtöku úr börnum","it":"procedure di flebotomia pediatrica","es":"procedimientos de extracción de sangre de pacientes pediátricos","et":"veenivere võtmine lastel","cs":"postupy odběru krve u dětí","ar":"إجراءات شق الوريد لدى الطفل","pl":"procedury pobierania krwi od dzieci","da":"blodprøvetagning på børn","ro":"proceduri de flebotomie pediatrică","nl":"pediatrische bloedafnameprocedures"},"alternativeLabel":{"cs":["postupy odběru krve v pediatrii"],"el":["διαδικασίες αφαίμαξης παίδων"],"sl":["odvzem krvi pri otrocih"],"en":["pediatric phlebotomy procedures","blood collection procedures for children and young adults","paediatric phlebotomy procedure","pediatric blood collection procedures","pediatric phlebotomy procedure","pediatric venipuncture"],"lv":["asins nolaišanas procedūras pediatrijā"],"fr":["procédures de saignée en pédiatrie"],"es":["toma de muestras de sangre de pacientes pediátricos"]},"description":{"en-us":{"literal":"The pediatric blood collection procedures related to the age and specificity of the children involved, how to interact with children and their family to prepare them for the blood collection procedure and how to engage with children`s anxiety related to needles.","mimetype":"plain/text"},"en":{"literal":"The paediatric blood collection procedures related to the age and specificity of the children involved, how to interact with children and their family to prepare them for the blood collection procedure and how to engage with children`s anxiety related to needles.","mimetype":"plain/text"}},"status":"released","_links":{"self":{"href":"https://ec.europa.eu/esco/api/resource/skill?uri=http://data.europa.eu/esco/skill/518339db-bdfb-4d12-8d76-c065a7ca4364&language=en","uri":"http://data.europa.eu/esco/skill/518339db-bdfb-4d12-8d76-c065a7ca4364","title":"paediatric phlebotomy procedures"},"isTopConceptInScheme":[{"href":"https://ec.europa.eu/esco/api/resource/taxonomy?uri=http://data.europa.eu/esco/concept-scheme/skills&language=en","uri":"http://data.europa.eu/esco/concept-scheme/skills","title":"ESCO skills"},{"href":"https://ec.europa.eu/esco/api/resource/taxonomy?uri=http://data.europa.eu/esco/concept-scheme/member-skills&language=en","uri":"http://data.europa.eu/esco/concept-scheme/member-skills","title":"ESCO member skills"}],"isInScheme":[{"href":"https://ec.europa.eu/esco/api/resource/taxonomy?uri=http://data.europa.eu/esco/concept-scheme/skills&language=en","uri":"http://data.europa.eu/esco/concept-scheme/skills","title":"ESCO skills"},{"href":"https://ec.europa.eu/esco/api/resource/taxonomy?uri=http://data.europa.eu/esco/concept-scheme/member-skills&language=en","uri":"http://data.europa.eu/esco/concept-scheme/member-skills","title":"ESCO member skills"}],"hasSkillType":[{"href":"https://ec.europa.eu/esco/api/resource/concept?uri=http://data.europa.eu/esco/skill-type/knowledge&language=en","uri":"http://data.europa.eu/esco/skill-type/knowledge","title":"knowledge"}],"hasReuseLevel":[{"href":"https://ec.europa.eu/esco/api/resource/concept?uri=http://data.europa.eu/esco/skill-reuse-level/sector-specific&language=en","uri":"http://data.europa.eu/esco/skill-reuse-level/sector-specific","title":"sector specific skills and competences","code":"Level 3"}],"isOptionalForOccupation":[{"href":"https://ec.europa.eu/esco/api/resource/occupation?uri=http://data.europa.eu/esco/occupation/0044c991-c26f-4261-a213-4bd1c0564a4c&language=en","uri":"http://data.europa.eu/esco/occupation/0044c991-c26f-4261-a213-4bd1c0564a4c","title":"medical laboratory assistant"},{"href":"https://ec.europa.eu/esco/api/resource/occupation?uri=http://data.europa.eu/esco/occupation/f4de7e28-ca67-46cd-b760-30e02b3aa83b&language=en","uri":"http://data.europa.eu/esco/occupation/f4de7e28-ca67-46cd-b760-30e02b3aa83b","title":"medical laboratory manager"},{"href":"https://ec.europa.eu/esco/api/resource/occupation?uri=http://data.europa.eu/esco/occupation/4fef1907-cf82-413b-841a-02ef57e299a6&language=en","uri":"http://data.europa.eu/esco/occupation/4fef1907-cf82-413b-841a-02ef57e299a6","title":"scientific laboratory technician"},{"href":"https://ec.europa.eu/esco/api/resource/occupation?uri=http://data.europa.eu/esco/occupation/5ee264b2-9bc5-40f6-9db3-c87143af6b2d&language=en","uri":"http://data.europa.eu/esco/occupation/5ee264b2-9bc5-40f6-9db3-c87143af6b2d","title":"phlebotomist"}]},"_embedded":{}},{"className":"Skill","classId":"http://data.europa.eu/esco/model#Skill","uri":"http://data.europa.eu/esco/skill/28a8aa5e-b4e7-4ff7-93eb-dcc28b5e59af","title":"adapt props","referenceLanguage":["en"],"preferredLabel":{"no":"tilpasse rekvisitter","de":"Requisiten anpassen","fi":"muokata rekvisiittaa","en-us":"adapt props","pt":"adaptar adereços","bg":"адаптиране на реквизита","lt":"pritaikyti rekvizitą","hr":"prilagođavati rekvizite","lv":"pielāgot rekvizītus","fr":"adapter des accessoires","hu":"kellékeket adaptál","sk":"upraviť rekvizity","sl":"prilagajati rekvizite","ga":"fearais stáitse a oiriúnú","sv":"anpassa rekvisita","el":"προσαρμογή σκηνικών αντικειμένων","mt":"adattar tal-props","en":"adapt props","is":"aðlagar leikmuni","it":"adattare gli oggetti di scena","es":"adaptar la utilería","et":"rekvisiite kohandama","cs":"upravit rekvizity","ar":"يعدل الدعائم","pl":"dostosowywać rekwizyty do potrzeb danej produkcji","da":"tilpasse rekvisitter","ro":"adaptează decoruri","nl":"rekwisieten aanpassen"},"alternativeLabel":{"bg":["адаптиране на театралния реквизит"],"en":["change props","modify props","adapting props","adapt the props"],"ro":["modifică obiecte recuzită"]},"description":{"en-us":{"literal":"Adapt existing props for use in a specific production.","mimetype":"plain/text"},"en":{"literal":"Adapt existing props for use in a specific production.","mimetype":"plain/text"}},"status":"released","_links":{"self":{"href":"https://ec.europa.eu/esco/api/resource/skill?uri=http://data.europa.eu/esco/skill/28a8aa5e-b4e7-4ff7-93eb-dcc28b5e59af&language=en","uri":"http://data.europa.eu/esco/skill/28a8aa5e-b4e7-4ff7-93eb-dcc28b5e59af","title":"adapt props"},"isTopConceptInScheme":[{"href":"https://ec.europa.eu/esco/api/resource/taxonomy?uri=http://data.europa.eu/esco/concept-scheme/member-skills&language=en","uri":"http://data.europa.eu/esco/concept-scheme/member-skills","title":"ESCO member skills"},{"href":"https://ec.europa.eu/esco/api/resource/taxonomy?uri=http://data.europa.eu/esco/concept-scheme/skills&language=en","uri":"http://data.europa.eu/esco/concept-scheme/skills","title":"ESCO skills"}],"isInScheme":[{"href":"https://ec.europa.eu/esco/api/resource/taxonomy?uri=http://data.europa.eu/esco/concept-scheme/member-skills&language=en","uri":"http://data.europa.eu/esco/concept-scheme/member-skills","title":"ESCO member skills"},{"href":"https://ec.europa.eu/esco/api/resource/taxonomy?uri=http://data.europa.eu/esco/concept-scheme/skills&language=en","uri":"http://data.europa.eu/esco/concept-scheme/skills","title":"ESCO skills"}],"hasSkillType":[{"href":"https://ec.europa.eu/esco/api/resource/concept?uri=http://data.europa.eu/esco/skill-type/skill&language=en","uri":"http://data.europa.eu/esco/skill-type/skill","title":"skill"}],"hasReuseLevel":[{"href":"https://ec.europa.eu/esco/api/resource/concept?uri=http://data.europa.eu/esco/skill-reuse-level/sector-specific&language=en","uri":"http://data.europa.eu/esco/skill-reuse-level/sector-specific","title":"sector specific skills and competences","code":"Level 3"}],"isEssentialForOccupation":[{"href":"https://ec.europa.eu/esco/api/resource/occupation?uri=http://data.europa.eu/esco/occupation/bd94312f-05c8-455d-a2f6-5490489ac4a4&language=en","uri":"http://data.europa.eu/esco/occupation/bd94312f-05c8-455d-a2f6-5490489ac4a4","title":"prop master/prop mistress"},{"href":"https://ec.europa.eu/esco/api/resource/occupation?uri=http://data.europa.eu/esco/occupation/7a18e959-44fe-49ae-9757-124f46a7487c&language=en","uri":"http://data.europa.eu/esco/occupation/7a18e959-44fe-49ae-9757-124f46a7487c","title":"prop maker"}],"isOptionalForOccupation":[{"href":"https://ec.europa.eu/esco/api/resource/occupation?uri=http://data.europa.eu/esco/occupation/874a2080-a9b6-46a9-8662-c9b7d4208f73&language=en","uri":"http://data.europa.eu/esco/occupation/874a2080-a9b6-46a9-8662-c9b7d4208f73","title":"set designer"},{"href":"https://ec.europa.eu/esco/api/resource/occupation?uri=http://data.europa.eu/esco/occupation/88760821-9df4-47a6-a1c2-ac08b9759396&language=en","uri":"http://data.europa.eu/esco/occupation/88760821-9df4-47a6-a1c2-ac08b9759396","title":"miniature set designer"},{"href":"https://ec.europa.eu/esco/api/resource/occupation?uri=http://data.europa.eu/esco/occupation/9b3c6dd8-4d3b-4a12-8bb8-55bb2e92c3a6&language=en","uri":"http://data.europa.eu/esco/occupation/9b3c6dd8-4d3b-4a12-8bb8-55bb2e92c3a6","title":"set buyer"}]},"_embedded":{}},{"className":"Skill","classId":"http://data.europa.eu/esco/model#Skill","uri":"http://data.europa.eu/esco/skill/e3aa5990-9993-40b1-8cd7-b8a94de327dc","title":"judaism","referenceLanguage":["en"],"preferredLabel":{"no":"jødedom","de":"Judaismus","en-us":"judaism","fi":"juutalaisuus","pt":"judaísmo","bg":"юдаизъм","lt":"judaizmas","lv":"jūdaisms","hr":"judaizam","fr":"judaïsme","hu":"zsidó vallás","sk":"judaizmus","sl":"judovstvo","ga":"judaism","sv":"judendom","mt":"Ġudaiżmu","el":"ιουδαϊσμός","en":"judaism","is":"gyðingatrú","it":"giudaismo","es":"judaísmo","et":"judaism","cs":"judaismus","ar":"اليهودية","pl":"judaizm","ro":"iudaism","da":"judaisme","nl":"jodendom"},"alternativeLabel":{"cs":["židovství"],"de":["Judentum"],"sl":["židovstvo"],"en":["jewish religion","jewish faith","judaism's traditions","jewish beliefs"],"hu":["judaizmus"]},"description":{"en-us":{"literal":"The traditions, ceremonies and history of the Jewish religion, as well as its current system.","mimetype":"plain/text"},"en":{"literal":"The traditions, ceremonies and history of the Jewish religion, as well as its current system.","mimetype":"plain/text"}},"status":"released","_links":{"self":{"href":"https://ec.europa.eu/esco/api/resource/skill?uri=http://data.europa.eu/esco/skill/e3aa5990-9993-40b1-8cd7-b8a94de327dc&language=en","uri":"http://data.europa.eu/esco/skill/e3aa5990-9993-40b1-8cd7-b8a94de327dc","title":"judaism"},"isTopConceptInScheme":[{"href":"https://ec.europa.eu/esco/api/resource/taxonomy?uri=http://data.europa.eu/esco/concept-scheme/skills&language=en","uri":"http://data.europa.eu/esco/concept-scheme/skills","title":"ESCO skills"},{"href":"https://ec.europa.eu/esco/api/resource/taxonomy?uri=http://data.europa.eu/esco/concept-scheme/member-skills&language=en","uri":"http://data.europa.eu/esco/concept-scheme/member-skills","title":"ESCO member skills"}],"isInScheme":[{"href":"https://ec.europa.eu/esco/api/resource/taxonomy?uri=http://data.europa.eu/esco/concept-scheme/skills&language=en","uri":"http://data.europa.eu/esco/concept-scheme/skills","title":"ESCO skills"},{"href":"https://ec.europa.eu/esco/api/resource/taxonomy?uri=http://data.europa.eu/esco/concept-scheme/member-skills&language=en","uri":"http://data.europa.eu/esco/concept-scheme/member-skills","title":"ESCO member skills"}],"hasSkillType":[{"href":"https://ec.europa.eu/esco/api/resource/concept?uri=http://data.europa.eu/esco/skill-type/knowledge&language=en","uri":"http://data.europa.eu/esco/skill-type/knowledge","title":"knowledge"}],"hasReuseLevel":[{"href":"https://ec.europa.eu/esco/api/resource/concept?uri=http://data.europa.eu/esco/skill-reuse-level/sector-specific&language=en","uri":"http://data.europa.eu/esco/skill-reuse-level/sector-specific","title":"sector specific skills and competences","code":"Level 3"}],"isOptionalForOccupation":[{"href":"https://ec.europa.eu/esco/api/resource/occupation?uri=http://data.europa.eu/esco/occupation/33ae2ba9-9835-410f-8ea6-e5ac991f5975&language=en","uri":"http://data.europa.eu/esco/occupation/33ae2ba9-9835-410f-8ea6-e5ac991f5975","title":"monk/nun"},{"href":"https://ec.europa.eu/esco/api/resource/occupation?uri=http://data.europa.eu/esco/occupation/ed256ed0-0432-4969-8544-3e5e01a517a9&language=en","uri":"http://data.europa.eu/esco/occupation/ed256ed0-0432-4969-8544-3e5e01a517a9","title":"minister of religion"}]},"_embedded":{}},{"className":"Skill","classId":"http://data.europa.eu/esco/model#Skill","uri":"http://data.europa.eu/esco/skill/d74362cc-f181-462a-bd3a-fb0aa1ff774c","title":"carry out auditions","referenceLanguage":["en"],"preferredLabel":{"de":"Vorsprechen veranstalten","no":"gjennomføre audition","en-us":"carry out auditions","fi":"pitää koe-esiintymisiä","pt":"conduzir audições","bg":"провеждане на прослушвания","lt":"rengti kandidatų atrankas","lv":"veikt mākslinieku atlasi","hr":"održavati audicije","fr":"faire passer des auditions","hu":"meghallgatásokat folytat","sk":"usporiadať konkurzy","sl":"izvajati avdicije","ga":"trialacha aisteoireachta a thionól","sv":"hålla auditioner","mt":"twettiq ta’ smigħ","el":"διενέργεια ακροάσεων","en":"carry out auditions","is":"heldur áheyrnarpróf","it":"effettuare audizioni","es":"celebrar audiciones","et":"auditeid tegema","cs":"provádět konkurz","ar":"يجري الاختبارات","pl":"przeprowadzać przesłuchania","ro":"desfășoară audiții","da":"gennemføre auditions","nl":"audities houden"},"alternativeLabel":{"de":["Vorsingen veranstalten","Probespiele veranstalten"],"sv":["hålla auditions","genomföra intagningsprov","genomföra uttagningsprov"],"fi":["järjestää esiintymiskokeita"],"el":["διενέργεια οντισιόν"],"en":["carry out audition","organise auditions","hold auditions","arrange auditions","carrying out auditions"],"ro":["organizează audiții"],"hu":["próbajátékokat rendez"],"nl":["audities organiseren"]},"description":{"en-us":{"literal":"Hold auditions and assess and select candidates for roles in the productions.","mimetype":"plain/text"},"en":{"literal":"Hold auditions and assess and select candidates for roles in the productions.","mimetype":"plain/text"}},"status":"released","_links":{"self":{"href":"https://ec.europa.eu/esco/api/resource/skill?uri=http://data.europa.eu/esco/skill/d74362cc-f181-462a-bd3a-fb0aa1ff774c&language=en","uri":"http://data.europa.eu/esco/skill/d74362cc-f181-462a-bd3a-fb0aa1ff774c","title":"carry out auditions"},"isTopConceptInScheme":[{"href":"https://ec.europa.eu/esco/api/resource/taxonomy?uri=http://data.europa.eu/esco/concept-scheme/member-skills&language=en","uri":"http://data.europa.eu/esco/concept-scheme/member-skills","title":"ESCO member skills"},{"href":"https://ec.europa.eu/esco/api/resource/taxonomy?uri=http://data.europa.eu/esco/concept-scheme/skills&language=en","uri":"http://data.europa.eu/esco/concept-scheme/skills","title":"ESCO skills"}],"isInScheme":[{"href":"https://ec.europa.eu/esco/api/resource/taxonomy?uri=http://data.europa.eu/esco/concept-scheme/member-skills&language=en","uri":"http://data.europa.eu/esco/concept-scheme/member-skills","title":"ESCO member skills"},{"href":"https://ec.europa.eu/esco/api/resource/taxonomy?uri=http://data.europa.eu/esco/concept-scheme/skills&language=en","uri":"http://data.europa.eu/esco/concept-scheme/skills","title":"ESCO skills"}],"hasSkillType":[{"href":"https://ec.europa.eu/esco/api/resource/concept?uri=http://data.europa.eu/esco/skill-type/skill&language=en","uri":"http://data.europa.eu/esco/skill-type/skill","title":"skill"}],"hasReuseLevel":[{"href":"https://ec.europa.eu/esco/api/resource/concept?uri=http://data.europa.eu/esco/skill-reuse-level/sector-specific&language=en","uri":"http://data.europa.eu/esco/skill-reuse-level/sector-specific","title":"sector specific skills and competences","code":"Level 3"}],"isEssentialForOccupation":[{"href":"https://ec.europa.eu/esco/api/resource/occupation?uri=http://data.europa.eu/esco/occupation/4f2f2539-3e38-4393-9dac-a9a48af7cd32&language=en","uri":"http://data.europa.eu/esco/occupation/4f2f2539-3e38-4393-9dac-a9a48af7cd32","title":"casting director"},{"href":"https://ec.europa.eu/esco/api/resource/occupation?uri=http://data.europa.eu/esco/occupation/8a451ae2-3c31-4f35-90af-6275b1b02f93&language=en","uri":"http://data.europa.eu/esco/occupation/8a451ae2-3c31-4f35-90af-6275b1b02f93","title":"stage director"}],"isOptionalForOccupation":[{"href":"https://ec.europa.eu/esco/api/resource/occupation?uri=http://data.europa.eu/esco/occupation/00747307-6341-4266-a061-25416f7c6a96&language=en","uri":"http://data.europa.eu/esco/occupation/00747307-6341-4266-a061-25416f7c6a96","title":"performing arts theatre instructor"},{"href":"https://ec.europa.eu/esco/api/resource/occupation?uri=http://data.europa.eu/esco/occupation/3b6bea7d-36f4-44fb-ac73-d1cc8a198dcb&language=en","uri":"http://data.europa.eu/esco/occupation/3b6bea7d-36f4-44fb-ac73-d1cc8a198dcb","title":"video and motion picture producer"},{"href":"https://ec.europa.eu/esco/api/resource/occupation?uri=http://data.europa.eu/esco/occupation/cb93fd23-1f51-4495-867a-936c1967066b&language=en","uri":"http://data.europa.eu/esco/occupation/cb93fd23-1f51-4495-867a-936c1967066b","title":"art director"},{"href":"https://ec.europa.eu/esco/api/resource/occupation?uri=http://data.europa.eu/esco/occupation/1a7fb683-6544-4442-b54c-ec72ef468ff0&language=en","uri":"http://data.europa.eu/esco/occupation/1a7fb683-6544-4442-b54c-ec72ef468ff0","title":"video and motion picture director"},{"href":"https://ec.europa.eu/esco/api/resource/occupation?uri=http://data.europa.eu/esco/occupation/cbde2432-cb7f-451f-a686-b22cad3957a6&language=en","uri":"http://data.europa.eu/esco/occupation/cbde2432-cb7f-451f-a686-b22cad3957a6","title":"drama teacher"},{"href":"https://ec.europa.eu/esco/api/resource/occupation?uri=http://data.europa.eu/esco/occupation/52b9e8dc-de6c-41dd-b29a-e1291c273f6f&language=en","uri":"http://data.europa.eu/esco/occupation/52b9e8dc-de6c-41dd-b29a-e1291c273f6f","title":"producer"}]},"_embedded":{}},{"className":"Skill","classId":"http://data.europa.eu/esco/model#Skill","uri":"http://data.europa.eu/esco/skill/27d62e71-5727-4725-83e5-131b7b3c8295","title":"carry out cross merchandising","referenceLanguage":["en"],"preferredLabel":{"no":"gjennomføre kryssmarkedsføring","de":"Cross-Merchandising durchführen","fi":"harjoittaa ristiinmarkkinointia","en-us":"carry out cross merchandising","pt":"aplicar técnicas de cross-merchandising","bg":"извършване на кръстосан мърчандайзинг","lt":"vykdyti kryžminę prekybą","hr":"izlagati odjeću na više mjesta u trgovini","lv":"veikt šķērstirdzniecību","fr":"faire du cross-merchandising","hu":"keresztértékesítést végez","sk":"vykonávať krížový merchandising","sl":"izvajati navzkrižno pospeševanje prodaje","ga":"trasmharsantú a dhéanamh","sv":"arbeta med samexponering av varor","mt":"twettiq tal-bejgħ inkroċjat tal-merkanzija","el":"πραγματοποίηση συνδυαστικής έκθεσης προϊόντων","en":"carry out cross merchandising","is":"sinnir krosssölu","it":"eseguire il merchandising incrociato","es":"disponer la oferta de productos (cross merchandising)","et":"ristturundust tegema","cs":"provádět křížový merchandising","ar":"يقوم بالترويج","pl":"stosować techniki cross-merchandisingu","da":"udføre krydssalg","ro":"practică cross-merchandisingul","nl":"kruisverkoop toepassen"},"alternativeLabel":{"de":["Querverkäufe durchführen"],"fi":["harjoittaa ristimarkkinointia"],"sv":["exponera närbesläktade varor nära varandra"],"el":["εφαρμογή τεχνικών cross merchandising","πραγματοποίηση συνδυαστικής πώλησης προϊόντων"],"en":["complete cross merchandising","make cross merchandising","carrying out of cross merchandising","undertake cross merchandising","carrying out cross merchandising","oversee cross merchandising"],"fr":["faire du marchandisage croisé","faire du marchandisage jumelé"],"es":["aplicar técnicas de cross merchandising","colocar atractivamente la gama de productos (cross merchandising)"]},"description":{"en-us":{"literal":"Place a particular item in more than one location within the store, in order to attract customer attention and increase sales.","mimetype":"plain/text"},"en":{"literal":"Place a particular item in more than one location within the store, in order to attract customer attention and increase sales.","mimetype":"plain/text"}},"status":"released","_links":{"self":{"href":"https://ec.europa.eu/esco/api/resource/skill?uri=http://data.europa.eu/esco/skill/27d62e71-5727-4725-83e5-131b7b3c8295&language=en","uri":"http://data.europa.eu/esco/skill/27d62e71-5727-4725-83e5-131b7b3c8295","title":"carry out cross merchandising"},"isTopConceptInScheme":[{"href":"https://ec.europa.eu/esco/api/resource/taxonomy?uri=http://data.europa.eu/esco/concept-scheme/skills&language=en","uri":"http://data.europa.eu/esco/concept-scheme/skills","title":"ESCO skills"},{"href":"https://ec.europa.eu/esco/api/resource/taxonomy?uri=http://data.europa.eu/esco/concept-scheme/member-skills&language=en","uri":"http://data.europa.eu/esco/concept-scheme/member-skills","title":"ESCO member skills"}],"isInScheme":[{"href":"https://ec.europa.eu/esco/api/resource/taxonomy?uri=http://data.europa.eu/esco/concept-scheme/skills&language=en","uri":"http://data.europa.eu/esco/concept-scheme/skills","title":"ESCO skills"},{"href":"https://ec.europa.eu/esco/api/resource/taxonomy?uri=http://data.europa.eu/esco/concept-scheme/member-skills&language=en","uri":"http://data.europa.eu/esco/concept-scheme/member-skills","title":"ESCO member skills"}],"hasSkillType":[{"href":"https://ec.europa.eu/esco/api/resource/concept?uri=http://data.europa.eu/esco/skill-type/skill&language=en","uri":"http://data.europa.eu/esco/skill-type/skill","title":"skill"}],"hasReuseLevel":[{"href":"https://ec.europa.eu/esco/api/resource/concept?uri=http://data.europa.eu/esco/skill-reuse-level/sector-specific&language=en","uri":"http://data.europa.eu/esco/skill-reuse-level/sector-specific","title":"sector specific skills and competences","code":"Level 3"}],"isEssentialForOccupation":[{"href":"https://ec.europa.eu/esco/api/resource/occupation?uri=http://data.europa.eu/esco/occupation/f1fcad3b-fdf0-444a-81b0-e50e96f8966a&language=en","uri":"http://data.europa.eu/esco/occupation/f1fcad3b-fdf0-444a-81b0-e50e96f8966a","title":"merchandiser"}],"isOptionalForOccupation":[{"href":"https://ec.europa.eu/esco/api/resource/occupation?uri=http://data.europa.eu/esco/occupation/9ba74e8a-c40c-4228-9998-eb3c7a5c11df&language=en","uri":"http://data.europa.eu/esco/occupation/9ba74e8a-c40c-4228-9998-eb3c7a5c11df","title":"sales assistant"},{"href":"https://ec.europa.eu/esco/api/resource/occupation?uri=http://data.europa.eu/esco/occupation/bf89925d-00a1-4f94-ab3b-2148c887af33&language=en","uri":"http://data.europa.eu/esco/occupation/bf89925d-00a1-4f94-ab3b-2148c887af33","title":"retail entrepreneur"}]},"_embedded":{}},{"className":"Skill","classId":"http://data.europa.eu/esco/model#Skill","uri":"http://data.europa.eu/esco/skill/9efc639c-712f-4857-acf9-ad311b7d69f3","title":"promote balance between rest and activity","referenceLanguage":["en"],"preferredLabel":{"de":"über die Rolle von Belastungs- und Ruhephasen informieren","no":"fremme balanse mellom hvile og aktivitet","fi":"edistää levon ja harjoittelun välistä tasapainoa","en-us":"promote balance between rest and activity","pt":"promover o equilíbrio entre os tempos de descanso e de atividade","bg":"насърчаване на баланса между почивка и активност","lt":"skatinti palaikyti poilsio ir aktyvios veiklos pusiausvyrą","hr":"promicati ravnotežu između odmora i aktivnosti","lv":"uzturēt atpūtas un fiziskās aktivitātes līdzsvaru","fr":"favoriser l'équilibre entre le repos et l'activité","hu":"támogatja a pihenés és a munkavégzés közötti egyensúly megvalósítását","sk":"podporovať rovnováhu medzi odpočinkom a aktivitou","sl":"spodbujati ravnovesje med počitkom in dejavnostmi","ga":"cothromaíocht a chur chun cinn idir scíth agus gníomhaíocht","sv":"främja balans mellan vila och aktivitet","el":"προώθηση της ισορροπίας μεταξύ της ανάπαυσης και της δραστηριότητας","mt":"promozzjoni tal-bilanċ bejn il-mistrieħ u l-attività","en":"promote balance between rest and activity","is":"stuðlar að jafnvægi milli hvíldar og vinnu","it":"promuovere l'equilibrio tra riposo e attività","es":"fomentar el equilibrio entre actividad y descanso","et":"tegevuse ja puhkuse vahelist tasakaalu edendama","cs":"podporovat rovnováhu mezi odpočinkem a aktivitou","ar":"يعزز التوازن بين الراحة والنشاط","pl":"promować zachowanie równowagi między okresami odpoczynku i aktywności","da":"fremme balance mellem hvile og aktivitet","ro":"promovează echilibru între muncă și odihnă","nl":"balans tussen rust en activiteit bevorderen"},"alternativeLabel":{"en":["promote healthy lifestyle for performance","promote sports' organisations","promote organisations of sport","promote balance between rest, exercise and competition"]},"description":{"en-us":{"literal":"Provide information about the role of rest and regeneration in the development of sport performance. Foster rest and regeneration by providing appropriate ratios of training, competition and rest.","mimetype":"plain/text"},"en":{"literal":"Provide information about the role of rest and regeneration in the development of sport performance. Foster rest and regeneration by providing appropriate ratios of training, competition and rest.","mimetype":"plain/text"}},"status":"released","_links":{"self":{"href":"https://ec.europa.eu/esco/api/resource/skill?uri=http://data.europa.eu/esco/skill/9efc639c-712f-4857-acf9-ad311b7d69f3&language=en","uri":"http://data.europa.eu/esco/skill/9efc639c-712f-4857-acf9-ad311b7d69f3","title":"promote balance between rest and activity"},"isTopConceptInScheme":[{"href":"https://ec.europa.eu/esco/api/resource/taxonomy?uri=http://data.europa.eu/esco/concept-scheme/member-skills&language=en","uri":"http://data.europa.eu/esco/concept-scheme/member-skills","title":"ESCO member skills"},{"href":"https://ec.europa.eu/esco/api/resource/taxonomy?uri=http://data.europa.eu/esco/concept-scheme/skills&language=en","uri":"http://data.europa.eu/esco/concept-scheme/skills","title":"ESCO skills"}],"isInScheme":[{"href":"https://ec.europa.eu/esco/api/resource/taxonomy?uri=http://data.europa.eu/esco/concept-scheme/member-skills&language=en","uri":"http://data.europa.eu/esco/concept-scheme/member-skills","title":"ESCO member skills"},{"href":"https://ec.europa.eu/esco/api/resource/taxonomy?uri=http://data.europa.eu/esco/concept-scheme/skills&language=en","uri":"http://data.europa.eu/esco/concept-scheme/skills","title":"ESCO skills"}],"hasSkillType":[{"href":"https://ec.europa.eu/esco/api/resource/concept?uri=http://data.europa.eu/esco/skill-type/skill&language=en","uri":"http://data.europa.eu/esco/skill-type/skill","title":"skill"}],"hasReuseLevel":[{"href":"https://ec.europa.eu/esco/api/resource/concept?uri=http://data.europa.eu/esco/skill-reuse-level/sector-specific&language=en","uri":"http://data.europa.eu/esco/skill-reuse-level/sector-specific","title":"sector specific skills and competences","code":"Level 3"}],"isEssentialForOccupation":[{"href":"https://ec.europa.eu/esco/api/resource/occupation?uri=http://data.europa.eu/esco/occupation/11695786-9fb7-4895-b161-0480419107e4&language=en","uri":"http://data.europa.eu/esco/occupation/11695786-9fb7-4895-b161-0480419107e4","title":"sports instructor"},{"href":"https://ec.europa.eu/esco/api/resource/occupation?uri=http://data.europa.eu/esco/occupation/b3086ad2-1f3c-4a60-9bdb-8b4746989d4b&language=en","uri":"http://data.europa.eu/esco/occupation/b3086ad2-1f3c-4a60-9bdb-8b4746989d4b","title":"tennis coach"},{"href":"https://ec.europa.eu/esco/api/resource/occupation?uri=http://data.europa.eu/esco/occupation/3e9c1262-4fe2-4eb1-bf94-4fe64498393a&language=en","uri":"http://data.europa.eu/esco/occupation/3e9c1262-4fe2-4eb1-bf94-4fe64498393a","title":"sports coach"},{"href":"https://ec.europa.eu/esco/api/resource/occupation?uri=http://data.europa.eu/esco/occupation/ceda6443-e1dd-4890-b018-42318e3abac2&language=en","uri":"http://data.europa.eu/esco/occupation/ceda6443-e1dd-4890-b018-42318e3abac2","title":"sophrologist"}],"isOptionalForOccupation":[{"href":"https://ec.europa.eu/esco/api/resource/occupation?uri=http://data.europa.eu/esco/occupation/0c3672ed-450b-4fcd-a3d0-579a10004486&language=en","uri":"http://data.europa.eu/esco/occupation/0c3672ed-450b-4fcd-a3d0-579a10004486","title":"horse riding instructor"},{"href":"https://ec.europa.eu/esco/api/resource/occupation?uri=http://data.europa.eu/esco/occupation/c2a29b8d-1042-4766-a162-e174c7a77421&language=en","uri":"http://data.europa.eu/esco/occupation/c2a29b8d-1042-4766-a162-e174c7a77421","title":"complementary therapist"},{"href":"https://ec.europa.eu/esco/api/resource/occupation?uri=http://data.europa.eu/esco/occupation/e777fb61-16f5-476b-8262-578edfdb4d9d&language=en","uri":"http://data.europa.eu/esco/occupation/e777fb61-16f5-476b-8262-578edfdb4d9d","title":"physical education vocational teacher"},{"href":"https://ec.europa.eu/esco/api/resource/occupation?uri=http://data.europa.eu/esco/occupation/5efb2c08-ba3a-4659-a2e4-1883f54e77b6&language=en","uri":"http://data.europa.eu/esco/occupation/5efb2c08-ba3a-4659-a2e4-1883f54e77b6","title":"secondary school teacher"},{"href":"https://ec.europa.eu/esco/api/resource/occupation?uri=http://data.europa.eu/esco/occupation/a10849c1-f0d8-4600-bca6-9549c2517650&language=en","uri":"http://data.europa.eu/esco/occupation/a10849c1-f0d8-4600-bca6-9549c2517650","title":"physical education teacher secondary school"}]},"_embedded":{}},{"className":"Skill","classId":"http://data.europa.eu/esco/model#Skill","uri":"http://data.europa.eu/esco/skill/3c779d7e-5b6f-4edf-bd0f-ee87a4b3719a","title":"provide specialist pharmaceutical care","referenceLanguage":["en"],"preferredLabel":{"de":"pharmazeutische Fachversorgung anbieten","no":"gi farmasøytisk spesialistomsorg","en-us":"provide specialist pharmaceutical care","fi":"antaa erikoislääkehoitoa","pt":"prestar cuidados especializados no domínio farmacêutico","bg":"предоставяне на специализирани фармацевтични грижи","lt":"teikti asmenims specializuotą pagalbą, susijusią su paskirtų vaistų naudojimu","lv":"nodrošināt specializētu farmaceitisko aprūpi","hr":"pružati specijalističku farmakološku skrb","fr":"fournir des soins pharmaceutiques spécialisés","hu":"gyógyszerészeti szakellátást nyújt","sk":"provide specialist pharmaceutical care","sl":"zagotavljati strokovno farmacevtsko oskrbo","ga":"sainchúram cógaisíochta a sholáthar","sv":"tillhandahålla stöd från farmaceutisk expert","mt":"forniment tal-kura farmaċewtika speċjalista","el":"παροχή εξειδικευμένης φαρμακευτικής φροντίδας","en":"provide specialist pharmaceutical care","is":"veitir lyfjafræðilegt sérfræðingaumönnun","it":"fornire un'assistenza farmaceutica specialistica","es":"proporcionar atención farmacéutica especializada","et":"ravimiabi farmaatsiaspetsialisti poolt pakkuma","cs":"poskytovat odbornou lékárenskou péči","ar":"يقدم الرعاية الصيدلانية المتخصصة","pl":"zapewniać specjalistyczną opiekę farmaceutyczną","da":"yde specialiseret farmaceutisk pleje","ro":"oferă îngrijiri farmaceutice de specialitate","nl":"gespecialiseerde farmaceutische zorg bieden"},"alternativeLabel":{"en":["provide pharmaceutical specialist care","provide specialized support for self-medicating patients","provide personalised support for patients who self-administer medication","provide specialised support for self-medicating patients"],"es":["ofrecer atención farmacéutica especializada"]},"description":{"en-us":{"literal":"Provide specialized personalized support for patients who administer their own medication.","mimetype":"plain/text"},"en":{"literal":"Provide specialised personalised support for patients who administer their own medication.","mimetype":"plain/text"}},"status":"released","_links":{"self":{"href":"https://ec.europa.eu/esco/api/resource/skill?uri=http://data.europa.eu/esco/skill/3c779d7e-5b6f-4edf-bd0f-ee87a4b3719a&language=en","uri":"http://data.europa.eu/esco/skill/3c779d7e-5b6f-4edf-bd0f-ee87a4b3719a","title":"provide specialist pharmaceutical care"},"isTopConceptInScheme":[{"href":"https://ec.europa.eu/esco/api/resource/taxonomy?uri=http://data.europa.eu/esco/concept-scheme/member-skills&language=en","uri":"http://data.europa.eu/esco/concept-scheme/member-skills","title":"ESCO member skills"},{"href":"https://ec.europa.eu/esco/api/resource/taxonomy?uri=http://data.europa.eu/esco/concept-scheme/skills&language=en","uri":"http://data.europa.eu/esco/concept-scheme/skills","title":"ESCO skills"}],"isInScheme":[{"href":"https://ec.europa.eu/esco/api/resource/taxonomy?uri=http://data.europa.eu/esco/concept-scheme/member-skills&language=en","uri":"http://data.europa.eu/esco/concept-scheme/member-skills","title":"ESCO member skills"},{"href":"https://ec.europa.eu/esco/api/resource/taxonomy?uri=http://data.europa.eu/esco/concept-scheme/skills&language=en","uri":"http://data.europa.eu/esco/concept-scheme/skills","title":"ESCO skills"}],"hasSkillType":[{"href":"https://ec.europa.eu/esco/api/resource/concept?uri=http://data.europa.eu/esco/skill-type/skill&language=en","uri":"http://data.europa.eu/esco/skill-type/skill","title":"skill"}],"hasReuseLevel":[{"href":"https://ec.europa.eu/esco/api/resource/concept?uri=http://data.europa.eu/esco/skill-reuse-level/sector-specific&language=en","uri":"http://data.europa.eu/esco/skill-reuse-level/sector-specific","title":"sector specific skills and competences","code":"Level 3"}],"isEssentialForOccupation":[{"href":"https://ec.europa.eu/esco/api/resource/occupation?uri=http://data.europa.eu/esco/occupation/5fd099da-218a-460e-bd5b-b42f1b76c67c&language=en","uri":"http://data.europa.eu/esco/occupation/5fd099da-218a-460e-bd5b-b42f1b76c67c","title":"hospital pharmacist"},{"href":"https://ec.europa.eu/esco/api/resource/occupation?uri=http://data.europa.eu/esco/occupation/8db28ebf-8818-4639-aa49-30324901836e&language=en","uri":"http://data.europa.eu/esco/occupation/8db28ebf-8818-4639-aa49-30324901836e","title":"specialist pharmacist"}]},"_embedded":{}},{"className":"Skill","classId":"http://data.europa.eu/esco/model#Skill","uri":"http://data.europa.eu/esco/skill/08f0af26-2178-40d2-9267-6d50a7346555","title":"combine business technology with user experience","referenceLanguage":["en"],"preferredLabel":{"de":"Unternehmenstechnologie mit Nutzererfahrungen koppeln","no":"kombinere forretningsteknologi med brukeropplevelse","en-us":"combine business technology with user experience","fi":"liittää liiketoimintateknologia käyttäjäkokemuksiin","pt":"combinar tecnologias empresariais com a experiência dos utilizadores","bg":"съчетаване на технологиите в бизнеса с потребителския опит","lt":"derinti verslo technologijas su vartotojų patirtimi","lv":"apvienot darījumdarbības tehnoloģijas ar lietotāja pieredzi","hr":"kombinirati poslovnu tehnologiju s korisničkim iskustvom","fr":"concilier la technologie d'une entreprise et le ressenti des utilisateurs","hu":"az üzleti technológiát felhasználói tapasztalattal ötvözi","sk":"kombinovať obchodnú technológiu so skúsenosťami používateľov","sl":"združevati poslovno tehnologijo z uporabniškimi izkušnjami","ga":"teicneolaíocht gnó agus eispéireas úsáideoirí a thabhairt le chéile","sv":"kombinera affärsteknik med användarupplevelse","el":"συνδυασμός της τεχνολογίας των επιχειρήσεων με την εμπειρία του χρήστη","mt":"kombinazzjoni tat-teknoloġija tan-negozju mal-esperjenza tal-utenti","en":"combine business technology with user experience","is":"tengir viðskiptatækni saman við reynslu notenda","it":"combinare la tecnologia aziendale con l'esperienza degli utenti","es":"combinar la tecnología empresarial y la experiencia del cliente","et":"äritehnoloogiat kasutajakogemusega ühendama","cs":"kombinovat podnikové technologie se zkušenostmi uživatelů","ar":"يدمج تكنولوجيا الأعمال وخبرة المستخدم","pl":"łączyć technologie biznesowe z doświadczeniami użytkowników","da":"kombinere forretningsteknologi med brugererfaring","ro":"combină tehnologia de afaceri cu experiența utilizatorului","nl":"bedrijfstechnologie met gebruikerservaring combineren"},"alternativeLabel":{"en":["combining business technology and user experience","combine industry technology with user experience","combine sector technology with user experience"]},"description":{"en-us":{"literal":"analyze and exploit the points where technology, user experience, and business meet in order to create and develop new products.","mimetype":"plain/text"},"en":{"literal":"Analyse and exploit the points where technology, user experience, and business meet in order to create and develop new products.","mimetype":"plain/text"}},"status":"released","_links":{"self":{"href":"https://ec.europa.eu/esco/api/resource/skill?uri=http://data.europa.eu/esco/skill/08f0af26-2178-40d2-9267-6d50a7346555&language=en","uri":"http://data.europa.eu/esco/skill/08f0af26-2178-40d2-9267-6d50a7346555","title":"combine business technology with user experience"},"isTopConceptInScheme":[{"href":"https://ec.europa.eu/esco/api/resource/taxonomy?uri=http://data.europa.eu/esco/concept-scheme/member-skills&language=en","uri":"http://data.europa.eu/esco/concept-scheme/member-skills","title":"ESCO member skills"},{"href":"https://ec.europa.eu/esco/api/resource/taxonomy?uri=http://data.europa.eu/esco/concept-scheme/skills&language=en","uri":"http://data.europa.eu/esco/concept-scheme/skills","title":"ESCO skills"}],"isInScheme":[{"href":"https://ec.europa.eu/esco/api/resource/taxonomy?uri=http://data.europa.eu/esco/concept-scheme/member-skills&language=en","uri":"http://data.europa.eu/esco/concept-scheme/member-skills","title":"ESCO member skills"},{"href":"https://ec.europa.eu/esco/api/resource/taxonomy?uri=http://data.europa.eu/esco/concept-scheme/skills&language=en","uri":"http://data.europa.eu/esco/concept-scheme/skills","title":"ESCO skills"}],"hasSkillType":[{"href":"https://ec.europa.eu/esco/api/resource/concept?uri=http://data.europa.eu/esco/skill-type/skill&language=en","uri":"http://data.europa.eu/esco/skill-type/skill","title":"skill"}],"hasReuseLevel":[{"href":"https://ec.europa.eu/esco/api/resource/concept?uri=http://data.europa.eu/esco/skill-reuse-level/sector-specific&language=en","uri":"http://data.europa.eu/esco/skill-reuse-level/sector-specific","title":"sector specific skills and competences","code":"Level 3"}],"isEssentialForOccupation":[{"href":"https://ec.europa.eu/esco/api/resource/occupation?uri=http://data.europa.eu/esco/occupation/9f508305-80ce-4111-8722-f2c9b4a44890&language=en","uri":"http://data.europa.eu/esco/occupation/9f508305-80ce-4111-8722-f2c9b4a44890","title":"product manager"},{"href":"https://ec.europa.eu/esco/api/resource/occupation?uri=http://data.europa.eu/esco/occupation/1488589a-7b83-471d-b094-492f5616f4e0&language=en","uri":"http://data.europa.eu/esco/occupation/1488589a-7b83-471d-b094-492f5616f4e0","title":"product development manager"}]},"_embedded":{}},{"className":"Skill","classId":"http://data.europa.eu/esco/model#Skill","uri":"http://data.europa.eu/esco/skill/bdc65e93-5949-4682-9b75-d36f4bf084c2","title":"mashing process","referenceLanguage":["en"],"preferredLabel":{"no":"moseprosess","de":"Maischverfahren","en-us":"mashing process","fi":"mäskäysprosessi","pt":"processo de brassagem","bg":"процес на майшуване","lt":"trynimo procesas","hr":"postupak ukomljavanja","lv":"iejavošanas process","fr":"processus de brassage","hu":"cefrézési folyamat","sk":"rmutovanie","sl":"postopek drozganja","ga":"próiseas maistreáin","sv":"mäskning","el":"διεργασία πολτοποίησης","mt":"proċess tal-immaxxjar","en":"mashing process","is":"marningsferli","it":"processo di ammostatura","es":"proceso de maceración","et":"meskimisprotsess","cs":"proces rozmačkání","ar":"عملية الهرس","pl":"proces zacierania","ro":"proces de brasaj","da":"mæskning","nl":"pureerproces"},"alternativeLabel":{"de":["Maischprozess"],"sl":["drozganje"],"en":["mashing processes","mashing operation","the mashing process","a mashing process","mashing system","mashing procedure","mashing mechanism"],"es":["maceración","macerar","gestionar el proceso de maceración"]},"description":{"en-us":{"literal":"Managing the mashing process and understanding its influence on wort quality and character of the finished fermented beverage.","mimetype":"plain/text"},"en":{"literal":"Managing the mashing process and understanding its influence on wort quality and character of the finished fermented beverage.","mimetype":"plain/text"}},"status":"released","_links":{"self":{"href":"https://ec.europa.eu/esco/api/resource/skill?uri=http://data.europa.eu/esco/skill/bdc65e93-5949-4682-9b75-d36f4bf084c2&language=en","uri":"http://data.europa.eu/esco/skill/bdc65e93-5949-4682-9b75-d36f4bf084c2","title":"mashing process"},"isTopConceptInScheme":[{"href":"https://ec.europa.eu/esco/api/resource/taxonomy?uri=http://data.europa.eu/esco/concept-scheme/skills&language=en","uri":"http://data.europa.eu/esco/concept-scheme/skills","title":"ESCO skills"},{"href":"https://ec.europa.eu/esco/api/resource/taxonomy?uri=http://data.europa.eu/esco/concept-scheme/member-skills&language=en","uri":"http://data.europa.eu/esco/concept-scheme/member-skills","title":"ESCO member skills"}],"isInScheme":[{"href":"https://ec.europa.eu/esco/api/resource/taxonomy?uri=http://data.europa.eu/esco/concept-scheme/skills&language=en","uri":"http://data.europa.eu/esco/concept-scheme/skills","title":"ESCO skills"},{"href":"https://ec.europa.eu/esco/api/resource/taxonomy?uri=http://data.europa.eu/esco/concept-scheme/member-skills&language=en","uri":"http://data.europa.eu/esco/concept-scheme/member-skills","title":"ESCO member skills"}],"hasSkillType":[{"href":"https://ec.europa.eu/esco/api/resource/concept?uri=http://data.europa.eu/esco/skill-type/knowledge&language=en","uri":"http://data.europa.eu/esco/skill-type/knowledge","title":"knowledge"}],"hasReuseLevel":[{"href":"https://ec.europa.eu/esco/api/resource/concept?uri=http://data.europa.eu/esco/skill-reuse-level/sector-specific&language=en","uri":"http://data.europa.eu/esco/skill-reuse-level/sector-specific","title":"sector specific skills and competences","code":"Level 3"}],"isEssentialForOccupation":[{"href":"https://ec.europa.eu/esco/api/resource/occupation?uri=http://data.europa.eu/esco/occupation/1e3c569b-e7ef-46b4-943a-2768a9969961&language=en","uri":"http://data.europa.eu/esco/occupation/1e3c569b-e7ef-46b4-943a-2768a9969961","title":"brew house operator"},{"href":"https://ec.europa.eu/esco/api/resource/occupation?uri=http://data.europa.eu/esco/occupation/7cd070f5-b5dd-4228-bdcf-0419dbacfcf4&language=en","uri":"http://data.europa.eu/esco/occupation/7cd070f5-b5dd-4228-bdcf-0419dbacfcf4","title":"distillery miller"},{"href":"https://ec.europa.eu/esco/api/resource/occupation?uri=http://data.europa.eu/esco/occupation/95cd3d64-20d0-4681-857d-d6c63d07349f&language=en","uri":"http://data.europa.eu/esco/occupation/95cd3d64-20d0-4681-857d-d6c63d07349f","title":"brewmaster"},{"href":"https://ec.europa.eu/esco/api/resource/occupation?uri=http://data.europa.eu/esco/occupation/d2df16f3-87d7-4c6e-a640-95cee39a8f4e&language=en","uri":"http://data.europa.eu/esco/occupation/d2df16f3-87d7-4c6e-a640-95cee39a8f4e","title":"cider master"},{"href":"https://ec.europa.eu/esco/api/resource/occupation?uri=http://data.europa.eu/esco/occupation/e3713dd7-572d-4c6c-87ec-1944b3572175&language=en","uri":"http://data.europa.eu/esco/occupation/e3713dd7-572d-4c6c-87ec-1944b3572175","title":"cider fermentation operator"}]},"_embedded":{}},{"className":"Skill","classId":"http://data.europa.eu/esco/model#Skill","uri":"http://data.europa.eu/esco/skill/f3f985c8-6bd4-4413-9036-1c131b532a66","title":"wort fining process","referenceLanguage":["en"],"preferredLabel":{"no":"urteraffineringsprosess","de":"Klärungsprozess der Würze","en-us":"wort fining process","fi":"vierteen puhdistusprosessi","pt":"processo de clarificação do mosto","bg":"отделяне на горещите утайки от пивната мъст","lt":"misos valymo procesas","hr":"pročišćivanje mladoga piva","lv":"misas filtrēšana","fr":"processus de finition du moût","hu":"sörléfinomítási folyamat","sk":"proces čírenia mladiny","sl":"postopek filtracije pivine","ga":"próiseas mínithe braichlise","sv":"vörtklarning","el":"διαδικασία αποστείρωσης του ζυθογλεύκους","mt":"proċess tal-irfinar tal-estratt tax-xgħir","en":"wort fining process","is":"fellingarferli maltvökva","it":"processo di affinamento del mosto","es":"clarificación del mosto","et":"virdepuhastusprotsess","cs":"proces pročišťování mladiny","ar":"عملية تنقية النبتة","pl":"proces oczyszczania brzeczki","ro":"procedeu de cleire a mustului","da":"urtklaring","nl":"proces voor het verfijnen van wort"},"alternativeLabel":{"bg":["филтриране на пивната мъст"],"en":["wort fining operation","wort fining practice","wort fining procedure","wort fining processes","a wort fining process"],"ga":["próiseas gléghlanta braichlise"],"hu":["cefrefinomítási folyamat"]},"description":{"en-us":{"literal":"Transfer of the wort from the wort copper to the whirlpool to clean the wort of undissolved hops and protein flocks and ready it for cooling.","mimetype":"plain/text"},"en":{"literal":"Transfer of the wort from the wort copper to the whirlpool to clean the wort of undissolved hops and protein flocks and ready it for cooling.","mimetype":"plain/text"}},"status":"released","_links":{"self":{"href":"https://ec.europa.eu/esco/api/resource/skill?uri=http://data.europa.eu/esco/skill/f3f985c8-6bd4-4413-9036-1c131b532a66&language=en","uri":"http://data.europa.eu/esco/skill/f3f985c8-6bd4-4413-9036-1c131b532a66","title":"wort fining process"},"isTopConceptInScheme":[{"href":"https://ec.europa.eu/esco/api/resource/taxonomy?uri=http://data.europa.eu/esco/concept-scheme/member-skills&language=en","uri":"http://data.europa.eu/esco/concept-scheme/member-skills","title":"ESCO member skills"},{"href":"https://ec.europa.eu/esco/api/resource/taxonomy?uri=http://data.europa.eu/esco/concept-scheme/skills&language=en","uri":"http://data.europa.eu/esco/concept-scheme/skills","title":"ESCO skills"}],"isInScheme":[{"href":"https://ec.europa.eu/esco/api/resource/taxonomy?uri=http://data.europa.eu/esco/concept-scheme/member-skills&language=en","uri":"http://data.europa.eu/esco/concept-scheme/member-skills","title":"ESCO member skills"},{"href":"https://ec.europa.eu/esco/api/resource/taxonomy?uri=http://data.europa.eu/esco/concept-scheme/skills&language=en","uri":"http://data.europa.eu/esco/concept-scheme/skills","title":"ESCO skills"}],"hasSkillType":[{"href":"https://ec.europa.eu/esco/api/resource/concept?uri=http://data.europa.eu/esco/skill-type/knowledge&language=en","uri":"http://data.europa.eu/esco/skill-type/knowledge","title":"knowledge"}],"hasReuseLevel":[{"href":"https://ec.europa.eu/esco/api/resource/concept?uri=http://data.europa.eu/esco/skill-reuse-level/sector-specific&language=en","uri":"http://data.europa.eu/esco/skill-reuse-level/sector-specific","title":"sector specific skills and competences","code":"Level 3"}],"isEssentialForOccupation":[{"href":"https://ec.europa.eu/esco/api/resource/occupation?uri=http://data.europa.eu/esco/occupation/1e3c569b-e7ef-46b4-943a-2768a9969961&language=en","uri":"http://data.europa.eu/esco/occupation/1e3c569b-e7ef-46b4-943a-2768a9969961","title":"brew house operator"},{"href":"https://ec.europa.eu/esco/api/resource/occupation?uri=http://data.europa.eu/esco/occupation/95cd3d64-20d0-4681-857d-d6c63d07349f&language=en","uri":"http://data.europa.eu/esco/occupation/95cd3d64-20d0-4681-857d-d6c63d07349f","title":"brewmaster"}]},"_embedded":{}},{"className":"Skill","classId":"http://data.europa.eu/esco/model#Skill","uri":"http://data.europa.eu/esco/skill/3664c22d-ade8-4bdf-9827-95f0d2fe3131","title":"install drop ceiling","referenceLanguage":["en"],"preferredLabel":{"no":"installere falltak","de":"Unterdecke anbringen","fi":"asentaa laskettu sisäkatto","en-us":"install drop ceiling","pt":"instalar teto falso","bg":"монтиране на окачени тавани","lt":"įrengti pakabinamąsias lubas","hr":"postavljati spuštene stropove","lv":"uzstādīt iekaramos griestus","fr":"installer un plafond suspendu","hu":"álmennyezetet készít","sk":"inštalovať znížený strop","sl":"nameščati spuščene strope","ga":"síleáil chrochta a shuiteáil","sv":"installera undertak","el":"εγκατάσταση ψευδοροφής","mt":"installazzjoni ta’ soffitti","en":"install drop ceiling","is":"setur upp falskt loft","it":"installare i controsoffitti sospesi","es":"instalar placas de falso techo","et":"ripplage paigaldama","cs":"instalovat snížený podhled","ar":"يركب السقف المعلق","pl":"instalować sufity podwieszane","da":"montere forsænket loft","ro":"instalează plafoane suspendate","nl":"verlaagd plafond installeren"},"alternativeLabel":{"de":["abgehängte Decke anbringen"],"en":["false ceiling installing","false ceiling installation","drop ceiling installing","installing drop ceiling","installing false ceiling","installation of false ceiling","drop ceiling installation","installation of drop ceiling"],"nl":["vals plafond plaatsen","vals plafond installeren","verlaagd plafond plaatsen"],"es":["instalar techo falso","instalar placas de techo desmontables"]},"description":{"en-us":{"literal":"Lay standard size ceiling tiles on prepared profiles separated from the original ceiling to leave space between the two.","mimetype":"plain/text"},"en":{"literal":"Lay standard size ceiling tiles on prepared profiles separated from the original ceiling to leave space between the two.","mimetype":"plain/text"}},"status":"released","_links":{"self":{"href":"https://ec.europa.eu/esco/api/resource/skill?uri=http://data.europa.eu/esco/skill/3664c22d-ade8-4bdf-9827-95f0d2fe3131&language=en","uri":"http://data.europa.eu/esco/skill/3664c22d-ade8-4bdf-9827-95f0d2fe3131","title":"install drop ceiling"},"isTopConceptInScheme":[{"href":"https://ec.europa.eu/esco/api/resource/taxonomy?uri=http://data.europa.eu/esco/concept-scheme/member-skills&language=en","uri":"http://data.europa.eu/esco/concept-scheme/member-skills","title":"ESCO member skills"},{"href":"https://ec.europa.eu/esco/api/resource/taxonomy?uri=http://data.europa.eu/esco/concept-scheme/skills&language=en","uri":"http://data.europa.eu/esco/concept-scheme/skills","title":"ESCO skills"}],"isInScheme":[{"href":"https://ec.europa.eu/esco/api/resource/taxonomy?uri=http://data.europa.eu/esco/concept-scheme/member-skills&language=en","uri":"http://data.europa.eu/esco/concept-scheme/member-skills","title":"ESCO member skills"},{"href":"https://ec.europa.eu/esco/api/resource/taxonomy?uri=http://data.europa.eu/esco/concept-scheme/skills&language=en","uri":"http://data.europa.eu/esco/concept-scheme/skills","title":"ESCO skills"}],"hasSkillType":[{"href":"https://ec.europa.eu/esco/api/resource/concept?uri=http://data.europa.eu/esco/skill-type/skill&language=en","uri":"http://data.europa.eu/esco/skill-type/skill","title":"skill"}],"hasReuseLevel":[{"href":"https://ec.europa.eu/esco/api/resource/concept?uri=http://data.europa.eu/esco/skill-reuse-level/sector-specific&language=en","uri":"http://data.europa.eu/esco/skill-reuse-level/sector-specific","title":"sector specific skills and competences","code":"Level 3"}],"isEssentialForOccupation":[{"href":"https://ec.europa.eu/esco/api/resource/occupation?uri=http://data.europa.eu/esco/occupation/41a8e7c8-e1d8-4984-9b3c-dbbad1699f83&language=en","uri":"http://data.europa.eu/esco/occupation/41a8e7c8-e1d8-4984-9b3c-dbbad1699f83","title":"ceiling installer"}],"isOptionalForOccupation":[{"href":"https://ec.europa.eu/esco/api/resource/occupation?uri=http://data.europa.eu/esco/occupation/b2dab4fb-b7f7-4f57-94b2-9c0f0848564a&language=en","uri":"http://data.europa.eu/esco/occupation/b2dab4fb-b7f7-4f57-94b2-9c0f0848564a","title":"insulation worker"},{"href":"https://ec.europa.eu/esco/api/resource/occupation?uri=http://data.europa.eu/esco/occupation/0181835d-dd00-49e2-9fc4-e1382a65957f&language=en","uri":"http://data.europa.eu/esco/occupation/0181835d-dd00-49e2-9fc4-e1382a65957f","title":"insulation supervisor"}]},"_embedded":{}},{"className":"Skill","classId":"http://data.europa.eu/esco/model#Skill","uri":"http://data.europa.eu/esco/skill/b013ae1f-5efc-42b5-8dab-8a8add39bbd8","title":"enforce fuel storage regulations","referenceLanguage":["en"],"preferredLabel":{"no":"håndheve lover for drivstofflager","de":"Vorschriften für die Kraft- und Brennstofflagerung durchsetzen","en-us":"enforce fuel storage regulations","fi":"valvoa polttoaineiden varastointimääräyksiä","pt":"aplicar a regulamentação relativa à armazenagem de combustível","bg":"прилагане на правилата за съхранение на гориво","lt":"užtikrinti, kad būtų taikomos degalų laikymo taisyklės","hr":"provoditi propise o skladištenju goriva","lv":"piemērot degvielas uzglabāšanas noteikumus","fr":"appliquer la législation sur le stockage de carburant","hu":"üzemanyag-tárolási előírásokat érvényesít","sk":"presadzovať nariadenia v oblasti uskladnenia pohonných látok","sl":"izvajati predpise o shranjevanju goriva","ga":"rialacháin a fhorfheidhmiú maidir le stóráil breosla","sv":"upprätthålla bestämmelser för bränslelagring","el":"επιβολή κανονισμών για την αποθήκευση καυσίμων","mt":"infurzar tar-regolamenti dwar il-ħżin tal-fjuwil","en":"enforce fuel storage regulations","is":"framfylgir reglugerðum um geymslu eldsneytis","it":"applicare le norme relative allo stoccaggio del combustibile","es":"hacer cumplir la normativa sobre el almacenamiento de combustible","et":"kütuste ladustamise nõudeid rakendama","cs":"prosazovat dodržování předpisů týkajících se skladování pohonných hmot","ar":"يفرض لوائح تخزين الوقود","pl":"egzekwować przestrzeganie przepisów w zakresie składowania paliwa","ro":"implementează reglementări privind depozitarea combustibililor","da":"håndhæve forskrifter for opbevaring af brændstof","nl":"bepalingen inzake opslag van brandstoffen handhaven"},"alternativeLabel":{"fi":["valvoa polttoaineiden varastointimääräysten noudattamista"],"en":["apply fuel storage regulations","fuel storage regulations enforcement","enforcing fuel storage regulations","carry out fuel storage regulations","implement fuel storage regulations","impose fuel storage regulations"],"ro":["asigură aplicarea reglementărilor privind depozitarea carburanților"],"es":["ejecutar la normativa sobre el almacenamiento de combustible","aplicar la normativa sobre el almacenamiento de combustible"],"nl":["bepalingen inzake opslag van brandstoffen afdwingen"]},"description":{"en-us":{"literal":"Enforce fuel storage regulations, in accordance with governmental and environmental policies and regulations.","mimetype":"plain/text"},"en":{"literal":"Enforce fuel storage regulations, in accordance with governmental and environmental policies and regulations.","mimetype":"plain/text"}},"status":"released","_links":{"self":{"href":"https://ec.europa.eu/esco/api/resource/skill?uri=http://data.europa.eu/esco/skill/b013ae1f-5efc-42b5-8dab-8a8add39bbd8&language=en","uri":"http://data.europa.eu/esco/skill/b013ae1f-5efc-42b5-8dab-8a8add39bbd8","title":"enforce fuel storage regulations"},"isTopConceptInScheme":[{"href":"https://ec.europa.eu/esco/api/resource/taxonomy?uri=http://data.europa.eu/esco/concept-scheme/skills&language=en","uri":"http://data.europa.eu/esco/concept-scheme/skills","title":"ESCO skills"},{"href":"https://ec.europa.eu/esco/api/resource/taxonomy?uri=http://data.europa.eu/esco/concept-scheme/member-skills&language=en","uri":"http://data.europa.eu/esco/concept-scheme/member-skills","title":"ESCO member skills"}],"isInScheme":[{"href":"https://ec.europa.eu/esco/api/resource/taxonomy?uri=http://data.europa.eu/esco/concept-scheme/skills&language=en","uri":"http://data.europa.eu/esco/concept-scheme/skills","title":"ESCO skills"},{"href":"https://ec.europa.eu/esco/api/resource/taxonomy?uri=http://data.europa.eu/esco/concept-scheme/member-skills&language=en","uri":"http://data.europa.eu/esco/concept-scheme/member-skills","title":"ESCO member skills"}],"hasSkillType":[{"href":"https://ec.europa.eu/esco/api/resource/concept?uri=http://data.europa.eu/esco/skill-type/skill&language=en","uri":"http://data.europa.eu/esco/skill-type/skill","title":"skill"}],"hasReuseLevel":[{"href":"https://ec.europa.eu/esco/api/resource/concept?uri=http://data.europa.eu/esco/skill-reuse-level/sector-specific&language=en","uri":"http://data.europa.eu/esco/skill-reuse-level/sector-specific","title":"sector specific skills and competences","code":"Level 3"}],"isEssentialForOccupation":[{"href":"https://ec.europa.eu/esco/api/resource/occupation?uri=http://data.europa.eu/esco/occupation/f07aab15-c7e8-49a4-a8dd-221d9cf3a925&language=en","uri":"http://data.europa.eu/esco/occupation/f07aab15-c7e8-49a4-a8dd-221d9cf3a925","title":"fuel station manager"},{"href":"https://ec.europa.eu/esco/api/resource/occupation?uri=http://data.europa.eu/esco/occupation/b0473a10-e3de-480c-a841-171f2356a074&language=en","uri":"http://data.europa.eu/esco/occupation/b0473a10-e3de-480c-a841-171f2356a074","title":"aviation inspector"}],"isOptionalForOccupation":[{"href":"https://ec.europa.eu/esco/api/resource/occupation?uri=http://data.europa.eu/esco/occupation/aac62c63-b6bf-4387-8ba3-75a487f25824&language=en","uri":"http://data.europa.eu/esco/occupation/aac62c63-b6bf-4387-8ba3-75a487f25824","title":"steam turbine operator"}]},"_embedded":{}}]}}