{"total":8196,"offset":271,"limit":20,"language":"en","uri":"http://data.europa.eu/esco/concept-scheme/skills","relation":"hasTopConcept","_links":{"self":{"href":"https://ec.europa.eu/esco/api/resource/related?uri=http://data.europa.eu/esco/concept-scheme/skills&relation=hasTopConcept&limit=20&offset=271&language=en&full=true"},"prev":{"href":"https://ec.europa.eu/esco/api/resource/related?uri=http://data.europa.eu/esco/concept-scheme/skills&relation=hasTopConcept&limit=20&offset=270&language=en&full=true"},"next":{"href":"https://ec.europa.eu/esco/api/resource/related?uri=http://data.europa.eu/esco/concept-scheme/skills&relation=hasTopConcept&limit=20&offset=272&language=en&full=true"}},"_embedded":{"hasTopConcept":[{"className":"Skill","classId":"http://data.europa.eu/esco/model#Skill","uri":"http://data.europa.eu/esco/skill/8f849584-2326-4e7b-9a3e-d40d7cdb729f","title":"operate train integrated electronic control centre","referenceLanguage":["en"],"preferredLabel":{"de":"integrierte elektronische Leitstellen für Züge bedienen","no":"betjene integrert elektronisk togkontrollsenter","en-us":"operate train integrated electronic control center","fi":"käyttää junaan integroitua elektronista ohjauskeskusta","pt":"operar centros de controlo eletrónico integrados ferroviários","bg":"управляване на железопътни интегрирани електронни контролни центрове","lt":"eksploatuoti traukiniuose įrengtas elektronines dispečerines","hr":"upravljati elektroničkim kontrolnim centrom ugrađenim u vlakove","lv":"lietot vilciena integrēto elektroniskās vadības centru","fr":"utiliser un centre de contrôle électronique intégré","hu":"vonatba beépített elektronikus vezérlőközpontot működtet","sk":"obsluhovať integrované elektronické kontrolné centrum vlakov","sl":"upravljati integrirani center za elektronski nadzor in vodenje železniškega prometa","ga":"ionad comhtháite rialaithe leictreonaigh traenacha a oibriú","sv":"arbeta i integrerade elektroniska fjärrstyrningscentraler för tågtrafik","el":"χειρισμός ενιαίου κέντρου ηλεκτρονικού ελέγχου αμαξοστοιχιών","mt":"tħaddim taċ-ċentri tal-kontroll elettroniku integrat tal-ferroviji","en":"operate train integrated electronic control centre","is":"stjórnar innfelldri rafrænni lestastjórnmiðstöð","it":"gestire il centro di controllo elettronico integrato nel treno","es":"operar un centro de control electrónico integrado ferroviario","et":"integreeritud elektroonilist rongijuhtimiskeskust haldama","cs":"obsluhovat vlakové elektronické řídicí centrum","ar":"يشغل مركز تحكم إلكتروني متكامل يتحكم بحركة القطار","pl":"obsługiwać elektroniczne centrum sterowania zintegrowane z pociągiem","ro":"operează centrul de control integrat electronic al trenurilor","da":"betjene togintegreret elektronisk kontrolcenter","nl":"geïntegreerd elektronisch controlecentrum voor treinen bedienen"},"alternativeLabel":{"en":["operate integrated electronic control centres for trains","perform integrated electronic control centre operations","undertake integrated electronic control centre operations","conduct integrated electronic control centre activities","execute integrated electronic control centre operations","operate rail integrated electronic control centre","operate railway integrated electronic control centre","operate integrated electronic centres for railways","operate train electronic integrated control centre","carry out integrated electronic control centre operations"],"es":["trabajar un centro de control electrónico integrado ferroviario","implementar un centro de control electrónico integrado ferroviario"]},"description":{"en-us":{"literal":"Operate integrated electronic control centers where signalers apply modern-day technological operating systems and equipment to control train progression over long stretches of railway track.","mimetype":"plain/text"},"en":{"literal":"Operate integrated electronic control centres where signallers apply modern-day technological operating systems and equipment to control train progression over long stretches of railway track.","mimetype":"plain/text"}},"status":"released","_links":{"self":{"href":"https://ec.europa.eu/esco/api/resource/skill?uri=http://data.europa.eu/esco/skill/8f849584-2326-4e7b-9a3e-d40d7cdb729f&language=en","uri":"http://data.europa.eu/esco/skill/8f849584-2326-4e7b-9a3e-d40d7cdb729f","title":"operate train integrated electronic control centre"},"isTopConceptInScheme":[{"href":"https://ec.europa.eu/esco/api/resource/taxonomy?uri=http://data.europa.eu/esco/concept-scheme/skills&language=en","uri":"http://data.europa.eu/esco/concept-scheme/skills","title":"ESCO skills"},{"href":"https://ec.europa.eu/esco/api/resource/taxonomy?uri=http://data.europa.eu/esco/concept-scheme/member-skills&language=en","uri":"http://data.europa.eu/esco/concept-scheme/member-skills","title":"ESCO member skills"}],"isInScheme":[{"href":"https://ec.europa.eu/esco/api/resource/taxonomy?uri=http://data.europa.eu/esco/concept-scheme/skills&language=en","uri":"http://data.europa.eu/esco/concept-scheme/skills","title":"ESCO skills"},{"href":"https://ec.europa.eu/esco/api/resource/taxonomy?uri=http://data.europa.eu/esco/concept-scheme/member-skills&language=en","uri":"http://data.europa.eu/esco/concept-scheme/member-skills","title":"ESCO member skills"}],"hasSkillType":[{"href":"https://ec.europa.eu/esco/api/resource/concept?uri=http://data.europa.eu/esco/skill-type/skill&language=en","uri":"http://data.europa.eu/esco/skill-type/skill","title":"skill"}],"hasReuseLevel":[{"href":"https://ec.europa.eu/esco/api/resource/concept?uri=http://data.europa.eu/esco/skill-reuse-level/occupation-specific&language=en","uri":"http://data.europa.eu/esco/skill-reuse-level/occupation-specific","title":"occupation specific skills and competences","code":"Level 4"}],"isEssentialForOccupation":[{"href":"https://ec.europa.eu/esco/api/resource/occupation?uri=http://data.europa.eu/esco/occupation/f643bff3-74ef-48d1-b033-820e2d8659e9&language=en","uri":"http://data.europa.eu/esco/occupation/f643bff3-74ef-48d1-b033-820e2d8659e9","title":"rail traffic controller"}]},"_embedded":{}},{"className":"Skill","classId":"http://data.europa.eu/esco/model#Skill","uri":"http://data.europa.eu/esco/skill/218cc765-9451-4538-bab5-871603217c57","title":"propose projects to artist","referenceLanguage":["en"],"preferredLabel":{"no":"foreslå prosjekter til artist","de":"Künstlern Projekte vorschlagen","fi":"ehdottaa projekteja taiteilijoille","en-us":"propose projects to artist","pt":"propor projetos aos artistas","bg":"предлагане на проекти на артист","lt":"siūlyti atlikėjams dalyvauti projektuose","lv":"ieteikt māksliniekiem projektus","hr":"predlagati projekte umjetniku","fr":"proposer des projets à un artiste","hu":"művészek részére projekteket javasol","sk":"navrhovať projekty umelcom","sl":"predlagati projekte umetniku","ga":"tionscadail a mholadh d'ealaíontóirí","sv":"föreslå projekt till artister","mt":"għoti ta’ proposti ta’ proġetti lill-artisti","el":"υπόδειξη έργων στον καλλιτέχνη","en":"propose projects to artist","is":"býður listamanni verkefni","it":"proporre progetti all'artista","es":"proponer proyectos a artistas","et":"kunstnikule projekte pakkuma","cs":"navrhovat projekty umělcům","ar":"يقترح مشاريع للفنان","pl":"przedstawiać artystom propozycje udziału w projektach","da":"foreslå projekter for en kunstner","ro":"propune proiecte artiștilor","nl":"projecten aan artiesten voorstellen"},"alternativeLabel":{"en":["recommend projects to artist","propose project to artist","suggest projects to artist","indicate projects to artist","proposing projects to artist"],"es":["encontrar el mejor proyecto para cada artista","presentar proyectos a artistas","identificar el mejor proyecto para cada artista","identificar el proyecto más apropiado para cada artista","encontrar el proyecto más apropiado para cada artista"]},"description":{"en-us":{"literal":"Find projects suitable for the artist's abilities and needs, propose them to artist, and consult on contracts.","mimetype":"plain/text"},"en":{"literal":"Find projects suitable for the artist's abilities and needs, propose them to artist, and consult on contracts.","mimetype":"plain/text"}},"status":"released","_links":{"self":{"href":"https://ec.europa.eu/esco/api/resource/skill?uri=http://data.europa.eu/esco/skill/218cc765-9451-4538-bab5-871603217c57&language=en","uri":"http://data.europa.eu/esco/skill/218cc765-9451-4538-bab5-871603217c57","title":"propose projects to artist"},"isTopConceptInScheme":[{"href":"https://ec.europa.eu/esco/api/resource/taxonomy?uri=http://data.europa.eu/esco/concept-scheme/member-skills&language=en","uri":"http://data.europa.eu/esco/concept-scheme/member-skills","title":"ESCO member skills"},{"href":"https://ec.europa.eu/esco/api/resource/taxonomy?uri=http://data.europa.eu/esco/concept-scheme/skills&language=en","uri":"http://data.europa.eu/esco/concept-scheme/skills","title":"ESCO skills"}],"isInScheme":[{"href":"https://ec.europa.eu/esco/api/resource/taxonomy?uri=http://data.europa.eu/esco/concept-scheme/member-skills&language=en","uri":"http://data.europa.eu/esco/concept-scheme/member-skills","title":"ESCO member skills"},{"href":"https://ec.europa.eu/esco/api/resource/taxonomy?uri=http://data.europa.eu/esco/concept-scheme/skills&language=en","uri":"http://data.europa.eu/esco/concept-scheme/skills","title":"ESCO skills"}],"hasSkillType":[{"href":"https://ec.europa.eu/esco/api/resource/concept?uri=http://data.europa.eu/esco/skill-type/skill&language=en","uri":"http://data.europa.eu/esco/skill-type/skill","title":"skill"}],"hasReuseLevel":[{"href":"https://ec.europa.eu/esco/api/resource/concept?uri=http://data.europa.eu/esco/skill-reuse-level/occupation-specific&language=en","uri":"http://data.europa.eu/esco/skill-reuse-level/occupation-specific","title":"occupation specific skills and competences","code":"Level 4"}],"isOptionalForOccupation":[{"href":"https://ec.europa.eu/esco/api/resource/occupation?uri=http://data.europa.eu/esco/occupation/c85e39a4-2c40-413f-a171-45907ecdd599&language=en","uri":"http://data.europa.eu/esco/occupation/c85e39a4-2c40-413f-a171-45907ecdd599","title":"talent agent"}]},"_embedded":{}},{"className":"Skill","classId":"http://data.europa.eu/esco/model#Skill","uri":"http://data.europa.eu/esco/skill/032b0bed-22b1-456b-8009-91e6b838fe45","title":"geological mapping","referenceLanguage":["en"],"preferredLabel":{"no":"geologisk kartlegging","de":"geologische Kartografie","en-us":"geological mapping","fi":"geologinen kartoitus","pt":"cartografia geológica","bg":"геоложко картографиране","lt":"geologinės nuotraukos","hr":"geološko kartiranje","lv":"ģeoloģiskā kartēšana","fr":"cartographie géologique","hu":"földtani térképészet","sk":"geologické mapovanie","sl":"geološko kartiranje","ga":"léarscáiliú geolaíoch","sv":"geologisk kartläggning","mt":"immappjar ġeoloġiku","el":"γεωλογική χαρτογράφηση","en":"geological mapping","is":"jarðfræðikortlagning","it":"mappatura geologica","es":"cartografía geológica","et":"geoloogiline kaardistamine","cs":"geologické mapování","ar":"رسم الخرائط الجيولوجية","pl":"kartografia geologiczna","da":"geologisk kortlægning","ro":"cartografiere geologică","nl":"geologische cartografie"},"alternativeLabel":{"de":["geologische Kartographie","geologische Kartierung"],"bg":["съставяне на геоложки карти"],"en":["geological map","geologic mapping"],"ga":["mapáil gheolaíoch"],"hu":["geológiai térképészet","földtani térképezés"]},"description":{"en-us":{"literal":"The technique used to create maps that clearly illustrate the geological features and rock layers of an area that may be useful for mining projects and geological explorations.","mimetype":"plain/text"},"en":{"literal":"The technique used to create maps that clearly illustrate the geological features and rock layers of an area that may be useful for mining projects and geological explorations.","mimetype":"plain/text"}},"status":"released","_links":{"self":{"href":"https://ec.europa.eu/esco/api/resource/skill?uri=http://data.europa.eu/esco/skill/032b0bed-22b1-456b-8009-91e6b838fe45&language=en","uri":"http://data.europa.eu/esco/skill/032b0bed-22b1-456b-8009-91e6b838fe45","title":"geological mapping"},"isTopConceptInScheme":[{"href":"https://ec.europa.eu/esco/api/resource/taxonomy?uri=http://data.europa.eu/esco/concept-scheme/member-skills&language=en","uri":"http://data.europa.eu/esco/concept-scheme/member-skills","title":"ESCO member skills"},{"href":"https://ec.europa.eu/esco/api/resource/taxonomy?uri=http://data.europa.eu/esco/concept-scheme/skills&language=en","uri":"http://data.europa.eu/esco/concept-scheme/skills","title":"ESCO skills"}],"isInScheme":[{"href":"https://ec.europa.eu/esco/api/resource/taxonomy?uri=http://data.europa.eu/esco/concept-scheme/member-skills&language=en","uri":"http://data.europa.eu/esco/concept-scheme/member-skills","title":"ESCO member skills"},{"href":"https://ec.europa.eu/esco/api/resource/taxonomy?uri=http://data.europa.eu/esco/concept-scheme/skills&language=en","uri":"http://data.europa.eu/esco/concept-scheme/skills","title":"ESCO skills"}],"hasSkillType":[{"href":"https://ec.europa.eu/esco/api/resource/concept?uri=http://data.europa.eu/esco/skill-type/knowledge&language=en","uri":"http://data.europa.eu/esco/skill-type/knowledge","title":"knowledge"}],"hasReuseLevel":[{"href":"https://ec.europa.eu/esco/api/resource/concept?uri=http://data.europa.eu/esco/skill-reuse-level/sector-specific&language=en","uri":"http://data.europa.eu/esco/skill-reuse-level/sector-specific","title":"sector specific skills and competences","code":"Level 3"}],"isEssentialForOccupation":[{"href":"https://ec.europa.eu/esco/api/resource/occupation?uri=http://data.europa.eu/esco/occupation/86a0c9ab-c3fa-41a3-ad3e-d0083036b3d6&language=en","uri":"http://data.europa.eu/esco/occupation/86a0c9ab-c3fa-41a3-ad3e-d0083036b3d6","title":"mineralogist"},{"href":"https://ec.europa.eu/esco/api/resource/occupation?uri=http://data.europa.eu/esco/occupation/9af8907f-56a7-4170-83b1-3c6ba0997cfa&language=en","uri":"http://data.europa.eu/esco/occupation/9af8907f-56a7-4170-83b1-3c6ba0997cfa","title":"geographic information systems specialist"}],"isOptionalForOccupation":[{"href":"https://ec.europa.eu/esco/api/resource/occupation?uri=http://data.europa.eu/esco/occupation/03b2f112-a891-461d-a8d4-effb9dcf2df6&language=en","uri":"http://data.europa.eu/esco/occupation/03b2f112-a891-461d-a8d4-effb9dcf2df6","title":"quarry engineer"},{"href":"https://ec.europa.eu/esco/api/resource/occupation?uri=http://data.europa.eu/esco/occupation/c6196b21-20f9-4608-83fb-6f143afc740d&language=en","uri":"http://data.europa.eu/esco/occupation/c6196b21-20f9-4608-83fb-6f143afc740d","title":"geologist"}]},"_embedded":{}},{"className":"Skill","classId":"http://data.europa.eu/esco/model#Skill","uri":"http://data.europa.eu/esco/skill/2755816d-b765-435e-a29e-dddfddee1786","title":"transfer medication","referenceLanguage":["en"],"preferredLabel":{"no":"overføre legemidler","de":"Medikamente umfüllen","en-us":"transfer medication","fi":"siirtää lääkkeitä","pt":"transferir medicação","bg":"прехвърляне на лекарства","lt":"perkelti vaistus","lv":"ievilkt zāles","hr":"premještati lijekove","fr":"transférer des médicaments","hu":"gyógyszert fecskendőbe adagol","sk":"transfer medication","sl":"prenašati zdravila","ga":"cógas a aistriú","sv":"överföra läkemedel","mt":"trasferiment tal-prodotti mediċinali","el":"μεταφορά φαρμάκου","en":"transfer medication","is":"yfirfærir lyf","it":"trasferire un farmaco","es":"administrar los medicamentos","et":"ravimit ampullist või viaalist aseptiliselt võtma","cs":"přenášet léky","ar":"ينقل الدواء","pl":"przenosić leki","ro":"transferă medicație","da":"overføre medicin","nl":"geneesmiddelen overbrengen"},"alternativeLabel":{"en":["transfer medication using aseptic techniques","relocate medication","transfer medications","safely transfer medication"],"pl":["przenosić produkty lecznicze"],"nl":["medicijnen overbrengen","medicatie overbrengen"]},"description":{"en-us":{"literal":"Transfer medication from vials to the appropriate number of sterile, disposable syringes using aseptic techniques.","mimetype":"plain/text"},"en":{"literal":"Transfer medication from vials to the appropriate number of sterile, disposable syringes using aseptic techniques.","mimetype":"plain/text"}},"status":"released","_links":{"self":{"href":"https://ec.europa.eu/esco/api/resource/skill?uri=http://data.europa.eu/esco/skill/2755816d-b765-435e-a29e-dddfddee1786&language=en","uri":"http://data.europa.eu/esco/skill/2755816d-b765-435e-a29e-dddfddee1786","title":"transfer medication"},"isTopConceptInScheme":[{"href":"https://ec.europa.eu/esco/api/resource/taxonomy?uri=http://data.europa.eu/esco/concept-scheme/member-skills&language=en","uri":"http://data.europa.eu/esco/concept-scheme/member-skills","title":"ESCO member skills"},{"href":"https://ec.europa.eu/esco/api/resource/taxonomy?uri=http://data.europa.eu/esco/concept-scheme/skills&language=en","uri":"http://data.europa.eu/esco/concept-scheme/skills","title":"ESCO skills"}],"isInScheme":[{"href":"https://ec.europa.eu/esco/api/resource/taxonomy?uri=http://data.europa.eu/esco/concept-scheme/member-skills&language=en","uri":"http://data.europa.eu/esco/concept-scheme/member-skills","title":"ESCO member skills"},{"href":"https://ec.europa.eu/esco/api/resource/taxonomy?uri=http://data.europa.eu/esco/concept-scheme/skills&language=en","uri":"http://data.europa.eu/esco/concept-scheme/skills","title":"ESCO skills"}],"hasSkillType":[{"href":"https://ec.europa.eu/esco/api/resource/concept?uri=http://data.europa.eu/esco/skill-type/skill&language=en","uri":"http://data.europa.eu/esco/skill-type/skill","title":"skill"}],"hasReuseLevel":[{"href":"https://ec.europa.eu/esco/api/resource/concept?uri=http://data.europa.eu/esco/skill-reuse-level/cross-sector&language=en","uri":"http://data.europa.eu/esco/skill-reuse-level/cross-sector","title":"cross-sector skills and competences","code":"Level 2"}],"isEssentialForOccupation":[{"href":"https://ec.europa.eu/esco/api/resource/occupation?uri=http://data.europa.eu/esco/occupation/7b74626d-b487-48a1-9e80-47faf9928210&language=en","uri":"http://data.europa.eu/esco/occupation/7b74626d-b487-48a1-9e80-47faf9928210","title":"pharmacy technician"},{"href":"https://ec.europa.eu/esco/api/resource/occupation?uri=http://data.europa.eu/esco/occupation/c1a86d6d-7785-43e1-994b-958eba58fff7&language=en","uri":"http://data.europa.eu/esco/occupation/c1a86d6d-7785-43e1-994b-958eba58fff7","title":"pharmacy assistant"}]},"_embedded":{}},{"className":"Skill","classId":"http://data.europa.eu/esco/model#Skill","uri":"http://data.europa.eu/esco/skill/3f0b6056-1607-4ddd-843e-51ddef6dad0c","title":"ensure longevity of choreography","referenceLanguage":["en"],"preferredLabel":{"no":"sikre bevaring av koreografi","de":"für die Langlebigkeit einer Choreografie sorgen","fi":"varmistaa koreografian säilyttäminen","en-us":"ensure longevity of choreography","pt":"garantir a longevidade da coreografia","bg":"гарантиране на трайна актуалност на хореографията","lt":"užtikrinti choreografijos išliekamumą","hr":"osiguravati dugovječnost koreografije","lv":"nodrošināt horeogrāfijas ilgmūžību","fr":"assurer la longévité d'une chorégraphie","hu":"biztosítja a koreográfia hosszú ideig történő fenntartását","sk":"zabezpečiť dlhú životnosť choreografie","sl":"zagotavljati trajnost koreografije","ga":"fad an dreasa cóiréagrafaíochta a chinntiú","sv":"bevara koreografier","el":"διασφάλιση της μακροβιότητας της χορογραφίας","mt":"żgurar tal-lonġevità tal-koreografija","en":"ensure longevity of choreography","is":"tryggir langlífi dansgerðar","it":"garantire la longevità della coreografia","es":"velar por la durabilidad de una coreografía","et":"koreograafia jätkusuutlikkust tagama","cs":"zajistit dlouhou životnost choreografie","ar":"يتأكد من استمرارية اللوحات الفنية الراقصة","pl":"zapewniać odpowiednie utrwalenie układu choreograficznego","da":"sikre varigheden af koreografi","ro":"asigură longevitatea coregrafiei","nl":"levensduur van een choreografie garanderen"},"alternativeLabel":{"de":["für die Langlebigkeit einer Choreographie sorgen"],"sl":["omogočati prenosljivost koreografije"],"en":["ensure choreography duration","ensure duration of production","ensure choreography longevity"]},"description":{"en-us":{"literal":"Update a work for a remount or transpose the work from one location to another. Ensure that a video recording is made, that the integrity of the work is respected and that elements associated with the work are preserved.","mimetype":"plain/text"},"en":{"literal":"Update a work for a remount or transpose the work from one location to another. Ensure that a video recording is made, that the integrity of the work is respected and that elements associated with the work are preserved.","mimetype":"plain/text"}},"status":"released","_links":{"self":{"href":"https://ec.europa.eu/esco/api/resource/skill?uri=http://data.europa.eu/esco/skill/3f0b6056-1607-4ddd-843e-51ddef6dad0c&language=en","uri":"http://data.europa.eu/esco/skill/3f0b6056-1607-4ddd-843e-51ddef6dad0c","title":"ensure longevity of choreography"},"isTopConceptInScheme":[{"href":"https://ec.europa.eu/esco/api/resource/taxonomy?uri=http://data.europa.eu/esco/concept-scheme/member-skills&language=en","uri":"http://data.europa.eu/esco/concept-scheme/member-skills","title":"ESCO member skills"},{"href":"https://ec.europa.eu/esco/api/resource/taxonomy?uri=http://data.europa.eu/esco/concept-scheme/skills&language=en","uri":"http://data.europa.eu/esco/concept-scheme/skills","title":"ESCO skills"}],"isInScheme":[{"href":"https://ec.europa.eu/esco/api/resource/taxonomy?uri=http://data.europa.eu/esco/concept-scheme/member-skills&language=en","uri":"http://data.europa.eu/esco/concept-scheme/member-skills","title":"ESCO member skills"},{"href":"https://ec.europa.eu/esco/api/resource/taxonomy?uri=http://data.europa.eu/esco/concept-scheme/skills&language=en","uri":"http://data.europa.eu/esco/concept-scheme/skills","title":"ESCO skills"}],"hasSkillType":[{"href":"https://ec.europa.eu/esco/api/resource/concept?uri=http://data.europa.eu/esco/skill-type/skill&language=en","uri":"http://data.europa.eu/esco/skill-type/skill","title":"skill"}],"hasReuseLevel":[{"href":"https://ec.europa.eu/esco/api/resource/concept?uri=http://data.europa.eu/esco/skill-reuse-level/occupation-specific&language=en","uri":"http://data.europa.eu/esco/skill-reuse-level/occupation-specific","title":"occupation specific skills and competences","code":"Level 4"}],"isEssentialForOccupation":[{"href":"https://ec.europa.eu/esco/api/resource/occupation?uri=http://data.europa.eu/esco/occupation/189a337d-f6fb-44e2-9e7a-bc27b7b76e0e&language=en","uri":"http://data.europa.eu/esco/occupation/189a337d-f6fb-44e2-9e7a-bc27b7b76e0e","title":"choreographer"}]},"_embedded":{}},{"className":"Skill","classId":"http://data.europa.eu/esco/model#Skill","uri":"http://data.europa.eu/esco/skill/47d2f266-aaf2-4852-9c66-607e76b1fa8b","title":"detect product defects","referenceLanguage":["en"],"preferredLabel":{"de":"Produktmängel entdecken","no":"oppdage produktdefekter","en-us":"detect product defects","fi":"havaita vikoja tuotteista","pt":"detetar defeitos em produtos","bg":"откриване на дефекти на продуктите","lt":"aptikti produkto defektus","hr":"otkrivati nedostatke proizvoda","lv":"atklāt izstrādājumu defektus","fr":"détecter des défauts dans un produit","hu":"észleli a termékhibákat","sk":"zisťovať chyby výrobkov","sl":"ugotavljati napake na izdelkih","ga":"fabhtanna i dtáirgí a aimsiú","sv":"upptäcka defekter på produkter","mt":"identifikazzjoni ta’ difetti fil-prodotti","el":"εντοπισμός ατελειών στο προϊόν","en":"detect product defects","is":"finnur galla í vörum","it":"rilevare difetti di prodotto","es":"identificar defectos en productos","et":"toote defekte avastama","cs":"odhalit vady výrobku","ar":"يكشف العيوب الموجودة في المنتج","pl":"wykrywać wady produktu","ro":"depistează defecte ale produselor","da":"opdage produktdefekter","nl":"productgebreken opsporen"},"alternativeLabel":{"de":["Produktfehler entdecken"],"bg":["откриване на недостатъци на продуктите"],"en":["identify product defects","ascertain product defects","detect product defect","expose product defects","reveal product defects","detect a product defect"],"es":["detectar defectos de productos","informar sobre defectos en productos","reconocer fallas en productos"],"et":["toote vigu avastama","toote puudusi avastama"]},"description":{"en-us":{"literal":"Report in case the product arrives with a defect from previous processes. Understand the type of defect and send it to the right person.","mimetype":"plain/text"},"en":{"literal":"Report in case the product arrives with a defect from previous processes. Understand the type of defect and send it to the right person.","mimetype":"plain/text"}},"status":"released","_links":{"self":{"href":"https://ec.europa.eu/esco/api/resource/skill?uri=http://data.europa.eu/esco/skill/47d2f266-aaf2-4852-9c66-607e76b1fa8b&language=en","uri":"http://data.europa.eu/esco/skill/47d2f266-aaf2-4852-9c66-607e76b1fa8b","title":"detect product defects"},"isTopConceptInScheme":[{"href":"https://ec.europa.eu/esco/api/resource/taxonomy?uri=http://data.europa.eu/esco/concept-scheme/member-skills&language=en","uri":"http://data.europa.eu/esco/concept-scheme/member-skills","title":"ESCO member skills"},{"href":"https://ec.europa.eu/esco/api/resource/taxonomy?uri=http://data.europa.eu/esco/concept-scheme/skills&language=en","uri":"http://data.europa.eu/esco/concept-scheme/skills","title":"ESCO skills"}],"isInScheme":[{"href":"https://ec.europa.eu/esco/api/resource/taxonomy?uri=http://data.europa.eu/esco/concept-scheme/member-skills&language=en","uri":"http://data.europa.eu/esco/concept-scheme/member-skills","title":"ESCO member skills"},{"href":"https://ec.europa.eu/esco/api/resource/taxonomy?uri=http://data.europa.eu/esco/concept-scheme/skills&language=en","uri":"http://data.europa.eu/esco/concept-scheme/skills","title":"ESCO skills"}],"hasSkillType":[{"href":"https://ec.europa.eu/esco/api/resource/concept?uri=http://data.europa.eu/esco/skill-type/skill&language=en","uri":"http://data.europa.eu/esco/skill-type/skill","title":"skill"}],"hasReuseLevel":[{"href":"https://ec.europa.eu/esco/api/resource/concept?uri=http://data.europa.eu/esco/skill-reuse-level/sector-specific&language=en","uri":"http://data.europa.eu/esco/skill-reuse-level/sector-specific","title":"sector specific skills and competences","code":"Level 3"}],"isEssentialForOccupation":[{"href":"https://ec.europa.eu/esco/api/resource/occupation?uri=http://data.europa.eu/esco/occupation/066fe11d-10e4-4fec-bd27-3e78797500b9&language=en","uri":"http://data.europa.eu/esco/occupation/066fe11d-10e4-4fec-bd27-3e78797500b9","title":"enameller"}],"isOptionalForOccupation":[{"href":"https://ec.europa.eu/esco/api/resource/occupation?uri=http://data.europa.eu/esco/occupation/3e0b4b9b-b624-4ceb-9bc9-9627cdfb0b81&language=en","uri":"http://data.europa.eu/esco/occupation/3e0b4b9b-b624-4ceb-9bc9-9627cdfb0b81","title":"leather goods machine operator"},{"href":"https://ec.europa.eu/esco/api/resource/occupation?uri=http://data.europa.eu/esco/occupation/73bcde7c-bc34-485d-a7af-7b94fc43f61b&language=en","uri":"http://data.europa.eu/esco/occupation/73bcde7c-bc34-485d-a7af-7b94fc43f61b","title":"precious stone cutter"},{"href":"https://ec.europa.eu/esco/api/resource/occupation?uri=http://data.europa.eu/esco/occupation/6729aa5a-285f-4baf-a466-c2ccd2f2d96f&language=en","uri":"http://data.europa.eu/esco/occupation/6729aa5a-285f-4baf-a466-c2ccd2f2d96f","title":"precious stone setter"}]},"_embedded":{}},{"className":"Skill","classId":"http://data.europa.eu/esco/model#Skill","uri":"http://data.europa.eu/esco/skill/cdb81bbf-c340-4ce2-a063-a6f7a2159ffc","title":"move rigging equipment","referenceLanguage":["en"],"preferredLabel":{"de":"Bohranlagen versetzen","no":"flytte riggeutstyr","en-us":"move rigging equipment","fi":"siirtää öljynporauslaitteita","pt":"deslocar equipamento de perfuração","bg":"преместване на пробивно оборудване","lt":"perkelti takelažo įrenginius","hr":"premještati opremu za dizanje i premještanje","lv":"pārvietot celšanas iekārtas","fr":"déplacer du matériel de haubanage","hu":"fúróberendezést mozgat","sk":"presúvať zariadenia vrtnej súpravy","sl":"premikati vrtalno opremo","ga":"trealamh rigeála a bhogadh","sv":"flytta riggningsutrustning","mt":"ċaqliq tat-tagħmir tar-riggijiet","el":"μετακίνηση του εξοπλισμού ανύψωσης","en":"move rigging equipment","is":"færir tækjabúnað á borpalli","it":"spostare le attrezzature necessarie per l'attività di estrazione","es":"trasladar equipos de plataformas petrolíferas","et":"naftapuurimisseadmeid teisaldama","cs":"přesunovat vrtná zařízení","ar":"ينقل معدات تركيب أجهزة الحفر","pl":"przenosić sprzęt do odwiertów","ro":"deplasează echipament de foraj","da":"flytte rigudstyr","nl":"takelapparatuur verplaatsen"},"alternativeLabel":{"en":["transport rigging equipment","set up rigging equipment","rigging equipment set up","moving of rigging equipment","rigging equipment movement","set up of rigging equipment","movement of rigging equipment","rigging equipment transport","transport of rigging equipment","moving rigging equipment"],"da":["flytte riggingudstyr"],"es":["mover equipos de plataformas petrolíferas","transportar equipos de plataformas petrolíferas"]},"description":{"en-us":{"literal":"Transport rigging materials and equipment to work locations; set up work site.","mimetype":"plain/text"},"en":{"literal":"Transport rigging materials and equipment to work locations; set up work site.","mimetype":"plain/text"}},"status":"released","_links":{"self":{"href":"https://ec.europa.eu/esco/api/resource/skill?uri=http://data.europa.eu/esco/skill/cdb81bbf-c340-4ce2-a063-a6f7a2159ffc&language=en","uri":"http://data.europa.eu/esco/skill/cdb81bbf-c340-4ce2-a063-a6f7a2159ffc","title":"move rigging equipment"},"isTopConceptInScheme":[{"href":"https://ec.europa.eu/esco/api/resource/taxonomy?uri=http://data.europa.eu/esco/concept-scheme/skills&language=en","uri":"http://data.europa.eu/esco/concept-scheme/skills","title":"ESCO skills"},{"href":"https://ec.europa.eu/esco/api/resource/taxonomy?uri=http://data.europa.eu/esco/concept-scheme/member-skills&language=en","uri":"http://data.europa.eu/esco/concept-scheme/member-skills","title":"ESCO member skills"}],"isInScheme":[{"href":"https://ec.europa.eu/esco/api/resource/taxonomy?uri=http://data.europa.eu/esco/concept-scheme/skills&language=en","uri":"http://data.europa.eu/esco/concept-scheme/skills","title":"ESCO skills"},{"href":"https://ec.europa.eu/esco/api/resource/taxonomy?uri=http://data.europa.eu/esco/concept-scheme/member-skills&language=en","uri":"http://data.europa.eu/esco/concept-scheme/member-skills","title":"ESCO member skills"}],"hasSkillType":[{"href":"https://ec.europa.eu/esco/api/resource/concept?uri=http://data.europa.eu/esco/skill-type/skill&language=en","uri":"http://data.europa.eu/esco/skill-type/skill","title":"skill"}],"hasReuseLevel":[{"href":"https://ec.europa.eu/esco/api/resource/concept?uri=http://data.europa.eu/esco/skill-reuse-level/sector-specific&language=en","uri":"http://data.europa.eu/esco/skill-reuse-level/sector-specific","title":"sector specific skills and competences","code":"Level 3"}],"isEssentialForOccupation":[{"href":"https://ec.europa.eu/esco/api/resource/occupation?uri=http://data.europa.eu/esco/occupation/d3c1c718-a093-4e2e-80a0-2bd331266a8b&language=en","uri":"http://data.europa.eu/esco/occupation/d3c1c718-a093-4e2e-80a0-2bd331266a8b","title":"oil rig motorhand"}],"isOptionalForOccupation":[{"href":"https://ec.europa.eu/esco/api/resource/occupation?uri=http://data.europa.eu/esco/occupation/a4c5fb46-1d72-47de-b349-f579a0f1edfb&language=en","uri":"http://data.europa.eu/esco/occupation/a4c5fb46-1d72-47de-b349-f579a0f1edfb","title":"rigging supervisor"}]},"_embedded":{}},{"className":"Skill","classId":"http://data.europa.eu/esco/model#Skill","uri":"http://data.europa.eu/esco/skill/d442397e-7ecd-4d82-b2a2-07aeaf0ae1c5","title":"maintain street sweeping machine","referenceLanguage":["en"],"preferredLabel":{"de":"Straßenkehrmaschine warten","no":"vedlikeholde gatefeiemaskin","en-us":"maintain street sweeping machine","fi":"huoltaa kadunlakaisukonetta","pt":"efetuar a manutenção de máquinas de varrimento de ruas","bg":"поддържане на камиони метачки за почистване на улици","lt":"atlikti gatvių šlavimo mašinų techninę priežiūrą","lv":"uzturēt darba kārtībā ielu tīrīšanas mašīnu","hr":"održavati stroj za čišćenje ceste","fr":"entretenir une balayeuse de rue","hu":"utcaseprő gépek karbantartását végzi","sk":"vykonávať údržbu vozidiel na čistenie cestných komunikácií","sl":"vzdrževati cestni pometač","ga":"meaisín glanadh sráide a chothabháil","sv":"underhålla gaturenhållningsmaskin","el":"συντήρηση μηχανήματος καθαρισμού δρόμων","mt":"manutenzjoni tal-magni tat-tindif taċ-ċmieni","en":"maintain street sweeping machine","is":"viðheldur götusópunarvél","it":"effettuare la manutenzione della spazzatrice stradale","es":"mantener las máquinas barredoras","et":"tänavapuhastusmasinat hooldama","cs":"udržovat silniční úklidové stroje","ar":"يقوم بصيانة آلات كسح الشوارع","pl":"utrzymywać maszynę do zamiatania ulic w odpowiednim stanie","ro":"întreține mașinile pentru salubrizare stradală","da":"vedligeholde gadefejemaskine","nl":"straatveegmachines onderhouden"},"alternativeLabel":{"cs":["udržovat silniční zametací stroje"],"en":["maintain street sweeper","maintaining street sweeping machine","maintain street sweeping machines","keep up street sweeping machine","provide maintenance for street sweeping machine"],"sl":["vzdrževati stroj za pometanje cest"],"lv":["uzturēt darba kārtība ielu tīrīšanas iekārtu"],"nl":["straatvegers onderhouden"]},"description":{"en-us":{"literal":"Monitor sweeper to ensure a good operating condition by checking fuel levels, air pressure, and hydraulic systems.","mimetype":"plain/text"},"en":{"literal":"Monitor sweeper to ensure a good operating condition by checking fuel levels, air pressure, and hydraulic systems.","mimetype":"plain/text"}},"status":"released","_links":{"self":{"href":"https://ec.europa.eu/esco/api/resource/skill?uri=http://data.europa.eu/esco/skill/d442397e-7ecd-4d82-b2a2-07aeaf0ae1c5&language=en","uri":"http://data.europa.eu/esco/skill/d442397e-7ecd-4d82-b2a2-07aeaf0ae1c5","title":"maintain street sweeping machine"},"isTopConceptInScheme":[{"href":"https://ec.europa.eu/esco/api/resource/taxonomy?uri=http://data.europa.eu/esco/concept-scheme/skills&language=en","uri":"http://data.europa.eu/esco/concept-scheme/skills","title":"ESCO skills"},{"href":"https://ec.europa.eu/esco/api/resource/taxonomy?uri=http://data.europa.eu/esco/concept-scheme/member-skills&language=en","uri":"http://data.europa.eu/esco/concept-scheme/member-skills","title":"ESCO member skills"}],"isInScheme":[{"href":"https://ec.europa.eu/esco/api/resource/taxonomy?uri=http://data.europa.eu/esco/concept-scheme/skills&language=en","uri":"http://data.europa.eu/esco/concept-scheme/skills","title":"ESCO skills"},{"href":"https://ec.europa.eu/esco/api/resource/taxonomy?uri=http://data.europa.eu/esco/concept-scheme/member-skills&language=en","uri":"http://data.europa.eu/esco/concept-scheme/member-skills","title":"ESCO member skills"}],"hasSkillType":[{"href":"https://ec.europa.eu/esco/api/resource/concept?uri=http://data.europa.eu/esco/skill-type/skill&language=en","uri":"http://data.europa.eu/esco/skill-type/skill","title":"skill"}],"hasReuseLevel":[{"href":"https://ec.europa.eu/esco/api/resource/concept?uri=http://data.europa.eu/esco/skill-reuse-level/occupation-specific&language=en","uri":"http://data.europa.eu/esco/skill-reuse-level/occupation-specific","title":"occupation specific skills and competences","code":"Level 4"}],"isEssentialForOccupation":[{"href":"https://ec.europa.eu/esco/api/resource/occupation?uri=http://data.europa.eu/esco/occupation/503ea267-93e9-4b8c-ae5e-817fe7e4a245&language=en","uri":"http://data.europa.eu/esco/occupation/503ea267-93e9-4b8c-ae5e-817fe7e4a245","title":"street sweeper"}]},"_embedded":{}},{"className":"Skill","classId":"http://data.europa.eu/esco/model#Skill","uri":"http://data.europa.eu/esco/skill/2aa8d1eb-4c9f-4ba8-bb53-e35ed36fb14b","title":"exercise physiology","referenceLanguage":["en"],"preferredLabel":{"de":"Sportphysiologie","no":"treningsfysiologi","fi":"liikuntafysiologia","en-us":"exercise physiology","pt":"fisiologia do exercício","bg":"физиология на физическите упражнения","lt":"mankštos fiziologija","hr":"fiziologija vježbanja","lv":"sporta fizioloģija","fr":"physiologie de l’exercice","hu":"a testmozgás fiziológiája","sk":"fyziológia telesných cvičení","sl":"fiziologija vadbe","ga":"fiseolaíocht na haclaíochta","sv":"träningsfysiologi","mt":"fiżjoloġija tal-eżerċizzju fiżiku","el":"φυσιολογία της άσκησης","en":"exercise physiology","is":"lífeðlisfræði líkamsræktar","it":"fisiologia dell'esercizio fisico","es":"fisiología del ejercicio","et":"liikumisravi","cs":"fyziologie cvičení","ar":"تمارين مادة الفسيولوجيا","pl":"fizjologia aktywności fizycznej","da":"idrætsfysiologi","ro":"fiziologia exercițiilor fizice","nl":"bewegingsfysiologie"},"alternativeLabel":{"sl":["fiziologija športa"],"en":["exercise-physiology","physiology of physical exercise","effect of exercise on pathology"],"ro":["efectul exercițiilor fizice asupra patologiei"],"es":["efectos del ejercicio físico en las enfermedades","empleo del ejercicio físico como tratamiento para combatir enfermedades"]},"description":{"en-us":{"literal":"The effect of exercise on pathology and how the exercise can mitigate or reverse disease progression.","mimetype":"plain/text"},"en":{"literal":"The effect of exercise on pathology and how the exercise can mitigate or reverse disease progression.","mimetype":"plain/text"}},"status":"released","_links":{"self":{"href":"https://ec.europa.eu/esco/api/resource/skill?uri=http://data.europa.eu/esco/skill/2aa8d1eb-4c9f-4ba8-bb53-e35ed36fb14b&language=en","uri":"http://data.europa.eu/esco/skill/2aa8d1eb-4c9f-4ba8-bb53-e35ed36fb14b","title":"exercise physiology"},"isTopConceptInScheme":[{"href":"https://ec.europa.eu/esco/api/resource/taxonomy?uri=http://data.europa.eu/esco/concept-scheme/skills&language=en","uri":"http://data.europa.eu/esco/concept-scheme/skills","title":"ESCO skills"},{"href":"https://ec.europa.eu/esco/api/resource/taxonomy?uri=http://data.europa.eu/esco/concept-scheme/member-skills&language=en","uri":"http://data.europa.eu/esco/concept-scheme/member-skills","title":"ESCO member skills"}],"isInScheme":[{"href":"https://ec.europa.eu/esco/api/resource/taxonomy?uri=http://data.europa.eu/esco/concept-scheme/skills&language=en","uri":"http://data.europa.eu/esco/concept-scheme/skills","title":"ESCO skills"},{"href":"https://ec.europa.eu/esco/api/resource/taxonomy?uri=http://data.europa.eu/esco/concept-scheme/member-skills&language=en","uri":"http://data.europa.eu/esco/concept-scheme/member-skills","title":"ESCO member skills"}],"hasSkillType":[{"href":"https://ec.europa.eu/esco/api/resource/concept?uri=http://data.europa.eu/esco/skill-type/knowledge&language=en","uri":"http://data.europa.eu/esco/skill-type/knowledge","title":"knowledge"}],"hasReuseLevel":[{"href":"https://ec.europa.eu/esco/api/resource/concept?uri=http://data.europa.eu/esco/skill-reuse-level/sector-specific&language=en","uri":"http://data.europa.eu/esco/skill-reuse-level/sector-specific","title":"sector specific skills and competences","code":"Level 3"}],"isEssentialForOccupation":[{"href":"https://ec.europa.eu/esco/api/resource/occupation?uri=http://data.europa.eu/esco/occupation/49e4e358-8ba3-4a05-8ef9-abb73156f5f7&language=en","uri":"http://data.europa.eu/esco/occupation/49e4e358-8ba3-4a05-8ef9-abb73156f5f7","title":"chiropractor"}],"isOptionalForOccupation":[{"href":"https://ec.europa.eu/esco/api/resource/occupation?uri=http://data.europa.eu/esco/occupation/11a6d0f6-e692-4774-aa5f-193b67d31022&language=en","uri":"http://data.europa.eu/esco/occupation/11a6d0f6-e692-4774-aa5f-193b67d31022","title":"kinesiologist"},{"href":"https://ec.europa.eu/esco/api/resource/occupation?uri=http://data.europa.eu/esco/occupation/25829508-63f3-41c3-affc-ddbb5c077930&language=en","uri":"http://data.europa.eu/esco/occupation/25829508-63f3-41c3-affc-ddbb5c077930","title":"physiologist"}]},"_embedded":{}},{"className":"Skill","classId":"http://data.europa.eu/esco/model#Skill","uri":"http://data.europa.eu/esco/skill/54476eea-0395-439e-b891-4f140add1cac","title":"drive carriage","referenceLanguage":["en"],"preferredLabel":{"no":"føre hestevogn","de":"Kutsche fahren","fi":"ajaa hevosvaunuja","en-us":"drive carriage","pt":"conduzir carruagens de cavalos","bg":"управляване на конска кола","lt":"vadelioti","lv":"vadīt pajūgu","hr":"voziti kočiju","fr":"conduire une calèche","hu":"szekeret hajt","sk":"viesť konský povoz","sl":"voziti kočijo","ga":"carráiste a thiomáint","sv":"köra häst och vagn","mt":"sewqan tal-karozzini","el":"οδήγηση άμαξας","en":"drive carriage","is":"ekur vagni","it":"condurre la carrozza","es":"conducir un carruaje","et":"hobuvankrit juhtima","cs":"řídit povoz","ar":"يقود العربة","pl":"prowadzić powóz","ro":"conduce un atelaj cu cai","da":"køre hestevogn","nl":"koetsen besturen"},"alternativeLabel":{"cs":["řídit kočár","řídit povoz tažený koňmi"],"de":["Pferdewagen führen"],"fi":["ajaa hevosen vetämiä vaunuja"],"sl":["kočijažiti"],"en":["control carriage","drive horse-drawn coach","drive horse-drawn carriage","undertake horse-drawn carriage journeys","take horse-drawn carriage from one location to another","control horse-drawn carriage","drive coach","perform activities of a coachman","supervise carriage horses"],"nl":["met koetsen rijden"],"es":["dirigir un carruaje","llevar un carruaje"]},"description":{"en-us":{"literal":"Handle a horse-drawn carriage by instructing the horses through use of the reins and spoken commands.","mimetype":"plain/text"},"en":{"literal":"Handle a horse-drawn carriage by instructing the horses through use of the reins and spoken commands.","mimetype":"plain/text"}},"status":"released","_links":{"self":{"href":"https://ec.europa.eu/esco/api/resource/skill?uri=http://data.europa.eu/esco/skill/54476eea-0395-439e-b891-4f140add1cac&language=en","uri":"http://data.europa.eu/esco/skill/54476eea-0395-439e-b891-4f140add1cac","title":"drive carriage"},"isTopConceptInScheme":[{"href":"https://ec.europa.eu/esco/api/resource/taxonomy?uri=http://data.europa.eu/esco/concept-scheme/skills&language=en","uri":"http://data.europa.eu/esco/concept-scheme/skills","title":"ESCO skills"},{"href":"https://ec.europa.eu/esco/api/resource/taxonomy?uri=http://data.europa.eu/esco/concept-scheme/member-skills&language=en","uri":"http://data.europa.eu/esco/concept-scheme/member-skills","title":"ESCO member skills"}],"isInScheme":[{"href":"https://ec.europa.eu/esco/api/resource/taxonomy?uri=http://data.europa.eu/esco/concept-scheme/skills&language=en","uri":"http://data.europa.eu/esco/concept-scheme/skills","title":"ESCO skills"},{"href":"https://ec.europa.eu/esco/api/resource/taxonomy?uri=http://data.europa.eu/esco/concept-scheme/member-skills&language=en","uri":"http://data.europa.eu/esco/concept-scheme/member-skills","title":"ESCO member skills"}],"hasSkillType":[{"href":"https://ec.europa.eu/esco/api/resource/concept?uri=http://data.europa.eu/esco/skill-type/skill&language=en","uri":"http://data.europa.eu/esco/skill-type/skill","title":"skill"}],"hasReuseLevel":[{"href":"https://ec.europa.eu/esco/api/resource/concept?uri=http://data.europa.eu/esco/skill-reuse-level/occupation-specific&language=en","uri":"http://data.europa.eu/esco/skill-reuse-level/occupation-specific","title":"occupation specific skills and competences","code":"Level 4"}],"isEssentialForOccupation":[{"href":"https://ec.europa.eu/esco/api/resource/occupation?uri=http://data.europa.eu/esco/occupation/2c90a752-43f0-483d-8f64-3ce5e4535aa8&language=en","uri":"http://data.europa.eu/esco/occupation/2c90a752-43f0-483d-8f64-3ce5e4535aa8","title":"carriage driver"}]},"_embedded":{}},{"className":"Skill","classId":"http://data.europa.eu/esco/model#Skill","uri":"http://data.europa.eu/esco/skill/f7ec9783-09e3-4064-917a-362492adb210","title":"assist in the administration of fluids to animals","referenceLanguage":["en"],"preferredLabel":{"no":"bistå ved dyrs væskeinntak","de":"bei der Verabreichung von Flüssigkeiten an Tiere assistieren","en-us":"assist in the administration of fluids to animals","fi":"avustaa nesteiden annossa eläimille","pt":"assistir na administração de fluidos a animais","bg":"асистиране при вливането на течности на животни","lt":"padėti daryti lašelinę infuziją gyvūnams","hr":"pomagati pri davanju tekućina životinjama","lv":"asistēt šķidrumu ievadīšanā dzīvniekiem","fr":"aider à l’administration de fluides à des animaux","hu":"folyadékok állatoknak történő beadásában segít","sk":"asistovať pri podávaní tekutín zvieratám","sl":"pomagati pri dajanju tekočin živalim","ga":"cabhrú le sreabháin a thabhairt d’ainmhithe","sv":"assistera vid administrering av vätska till djur","el":"υποστήριξη της διαδικασίας χορήγησης υγρών ουσιών στα ζώα","mt":"assistenza fl-għoti tal-fluwidi lill-annimali","en":"assist in the administration of fluids to animals","is":"aðstoðar við vökvagjöf til dýra","it":"fornire assistenza nella somministrazione di fluidi agli animali","es":"asistir en la administración de fluidos a animales","et":"assisteerima loomale vedelike manustamisel","cs":"asistovat při podávání tekutin zvířatům","ar":"يساعد في إعطاء السوائل للحيوانات","pl":"pomagać w podawaniu zwierzętom płynów","ro":"asistă la administrarea lichidelor la animale","da":"bistå ved administration af væsker til dyr","nl":"helpen bij het toedienen van vloeistoffen aan dieren"},"alternativeLabel":{"en":["assist with the administration of fluids to an animal","assist with the administration of a fluid to an animal","keep animal's fluid balance records","prepare fluids for administration to animals","help with the administration of fluids to animals"],"es":["apoyar en la administración de fluidos a animales","preparar el equipo para administrar fluidos a animales","ayudar a administrar fluidos a animales","ayudar en la administración de fluidos a animales"],"nl":["helpen bij het toedienen van vocht aan dieren","assisteren bij het toedienen van vloeistoffen aan dieren","assisteren bij het toedienen van vocht aan dieren"]},"description":{"en-us":{"literal":"Prepare the equipment for administering fluids to animals, observe the animal during the treatment, and keep fluid balance records.","mimetype":"plain/text"},"en":{"literal":"Prepare the equipment for administering fluids to animals, observe the animal during the treatment, and keep fluid balance records.","mimetype":"plain/text"}},"status":"released","_links":{"self":{"href":"https://ec.europa.eu/esco/api/resource/skill?uri=http://data.europa.eu/esco/skill/f7ec9783-09e3-4064-917a-362492adb210&language=en","uri":"http://data.europa.eu/esco/skill/f7ec9783-09e3-4064-917a-362492adb210","title":"assist in the administration of fluids to animals"},"isTopConceptInScheme":[{"href":"https://ec.europa.eu/esco/api/resource/taxonomy?uri=http://data.europa.eu/esco/concept-scheme/member-skills&language=en","uri":"http://data.europa.eu/esco/concept-scheme/member-skills","title":"ESCO member skills"},{"href":"https://ec.europa.eu/esco/api/resource/taxonomy?uri=http://data.europa.eu/esco/concept-scheme/skills&language=en","uri":"http://data.europa.eu/esco/concept-scheme/skills","title":"ESCO skills"}],"isInScheme":[{"href":"https://ec.europa.eu/esco/api/resource/taxonomy?uri=http://data.europa.eu/esco/concept-scheme/member-skills&language=en","uri":"http://data.europa.eu/esco/concept-scheme/member-skills","title":"ESCO member skills"},{"href":"https://ec.europa.eu/esco/api/resource/taxonomy?uri=http://data.europa.eu/esco/concept-scheme/skills&language=en","uri":"http://data.europa.eu/esco/concept-scheme/skills","title":"ESCO skills"}],"hasSkillType":[{"href":"https://ec.europa.eu/esco/api/resource/concept?uri=http://data.europa.eu/esco/skill-type/skill&language=en","uri":"http://data.europa.eu/esco/skill-type/skill","title":"skill"}],"hasReuseLevel":[{"href":"https://ec.europa.eu/esco/api/resource/concept?uri=http://data.europa.eu/esco/skill-reuse-level/occupation-specific&language=en","uri":"http://data.europa.eu/esco/skill-reuse-level/occupation-specific","title":"occupation specific skills and competences","code":"Level 4"}],"isEssentialForOccupation":[{"href":"https://ec.europa.eu/esco/api/resource/occupation?uri=http://data.europa.eu/esco/occupation/99ebf2c2-1811-4c77-b2e6-7008cba29ea0&language=en","uri":"http://data.europa.eu/esco/occupation/99ebf2c2-1811-4c77-b2e6-7008cba29ea0","title":"veterinary technician"}]},"_embedded":{}},{"className":"Skill","classId":"http://data.europa.eu/esco/model#Skill","uri":"http://data.europa.eu/esco/skill/ba744649-8500-413b-914e-123b5ebd1d59","title":"understand rigging work orders","referenceLanguage":["en"],"preferredLabel":{"de":"Arbeitsanweisungen für Hebetätigkeiten verstehen","no":"forstå arbeidsordre ved rigging","en-us":"understand rigging work orders","fi":"ymmärtää poraustoiminnan toimeksiantoja","pt":"compreender as ordens de serviço em plataformas de perfuração","bg":"разбиране на работните заявки за сондаж","lt":"suprasti su takelažo darbais susijusius nurodymus","lv":"izprast urbšanas darbu pasūtījumus","hr":"razumijevati radne naloge za bušenje","fr":"comprendre des instructions pour des travaux de haubanage","hu":"megérti a fúrási munkautasításokat","sk":"rozumieť pracovným príkazom na vrtnej súprave","sl":"razumeti ukaze pri delu na vrtalnem stolpu","ga":"orduithe oibre rigí a thuiscint","sv":"förstå arbetsordrar för riggning","el":"κατανόηση των εντολών για την εκτέλεση εργασιών ανύψωσης","mt":"fehim tal-ordnijiet tax-xogħol tar-riggijiet","en":"understand rigging work orders","is":"skilur verkskipanir á borpalli","it":"comprendere gli ordini di lavoro sulla piattaforma","es":"interpretar instrucciones para trabajos de instalación de plataformas petrolíferas","et":"puurimise töötellimusi mõistma","cs":"rozumět příkazům při práci na vrtné soupravě","ar":"يفهم أوامر عمل تركيب أجهزة الحفر","pl":"rozumieć polecenia dotyczące prac wiertniczych","ro":"înțelege comenzile privind activitatea de foraj","da":"forstå ordrer på rigarbejde","nl":"werkorders omtrent takels begrijpen"},"alternativeLabel":{"fi":["ymmärtää poraustoiminnan tilauksia","ymmärtää poraustoiminnan työmääräyksiä"],"en":["comprehend rigging work orders","comprehending of rigging work orders","comprehension of rigging work orders","understanding of rigging work orders","understanding rigging work orders","understand rigging work orders","comprehending rigging work orders","rigging work orders understanding","rigging work order comprehension"],"nl":["werkopdrachten voor takels begrijpen"],"es":["entender instrucciones para trabajos de montaje de plataformas petrolíferas","comprender instrucciones para tareas de montaje de plataformas petrolíferas"]},"description":{"en-us":{"literal":"Read work orders, work permits and safety instruction to determine nature and location of work, job instructions, safety requirements, hazard information and evacuation plan.","mimetype":"plain/text"},"en":{"literal":"Read work orders, work permits and safety instruction to determine nature and location of work, job instructions, safety requirements, hazard information and evacuation plan.","mimetype":"plain/text"}},"status":"released","_links":{"self":{"href":"https://ec.europa.eu/esco/api/resource/skill?uri=http://data.europa.eu/esco/skill/ba744649-8500-413b-914e-123b5ebd1d59&language=en","uri":"http://data.europa.eu/esco/skill/ba744649-8500-413b-914e-123b5ebd1d59","title":"understand rigging work orders"},"isTopConceptInScheme":[{"href":"https://ec.europa.eu/esco/api/resource/taxonomy?uri=http://data.europa.eu/esco/concept-scheme/skills&language=en","uri":"http://data.europa.eu/esco/concept-scheme/skills","title":"ESCO skills"},{"href":"https://ec.europa.eu/esco/api/resource/taxonomy?uri=http://data.europa.eu/esco/concept-scheme/member-skills&language=en","uri":"http://data.europa.eu/esco/concept-scheme/member-skills","title":"ESCO member skills"}],"isInScheme":[{"href":"https://ec.europa.eu/esco/api/resource/taxonomy?uri=http://data.europa.eu/esco/concept-scheme/skills&language=en","uri":"http://data.europa.eu/esco/concept-scheme/skills","title":"ESCO skills"},{"href":"https://ec.europa.eu/esco/api/resource/taxonomy?uri=http://data.europa.eu/esco/concept-scheme/member-skills&language=en","uri":"http://data.europa.eu/esco/concept-scheme/member-skills","title":"ESCO member skills"}],"hasSkillType":[{"href":"https://ec.europa.eu/esco/api/resource/concept?uri=http://data.europa.eu/esco/skill-type/skill&language=en","uri":"http://data.europa.eu/esco/skill-type/skill","title":"skill"}],"hasReuseLevel":[{"href":"https://ec.europa.eu/esco/api/resource/concept?uri=http://data.europa.eu/esco/skill-reuse-level/occupation-specific&language=en","uri":"http://data.europa.eu/esco/skill-reuse-level/occupation-specific","title":"occupation specific skills and competences","code":"Level 4"}],"isEssentialForOccupation":[{"href":"https://ec.europa.eu/esco/api/resource/occupation?uri=http://data.europa.eu/esco/occupation/a4c5fb46-1d72-47de-b349-f579a0f1edfb&language=en","uri":"http://data.europa.eu/esco/occupation/a4c5fb46-1d72-47de-b349-f579a0f1edfb","title":"rigging supervisor"}]},"_embedded":{}},{"className":"Skill","classId":"http://data.europa.eu/esco/model#Skill","uri":"http://data.europa.eu/esco/skill/dca5240d-2fe1-4814-8baf-4000019234e9","title":"harness horses to carriage","referenceLanguage":["en"],"preferredLabel":{"de":"Pferde vor eine Kutsche spannen","no":"spenne hester til hestevogn","en-us":"harness horses to carriage","fi":"valjastaa hevoset vaunun eteen","pt":"aparelhar cavalos à carruagem","bg":"впрягане на коне в конска кола","lt":"pakinkyti arklius į vežimą","lv":"iejūgt zirgus","hr":"uprezati konje za kočiju","fr":"atteler des chevaux à une calèche","hu":"kiköti a lovakat a szállításhoz","sk":"zapriahnuť kone do konského povozu","sl":"vpregati konje v kočijo","ga":"capaill a cheangal leis an gcarráiste","sv":"spänna hästar för en vagn","mt":"irbit taż-żwiemel mal-karozzini","el":"πρόσδεση αλόγου στην άμαξα","en":"harness horses to carriage","is":"beislar hesta við vagna","it":"attaccare i cavalli alla carrozza","es":"enganchar el caballo al carruaje","et":"hobuseid vankri ette rakendama","cs":"zapřáhnout koně do povozu","ar":"يربط الحصان بالعربة","pl":"zaprzęgać konie do powozu","da":"spænde heste for en vogn","ro":"înhamă caii la un vehicul","nl":"paarden voor koetsen spannen"},"alternativeLabel":{"cs":["zapřáhnout koně do kočáru"],"de":["Pferde einspannen"],"en":["harness horses to carriages","perform horse harnessing activities","rig horses to carriage","rig horses to carriages","attach horses to carriages","harness a horse to a carriage","attach horses to carriage","harness horses","carry out horse harnessing activities","ensure horses are correctly attached to carriages","ensure horses are correctly harnessed to carriages","undertake activities to attach horses to carriages"],"es":["juntar el caballo al carruaje","unir el caballo al carruaje"]},"description":{"en-us":{"literal":"Hitch the horse(s) to the carriage by correctly fastening the reins and rigging ropes.","mimetype":"plain/text"},"en":{"literal":"Hitch the horse(s) to the carriage by correctly fastening the reins and rigging ropes.","mimetype":"plain/text"}},"status":"released","_links":{"self":{"href":"https://ec.europa.eu/esco/api/resource/skill?uri=http://data.europa.eu/esco/skill/dca5240d-2fe1-4814-8baf-4000019234e9&language=en","uri":"http://data.europa.eu/esco/skill/dca5240d-2fe1-4814-8baf-4000019234e9","title":"harness horses to carriage"},"isTopConceptInScheme":[{"href":"https://ec.europa.eu/esco/api/resource/taxonomy?uri=http://data.europa.eu/esco/concept-scheme/member-skills&language=en","uri":"http://data.europa.eu/esco/concept-scheme/member-skills","title":"ESCO member skills"},{"href":"https://ec.europa.eu/esco/api/resource/taxonomy?uri=http://data.europa.eu/esco/concept-scheme/skills&language=en","uri":"http://data.europa.eu/esco/concept-scheme/skills","title":"ESCO skills"}],"isInScheme":[{"href":"https://ec.europa.eu/esco/api/resource/taxonomy?uri=http://data.europa.eu/esco/concept-scheme/member-skills&language=en","uri":"http://data.europa.eu/esco/concept-scheme/member-skills","title":"ESCO member skills"},{"href":"https://ec.europa.eu/esco/api/resource/taxonomy?uri=http://data.europa.eu/esco/concept-scheme/skills&language=en","uri":"http://data.europa.eu/esco/concept-scheme/skills","title":"ESCO skills"}],"hasSkillType":[{"href":"https://ec.europa.eu/esco/api/resource/concept?uri=http://data.europa.eu/esco/skill-type/skill&language=en","uri":"http://data.europa.eu/esco/skill-type/skill","title":"skill"}],"hasReuseLevel":[{"href":"https://ec.europa.eu/esco/api/resource/concept?uri=http://data.europa.eu/esco/skill-reuse-level/occupation-specific&language=en","uri":"http://data.europa.eu/esco/skill-reuse-level/occupation-specific","title":"occupation specific skills and competences","code":"Level 4"}],"isEssentialForOccupation":[{"href":"https://ec.europa.eu/esco/api/resource/occupation?uri=http://data.europa.eu/esco/occupation/2c90a752-43f0-483d-8f64-3ce5e4535aa8&language=en","uri":"http://data.europa.eu/esco/occupation/2c90a752-43f0-483d-8f64-3ce5e4535aa8","title":"carriage driver"}]},"_embedded":{}},{"className":"Skill","classId":"http://data.europa.eu/esco/model#Skill","uri":"http://data.europa.eu/esco/skill/4da249d5-61c4-46b4-b4bd-da3b7467026d","title":"position sole plates","referenceLanguage":["en"],"preferredLabel":{"de":"Grundplatten setzen","no":"posisjonere fundamentplater","en-us":"position sole plates","fi":"asettaa aluspuut","pt":"posicionar placas de assentamento","bg":"позициониране на опорните рамки на скеле","lt":"pakloti pastolių pagrindo medines plokštes","hr":"namještati grede","lv":"novietot balstpaliktņus","fr":"positionner des plaques de semelle","hu":"elhelyezi az alátétpallót","sk":"umiestniť základné platne","sl":"nameščati podložne deske","ga":"bonnphlátaí a shuí","sv":"placera bottensyllar","el":"στερέωση πλακών στήριξης","mt":"pożizzjonar tal-pjanċi tal-qiegħ","en":"position sole plates","is":"staðsetur fótstykki","it":"posizionare la piastra di appoggio","es":"posicionar placas de base de andamio","et":"taldplaate paigutama","cs":"umístit podkladové desky","ar":"يضع اللوحات القاعدية","pl":"rozmieszczać podwaliny","da":"anbringe plateauplader","ro":"montează cadre de fundație","nl":"voetplaten stellen"},"alternativeLabel":{"de":["Bodenplatten setzen"],"en":["sole plate setting","positioning of scaffolding sole plates","setting of sole plates","place sole plates","scaffolding sole plate positioning","sole plate positioning","positioning of sole plates","sole plate placement","positioning scaffolding sole plates","positioning sole plates","placement of sole plates","set sole plates"],"nl":["onderlegplaten plaatsen","onderlegplaten positioneren"],"es":["colocar placas de base","fijar placas de base","instalar placas de base"]},"description":{"en-us":{"literal":"Set the sole plates, wooden boards on which a scaffolding structure rests. Level, smooth, or dig into the ground in the determined locations and set a sole plate for each base plate, or for each pair of base plates along the short side of the scaffolding. Compact the earth under the sole plate to ensure stability.","mimetype":"plain/text"},"en":{"literal":"Set the sole plates, wooden boards on which a scaffolding structure rests. Level, smooth, or dig into the ground in the determined locations and set a sole plate for each base plate, or for each pair of base plates along the short side of the scaffolding. Compact the earth under the sole plate to ensure stability.","mimetype":"plain/text"}},"status":"released","_links":{"self":{"href":"https://ec.europa.eu/esco/api/resource/skill?uri=http://data.europa.eu/esco/skill/4da249d5-61c4-46b4-b4bd-da3b7467026d&language=en","uri":"http://data.europa.eu/esco/skill/4da249d5-61c4-46b4-b4bd-da3b7467026d","title":"position sole plates"},"isTopConceptInScheme":[{"href":"https://ec.europa.eu/esco/api/resource/taxonomy?uri=http://data.europa.eu/esco/concept-scheme/skills&language=en","uri":"http://data.europa.eu/esco/concept-scheme/skills","title":"ESCO skills"},{"href":"https://ec.europa.eu/esco/api/resource/taxonomy?uri=http://data.europa.eu/esco/concept-scheme/member-skills&language=en","uri":"http://data.europa.eu/esco/concept-scheme/member-skills","title":"ESCO member skills"}],"isInScheme":[{"href":"https://ec.europa.eu/esco/api/resource/taxonomy?uri=http://data.europa.eu/esco/concept-scheme/skills&language=en","uri":"http://data.europa.eu/esco/concept-scheme/skills","title":"ESCO skills"},{"href":"https://ec.europa.eu/esco/api/resource/taxonomy?uri=http://data.europa.eu/esco/concept-scheme/member-skills&language=en","uri":"http://data.europa.eu/esco/concept-scheme/member-skills","title":"ESCO member skills"}],"hasSkillType":[{"href":"https://ec.europa.eu/esco/api/resource/concept?uri=http://data.europa.eu/esco/skill-type/skill&language=en","uri":"http://data.europa.eu/esco/skill-type/skill","title":"skill"}],"hasReuseLevel":[{"href":"https://ec.europa.eu/esco/api/resource/concept?uri=http://data.europa.eu/esco/skill-reuse-level/sector-specific&language=en","uri":"http://data.europa.eu/esco/skill-reuse-level/sector-specific","title":"sector specific skills and competences","code":"Level 3"}],"isEssentialForOccupation":[{"href":"https://ec.europa.eu/esco/api/resource/occupation?uri=http://data.europa.eu/esco/occupation/18fa8080-3156-429a-bbd7-b3ef559b6721&language=en","uri":"http://data.europa.eu/esco/occupation/18fa8080-3156-429a-bbd7-b3ef559b6721","title":"construction scaffolder"}],"isOptionalForOccupation":[{"href":"https://ec.europa.eu/esco/api/resource/occupation?uri=http://data.europa.eu/esco/occupation/2ea3070e-3d0b-4de6-b5bd-fe4a04649b04&language=en","uri":"http://data.europa.eu/esco/occupation/2ea3070e-3d0b-4de6-b5bd-fe4a04649b04","title":"construction scaffolding supervisor"}]},"_embedded":{}},{"className":"Skill","classId":"http://data.europa.eu/esco/model#Skill","uri":"http://data.europa.eu/esco/skill/35b8ed9a-8649-41a7-9dac-013e9b3bbde1","title":"prepare travel packages","referenceLanguage":["en"],"preferredLabel":{"de":"Reisepakete erstellen","no":"forberede reisepakker","en-us":"prepare travel packages","fi":"valmistella matkapaketteja","pt":"preparar pacotes de viagem","bg":"изготвяне на туристически пакети","lt":"rengti kelionių paketus","hr":"pripremati putničke pakete","lv":"sagatavot ceļojumu paketes","fr":"préparer les offres de voyage","hu":"összeállítja az utazási csomagokat","sk":"pripravovať cestovné balíky","sl":"pripravljati potovalne pakete","ga":"pacáistí taistil a ullmhú","sv":"sätta ihop paketresor","el":"διοργάνωση ταξιδιωτικών πακέτων","mt":"tħejjija tal-pakketti tal-ivvjaġġar","en":"prepare travel packages","is":"útbúa ferðapakka","it":"preparare pacchetti di viaggio","es":"preparar viajes combinados","et":"reisipakette ette valmistama","cs":"připravovat zájezdy","ar":"ينظم رحلات جماعية","pl":"przygotowywać pakiety podróżne","ro":"pregătește pachetele de turism","da":"udarbejde rejsepakker","nl":"reispakketten voorbereiden"},"alternativeLabel":{"de":["Reiseangebote erstellen","Reisepakete vorbereiten"],"fi":["järjestää majoituksen logistiikka ja kuljetus","valmistella lomapaketit","valmistella matkapaketit","valmistella ja myydä matkapaketteja","valmistella lomapaketteja"],"sv":["sätta ihop paketresa","förbereda paketresor","planera paketresor","sätta ihop resepaket"],"pt":["preparar pacotes de viagens","vender e elaborar pacotes de viagem","elaborar e vender pacotes de viagens","elaborar pacotes de viagens"],"bg":["изготвянето на туристически пакети","съставяне на туристически пакети","продажба на туристически пакети","съставянето на туристически пакети","изготвяне на туристически пакет"],"mt":["tħejjija u bejgħ tal-pakketti tal-ivvjaġġar","ħolqien tal-pakketti tal-ivvjaġġar"],"el":["σχεδιασμός τουριστικών πακέτων","προετοιμασία ταξιδιωτικών πακέτων","σύνθεση ταξιδιωτικών πακέτων","διοργάνωση πακέτων ταξιδίων"],"lt":["rengti kelionės paketus","sudaryti kelionių paketus","sudaryti ir pardavinėti kelionių paketus","rengti kelionių paketą"],"en":["prepare packages for travel","prepare travelling packages","create travel packages","prepare and sell travel packages"],"is":["útbúa og selja ferðapakka","selja ferðapakka","undirbúa og selja ferðapakka"],"lv":["pārdot ceļojumu paketes","sagatavot ceļojumu paketes","sagatavot un pārdot ceļojumu paketes","sagatavot tūrisma pakalpojumu paketes"],"hr":["spremiti putničke pakete","pripremiti putničke pakete","složiti putničke pakete","spremati putničke pakete","posložiti putničke pakete","slagati putničke pakete"],"it":["preparare e vendere pacchetti di viaggio","preparare pacchetti viaggio","promuovere pacchetti di viaggio","elaborare pacchetti di viaggio","vendere pacchetti di viaggio","preparare i pacchetti di viaggio"],"fr":["élaborer les offres de voyage","mettre en place les offres de voyage","concevoir les offres de voyage"],"hu":["értékesíti az utazási csomagokat","utazási csomagokat állít össze","összeállítja és értékesíti az utazási csomagokat","utazási csomagot állít össze"],"es":["organizar de viajes combinados","planificar viajes combinados","preparar paquetes turísticos"],"et":["pakettreise ette valmistama","reise ette valmistama"],"cs":["připravovat a prodávat zájezdy","připravovat a organizovat zájezdy","tvořit zájezdy","připravovat zájezd","plánovat a organizovat zájezdy","připravit zájezd"],"sk":["vytvárať dovolenkové balíky","pripravovať cestovné ponuky","zostavovať balíky cestovných služieb"],"sl":["pripravljati paketna potovanja","skrbeti za pripravo potovalnih paketov","pripravljati izlete","pripravljati turistične pakete","pripravljati in prodajti potovalne pakete","pripravljati počitniške pakete"],"pl":["opracowywać i sprzedawać pakiety podróżne","sporządzać i sprzedawać pakiety podróżne","sprzedawać pakiety podróżne","przygotowywać i sprzedawać pakiety podróżne"],"ro":["concepe pachete turistice","realizează pachete turistice","vinde pachete turistice","pregătește pachete turistice"],"da":["sammensætte pakkerejser","opbygge rejsepakker","udforme rejsepakker","udvikle rejsepakker","udarbejde og sælge rejsepakker","udfærdige rejsepakker","sammensætte rejsepakker"],"nl":["reis- en verblijfpakketten ontwikkelen","reispakketten samenstellen","vlucht en hotel boeken","all-in pakketten aanbieden"]},"description":{"en-us":{"literal":"Make holiday and travel packages ready and arrange accommodation, logistics and transportation services such as chartered airplanes, taxis or rental cars for clients and additional services and excursions.","mimetype":"plain/text"},"en":{"literal":"Make holiday and travel packages ready and arrange accommodation, logistics and transportation services such as chartered airplanes, taxis or rental cars for clients and additional services and excursions.","mimetype":"plain/text"}},"status":"released","_links":{"self":{"href":"https://ec.europa.eu/esco/api/resource/skill?uri=http://data.europa.eu/esco/skill/35b8ed9a-8649-41a7-9dac-013e9b3bbde1&language=en","uri":"http://data.europa.eu/esco/skill/35b8ed9a-8649-41a7-9dac-013e9b3bbde1","title":"prepare travel packages"},"isTopConceptInScheme":[{"href":"https://ec.europa.eu/esco/api/resource/taxonomy?uri=http://data.europa.eu/esco/concept-scheme/skills&language=en","uri":"http://data.europa.eu/esco/concept-scheme/skills","title":"ESCO skills"},{"href":"https://ec.europa.eu/esco/api/resource/taxonomy?uri=http://data.europa.eu/esco/concept-scheme/member-skills&language=en","uri":"http://data.europa.eu/esco/concept-scheme/member-skills","title":"ESCO member skills"}],"isInScheme":[{"href":"https://ec.europa.eu/esco/api/resource/taxonomy?uri=http://data.europa.eu/esco/concept-scheme/skills&language=en","uri":"http://data.europa.eu/esco/concept-scheme/skills","title":"ESCO skills"},{"href":"https://ec.europa.eu/esco/api/resource/taxonomy?uri=http://data.europa.eu/esco/concept-scheme/member-skills&language=en","uri":"http://data.europa.eu/esco/concept-scheme/member-skills","title":"ESCO member skills"}],"hasSkillType":[{"href":"https://ec.europa.eu/esco/api/resource/concept?uri=http://data.europa.eu/esco/skill-type/skill&language=en","uri":"http://data.europa.eu/esco/skill-type/skill","title":"skill"}],"hasReuseLevel":[{"href":"https://ec.europa.eu/esco/api/resource/concept?uri=http://data.europa.eu/esco/skill-reuse-level/sector-specific&language=en","uri":"http://data.europa.eu/esco/skill-reuse-level/sector-specific","title":"sector specific skills and competences","code":"Level 3"}],"isEssentialForOccupation":[{"href":"https://ec.europa.eu/esco/api/resource/occupation?uri=http://data.europa.eu/esco/occupation/02609ece-cea3-43fa-bf38-b6fb821f28b2&language=en","uri":"http://data.europa.eu/esco/occupation/02609ece-cea3-43fa-bf38-b6fb821f28b2","title":"tour operators manager"},{"href":"https://ec.europa.eu/esco/api/resource/occupation?uri=http://data.europa.eu/esco/occupation/9358775a-3769-4327-bf25-6c0d9d69d192&language=en","uri":"http://data.europa.eu/esco/occupation/9358775a-3769-4327-bf25-6c0d9d69d192","title":"travel agency manager"}],"isOptionalForOccupation":[{"href":"https://ec.europa.eu/esco/api/resource/occupation?uri=http://data.europa.eu/esco/occupation/b5d76ddd-f59a-491a-9543-f6c0e2d8a950&language=en","uri":"http://data.europa.eu/esco/occupation/b5d76ddd-f59a-491a-9543-f6c0e2d8a950","title":"tour operator representative"},{"href":"https://ec.europa.eu/esco/api/resource/occupation?uri=http://data.europa.eu/esco/occupation/f4e3dd1c-f86b-4a69-8887-547255eadc79&language=en","uri":"http://data.europa.eu/esco/occupation/f4e3dd1c-f86b-4a69-8887-547255eadc79","title":"tourist information centre manager"}]},"_embedded":{}},{"className":"Skill","classId":"http://data.europa.eu/esco/model#Skill","uri":"http://data.europa.eu/esco/skill/e44e70f4-5adf-4ef2-8ea3-4db64352a314","title":"promote exercise programmes","referenceLanguage":["en"],"preferredLabel":{"de":"Werbung für Übungsprogramme machen","no":"promotere treningsprogrammer","en-us":"promote exercise programs","fi":"markkinoida harjoitusohjelmia","pt":"promover programas de exercício físico","bg":"популяризиране на програми за упражнения","lt":"propaguoti fizinės veiklos programas","hr":"promicati programe vježbanja","lv":"popularizēt treniņu programmas","fr":"promouvoir des programmes d'exercice physique","hu":"támogatja az edzésterveket","sk":"propagovať programy cvičenia","sl":"spodbujati programe vadbe","ga":"cláir aclaíochta a chur chun cinn","sv":"marknadsföra träningsprogram","el":"προώθηση προγραμμάτων φυσικής άσκησης","mt":"promozzjoni tal-programmi tal-eżerċizzju","en":"promote exercise programmes","is":"kynnir æfingaráætlun","it":"promuovere i programmi di esercizio fisico","es":"promover programas de ejercicios","et":"treeningprogramme reklaamima","cs":"propagovat programy cvičení","ar":"يعزز برامج التدريب","pl":"promować programy ćwiczeń","ro":"promovează programe de exerciții","da":"promovere motionsprogrammer","nl":"oefenprogramma's promoten"},"alternativeLabel":{"en":["advertise training programmes","promote programmes to exercise","promote fitness regimes","promote programmes for exercises"],"sl":["promovirati programe vadbe"],"nl":["trainingsprogramma's promoten"]},"description":{"en-us":{"literal":"Develop and apply strategies to motivate clients to engage in an exercise program.","mimetype":"plain/text"},"en":{"literal":"Develop and apply strategies to motivate clients to engage in an exercise programme.","mimetype":"plain/text"}},"status":"released","_links":{"self":{"href":"https://ec.europa.eu/esco/api/resource/skill?uri=http://data.europa.eu/esco/skill/e44e70f4-5adf-4ef2-8ea3-4db64352a314&language=en","uri":"http://data.europa.eu/esco/skill/e44e70f4-5adf-4ef2-8ea3-4db64352a314","title":"promote exercise programmes"},"isTopConceptInScheme":[{"href":"https://ec.europa.eu/esco/api/resource/taxonomy?uri=http://data.europa.eu/esco/concept-scheme/member-skills&language=en","uri":"http://data.europa.eu/esco/concept-scheme/member-skills","title":"ESCO member skills"},{"href":"https://ec.europa.eu/esco/api/resource/taxonomy?uri=http://data.europa.eu/esco/concept-scheme/skills&language=en","uri":"http://data.europa.eu/esco/concept-scheme/skills","title":"ESCO skills"}],"isInScheme":[{"href":"https://ec.europa.eu/esco/api/resource/taxonomy?uri=http://data.europa.eu/esco/concept-scheme/member-skills&language=en","uri":"http://data.europa.eu/esco/concept-scheme/member-skills","title":"ESCO member skills"},{"href":"https://ec.europa.eu/esco/api/resource/taxonomy?uri=http://data.europa.eu/esco/concept-scheme/skills&language=en","uri":"http://data.europa.eu/esco/concept-scheme/skills","title":"ESCO skills"}],"hasSkillType":[{"href":"https://ec.europa.eu/esco/api/resource/concept?uri=http://data.europa.eu/esco/skill-type/skill&language=en","uri":"http://data.europa.eu/esco/skill-type/skill","title":"skill"}],"hasReuseLevel":[{"href":"https://ec.europa.eu/esco/api/resource/concept?uri=http://data.europa.eu/esco/skill-reuse-level/sector-specific&language=en","uri":"http://data.europa.eu/esco/skill-reuse-level/sector-specific","title":"sector specific skills and competences","code":"Level 3"}],"isOptionalForOccupation":[{"href":"https://ec.europa.eu/esco/api/resource/occupation?uri=http://data.europa.eu/esco/occupation/a7198837-139d-49c7-8fd0-eb8d8c1ee844&language=en","uri":"http://data.europa.eu/esco/occupation/a7198837-139d-49c7-8fd0-eb8d8c1ee844","title":"osteopath"},{"href":"https://ec.europa.eu/esco/api/resource/occupation?uri=http://data.europa.eu/esco/occupation/763f82c2-81e3-48d2-9cdf-f532b5016a1f&language=en","uri":"http://data.europa.eu/esco/occupation/763f82c2-81e3-48d2-9cdf-f532b5016a1f","title":"weight loss consultant"}]},"_embedded":{}},{"className":"Skill","classId":"http://data.europa.eu/esco/model#Skill","uri":"http://data.europa.eu/esco/skill/c67ddacb-7d9f-4403-9793-741c7615ad04","title":"operate slitting machinery","referenceLanguage":["en"],"preferredLabel":{"no":"betjene snittemaskiner","de":"Schneidmaschinen bedienen","fi":"käyttää pituusleikkureita","en-us":"operate slitting machinery","pt":"operar máquinas cortadoras longitudinais","bg":"боравене с машини за надлъжно рязане","lt":"valdyti išilginio pjovimo įrangą","hr":"rukovati strojevima za rezanje","lv":"darbināt griešanas mašīnas","fr":"utiliser une fendeuse","hu":"áttekercselő‑daraboló gépet üzemeltet","sk":"obsluhovať pozdĺžnu rezačku","sl":"upravljati stroje za vzdolžni razrez","ga":"meaisínre scáinte a oibriú","sv":"använda skärvalsmaskiner","el":"χειρισμός των μηχανημάτων περιτύλιξης","mt":"tħaddim tal-makkinarju tat-tiċrit","en":"operate slitting machinery","is":"stjórnar ræmuskurðarvélbúnaði","it":"utilizzare i macchinari da taglio","es":"manejar máquinas para cortar bandas longitudinales","et":"pikilõikepinki käsitsema","cs":"obsluhovat podélné řezačky","ar":"يشغّل آلات الحز","pl":"obsługiwać maszyny do cięcia wzdłużnego","da":"betjene stansemaskiner","ro":"operează mașini de debitat și tăiat","nl":"snijmachines bedienen"},"alternativeLabel":{"en":["manage slitting machinery","operate slitting machineries","utilise slitting machinery","operate a slitting machine","use slitting machinery"],"es":["utilizar máquinas para cortar bandas longitudinales"]},"description":{"en-us":{"literal":"Operate a machine to convert sheets of paper, metal or other materials into strips of specified witdhs.","mimetype":"plain/text"},"en":{"literal":"Operate a machine to convert sheets of paper, metal or other materials into strips of specified witdhs.","mimetype":"plain/text"}},"status":"released","_links":{"self":{"href":"https://ec.europa.eu/esco/api/resource/skill?uri=http://data.europa.eu/esco/skill/c67ddacb-7d9f-4403-9793-741c7615ad04&language=en","uri":"http://data.europa.eu/esco/skill/c67ddacb-7d9f-4403-9793-741c7615ad04","title":"operate slitting machinery"},"isTopConceptInScheme":[{"href":"https://ec.europa.eu/esco/api/resource/taxonomy?uri=http://data.europa.eu/esco/concept-scheme/member-skills&language=en","uri":"http://data.europa.eu/esco/concept-scheme/member-skills","title":"ESCO member skills"},{"href":"https://ec.europa.eu/esco/api/resource/taxonomy?uri=http://data.europa.eu/esco/concept-scheme/skills&language=en","uri":"http://data.europa.eu/esco/concept-scheme/skills","title":"ESCO skills"}],"isInScheme":[{"href":"https://ec.europa.eu/esco/api/resource/taxonomy?uri=http://data.europa.eu/esco/concept-scheme/member-skills&language=en","uri":"http://data.europa.eu/esco/concept-scheme/member-skills","title":"ESCO member skills"},{"href":"https://ec.europa.eu/esco/api/resource/taxonomy?uri=http://data.europa.eu/esco/concept-scheme/skills&language=en","uri":"http://data.europa.eu/esco/concept-scheme/skills","title":"ESCO skills"}],"hasSkillType":[{"href":"https://ec.europa.eu/esco/api/resource/concept?uri=http://data.europa.eu/esco/skill-type/skill&language=en","uri":"http://data.europa.eu/esco/skill-type/skill","title":"skill"}],"hasReuseLevel":[{"href":"https://ec.europa.eu/esco/api/resource/concept?uri=http://data.europa.eu/esco/skill-reuse-level/occupation-specific&language=en","uri":"http://data.europa.eu/esco/skill-reuse-level/occupation-specific","title":"occupation specific skills and competences","code":"Level 4"}],"isEssentialForOccupation":[{"href":"https://ec.europa.eu/esco/api/resource/occupation?uri=http://data.europa.eu/esco/occupation/95a6ecd2-a140-4861-aad7-dcb8cfc1c9a3&language=en","uri":"http://data.europa.eu/esco/occupation/95a6ecd2-a140-4861-aad7-dcb8cfc1c9a3","title":"slitter operator"}]},"_embedded":{}},{"className":"Skill","classId":"http://data.europa.eu/esco/model#Skill","uri":"http://data.europa.eu/esco/skill/e180c13d-7762-4e5c-b187-91df6fddebdd","title":"transport allocated patients","referenceLanguage":["en"],"preferredLabel":{"no":"transportere allokerte pasienter","de":"Patiententransporte übernehmen","fi":"tehdä ennalta sovittuja potilaskuljetuksia","en-us":"transport allocated patients","pt":"transportar os pacientes atribuídos","bg":"транспортиране на определените пациенти","lt":"gabenti paskirtus pacientus","lv":"pārvest norādītos pacientus","hr":"prevoziti dodijeljene pacijente","fr":"transporter les patients attribués","hu":"szállítja a kijelölt betegeket","sk":"transport allocated patients","sl":"prevažati dodeljene paciente","ga":"othair leithdháilte a aistriú","sv":"transportera tilldelade patienter","el":"μεταφορά των προβλεπόμενων ασθενών","mt":"trasport tal-pazjenti allokati","en":"transport allocated patients","is":"flytur úthlutuðum  sjúklingum","it":"trasportare i pazienti assegnati","es":"trasladar a los pacientes asignados","et":"patsiendile transporditeenust osutama","cs":"přepravovat určené pacienty","ar":"ينقل المرضى المخصصين","pl":"przenosić przypisanych pacjentów","da":"transportere patienter","ro":"transportă pacienții alocați","nl":"toegewezen patiënten vervoeren"},"alternativeLabel":{"en":["transport allocated client","transport allocated patient","drive allocated persons","drive allocated clients","drive allocated patient","convey allocated patients","transport allocated clients","drive allocated patients","drive allocated client","lift allocated patients","transport allocated persons"]},"description":{"en-us":{"literal":"Drive and convey the allocated patient to and from their home, hospital and any other treatment center in a caring and professional manner.","mimetype":"plain/text"},"en":{"literal":"Drive and convey the allocated patient to and from their home, hospital and any other treatment center in a caring and professional manner.","mimetype":"plain/text"}},"status":"released","_links":{"self":{"href":"https://ec.europa.eu/esco/api/resource/skill?uri=http://data.europa.eu/esco/skill/e180c13d-7762-4e5c-b187-91df6fddebdd&language=en","uri":"http://data.europa.eu/esco/skill/e180c13d-7762-4e5c-b187-91df6fddebdd","title":"transport allocated patients"},"isTopConceptInScheme":[{"href":"https://ec.europa.eu/esco/api/resource/taxonomy?uri=http://data.europa.eu/esco/concept-scheme/skills&language=en","uri":"http://data.europa.eu/esco/concept-scheme/skills","title":"ESCO skills"},{"href":"https://ec.europa.eu/esco/api/resource/taxonomy?uri=http://data.europa.eu/esco/concept-scheme/member-skills&language=en","uri":"http://data.europa.eu/esco/concept-scheme/member-skills","title":"ESCO member skills"}],"isInScheme":[{"href":"https://ec.europa.eu/esco/api/resource/taxonomy?uri=http://data.europa.eu/esco/concept-scheme/skills&language=en","uri":"http://data.europa.eu/esco/concept-scheme/skills","title":"ESCO skills"},{"href":"https://ec.europa.eu/esco/api/resource/taxonomy?uri=http://data.europa.eu/esco/concept-scheme/member-skills&language=en","uri":"http://data.europa.eu/esco/concept-scheme/member-skills","title":"ESCO member skills"}],"hasSkillType":[{"href":"https://ec.europa.eu/esco/api/resource/concept?uri=http://data.europa.eu/esco/skill-type/skill&language=en","uri":"http://data.europa.eu/esco/skill-type/skill","title":"skill"}],"hasReuseLevel":[{"href":"https://ec.europa.eu/esco/api/resource/concept?uri=http://data.europa.eu/esco/skill-reuse-level/occupation-specific&language=en","uri":"http://data.europa.eu/esco/skill-reuse-level/occupation-specific","title":"occupation specific skills and competences","code":"Level 4"}],"isEssentialForOccupation":[{"href":"https://ec.europa.eu/esco/api/resource/occupation?uri=http://data.europa.eu/esco/occupation/976f752c-5f10-42ca-84fb-89aa529af04f&language=en","uri":"http://data.europa.eu/esco/occupation/976f752c-5f10-42ca-84fb-89aa529af04f","title":"patient transport services driver"}]},"_embedded":{}},{"className":"Skill","classId":"http://data.europa.eu/esco/model#Skill","uri":"http://data.europa.eu/esco/skill/cb5cccc9-abe4-4b11-abe6-d27e5cd85fb1","title":"manage standards for data exchange","referenceLanguage":["en"],"preferredLabel":{"de":"Standards für den Datenaustausch verwalten","no":"administrere standarder for datautveksling","fi":"hallita tiedonsiirtostandardeja","en-us":"manage standards for data exchange","pt":"gerir normas de intercâmbio de dados","bg":"управление на стандарти за обмен на данни","lt":"valdyti keitimosi duomenimis standartus","hr":"upravljati standardima u razmjeni podataka","lv":"datu apmaiņas standartu pārvaldība","fr":"gérer les normes d’échange de données","hu":"kialakítja és kezeli az adatcserére vonatkozó konvenciókat","sk":"riadiť normy výmeny údajov","sl":"upravljati standarde za izmenjavo podatkov","ga":"bainistiú a dhéanamh ar chaighdeáin le haghaidh malartú sonraí","sv":"hantera standarder för datautbyte","mt":"timmaniġġja standards għall-iskambju tad-dejta","el":"καθορισμός προτύπων για ανταλλαγή δεδομένων","en":"manage standards for data exchange","is":"annast staðla um gagnamiðlun","it":"gestire gli standard per lo scambio dei dati","es":"gestionar las normas de intercambio de datos","et":"andmevahetuse standardeid juhtima","cs":"řídit standardy pro výměnu dat","ar":"يدير معايير تبادل البيانات","pl":"zarządzać normami wymiany danych","da":"administrere standarder for dataudveksling","ro":"gestionează standarde pentru schimbul de date","nl":"standaarden voor gegevensuitwisseling beheren"},"alternativeLabel":{"cs":["řídit normy pro výměnu dat","spravovat normy pro výměnu dat","řídit standardy pro výměny dat"],"mt":["timmaniġġja standards għall-iskambju ta' data","timmaniġġja standards għall-iskambju ta' dejta","timmaniġġja standards għall-iskambju ta' informazzjoni","timmaniġġja l-istandards għall-iskambju tad-dejta","iżżomm standards għall-iskambju tad-dejta"],"el":["καθορισμός απαιτήσεων για ανταλλαγή δεδομένων","καθορισμός προδιαγραφών για ανταλλαγή δεδομένων"],"nl":["standaarden voor gegevensuitwisseling opstellen","standaarden beheren voor gegevensomzetting naar de gewenste gegevensstructuur","gegevensuitwisseling beheren","structuur voor gegevensuitwisseling bepalen","standaarden voor data-uitwisseling beheren"]},"description":{"en-us":{"literal":"Set and maintain standards for transforming data from source schemas into the necessary data structure of a result schema.","mimetype":"plain/text"},"en":{"literal":"Set and maintain standards for transforming data from source schemas into the necessary data structure of a result schema.","mimetype":"plain/text"}},"status":"released","_links":{"self":{"href":"https://ec.europa.eu/esco/api/resource/skill?uri=http://data.europa.eu/esco/skill/cb5cccc9-abe4-4b11-abe6-d27e5cd85fb1&language=en","uri":"http://data.europa.eu/esco/skill/cb5cccc9-abe4-4b11-abe6-d27e5cd85fb1","title":"manage standards for data exchange"},"isTopConceptInScheme":[{"href":"https://ec.europa.eu/esco/api/resource/taxonomy?uri=http://data.europa.eu/esco/concept-scheme/skills&language=en","uri":"http://data.europa.eu/esco/concept-scheme/skills","title":"ESCO skills"},{"href":"https://ec.europa.eu/esco/api/resource/taxonomy?uri=http://data.europa.eu/esco/concept-scheme/member-skills&language=en","uri":"http://data.europa.eu/esco/concept-scheme/member-skills","title":"ESCO member skills"}],"isInScheme":[{"href":"https://ec.europa.eu/esco/api/resource/taxonomy?uri=http://data.europa.eu/esco/concept-scheme/skills&language=en","uri":"http://data.europa.eu/esco/concept-scheme/skills","title":"ESCO skills"},{"href":"https://ec.europa.eu/esco/api/resource/taxonomy?uri=http://data.europa.eu/esco/concept-scheme/member-skills&language=en","uri":"http://data.europa.eu/esco/concept-scheme/member-skills","title":"ESCO member skills"}],"hasSkillType":[{"href":"https://ec.europa.eu/esco/api/resource/concept?uri=http://data.europa.eu/esco/skill-type/skill&language=en","uri":"http://data.europa.eu/esco/skill-type/skill","title":"skill"}],"hasReuseLevel":[{"href":"https://ec.europa.eu/esco/api/resource/concept?uri=http://data.europa.eu/esco/skill-reuse-level/sector-specific&language=en","uri":"http://data.europa.eu/esco/skill-reuse-level/sector-specific","title":"sector specific skills and competences","code":"Level 3"}],"isEssentialForOccupation":[{"href":"https://ec.europa.eu/esco/api/resource/occupation?uri=http://data.europa.eu/esco/occupation/7086d0ca-1e77-4690-89c9-7ed1a0478fa3&language=en","uri":"http://data.europa.eu/esco/occupation/7086d0ca-1e77-4690-89c9-7ed1a0478fa3","title":"data quality specialist"},{"href":"https://ec.europa.eu/esco/api/resource/occupation?uri=http://data.europa.eu/esco/occupation/8d9ec84d-cf2d-4179-87bc-335cda54a427&language=en","uri":"http://data.europa.eu/esco/occupation/8d9ec84d-cf2d-4179-87bc-335cda54a427","title":"database designer"},{"href":"https://ec.europa.eu/esco/api/resource/occupation?uri=http://data.europa.eu/esco/occupation/1562c7a3-c7d9-419d-b9b6-db26610bcf84&language=en","uri":"http://data.europa.eu/esco/occupation/1562c7a3-c7d9-419d-b9b6-db26610bcf84","title":"data warehouse designer"}],"isOptionalForOccupation":[{"href":"https://ec.europa.eu/esco/api/resource/occupation?uri=http://data.europa.eu/esco/occupation/e1c72b5f-4c5c-487c-a6df-e84b64a51dae&language=en","uri":"http://data.europa.eu/esco/occupation/e1c72b5f-4c5c-487c-a6df-e84b64a51dae","title":"ICT system architect"}]},"_embedded":{}},{"className":"Skill","classId":"http://data.europa.eu/esco/model#Skill","uri":"http://data.europa.eu/esco/skill/83cc70a1-c080-4a92-85e8-efba52a6fce9","title":"teach secondary education class content","referenceLanguage":["en"],"preferredLabel":{"no":"undervise i videregående opplæring","de":"Inhalte der Sekundarstufe unterrichten","en-us":"teach secondary education class content","fi":"opettaa ylemmän perusasteen ja keskiasteen opetussisältöjä","pt":"ensinar o programa de educação secundária","bg":"преподаване на учебно съдържание за средно образование","lt":"mokyti vidurinės mokyklos pamokų turinio","lv":"pasniegt vidusskolas mācību vielu","hr":"podučavati sadržaj srednjoškolskog obrazovanja","fr":"enseigner dans un établissement d'enseignement secondaire","hu":"középiskolai óraanyagot tanít","sk":"vyučovať na strednej škole","sl":"poučevati srednješolske učne vsebine","ga":"ábhar ranga meánscoile a theagasc","sv":"undervisa in sekundärskolan","mt":"tagħlim tal-kontenut tal-klassi tal-edukazzjoni sekondarja","el":"διδασκαλία εκπαιδευτικού υλικού δευτεροβάθμιας εκπαίδευσης","en":"teach secondary education class content","is":"kennir námsefni efri bekkja grunnskóla","it":"insegnare nella scuola secondaria","es":"enseñar contenido de clases de educación secundaria","et":"keskhariduse tundide sisu õpetama","cs":"učit kurzy na úrovni sekundárního vzdělávání","ar":"يُدرس محتوى المرحلة الثانوية","pl":"nauczać przedmiotów nauczania na poziome średnim","da":"undervise i sekundærskoleindhold","ro":"predă materii specifice învățământului secundar","nl":"middelbareschoolonderwerpen onderwijzen"},"alternativeLabel":{"fi":["opettaa yläkoulun ja lukion opetussisältöjä"],"sv":["undervisa i gymnasieskolan","undervisa på högstadiet"],"en":["explain secondary education class content","provide instruction on secondary education class content","educate on secondary education class content","teaching secondary education class content","teaches secondary education class content"],"ga":["ábhar ranga iar-bhunscoile a theagasc"],"hu":["középiskolai órát tart"],"nl":["secundaireschoolonderwerpen onderwijzen"]},"description":{"en-us":{"literal":"Instruct students in the theory and practice of the high school course of your specialization, taking into account the age of the students and modern teaching methods.","mimetype":"plain/text"},"en":{"literal":"Instruct students in the theory and practice of the secondary school course of your specialisation, taking into account the age of the students and modern teaching methods.","mimetype":"plain/text"}},"status":"released","_links":{"self":{"href":"https://ec.europa.eu/esco/api/resource/skill?uri=http://data.europa.eu/esco/skill/83cc70a1-c080-4a92-85e8-efba52a6fce9&language=en","uri":"http://data.europa.eu/esco/skill/83cc70a1-c080-4a92-85e8-efba52a6fce9","title":"teach secondary education class content"},"isTopConceptInScheme":[{"href":"https://ec.europa.eu/esco/api/resource/taxonomy?uri=http://data.europa.eu/esco/concept-scheme/skills&language=en","uri":"http://data.europa.eu/esco/concept-scheme/skills","title":"ESCO skills"},{"href":"https://ec.europa.eu/esco/api/resource/taxonomy?uri=http://data.europa.eu/esco/concept-scheme/member-skills&language=en","uri":"http://data.europa.eu/esco/concept-scheme/member-skills","title":"ESCO member skills"}],"isInScheme":[{"href":"https://ec.europa.eu/esco/api/resource/taxonomy?uri=http://data.europa.eu/esco/concept-scheme/skills&language=en","uri":"http://data.europa.eu/esco/concept-scheme/skills","title":"ESCO skills"},{"href":"https://ec.europa.eu/esco/api/resource/taxonomy?uri=http://data.europa.eu/esco/concept-scheme/member-skills&language=en","uri":"http://data.europa.eu/esco/concept-scheme/member-skills","title":"ESCO member skills"}],"hasSkillType":[{"href":"https://ec.europa.eu/esco/api/resource/concept?uri=http://data.europa.eu/esco/skill-type/skill&language=en","uri":"http://data.europa.eu/esco/skill-type/skill","title":"skill"}],"hasReuseLevel":[{"href":"https://ec.europa.eu/esco/api/resource/concept?uri=http://data.europa.eu/esco/skill-reuse-level/sector-specific&language=en","uri":"http://data.europa.eu/esco/skill-reuse-level/sector-specific","title":"sector specific skills and competences","code":"Level 3"}],"isEssentialForOccupation":[{"href":"https://ec.europa.eu/esco/api/resource/occupation?uri=http://data.europa.eu/esco/occupation/034cad59-e666-4770-a7ef-a337257f8072&language=en","uri":"http://data.europa.eu/esco/occupation/034cad59-e666-4770-a7ef-a337257f8072","title":"special educational needs teacher secondary school"},{"href":"https://ec.europa.eu/esco/api/resource/occupation?uri=http://data.europa.eu/esco/occupation/79c2e54e-26e8-4cdc-a7f1-908e000bfb83&language=en","uri":"http://data.europa.eu/esco/occupation/79c2e54e-26e8-4cdc-a7f1-908e000bfb83","title":"secondary school teaching assistant"}],"isOptionalForOccupation":[{"href":"https://ec.europa.eu/esco/api/resource/occupation?uri=http://data.europa.eu/esco/occupation/d37cc820-15f5-4a81-88db-af48b0ee6a32&language=en","uri":"http://data.europa.eu/esco/occupation/d37cc820-15f5-4a81-88db-af48b0ee6a32","title":"secondary school department head"},{"href":"https://ec.europa.eu/esco/api/resource/occupation?uri=http://data.europa.eu/esco/occupation/605e58d6-ad27-4828-b1f5-16707f327fa0&language=en","uri":"http://data.europa.eu/esco/occupation/605e58d6-ad27-4828-b1f5-16707f327fa0","title":"education studies lecturer"},{"href":"https://ec.europa.eu/esco/api/resource/occupation?uri=http://data.europa.eu/esco/occupation/976cbfcc-8958-4800-a435-71d15405a42a&language=en","uri":"http://data.europa.eu/esco/occupation/976cbfcc-8958-4800-a435-71d15405a42a","title":"special educational needs teacher"},{"href":"https://ec.europa.eu/esco/api/resource/occupation?uri=http://data.europa.eu/esco/occupation/622ccd55-910f-483d-8661-44c6162156bf&language=en","uri":"http://data.europa.eu/esco/occupation/622ccd55-910f-483d-8661-44c6162156bf","title":"special educational needs itinerant teacher"}]},"_embedded":{}}]}}