{"total":8196,"offset":257,"limit":20,"language":"en","uri":"http://data.europa.eu/esco/concept-scheme/skills","relation":"hasTopConcept","_links":{"self":{"href":"https://ec.europa.eu/esco/api/resource/related?uri=http://data.europa.eu/esco/concept-scheme/skills&relation=hasTopConcept&limit=20&offset=257&language=en&full=true"},"prev":{"href":"https://ec.europa.eu/esco/api/resource/related?uri=http://data.europa.eu/esco/concept-scheme/skills&relation=hasTopConcept&limit=20&offset=256&language=en&full=true"},"next":{"href":"https://ec.europa.eu/esco/api/resource/related?uri=http://data.europa.eu/esco/concept-scheme/skills&relation=hasTopConcept&limit=20&offset=258&language=en&full=true"}},"_embedded":{"hasTopConcept":[{"className":"Skill","classId":"http://data.europa.eu/esco/model#Skill","uri":"http://data.europa.eu/esco/skill/a5ba32c2-ae96-4601-b171-dcc84ea20657","title":"maintain genetic registers","referenceLanguage":["en"],"preferredLabel":{"no":"føre genetiske registre","de":"Gendatenbanken führen","en-us":"maintain genetic registers","fi":"ylläpitää geneettistä rekisteriä","pt":"assegurar a manutenção dos registos genéticos","bg":"водене на генетични регистри","lt":"tvarkyti genetikos registrus","lv":"veikt ģenētisko uzskaiti","hr":"održavati genetske registre","fr":"tenir des registres génétiques","hu":"genetikai nyilvántartásokat vezet","sk":"maintain genetic registers","sl":"vzdrževati genetske registre","ga":"cláir ghéiniteacha a choinneáil","sv":"föra genetiska register","mt":"żamma tar-reġistri ġenetiċi","el":"τήρηση γενετικών αρχείων","en":"maintain genetic registers","is":"viðheldur erfðafræðiskrár","it":"tenere i registri genetici","es":"llevar historiales genéticos","et":"geeniandmete registrit pidama","cs":"uchovávat genetické registry","ar":"يحافظ على السجلات الوراثية","pl":"prowadzić rejestry genetyczne","ro":"păstrează registre genetice","da":"vedligeholde genetiske registre","nl":"genetische registers beheren"},"alternativeLabel":{"en":["keep a genetic register","keep genetic data","keep genetic registers","maintain genetic register"],"es":["mantener los historiales genéticos"],"nl":["genetische registers bewaren","genetische registers bijhouden"]},"description":{"en-us":{"literal":"Maintain accurate genetic registers for a long period of time, as they continue to be relevant to patients` descendants` and succeeding generations.","mimetype":"plain/text"},"en":{"literal":"Maintain accurate genetic registers for a long period of time, as they continue to be relevant to patients` descendants` and succeeding generations.","mimetype":"plain/text"}},"status":"released","_links":{"self":{"href":"https://ec.europa.eu/esco/api/resource/skill?uri=http://data.europa.eu/esco/skill/a5ba32c2-ae96-4601-b171-dcc84ea20657&language=en","uri":"http://data.europa.eu/esco/skill/a5ba32c2-ae96-4601-b171-dcc84ea20657","title":"maintain genetic registers"},"isTopConceptInScheme":[{"href":"https://ec.europa.eu/esco/api/resource/taxonomy?uri=http://data.europa.eu/esco/concept-scheme/member-skills&language=en","uri":"http://data.europa.eu/esco/concept-scheme/member-skills","title":"ESCO member skills"},{"href":"https://ec.europa.eu/esco/api/resource/taxonomy?uri=http://data.europa.eu/esco/concept-scheme/skills&language=en","uri":"http://data.europa.eu/esco/concept-scheme/skills","title":"ESCO skills"}],"isInScheme":[{"href":"https://ec.europa.eu/esco/api/resource/taxonomy?uri=http://data.europa.eu/esco/concept-scheme/member-skills&language=en","uri":"http://data.europa.eu/esco/concept-scheme/member-skills","title":"ESCO member skills"},{"href":"https://ec.europa.eu/esco/api/resource/taxonomy?uri=http://data.europa.eu/esco/concept-scheme/skills&language=en","uri":"http://data.europa.eu/esco/concept-scheme/skills","title":"ESCO skills"}],"hasSkillType":[{"href":"https://ec.europa.eu/esco/api/resource/concept?uri=http://data.europa.eu/esco/skill-type/skill&language=en","uri":"http://data.europa.eu/esco/skill-type/skill","title":"skill"}],"hasReuseLevel":[{"href":"https://ec.europa.eu/esco/api/resource/concept?uri=http://data.europa.eu/esco/skill-reuse-level/occupation-specific&language=en","uri":"http://data.europa.eu/esco/skill-reuse-level/occupation-specific","title":"occupation specific skills and competences","code":"Level 4"}],"isOptionalForOccupation":[{"href":"https://ec.europa.eu/esco/api/resource/occupation?uri=http://data.europa.eu/esco/occupation/6140be85-2d45-44b2-b0ba-412aadcead1e&language=en","uri":"http://data.europa.eu/esco/occupation/6140be85-2d45-44b2-b0ba-412aadcead1e","title":"geneticist"}]},"_embedded":{}},{"className":"Skill","classId":"http://data.europa.eu/esco/model#Skill","uri":"http://data.europa.eu/esco/skill/ec9cf564-7a6f-410b-81e1-dafc26f92a13","title":"fill sacks","referenceLanguage":["en"],"preferredLabel":{"no":"fylle sekker","de":"Säcke füllen","fi":"täyttää säkkejä","en-us":"fill sacks","pt":"encher sacos","bg":"пълнене на чували","lt":"pripildyti maišus","hr":"puniti vreće","lv":"pildīt maisus","fr":"remplir des sacs","hu":"zsákokat tölt meg","sk":"plniť vrecia","sl":"polniti vreče","ga":"málaí a líonadh","sv":"fylla säckar","el":"γέμιση σάκων","mt":"mili tal-ixkejjer","en":"fill sacks","is":"fyllir sekki","it":"riempire sacchi","es":"llenar bolsas","et":"kotte täitma","cs":"plnit pytle","ar":"يملأ الأكياس","pl":"napełniać worki","da":"fylde sække","ro":"umple saci","nl":"zakken vullen"},"alternativeLabel":{"bg":["пълнене на торби"],"en":["fill a sack","swell sacks","stuff sacks","pad sacks"],"es":["llenar costales","llenar sacos"]},"description":{"en-us":{"literal":"Fills sacks with feeds coming from a sack holder machine.","mimetype":"plain/text"},"en":{"literal":"Fills sacks with feeds coming from a sack holder machine.","mimetype":"plain/text"}},"status":"released","_links":{"self":{"href":"https://ec.europa.eu/esco/api/resource/skill?uri=http://data.europa.eu/esco/skill/ec9cf564-7a6f-410b-81e1-dafc26f92a13&language=en","uri":"http://data.europa.eu/esco/skill/ec9cf564-7a6f-410b-81e1-dafc26f92a13","title":"fill sacks"},"isTopConceptInScheme":[{"href":"https://ec.europa.eu/esco/api/resource/taxonomy?uri=http://data.europa.eu/esco/concept-scheme/skills&language=en","uri":"http://data.europa.eu/esco/concept-scheme/skills","title":"ESCO skills"},{"href":"https://ec.europa.eu/esco/api/resource/taxonomy?uri=http://data.europa.eu/esco/concept-scheme/member-skills&language=en","uri":"http://data.europa.eu/esco/concept-scheme/member-skills","title":"ESCO member skills"}],"isInScheme":[{"href":"https://ec.europa.eu/esco/api/resource/taxonomy?uri=http://data.europa.eu/esco/concept-scheme/skills&language=en","uri":"http://data.europa.eu/esco/concept-scheme/skills","title":"ESCO skills"},{"href":"https://ec.europa.eu/esco/api/resource/taxonomy?uri=http://data.europa.eu/esco/concept-scheme/member-skills&language=en","uri":"http://data.europa.eu/esco/concept-scheme/member-skills","title":"ESCO member skills"}],"hasSkillType":[{"href":"https://ec.europa.eu/esco/api/resource/concept?uri=http://data.europa.eu/esco/skill-type/skill&language=en","uri":"http://data.europa.eu/esco/skill-type/skill","title":"skill"}],"hasReuseLevel":[{"href":"https://ec.europa.eu/esco/api/resource/concept?uri=http://data.europa.eu/esco/skill-reuse-level/occupation-specific&language=en","uri":"http://data.europa.eu/esco/skill-reuse-level/occupation-specific","title":"occupation specific skills and competences","code":"Level 4"}],"isEssentialForOccupation":[{"href":"https://ec.europa.eu/esco/api/resource/occupation?uri=http://data.europa.eu/esco/occupation/b91034a0-1d3e-40e4-aced-07052ee0f9e9&language=en","uri":"http://data.europa.eu/esco/occupation/b91034a0-1d3e-40e4-aced-07052ee0f9e9","title":"animal feed operator"}]},"_embedded":{}},{"className":"Skill","classId":"http://data.europa.eu/esco/model#Skill","uri":"http://data.europa.eu/esco/skill/cbbebdb7-d45f-4087-b513-032718b1c2d6","title":"build up rubber plies","referenceLanguage":["en"],"preferredLabel":{"de":"Gummischichten aufbauen","no":"bygge opp gummiinnlegg","en-us":"build up rubber plies","fi":"kerrostaa kumikerroksia","pt":"unir camadas de borracha de acordo com especificações","bg":"наслагване на пластове от каучук","lt":"sluoksniuoti gumos sluoksnius","hr":"slagati gumene slojeve","lv":"likt gumijas kārtas","fr":"plier du caoutchouc en couches","hu":"gumiheveder-rétegeket épít egymásra","sk":"nanášať gumové vrstvy","sl":"nalagati plasti gume","ga":"duail rubair a charnadh","sv":"bygga upp gummilager","mt":"bini ta’ saffi tal-lastku","el":"κατασκευή υλικού με πολλαπλές στρώσεις καουτσούκ","en":"build up rubber plies","is":"byggir upp gúmmílög","it":"unire strati di gomma","es":"confeccionar placas de caucho","et":"kummikihte lisama","cs":"vytvořit potřebné pryžové vrstvy","ar":"يعزز طيات المطاط","pl":"układać płaty gumowe w warstwy","da":"opbygge gummilag","ro":"produce striuri de cauciuc","nl":"rubberen lagen opbouwen"},"alternativeLabel":{"en":["rubber plies building up","rubber ply creating","create rubber plies","building up rubber plies","rubber plies creating","rubber ply building up"]},"description":{"en-us":{"literal":"Build up the number of plies required in specifications by trimming the irregular edges using scissors or knifes.","mimetype":"plain/text"},"en":{"literal":"Build up the number of plies required in specifications by trimming the irregular edges using scissors or knifes.","mimetype":"plain/text"}},"status":"released","_links":{"self":{"href":"https://ec.europa.eu/esco/api/resource/skill?uri=http://data.europa.eu/esco/skill/cbbebdb7-d45f-4087-b513-032718b1c2d6&language=en","uri":"http://data.europa.eu/esco/skill/cbbebdb7-d45f-4087-b513-032718b1c2d6","title":"build up rubber plies"},"isTopConceptInScheme":[{"href":"https://ec.europa.eu/esco/api/resource/taxonomy?uri=http://data.europa.eu/esco/concept-scheme/member-skills&language=en","uri":"http://data.europa.eu/esco/concept-scheme/member-skills","title":"ESCO member skills"},{"href":"https://ec.europa.eu/esco/api/resource/taxonomy?uri=http://data.europa.eu/esco/concept-scheme/skills&language=en","uri":"http://data.europa.eu/esco/concept-scheme/skills","title":"ESCO skills"}],"isInScheme":[{"href":"https://ec.europa.eu/esco/api/resource/taxonomy?uri=http://data.europa.eu/esco/concept-scheme/member-skills&language=en","uri":"http://data.europa.eu/esco/concept-scheme/member-skills","title":"ESCO member skills"},{"href":"https://ec.europa.eu/esco/api/resource/taxonomy?uri=http://data.europa.eu/esco/concept-scheme/skills&language=en","uri":"http://data.europa.eu/esco/concept-scheme/skills","title":"ESCO skills"}],"hasSkillType":[{"href":"https://ec.europa.eu/esco/api/resource/concept?uri=http://data.europa.eu/esco/skill-type/skill&language=en","uri":"http://data.europa.eu/esco/skill-type/skill","title":"skill"}],"hasReuseLevel":[{"href":"https://ec.europa.eu/esco/api/resource/concept?uri=http://data.europa.eu/esco/skill-reuse-level/occupation-specific&language=en","uri":"http://data.europa.eu/esco/skill-reuse-level/occupation-specific","title":"occupation specific skills and competences","code":"Level 4"}],"isEssentialForOccupation":[{"href":"https://ec.europa.eu/esco/api/resource/occupation?uri=http://data.europa.eu/esco/occupation/8d2df08e-0b2e-4837-8096-66595bbaab15&language=en","uri":"http://data.europa.eu/esco/occupation/8d2df08e-0b2e-4837-8096-66595bbaab15","title":"belt builder"}]},"_embedded":{}},{"className":"Skill","classId":"http://data.europa.eu/esco/model#Skill","uri":"http://data.europa.eu/esco/skill/db3fc747-decb-4fa7-af57-d990461fb5ac","title":"coordinate cutting room in footwear manufacturing","referenceLanguage":["en"],"preferredLabel":{"no":"koordinere kutterom i fottøyproduksjon","de":"Schneideraum in der Produktion von Schuhwerk koordinieren","en-us":"coordinate cutting room in footwear manufacturing","fi":"koordinoida leikkaamoa jalkineiden valmistuksessa","pt":"coordenar o trabalho na etapa de corte no fabrico de calçado","bg":"координиране на цех за рязане в обувното производство","lt":"koordinuoti su avalynės gamyba susijusią supjovimo cecho veiklą","hr":"koordinirati prostoriju za rezanje u proizvodnji obuće","lv":"koordinēt apavu ražošanas piegriešanas cehu","fr":"coordonner un atelier de découpage dans la production d’articles chaussants","hu":"a cipőgyártás során koordinálja a vágóhelyiségben végzett munkát","sk":"koordinovať striháreň vo výrobe obuvi","sl":"koordinirati prostor za rezanje pri proizvodnji obutve","ga":"seomra gearrtha a chomhordú do mhonarú coisbhirt","sv":"samordna tillskärningslokal vid skotillverkning","mt":"koordinazzjoni tal-kamra tal-qtugħ fil-manifattura ta’ xedd is-saqajn","el":"συντονισμός των δραστηριοτήτων κοπής κατά την κατασκευή υποδημάτων","en":"coordinate cutting room in footwear manufacturing","is":"samræmir skurðarrými í skófatnaðarframleiðslu","it":"coordinare il reparto taglio per la fabbricazione di calzature","es":"coordinar la sala de corte en la fabricación de calzado","et":"jalatsitööstuse lõikeruumi tööd koordineerima","cs":"zajišťovat koordinaci ve stříhacím úseku v rámci výroby obuvi","ar":"ينسق غرفة القطع في تصنيع الأحذية","pl":"koordynować pracę krajalni materiałów wykorzystywanych do produkcji obuwia","da":"koordinere skærerum ved fremstilling af fodtøj","ro":"coordonează hala de tăiere în producția de încălțăminte","nl":"snijruimten voor de productie van schoeisel coördineren"},"alternativeLabel":{"en":["organize cutting room activities in footwear manufacturing","coordinate footwear cutting room","manage cutting room in footwear manufacturing","coordinate cutting room for footwear manufacturing","footwear cutting room coordination","manage footwear cutting room","organise cutting room activities in footwear manufacturing"],"pl":["koordynować pracę w ramach procesu cięcia materiałów wykorzystywanych do produkcji obuwia"],"nl":["snijruimtes voor de productie van schoeisel coördineren"],"es":["coordinar el trabajo de la sala de corte en la fabricación de calzado","organizar la sala de corte en la fabricación de calzado","coordinar la sección de corte en la fabricación de zapatos","coordinar el trabajo de la sala de corte en la fabricación de zapatos","coordinar la sección de corte"]},"description":{"en-us":{"literal":"Coordinate the flow of materials and footwear components. Manage orders and organize the activity of the cutting room. Distribute machinery, operations and workers. Manage and optimize production and materials. Divide and organize pieces and components according to the footwear model or size and send them directly to the closing room or to the warehouse. organize in-process quality control.","mimetype":"plain/text"},"en":{"literal":"Coordinate the flow of materials and footwear components. Manage orders and organise the activity of the cutting room. Distribute machinery, operations and workers. Manage and optimise production and materials. Divide and organise pieces and components according to the footwear model or size and send them directly to the closing room or to the warehouse. Organise in-process quality control.","mimetype":"plain/text"}},"status":"released","_links":{"self":{"href":"https://ec.europa.eu/esco/api/resource/skill?uri=http://data.europa.eu/esco/skill/db3fc747-decb-4fa7-af57-d990461fb5ac&language=en","uri":"http://data.europa.eu/esco/skill/db3fc747-decb-4fa7-af57-d990461fb5ac","title":"coordinate cutting room in footwear manufacturing"},"isTopConceptInScheme":[{"href":"https://ec.europa.eu/esco/api/resource/taxonomy?uri=http://data.europa.eu/esco/concept-scheme/member-skills&language=en","uri":"http://data.europa.eu/esco/concept-scheme/member-skills","title":"ESCO member skills"},{"href":"https://ec.europa.eu/esco/api/resource/taxonomy?uri=http://data.europa.eu/esco/concept-scheme/skills&language=en","uri":"http://data.europa.eu/esco/concept-scheme/skills","title":"ESCO skills"}],"isInScheme":[{"href":"https://ec.europa.eu/esco/api/resource/taxonomy?uri=http://data.europa.eu/esco/concept-scheme/member-skills&language=en","uri":"http://data.europa.eu/esco/concept-scheme/member-skills","title":"ESCO member skills"},{"href":"https://ec.europa.eu/esco/api/resource/taxonomy?uri=http://data.europa.eu/esco/concept-scheme/skills&language=en","uri":"http://data.europa.eu/esco/concept-scheme/skills","title":"ESCO skills"}],"hasSkillType":[{"href":"https://ec.europa.eu/esco/api/resource/concept?uri=http://data.europa.eu/esco/skill-type/skill&language=en","uri":"http://data.europa.eu/esco/skill-type/skill","title":"skill"}],"hasReuseLevel":[{"href":"https://ec.europa.eu/esco/api/resource/concept?uri=http://data.europa.eu/esco/skill-reuse-level/sector-specific&language=en","uri":"http://data.europa.eu/esco/skill-reuse-level/sector-specific","title":"sector specific skills and competences","code":"Level 3"}],"isOptionalForOccupation":[{"href":"https://ec.europa.eu/esco/api/resource/occupation?uri=http://data.europa.eu/esco/occupation/6482664d-48f4-4ff4-9346-584ac0e2f729&language=en","uri":"http://data.europa.eu/esco/occupation/6482664d-48f4-4ff4-9346-584ac0e2f729","title":"footwear production manager"},{"href":"https://ec.europa.eu/esco/api/resource/occupation?uri=http://data.europa.eu/esco/occupation/95d69048-3a4b-4cce-a155-584aaecfe403&language=en","uri":"http://data.europa.eu/esco/occupation/95d69048-3a4b-4cce-a155-584aaecfe403","title":"footwear assembly supervisor"},{"href":"https://ec.europa.eu/esco/api/resource/occupation?uri=http://data.europa.eu/esco/occupation/a659968d-0804-4357-bc60-735e4d41e65c&language=en","uri":"http://data.europa.eu/esco/occupation/a659968d-0804-4357-bc60-735e4d41e65c","title":"footwear production supervisor"},{"href":"https://ec.europa.eu/esco/api/resource/occupation?uri=http://data.europa.eu/esco/occupation/59dae100-fdfe-44bd-8bd8-a0d3cd813ce4&language=en","uri":"http://data.europa.eu/esco/occupation/59dae100-fdfe-44bd-8bd8-a0d3cd813ce4","title":"footwear production technician"}]},"_embedded":{}},{"className":"Skill","classId":"http://data.europa.eu/esco/model#Skill","uri":"http://data.europa.eu/esco/skill/60aa9730-3c72-4350-a06c-2f2d618ee8d5","title":"develop footwear collection","referenceLanguage":["en"],"preferredLabel":{"de":"Schuhkollektion entwickeln","no":"utvikle fottøykolleksjon","fi":"kehittää jalkinekokoelmaa","en-us":"develop footwear collection","pt":"desenvolver a coleção de calçado","bg":"разработване на колекция от обувни изделия","lt":"sukurti avalynės kolekciją","lv":"izstrādāt apavu kolekciju","hr":"razvijati kolekciju obuće","fr":"créer une collection de chaussures","hu":"cipőkollekciót tervez","sk":"vypracovať kolekciu obuvi","sl":"razvijati kolekcijo obutve","ga":"bailiúchán coisbhirt a fhorbairt","sv":"skapa skokollektioner","el":"ανάπτυξη της συλλογής υποδημάτων","mt":"żvilupp tal-kollezzjonijiet ta’ xedd is-saqajn","en":"develop footwear collection","is":"þróar skófatnaðarvörulínu","it":"sviluppare una collezione di calzature","es":"crear una colección de calzado","et":"jalatsikollektsiooni välja töötama","cs":"vytvořit kolekci obuvi","ar":"يطور جمع الأحذية","pl":"tworzyć kolekcję obuwia","da":"udvikle fodtøjskollektion","ro":"dezvoltă colecții de încălțăminte","nl":"schoenencollecties ontwikkelen"},"alternativeLabel":{"en":["development process management","develop footwear prototypes and collection","develop shoe collection","footwear collection development","manage development process of footwear  products","manage development process for footwear"],"es":["crear una colección de zapatos","diseñar una colección de calzado","diseñar una colección de zapatos"]},"description":{"en-us":{"literal":"Transform footwear design ideas and concepts into prototypes and, finally, a collection. analyze and check the designs from various angles like functionality, aesthetics, comfort, performance and manufacturability. Manage the development process of all the footwear prototypes in order to meet the customer’s needs and to properly balance quality with production costs.","mimetype":"plain/text"},"en":{"literal":"Transform footwear design ideas and concepts into prototypes and, finally, a collection. Analyse and check the designs from various angles like functionality, aesthetics, comfort, performance and manufacturability. Manage the development process of all the footwear prototypes in order to meet the customer’s needs and to properly balance quality with production costs.","mimetype":"plain/text"}},"status":"released","_links":{"self":{"href":"https://ec.europa.eu/esco/api/resource/skill?uri=http://data.europa.eu/esco/skill/60aa9730-3c72-4350-a06c-2f2d618ee8d5&language=en","uri":"http://data.europa.eu/esco/skill/60aa9730-3c72-4350-a06c-2f2d618ee8d5","title":"develop footwear collection"},"isTopConceptInScheme":[{"href":"https://ec.europa.eu/esco/api/resource/taxonomy?uri=http://data.europa.eu/esco/concept-scheme/member-skills&language=en","uri":"http://data.europa.eu/esco/concept-scheme/member-skills","title":"ESCO member skills"},{"href":"https://ec.europa.eu/esco/api/resource/taxonomy?uri=http://data.europa.eu/esco/concept-scheme/skills&language=en","uri":"http://data.europa.eu/esco/concept-scheme/skills","title":"ESCO skills"}],"isInScheme":[{"href":"https://ec.europa.eu/esco/api/resource/taxonomy?uri=http://data.europa.eu/esco/concept-scheme/member-skills&language=en","uri":"http://data.europa.eu/esco/concept-scheme/member-skills","title":"ESCO member skills"},{"href":"https://ec.europa.eu/esco/api/resource/taxonomy?uri=http://data.europa.eu/esco/concept-scheme/skills&language=en","uri":"http://data.europa.eu/esco/concept-scheme/skills","title":"ESCO skills"}],"hasSkillType":[{"href":"https://ec.europa.eu/esco/api/resource/concept?uri=http://data.europa.eu/esco/skill-type/skill&language=en","uri":"http://data.europa.eu/esco/skill-type/skill","title":"skill"}],"hasReuseLevel":[{"href":"https://ec.europa.eu/esco/api/resource/concept?uri=http://data.europa.eu/esco/skill-reuse-level/sector-specific&language=en","uri":"http://data.europa.eu/esco/skill-reuse-level/sector-specific","title":"sector specific skills and competences","code":"Level 3"}],"isEssentialForOccupation":[{"href":"https://ec.europa.eu/esco/api/resource/occupation?uri=http://data.europa.eu/esco/occupation/06f89f2c-c6e9-40c5-a4a5-0e34d5fbc184&language=en","uri":"http://data.europa.eu/esco/occupation/06f89f2c-c6e9-40c5-a4a5-0e34d5fbc184","title":"footwear designer"},{"href":"https://ec.europa.eu/esco/api/resource/occupation?uri=http://data.europa.eu/esco/occupation/ef6020f9-11b4-4d1a-96e0-903331594121&language=en","uri":"http://data.europa.eu/esco/occupation/ef6020f9-11b4-4d1a-96e0-903331594121","title":"footwear product development manager"},{"href":"https://ec.europa.eu/esco/api/resource/occupation?uri=http://data.europa.eu/esco/occupation/1209b85e-80f1-490f-a7e1-6ad220bb956d&language=en","uri":"http://data.europa.eu/esco/occupation/1209b85e-80f1-490f-a7e1-6ad220bb956d","title":"footwear product developer"}],"isOptionalForOccupation":[{"href":"https://ec.europa.eu/esco/api/resource/occupation?uri=http://data.europa.eu/esco/occupation/93aa611c-a58c-43ff-bc34-6e201dfdd0dd&language=en","uri":"http://data.europa.eu/esco/occupation/93aa611c-a58c-43ff-bc34-6e201dfdd0dd","title":"footwear patternmaker"},{"href":"https://ec.europa.eu/esco/api/resource/occupation?uri=http://data.europa.eu/esco/occupation/3fa9a480-ceb3-4c2a-8a91-0508e1bb6ba5&language=en","uri":"http://data.europa.eu/esco/occupation/3fa9a480-ceb3-4c2a-8a91-0508e1bb6ba5","title":"footwear CAD patternmaker"}]},"_embedded":{}},{"className":"Skill","classId":"http://data.europa.eu/esco/model#Skill","uri":"http://data.europa.eu/esco/skill/54924a2c-daca-40d3-9716-4b38ceb04f38","title":"algorithms","referenceLanguage":["en"],"preferredLabel":{"de":"Algorithmen","no":"algoritmer","en-us":"algorithms","fi":"algoritmit","pt":"algoritmos","bg":"алгоритми","lt":"algoritmai","lv":"algoritmi","hr":"algoritmi","fr":"algorithmes","hu":"algoritmusok","sk":"algoritmy","sl":"algoritmi","ga":"algartaim","sv":"algoritmer","el":"αλγόριθμοι","mt":"algoritmi","en":"algorithms","is":"reikniaðferð","it":"algoritmi","es":"algoritmos","et":"algoritmid","cs":"algoritmy","ar":"الخوارزميات","pl":"algorytmy","ro":"algoritmi","da":"algoritmer","nl":"algoritmen"},"alternativeLabel":{"en":["formulae","formulas","algorithmic","algorithm"],"es":["solución de problemas matemáticos","fórmulas matemáticas","cálculos matemáticos"]},"description":{"en-us":{"literal":"The self-contained step-by-step sets of operations that carry out calculations, data processing and automated reasoning, usually to solve problems.","mimetype":"plain/text"},"en":{"literal":"The self-contained step-by-step sets of operations that carry out calculations, data processing and automated reasoning, usually to solve problems.","mimetype":"plain/text"}},"status":"released","_links":{"self":{"href":"https://ec.europa.eu/esco/api/resource/skill?uri=http://data.europa.eu/esco/skill/54924a2c-daca-40d3-9716-4b38ceb04f38&language=en","uri":"http://data.europa.eu/esco/skill/54924a2c-daca-40d3-9716-4b38ceb04f38","title":"algorithms"},"isTopConceptInScheme":[{"href":"https://ec.europa.eu/esco/api/resource/taxonomy?uri=http://data.europa.eu/esco/concept-scheme/member-skills&language=en","uri":"http://data.europa.eu/esco/concept-scheme/member-skills","title":"ESCO member skills"},{"href":"https://ec.europa.eu/esco/api/resource/taxonomy?uri=http://data.europa.eu/esco/concept-scheme/skills&language=en","uri":"http://data.europa.eu/esco/concept-scheme/skills","title":"ESCO skills"}],"isInScheme":[{"href":"https://ec.europa.eu/esco/api/resource/taxonomy?uri=http://data.europa.eu/esco/concept-scheme/member-skills&language=en","uri":"http://data.europa.eu/esco/concept-scheme/member-skills","title":"ESCO member skills"},{"href":"https://ec.europa.eu/esco/api/resource/taxonomy?uri=http://data.europa.eu/esco/concept-scheme/skills&language=en","uri":"http://data.europa.eu/esco/concept-scheme/skills","title":"ESCO skills"}],"hasSkillType":[{"href":"https://ec.europa.eu/esco/api/resource/concept?uri=http://data.europa.eu/esco/skill-type/knowledge&language=en","uri":"http://data.europa.eu/esco/skill-type/knowledge","title":"knowledge"}],"hasReuseLevel":[{"href":"https://ec.europa.eu/esco/api/resource/concept?uri=http://data.europa.eu/esco/skill-reuse-level/cross-sector&language=en","uri":"http://data.europa.eu/esco/skill-reuse-level/cross-sector","title":"cross-sector skills and competences","code":"Level 2"}],"isEssentialForOccupation":[{"href":"https://ec.europa.eu/esco/api/resource/occupation?uri=http://data.europa.eu/esco/occupation/4874fa37-0cd1-4a68-aed8-a838851f242d&language=en","uri":"http://data.europa.eu/esco/occupation/4874fa37-0cd1-4a68-aed8-a838851f242d","title":"language engineer"}],"isOptionalForOccupation":[{"href":"https://ec.europa.eu/esco/api/resource/occupation?uri=http://data.europa.eu/esco/occupation/72628f3a-fd49-499a-9741-870b0a1fcef2&language=en","uri":"http://data.europa.eu/esco/occupation/72628f3a-fd49-499a-9741-870b0a1fcef2","title":"mathematician"},{"href":"https://ec.europa.eu/esco/api/resource/occupation?uri=http://data.europa.eu/esco/occupation/d2e63d7e-2605-4af1-bb7d-b1ed9ad08825&language=en","uri":"http://data.europa.eu/esco/occupation/d2e63d7e-2605-4af1-bb7d-b1ed9ad08825","title":"statistical assistant"},{"href":"https://ec.europa.eu/esco/api/resource/occupation?uri=http://data.europa.eu/esco/occupation/fde4372d-8293-42de-afbb-8b5a9b274fe7&language=en","uri":"http://data.europa.eu/esco/occupation/fde4372d-8293-42de-afbb-8b5a9b274fe7","title":"application engineer"},{"href":"https://ec.europa.eu/esco/api/resource/occupation?uri=http://data.europa.eu/esco/occupation/ac8b3cd1-a127-4e6a-8208-5cfcf7111955&language=en","uri":"http://data.europa.eu/esco/occupation/ac8b3cd1-a127-4e6a-8208-5cfcf7111955","title":"statistician"}]},"_embedded":{}},{"className":"Skill","classId":"http://data.europa.eu/esco/model#Skill","uri":"http://data.europa.eu/esco/skill/485a4d5a-279f-4439-8aa3-2c7e2de6164c","title":"tend equipment for oil extraction","referenceLanguage":["en"],"preferredLabel":{"no":"håndtere utstyr for oljeutskilling","de":"Ölgewinnungsanlage beaufsichtigen","en-us":"tend equipment for oil extraction","fi":"hoitaa öljynerotuslaitteita","pt":"utilizar equipamento para extração de óleo","bg":"управляване на оборудване за извличане на хранителни масла","lt":"prižiūrėti aliejaus spaudimo įrangą","lv":"apkalpot eļļas ekstrakcijas iekārtas","hr":"rukovati opremom za ekstrakciju ulja","fr":"utiliser des machines servant à extraire l’huile","hu":"olajkivonó berendezést kezel","sk":"obsluhovať zariadenia na extrakciu oleja","sl":"upravljati naprave za ekstrakcijo olja","ga":"féachaint i ndiaidh trealamh úsctha ola","sv":"sköta utrustning för oljeutvinning","el":"χειρισμός του εξοπλισμού εξαγωγής ελαίου","mt":"tħaddim tat-tagħmir għall-estrazzjoni taż-żejt","en":"tend equipment for oil extraction","is":"gætir búnaðar fyrir útdrátt","it":"essere addetto a macchinari per l'estrazione dell'olio","es":"ocuparse de las máquinas para la extracción del aceite","et":"õliekstraktimisseadmetega töötama","cs":"obsluhovat zařízení pro extrakci oleje","ar":"يشغل معدات استخراج النفط","pl":"zajmować się urządzeniami do ekstrakcji oleju","ro":"supraveghează echipamente de extracție a uleiului","da":"passe udstyr for olieudvinding","nl":"apparatuur voor de extractie van olie bedienen"},"alternativeLabel":{"en":["mind equipment for oil extraction","tend equipment for the extraction of oil","watch equipment for oil extraction","look after equipment for oil extraction","take care of equipment for oil extraction","tend oil extraction equipment"],"hr":["posluživati opremu za ekstrakciju ulja"],"nl":["apparatuur voor de extractie van olie onderhouden"],"es":["manejar las máquinas para la extracción del aceite","encargarse de las máquinas para la extracción del aceite"]},"description":{"en-us":{"literal":"Tend equipment that strains stearin from vegetable oils, such as soybean oil, corn oil, and cottonseed oil to produce salad oil. Chill the oil in a chilling tank for the specified time to solidify stearin. Use air pressure to force oil through filters and trap suspended stearin.","mimetype":"plain/text"},"en":{"literal":"Tend equipment that strains stearin from vegetable oils, such as soybean oil, corn oil, and cottonseed oil to produce salad oil. Chill the oil in a chilling tank for the specified time to solidify stearin. Use air pressure to force oil through filters and trap suspended stearin.","mimetype":"plain/text"}},"status":"released","_links":{"self":{"href":"https://ec.europa.eu/esco/api/resource/skill?uri=http://data.europa.eu/esco/skill/485a4d5a-279f-4439-8aa3-2c7e2de6164c&language=en","uri":"http://data.europa.eu/esco/skill/485a4d5a-279f-4439-8aa3-2c7e2de6164c","title":"tend equipment for oil extraction"},"isTopConceptInScheme":[{"href":"https://ec.europa.eu/esco/api/resource/taxonomy?uri=http://data.europa.eu/esco/concept-scheme/member-skills&language=en","uri":"http://data.europa.eu/esco/concept-scheme/member-skills","title":"ESCO member skills"},{"href":"https://ec.europa.eu/esco/api/resource/taxonomy?uri=http://data.europa.eu/esco/concept-scheme/skills&language=en","uri":"http://data.europa.eu/esco/concept-scheme/skills","title":"ESCO skills"}],"isInScheme":[{"href":"https://ec.europa.eu/esco/api/resource/taxonomy?uri=http://data.europa.eu/esco/concept-scheme/member-skills&language=en","uri":"http://data.europa.eu/esco/concept-scheme/member-skills","title":"ESCO member skills"},{"href":"https://ec.europa.eu/esco/api/resource/taxonomy?uri=http://data.europa.eu/esco/concept-scheme/skills&language=en","uri":"http://data.europa.eu/esco/concept-scheme/skills","title":"ESCO skills"}],"hasSkillType":[{"href":"https://ec.europa.eu/esco/api/resource/concept?uri=http://data.europa.eu/esco/skill-type/skill&language=en","uri":"http://data.europa.eu/esco/skill-type/skill","title":"skill"}],"hasReuseLevel":[{"href":"https://ec.europa.eu/esco/api/resource/concept?uri=http://data.europa.eu/esco/skill-reuse-level/sector-specific&language=en","uri":"http://data.europa.eu/esco/skill-reuse-level/sector-specific","title":"sector specific skills and competences","code":"Level 3"}],"isEssentialForOccupation":[{"href":"https://ec.europa.eu/esco/api/resource/occupation?uri=http://data.europa.eu/esco/occupation/6a0b0c4f-b57a-4978-a637-2c0adff65996&language=en","uri":"http://data.europa.eu/esco/occupation/6a0b0c4f-b57a-4978-a637-2c0adff65996","title":"oil mill operator"},{"href":"https://ec.europa.eu/esco/api/resource/occupation?uri=http://data.europa.eu/esco/occupation/1214a616-aaa5-4140-b82e-2cc5028b0fa4&language=en","uri":"http://data.europa.eu/esco/occupation/1214a616-aaa5-4140-b82e-2cc5028b0fa4","title":"blending plant operator"},{"href":"https://ec.europa.eu/esco/api/resource/occupation?uri=http://data.europa.eu/esco/occupation/303931a2-860a-4f76-83ac-3c190d67287e&language=en","uri":"http://data.europa.eu/esco/occupation/303931a2-860a-4f76-83ac-3c190d67287e","title":"oilseed presser"}]},"_embedded":{}},{"className":"Skill","classId":"http://data.europa.eu/esco/model#Skill","uri":"http://data.europa.eu/esco/skill/fa2788f7-e2a2-4d06-ad98-95e7c2896e37","title":"prepare resin bath","referenceLanguage":["en"],"preferredLabel":{"de":"Harzbad vorbereiten","no":"forberede harpiksbad","fi":"valmistella hartsikylpy","en-us":"prepare resin bath","pt":"preparar banho de resina","bg":"приготвяне на контейнера с лакова смола","lt":"paruošti dervos vonią","hr":"pripremati kupku od smole","lv":"sagatavot sveķu vannu","fr":"préparer un bain de résine","hu":"előkészíti a gyantakádat","sk":"pripraviť živicový kúpeľ","sl":"pripravljati kopel iz smole","ga":"folcadán roisín a ullmhú","sv":"förbereda hartsbad","mt":"tħejjija tal-banju tar-reżina","el":"προετοιμασία λουτρού ρητίνης","en":"prepare resin bath","is":"undirbýr trjákvoðubað","it":"preparare il bagno di resina","es":"preparar baños de resina","et":"vaiguvanni ette valmistama","cs":"připravit pryskyřičnou lázeň","ar":"يعد حمام الراتنج","pl":"przygotowywać kąpiel żywiczną","ro":"pregătește băi de rășini","da":"klargøre harpiksbad","nl":"harsbad klaarmaken"},"alternativeLabel":{"en":["resin bath preparing","preparing resin bath","fill reservoir with resin","filling reservoir with resin","prepare resin bath","reservoir filling with resin"],"nl":["harsbad bereiden"]},"description":{"en-us":{"literal":"Fill a reservoir with resin to be used in coating a variety of materials such as filament or glass wool. Make sure the quantity is correct and the resin is of the correct composition and temperature.","mimetype":"plain/text"},"en":{"literal":"Fill a reservoir with resin to be used in coating a variety of materials such as filament or glass wool. Make sure the quantity is correct and the resin is of the correct composition and temperature.","mimetype":"plain/text"}},"status":"released","_links":{"self":{"href":"https://ec.europa.eu/esco/api/resource/skill?uri=http://data.europa.eu/esco/skill/fa2788f7-e2a2-4d06-ad98-95e7c2896e37&language=en","uri":"http://data.europa.eu/esco/skill/fa2788f7-e2a2-4d06-ad98-95e7c2896e37","title":"prepare resin bath"},"isTopConceptInScheme":[{"href":"https://ec.europa.eu/esco/api/resource/taxonomy?uri=http://data.europa.eu/esco/concept-scheme/skills&language=en","uri":"http://data.europa.eu/esco/concept-scheme/skills","title":"ESCO skills"},{"href":"https://ec.europa.eu/esco/api/resource/taxonomy?uri=http://data.europa.eu/esco/concept-scheme/member-skills&language=en","uri":"http://data.europa.eu/esco/concept-scheme/member-skills","title":"ESCO member skills"}],"isInScheme":[{"href":"https://ec.europa.eu/esco/api/resource/taxonomy?uri=http://data.europa.eu/esco/concept-scheme/skills&language=en","uri":"http://data.europa.eu/esco/concept-scheme/skills","title":"ESCO skills"},{"href":"https://ec.europa.eu/esco/api/resource/taxonomy?uri=http://data.europa.eu/esco/concept-scheme/member-skills&language=en","uri":"http://data.europa.eu/esco/concept-scheme/member-skills","title":"ESCO member skills"}],"hasSkillType":[{"href":"https://ec.europa.eu/esco/api/resource/concept?uri=http://data.europa.eu/esco/skill-type/skill&language=en","uri":"http://data.europa.eu/esco/skill-type/skill","title":"skill"}],"hasReuseLevel":[{"href":"https://ec.europa.eu/esco/api/resource/concept?uri=http://data.europa.eu/esco/skill-reuse-level/occupation-specific&language=en","uri":"http://data.europa.eu/esco/skill-reuse-level/occupation-specific","title":"occupation specific skills and competences","code":"Level 4"}],"isEssentialForOccupation":[{"href":"https://ec.europa.eu/esco/api/resource/occupation?uri=http://data.europa.eu/esco/occupation/88b21b2f-350c-4f41-9680-a53f8ea708ed&language=en","uri":"http://data.europa.eu/esco/occupation/88b21b2f-350c-4f41-9680-a53f8ea708ed","title":"filament winding operator"}]},"_embedded":{}},{"className":"Skill","classId":"http://data.europa.eu/esco/model#Skill","uri":"http://data.europa.eu/esco/skill/87a557ca-7965-43a4-b7b9-719da218d371","title":"assess performance of rail operations","referenceLanguage":["en"],"preferredLabel":{"de":"Leistung von Eisenbahnunternehmen beurteilen","no":"vurdere jernbanedriftens ytelse","en-us":"assess performance of rail operations","fi":"arvioida raideliikenteen tehokkuutta","pt":"avaliar o desempenho de operações ferroviárias","bg":"оценяване на оперативната ефективност на железопътния транспорт","lt":"vertinti geležinkelio operacijų rezultatus","lv":"novērtēt dzelzceļa nozares uzņēmumu darbību","hr":"ocjenjivati funkcioniranje željezničkog prijevoza","fr":"évaluer les performances d’opérations ferroviaires","hu":"felméri a vonatüzemeltetési tevékenység teljesítményét","sk":"posúdiť výkonnosť železničnej prevádzky","sl":"ocenjevati uspešnost železniških dejavnosti","ga":"feidhmiú oibríochtaí iarnróid a mheasúnú","sv":"bedöma prestandan inom järnvägsverksamhet","mt":"valutazzjoni tal-prestazzjoni tal-operazzjonijiet ferrovjarji","el":"αξιολόγηση απόδοσης σιδηροδρομικών υπηρεσιών","en":"assess performance of rail operations","is":"metur árangur af járnbrautaaðgerðum","it":"valutare le prestazioni delle operazioni ferroviarie","es":"evaluar el rendimiento de las operaciones ferroviarias","et":"raudteevedude toimivust hindama","cs":"posuzovat kvalitu železničního provozu","ar":"يقيم أداء عمليات السكك الحديد","pl":"oceniać wyniki działalności kolejowej","da":"vurdere jernbanedrift","ro":"evaluează performanța operațiunilor feroviare","nl":"prestaties van spoorwegoperaties beoordelen"},"alternativeLabel":{"cs":["posuzovat efektivitu železničního provozu"],"fi":["arvioida raideliikenteen toimintojen suorituskykyä"],"sl":["ocenjevati uspešnost železniških storitev"],"en":["perform rail operations performance evaluations","conduct performance assessments of rail operations","assess performance of railroad operations","conduct performance assessments of railway operations","assess railroad operational performance","assess railway operational performance","perform evaluations of railway operational performance","assess operational performance of railway","assess operational performance of railroad","assess performance of railway operations","conduct railway operations performance evaluations","carry out evaluations of railway operational performance"],"es":["examinar el rendimiento de las operaciones ferroviarias","valorar los resultados de las operaciones ferroviarias"]},"description":{"en-us":{"literal":"Assess the best practices in the railway industry, and devise strategies to improve performance.","mimetype":"plain/text"},"en":{"literal":"Assess the best practices in the railway industry, and devise strategies to improve performance.","mimetype":"plain/text"}},"status":"released","_links":{"self":{"href":"https://ec.europa.eu/esco/api/resource/skill?uri=http://data.europa.eu/esco/skill/87a557ca-7965-43a4-b7b9-719da218d371&language=en","uri":"http://data.europa.eu/esco/skill/87a557ca-7965-43a4-b7b9-719da218d371","title":"assess performance of rail operations"},"isTopConceptInScheme":[{"href":"https://ec.europa.eu/esco/api/resource/taxonomy?uri=http://data.europa.eu/esco/concept-scheme/skills&language=en","uri":"http://data.europa.eu/esco/concept-scheme/skills","title":"ESCO skills"},{"href":"https://ec.europa.eu/esco/api/resource/taxonomy?uri=http://data.europa.eu/esco/concept-scheme/member-skills&language=en","uri":"http://data.europa.eu/esco/concept-scheme/member-skills","title":"ESCO member skills"}],"isInScheme":[{"href":"https://ec.europa.eu/esco/api/resource/taxonomy?uri=http://data.europa.eu/esco/concept-scheme/skills&language=en","uri":"http://data.europa.eu/esco/concept-scheme/skills","title":"ESCO skills"},{"href":"https://ec.europa.eu/esco/api/resource/taxonomy?uri=http://data.europa.eu/esco/concept-scheme/member-skills&language=en","uri":"http://data.europa.eu/esco/concept-scheme/member-skills","title":"ESCO member skills"}],"hasSkillType":[{"href":"https://ec.europa.eu/esco/api/resource/concept?uri=http://data.europa.eu/esco/skill-type/skill&language=en","uri":"http://data.europa.eu/esco/skill-type/skill","title":"skill"}],"hasReuseLevel":[{"href":"https://ec.europa.eu/esco/api/resource/concept?uri=http://data.europa.eu/esco/skill-reuse-level/sector-specific&language=en","uri":"http://data.europa.eu/esco/skill-reuse-level/sector-specific","title":"sector specific skills and competences","code":"Level 3"}],"isEssentialForOccupation":[{"href":"https://ec.europa.eu/esco/api/resource/occupation?uri=http://data.europa.eu/esco/occupation/98ad0008-13d9-4e9b-94bf-4f4a5faae764&language=en","uri":"http://data.europa.eu/esco/occupation/98ad0008-13d9-4e9b-94bf-4f4a5faae764","title":"rail operations manager"}],"isOptionalForOccupation":[{"href":"https://ec.europa.eu/esco/api/resource/occupation?uri=http://data.europa.eu/esco/occupation/511c8e9f-b19e-4ae8-9959-c047e7410441&language=en","uri":"http://data.europa.eu/esco/occupation/511c8e9f-b19e-4ae8-9959-c047e7410441","title":"railway infrastructure inspector"}]},"_embedded":{}},{"className":"Skill","classId":"http://data.europa.eu/esco/model#Skill","uri":"http://data.europa.eu/esco/skill/5fe75cac-79bf-42a0-b358-c6f9513eba9a","title":"types of fibre for polymer reinforcement","referenceLanguage":["en"],"preferredLabel":{"no":"fibertyper for polymerforsterkning","de":"Arten von Fasern für die Kunststoffbewehrung","fi":"polymeerilujitteena käytettävät kuitutyypit","en-us":"types of fiber  for polymer reinforcement","pt":"tipos de fibra para reforço de polímeros","bg":"типове влакна за усилване на полимери","lt":"polimerų sutvirtinimo pluoštų rūšys","hr":"vrste vlakna za polimerno pojačanje","lv":"šķiedru veidi polimēra pastiprināšanai","fr":"types de fibres pour le renforcement de polymères","hu":"a polimer anyagok erősítésére alkalmas száltípusok","sk":"druhy vláken na polymérovú výstuž","sl":"vrste vlaken za ojačitev polimerov","ga":"cineálacha snáithíní le haghaidh atreisiú polaiméirí","sv":"typer av fibrer för polymerförstärkning","mt":"tipi ta’ fibri għar-rinfurzar tal-polimeri","el":"τύποι ινών για την ενίσχυση πολυμερών","en":"types of fibre for polymer reinforcement","is":"tegundir trefja til styrkingar á fjölliðum","it":"tipi di fibra per rinforzo polimerico","es":"tipos de fibras para el refuerzo de polímeros","et":"polümeeride tugevdamiseks kasutatavate kiudude liigid","cs":"druhy vlákna pro výztuž polymeru","ar":"أنواع ألياف تعزيز البوليمر","pl":"rodzaje włókien do wzmacniania polimerów","ro":"tipuri de fibre pentru armarea polimerilor","da":"fibertyper til polymerforstærkning","nl":"vezelsoorten voor polymeerversterking"},"alternativeLabel":{"en":["reinforcement fibres for polymer","carbon fibre","glass fibre","kinds of polymer reinforcement","plastic fibre","fibres that reinforce polymer","types of fibre for polymer reinforcement"],"fr":["types de fibres pour le renfort de polymères"],"ro":["fibră de carbon","fibră de sticlă","fibră de plastic"],"nl":["soorten vezels voor polymeerversterking","typen vezels voor polymeerversterking","types vezels voor polymeerversterking"]},"description":{"en-us":{"literal":"fibers used to reinforce composite materials, such as glass fiber, carbon fiber and plastic fiber. Their usage cases, costs, advantages and disadvantages, and production techniques associated with their use.","mimetype":"plain/text"},"en":{"literal":"Fibres used to reinforce composite materials, such as glass fibre, carbon fibre and plastic fibre. Their usage cases, costs, advantages and disadvantages, and production techniques associated with their use.","mimetype":"plain/text"}},"status":"released","_links":{"self":{"href":"https://ec.europa.eu/esco/api/resource/skill?uri=http://data.europa.eu/esco/skill/5fe75cac-79bf-42a0-b358-c6f9513eba9a&language=en","uri":"http://data.europa.eu/esco/skill/5fe75cac-79bf-42a0-b358-c6f9513eba9a","title":"types of fibre for polymer reinforcement"},"isTopConceptInScheme":[{"href":"https://ec.europa.eu/esco/api/resource/taxonomy?uri=http://data.europa.eu/esco/concept-scheme/member-skills&language=en","uri":"http://data.europa.eu/esco/concept-scheme/member-skills","title":"ESCO member skills"},{"href":"https://ec.europa.eu/esco/api/resource/taxonomy?uri=http://data.europa.eu/esco/concept-scheme/skills&language=en","uri":"http://data.europa.eu/esco/concept-scheme/skills","title":"ESCO skills"}],"isInScheme":[{"href":"https://ec.europa.eu/esco/api/resource/taxonomy?uri=http://data.europa.eu/esco/concept-scheme/member-skills&language=en","uri":"http://data.europa.eu/esco/concept-scheme/member-skills","title":"ESCO member skills"},{"href":"https://ec.europa.eu/esco/api/resource/taxonomy?uri=http://data.europa.eu/esco/concept-scheme/skills&language=en","uri":"http://data.europa.eu/esco/concept-scheme/skills","title":"ESCO skills"}],"hasSkillType":[{"href":"https://ec.europa.eu/esco/api/resource/concept?uri=http://data.europa.eu/esco/skill-type/knowledge&language=en","uri":"http://data.europa.eu/esco/skill-type/knowledge","title":"knowledge"}],"hasReuseLevel":[{"href":"https://ec.europa.eu/esco/api/resource/concept?uri=http://data.europa.eu/esco/skill-reuse-level/sector-specific&language=en","uri":"http://data.europa.eu/esco/skill-reuse-level/sector-specific","title":"sector specific skills and competences","code":"Level 3"}],"isEssentialForOccupation":[{"href":"https://ec.europa.eu/esco/api/resource/occupation?uri=http://data.europa.eu/esco/occupation/88b21b2f-350c-4f41-9680-a53f8ea708ed&language=en","uri":"http://data.europa.eu/esco/occupation/88b21b2f-350c-4f41-9680-a53f8ea708ed","title":"filament winding operator"},{"href":"https://ec.europa.eu/esco/api/resource/occupation?uri=http://data.europa.eu/esco/occupation/c22724a3-079c-4897-bd92-d99e068b6ffc&language=en","uri":"http://data.europa.eu/esco/occupation/c22724a3-079c-4897-bd92-d99e068b6ffc","title":"pultrusion machine operator"}]},"_embedded":{}},{"className":"Skill","classId":"http://data.europa.eu/esco/model#Skill","uri":"http://data.europa.eu/esco/skill/2711c7be-a232-44c6-9779-a1a1b3ace2d8","title":"halal slaughtering practices","referenceLanguage":["en"],"preferredLabel":{"no":"praksis for halalslakting","de":"Halal-Schlachtmethoden","fi":"halal-teurastuksen menetelmät","en-us":"halal slaughtering practices","pt":"práticas de abate «halal»","bg":"практики халал за клане на животни","lt":"chalalinė skerdimo praktika","hr":"prakse halal klanja","lv":"halāla dzīvnieku kaušanas prakse","fr":"pratiques d’abattage halal","hu":"halal vágási gyakorlat","sk":"halal postupy zabíjania","sl":"klavniške prakse halal","ga":"cleachtais maraithe halal","sv":"halalslakt","mt":"prattiki tal-qtil ħalal","el":"πρακτικές σφαγής χαλάλ","en":"halal slaughtering practices","is":"aðferðir halal-slátrunar","it":"pratiche di macellazione halal","es":"prácticas de matanza halal","et":"halal-põhimõtet järgiva tapmise tavad","cs":"zvyklosti halal porážek","ar":"ممارسات الذبح بطريقة حلال","pl":"praktyki uboju zwierząt zgodnie z regułami halal","da":"halalslagtemetoder","ro":"practici de sacrificare halal","nl":"werkwijzen voor halalslachten"},"alternativeLabel":{"de":["Schlachtmethoden für Halal-Fleisch"],"sl":["prakse klanja halal"],"en":["halal slaughtering processes","halal slaughtering techniques","halal slaughtering rituals","halal slaughtering practice","halal slaughtering methods","the practice of halal slaughtering"],"es":["prácticas halal de matanza","prácticas de sacrificio halal","prácticas halal de sacrificio de animales"]},"description":{"en-us":{"literal":"The practices involved in the slaughtering of animals for food consumption according to Islamic law such as the animal's diet, method of slaughter and upside down storage of the carcass.","mimetype":"plain/text"},"en":{"literal":"The practices involved in the slaughtering of animals for food consumption according to Islamic law such as the animal's diet, method of slaughter and upside down storage of the carcass.","mimetype":"plain/text"}},"status":"released","_links":{"self":{"href":"https://ec.europa.eu/esco/api/resource/skill?uri=http://data.europa.eu/esco/skill/2711c7be-a232-44c6-9779-a1a1b3ace2d8&language=en","uri":"http://data.europa.eu/esco/skill/2711c7be-a232-44c6-9779-a1a1b3ace2d8","title":"halal slaughtering practices"},"isTopConceptInScheme":[{"href":"https://ec.europa.eu/esco/api/resource/taxonomy?uri=http://data.europa.eu/esco/concept-scheme/member-skills&language=en","uri":"http://data.europa.eu/esco/concept-scheme/member-skills","title":"ESCO member skills"},{"href":"https://ec.europa.eu/esco/api/resource/taxonomy?uri=http://data.europa.eu/esco/concept-scheme/skills&language=en","uri":"http://data.europa.eu/esco/concept-scheme/skills","title":"ESCO skills"}],"isInScheme":[{"href":"https://ec.europa.eu/esco/api/resource/taxonomy?uri=http://data.europa.eu/esco/concept-scheme/member-skills&language=en","uri":"http://data.europa.eu/esco/concept-scheme/member-skills","title":"ESCO member skills"},{"href":"https://ec.europa.eu/esco/api/resource/taxonomy?uri=http://data.europa.eu/esco/concept-scheme/skills&language=en","uri":"http://data.europa.eu/esco/concept-scheme/skills","title":"ESCO skills"}],"hasSkillType":[{"href":"https://ec.europa.eu/esco/api/resource/concept?uri=http://data.europa.eu/esco/skill-type/knowledge&language=en","uri":"http://data.europa.eu/esco/skill-type/knowledge","title":"knowledge"}],"hasReuseLevel":[{"href":"https://ec.europa.eu/esco/api/resource/concept?uri=http://data.europa.eu/esco/skill-reuse-level/sector-specific&language=en","uri":"http://data.europa.eu/esco/skill-reuse-level/sector-specific","title":"sector specific skills and competences","code":"Level 3"}],"isEssentialForOccupation":[{"href":"https://ec.europa.eu/esco/api/resource/occupation?uri=http://data.europa.eu/esco/occupation/f1783e61-38b7-468e-b495-9c3c92f5ab0d&language=en","uri":"http://data.europa.eu/esco/occupation/f1783e61-38b7-468e-b495-9c3c92f5ab0d","title":"halal slaughterer"}],"isOptionalForOccupation":[{"href":"https://ec.europa.eu/esco/api/resource/occupation?uri=http://data.europa.eu/esco/occupation/48b336d2-7ffb-49a3-a010-444b68ddd12d&language=en","uri":"http://data.europa.eu/esco/occupation/48b336d2-7ffb-49a3-a010-444b68ddd12d","title":"halal butcher"}]},"_embedded":{}},{"className":"Skill","classId":"http://data.europa.eu/esco/model#Skill","uri":"http://data.europa.eu/esco/skill/21a40266-69b6-48be-b882-38b2f55fd703","title":"cosmetic pedicure","referenceLanguage":["en"],"preferredLabel":{"no":"kosmetisk pedikyr","de":"kosmetische Fußpflege","fi":"kosmeettinen pedikyyri","en-us":"cosmetic pedicure","pt":"pedicure cosmética","bg":"козметичен педикюр","lt":"kosmetinis pedikiūras","lv":"kosmētiskais pedikīrs","hr":"kozmetička pedikura","fr":"pédicure cosmétique","hu":"esztétikai pedikűr","sk":"kozmetická pedikúra","sl":"kozmetična pedikura","ga":"cosmhaisiú cosmaideach","sv":"kosmetisk pedikyr","mt":"pedikur kożmetiku","el":"καλλωπιστική περιποίηση ποδιών","en":"cosmetic pedicure","is":"fótsnyrting","it":"pedicure estetica","es":"pedicura con fines estéticos","et":"kosmeetiline pediküür","cs":"kosmetická pedikúra","ar":"مستحضرات العناية بالأقدام والأظافر","pl":"pedicure kosmetyczny","ro":"pedichiură cosmetică","da":"kosmetisk pedicure","nl":"cosmetische pedicure"},"alternativeLabel":{"de":["kosmetische Pediküre"],"fi":["kosmeettinen jalkahoito"],"sv":["kosmetisk fotvård"],"sl":["estetska pedikura"],"en":["foot and toenail cosmetic","foot and toenail cosmetics","corrective treatment of feet and toenails","cosmetic podology","cosmetic pedicures","cosmetic treatment of feet and toenails"],"es":["podología con fines estéticos","estética de los pies"]},"description":{"en-us":{"literal":"Treatment of the feet and toenails for cosmetic and embellishment purposes. It includes the cleaning of dead skin and the appliance of nail polish and other cosmetic techniques.","mimetype":"plain/text"},"en":{"literal":"Treatment of the feet and toenails for cosmetic and embellishment purposes. It includes the cleaning of dead skin and the appliance of nail polish and other cosmetic techniques.","mimetype":"plain/text"}},"status":"released","_links":{"self":{"href":"https://ec.europa.eu/esco/api/resource/skill?uri=http://data.europa.eu/esco/skill/21a40266-69b6-48be-b882-38b2f55fd703&language=en","uri":"http://data.europa.eu/esco/skill/21a40266-69b6-48be-b882-38b2f55fd703","title":"cosmetic pedicure"},"isTopConceptInScheme":[{"href":"https://ec.europa.eu/esco/api/resource/taxonomy?uri=http://data.europa.eu/esco/concept-scheme/skills&language=en","uri":"http://data.europa.eu/esco/concept-scheme/skills","title":"ESCO skills"},{"href":"https://ec.europa.eu/esco/api/resource/taxonomy?uri=http://data.europa.eu/esco/concept-scheme/member-skills&language=en","uri":"http://data.europa.eu/esco/concept-scheme/member-skills","title":"ESCO member skills"}],"isInScheme":[{"href":"https://ec.europa.eu/esco/api/resource/taxonomy?uri=http://data.europa.eu/esco/concept-scheme/skills&language=en","uri":"http://data.europa.eu/esco/concept-scheme/skills","title":"ESCO skills"},{"href":"https://ec.europa.eu/esco/api/resource/taxonomy?uri=http://data.europa.eu/esco/concept-scheme/member-skills&language=en","uri":"http://data.europa.eu/esco/concept-scheme/member-skills","title":"ESCO member skills"}],"hasSkillType":[{"href":"https://ec.europa.eu/esco/api/resource/concept?uri=http://data.europa.eu/esco/skill-type/knowledge&language=en","uri":"http://data.europa.eu/esco/skill-type/knowledge","title":"knowledge"}],"hasReuseLevel":[{"href":"https://ec.europa.eu/esco/api/resource/concept?uri=http://data.europa.eu/esco/skill-reuse-level/cross-sector&language=en","uri":"http://data.europa.eu/esco/skill-reuse-level/cross-sector","title":"cross-sector skills and competences","code":"Level 2"}],"isEssentialForOccupation":[{"href":"https://ec.europa.eu/esco/api/resource/occupation?uri=http://data.europa.eu/esco/occupation/489b9a38-89a2-425c-95b9-79cec66379e1&language=en","uri":"http://data.europa.eu/esco/occupation/489b9a38-89a2-425c-95b9-79cec66379e1","title":"pedicurist"}],"isOptionalForOccupation":[{"href":"https://ec.europa.eu/esco/api/resource/occupation?uri=http://data.europa.eu/esco/occupation/4d6d9057-5167-4158-8bc1-cc2f89d73fd7&language=en","uri":"http://data.europa.eu/esco/occupation/4d6d9057-5167-4158-8bc1-cc2f89d73fd7","title":"beauty vocational teacher"},{"href":"https://ec.europa.eu/esco/api/resource/occupation?uri=http://data.europa.eu/esco/occupation/9487f835-b5a9-4742-8ecf-35520911e28c&language=en","uri":"http://data.europa.eu/esco/occupation/9487f835-b5a9-4742-8ecf-35520911e28c","title":"massage therapist"},{"href":"https://ec.europa.eu/esco/api/resource/occupation?uri=http://data.europa.eu/esco/occupation/1978c6ff-37b4-48f1-9aa6-88b9c568f74f&language=en","uri":"http://data.europa.eu/esco/occupation/1978c6ff-37b4-48f1-9aa6-88b9c568f74f","title":"masseur/masseuse"}]},"_embedded":{}},{"className":"Skill","classId":"http://data.europa.eu/esco/model#Skill","uri":"http://data.europa.eu/esco/skill/ddfd922f-a4f7-47a7-bf1c-cf9124e5bf40","title":"create weather maps","referenceLanguage":["en"],"preferredLabel":{"de":"Wetterkarten erstellen","no":"lage værkart","fi":"laatia sääkarttoja","en-us":"create weather maps","pt":"criar mapas meteorológicos","bg":"изготвяне на метеорологични карти","lt":"sudaryti orų žemėlapius","lv":"sastādīt meteoroloģiskās kartes","hr":"izrađivati prognostičke karte","fr":"créer des cartes météo","hu":"időjárási térképeket készít","sk":"vypracovať mapy počasia","sl":"ustvarjati vremenske karte","ga":"léarscáileanna aimsire a chruthú","sv":"utforma väderkartor","mt":"ħolqien ta’ mapep tat-temp","el":"δημιουργία καιρικών χαρτών","en":"create weather maps","is":"býr til veðurkort","it":"creare mappe climatologiche","es":"hacer mapas meteorológicos","et":"ilmakaarte koostama","cs":"vytvářet meteorologické mapy","ar":"ينشئ خرائط الطقس","pl":"sporządzać mapy synoptyczne","da":"oprette vejrkort","ro":"elaborează hărți meteorologice","nl":"weerkaarten maken"},"alternativeLabel":{"en":["create weather map","creating weather maps","creating weather map","define weather maps","prepare weather maps","compile weather maps","develop weather maps","draw up weather maps"],"ga":["mapaí aimsire a chruthú"],"hu":["meteorológiai térképeket készít"],"es":["preparar mapas meteorológicos","elaborar mapas meteorológicos","realizar mapas meteorológicos"]},"description":{"en-us":{"literal":"Make graphic weather maps for specific areas containing information such as temperature, air pressure, and rain belts.","mimetype":"plain/text"},"en":{"literal":"Make graphic weather maps for specific areas containing information such as temperature, air pressure, and rain belts.","mimetype":"plain/text"}},"status":"released","_links":{"self":{"href":"https://ec.europa.eu/esco/api/resource/skill?uri=http://data.europa.eu/esco/skill/ddfd922f-a4f7-47a7-bf1c-cf9124e5bf40&language=en","uri":"http://data.europa.eu/esco/skill/ddfd922f-a4f7-47a7-bf1c-cf9124e5bf40","title":"create weather maps"},"isTopConceptInScheme":[{"href":"https://ec.europa.eu/esco/api/resource/taxonomy?uri=http://data.europa.eu/esco/concept-scheme/member-skills&language=en","uri":"http://data.europa.eu/esco/concept-scheme/member-skills","title":"ESCO member skills"},{"href":"https://ec.europa.eu/esco/api/resource/taxonomy?uri=http://data.europa.eu/esco/concept-scheme/skills&language=en","uri":"http://data.europa.eu/esco/concept-scheme/skills","title":"ESCO skills"}],"isInScheme":[{"href":"https://ec.europa.eu/esco/api/resource/taxonomy?uri=http://data.europa.eu/esco/concept-scheme/member-skills&language=en","uri":"http://data.europa.eu/esco/concept-scheme/member-skills","title":"ESCO member skills"},{"href":"https://ec.europa.eu/esco/api/resource/taxonomy?uri=http://data.europa.eu/esco/concept-scheme/skills&language=en","uri":"http://data.europa.eu/esco/concept-scheme/skills","title":"ESCO skills"}],"hasSkillType":[{"href":"https://ec.europa.eu/esco/api/resource/concept?uri=http://data.europa.eu/esco/skill-type/skill&language=en","uri":"http://data.europa.eu/esco/skill-type/skill","title":"skill"}],"hasReuseLevel":[{"href":"https://ec.europa.eu/esco/api/resource/concept?uri=http://data.europa.eu/esco/skill-reuse-level/cross-sector&language=en","uri":"http://data.europa.eu/esco/skill-reuse-level/cross-sector","title":"cross-sector skills and competences","code":"Level 2"}],"isOptionalForOccupation":[{"href":"https://ec.europa.eu/esco/api/resource/occupation?uri=http://data.europa.eu/esco/occupation/0d7ae791-653e-4297-9f61-8bad87f61d57&language=en","uri":"http://data.europa.eu/esco/occupation/0d7ae791-653e-4297-9f61-8bad87f61d57","title":"meteorology technician"},{"href":"https://ec.europa.eu/esco/api/resource/occupation?uri=http://data.europa.eu/esco/occupation/1c862e14-80f8-4aa8-8f1c-fd2ca95b63ad&language=en","uri":"http://data.europa.eu/esco/occupation/1c862e14-80f8-4aa8-8f1c-fd2ca95b63ad","title":"meteorologist"}]},"_embedded":{}},{"className":"Skill","classId":"http://data.europa.eu/esco/model#Skill","uri":"http://data.europa.eu/esco/skill/a3bd38a7-06e4-4e9c-8bbc-75aa36871801","title":"operate mailing information systems","referenceLanguage":["en"],"preferredLabel":{"no":"betjene postinformasjonssystemer","de":"Sendungsinformationssysteme bedienen","fi":"käyttää postitustietojärjestelmiä","en-us":"operate mailing information systems","pt":"operar sistemas de informação de correspondência","bg":"боравене с пощенски информационни системи","lt":"naudoti pašto operacijų informacijos sistemas","hr":"upravljati sustavima za obradu pošte","lv":"vadīt pasta sūtījumu informācijas sistēmas","fr":"utiliser des systèmes d'information par courrier","hu":"levelezési információs rendszereket működtet","sk":"používať poštové informačné systémy","sl":"upravljati poštne informacijske sisteme","ga":"córais faisnéise poist a oibriú","sv":"använda informationssystem för posthantering","mt":"tħaddim tas-sistemi tal-informazzjoni tal-posta","el":"χειρισμός συστημάτων ενημέρωσης αλληλογραφίας","en":"operate mailing information systems","is":"stjórnar póstupplýsingakerfum","it":"utilizzare i sistemi informatici per la corrispondenza","es":"operar sistemas de información postal","et":"postiinfosüsteeme haldama","cs":"obsluhovat poštovní informační systém","ar":"يشغل أنظمة معلومات البريد","pl":"obsługiwać systemy wysyłania informacji","da":"betjene postinformationssystemer","ro":"operează sistemele informatice de gestionare a trimiterilor poștale","nl":"postinformatiesystemen bedienen"},"alternativeLabel":{"en":["perform mailing information system operations","utilise mailing information systems","utilise mail information systems","use mail information systems","handle and process mail using mailing information systems","operate mail information systems","process and handle mail using mailing information systems","use mailing information systems","carry out operations using mailing information systems","perform operations using mailing information systems"],"nl":["postinformatiesystemen gebruiken"],"es":["trabajar con sistemas de información postal","hacer funcionar sistemas de información postal"]},"description":{"en-us":{"literal":"Operate mailing information systems in order to record the processing and handling of mail. Record faults and identify packages that were not delivered. Ensure mail and small packages are traceable until they are delivered to the recipients.","mimetype":"plain/text"},"en":{"literal":"Operate mailing information systems in order to record the processing and handling of mail. Record faults and identify packages that were not delivered. Ensure mail and small packages are traceable until they are delivered to the recipients.","mimetype":"plain/text"}},"status":"released","_links":{"self":{"href":"https://ec.europa.eu/esco/api/resource/skill?uri=http://data.europa.eu/esco/skill/a3bd38a7-06e4-4e9c-8bbc-75aa36871801&language=en","uri":"http://data.europa.eu/esco/skill/a3bd38a7-06e4-4e9c-8bbc-75aa36871801","title":"operate mailing information systems"},"isTopConceptInScheme":[{"href":"https://ec.europa.eu/esco/api/resource/taxonomy?uri=http://data.europa.eu/esco/concept-scheme/member-skills&language=en","uri":"http://data.europa.eu/esco/concept-scheme/member-skills","title":"ESCO member skills"},{"href":"https://ec.europa.eu/esco/api/resource/taxonomy?uri=http://data.europa.eu/esco/concept-scheme/skills&language=en","uri":"http://data.europa.eu/esco/concept-scheme/skills","title":"ESCO skills"}],"isInScheme":[{"href":"https://ec.europa.eu/esco/api/resource/taxonomy?uri=http://data.europa.eu/esco/concept-scheme/member-skills&language=en","uri":"http://data.europa.eu/esco/concept-scheme/member-skills","title":"ESCO member skills"},{"href":"https://ec.europa.eu/esco/api/resource/taxonomy?uri=http://data.europa.eu/esco/concept-scheme/skills&language=en","uri":"http://data.europa.eu/esco/concept-scheme/skills","title":"ESCO skills"}],"hasSkillType":[{"href":"https://ec.europa.eu/esco/api/resource/concept?uri=http://data.europa.eu/esco/skill-type/skill&language=en","uri":"http://data.europa.eu/esco/skill-type/skill","title":"skill"}],"hasReuseLevel":[{"href":"https://ec.europa.eu/esco/api/resource/concept?uri=http://data.europa.eu/esco/skill-reuse-level/sector-specific&language=en","uri":"http://data.europa.eu/esco/skill-reuse-level/sector-specific","title":"sector specific skills and competences","code":"Level 3"}],"isEssentialForOccupation":[{"href":"https://ec.europa.eu/esco/api/resource/occupation?uri=http://data.europa.eu/esco/occupation/511f366c-ba41-4826-9622-8cda6d6e3b91&language=en","uri":"http://data.europa.eu/esco/occupation/511f366c-ba41-4826-9622-8cda6d6e3b91","title":"mail clerk"},{"href":"https://ec.europa.eu/esco/api/resource/occupation?uri=http://data.europa.eu/esco/occupation/7ed2e153-8da8-4c0d-b4c5-3402c623f34b&language=en","uri":"http://data.europa.eu/esco/occupation/7ed2e153-8da8-4c0d-b4c5-3402c623f34b","title":"postman/postwoman"}],"isOptionalForOccupation":[{"href":"https://ec.europa.eu/esco/api/resource/occupation?uri=http://data.europa.eu/esco/occupation/3a959644-beed-4afc-8e57-d5068ae6a43e&language=en","uri":"http://data.europa.eu/esco/occupation/3a959644-beed-4afc-8e57-d5068ae6a43e","title":"bicycle courier"},{"href":"https://ec.europa.eu/esco/api/resource/occupation?uri=http://data.europa.eu/esco/occupation/0c408028-c48f-4df8-ba5d-c3d3be15f5a2&language=en","uri":"http://data.europa.eu/esco/occupation/0c408028-c48f-4df8-ba5d-c3d3be15f5a2","title":"delivery driver"}]},"_embedded":{}},{"className":"Skill","classId":"http://data.europa.eu/esco/model#Skill","uri":"http://data.europa.eu/esco/skill/e7d72d3c-a477-44aa-ab75-5b6e6acc772f","title":"produce slaked lime","referenceLanguage":["en"],"preferredLabel":{"no":"produsere lesket kalk","de":"gelöschten Kalk herstellen","en-us":"produce slaked lime","fi":"valmistaa kalsiumhydroksidia","pt":"produzir cal apagada","bg":"получаване на гасена вар","lt":"gaminti gesintas kalkes","lv":"ražot dzēstos kaļķus","hr":"proizvoditi kreč","fr":"produire de la chaux éteinte","hu":"oltott meszet készít","sk":"vyrábať hasené vápno","sl":"izdelovati gašeno apno","ga":"aol teilgthe a tháirgeadh","sv":"tillverka släckt kalk","el":"παραγωγή ένυδρου ασβέστη","mt":"produzzjoni tal-idrossidu tal-kalċju","en":"produce slaked lime","is":"framleiðir leskjað kalk","it":"produrre la calce spenta","es":"fabricar hidróxido de calcio","et":"kustutatud lupja tootma","cs":"vyrábět hašené vápno","ar":"ينتج الجير المطفأ","pl":"wytwarzać wapno gaszone","da":"producere læsket kalk","ro":"produce var stins","nl":"gebluste kalk produceren"},"alternativeLabel":{"de":["Kalk löschen","Löschkalk herstellen"],"fi":["valmistaa sammutettua kalkkia"],"lt":["gaminti kalcio hidroksidą"],"en":["slaked lime creating","create slaked lime","creating slaked lime","slaked lime producing","producing slaked lime"],"ro":["stinge var"],"es":["fabricar cal muerta","fabricar cal apagada","fabricar cal hidratada"]},"description":{"en-us":{"literal":"Produce slaked lime by transfering the quicklime from the storage tank to the dissolvation tanks where quicklime is mixed with water.","mimetype":"plain/text"},"en":{"literal":"Produce slaked lime by transfering the quicklime from the storage tank to the dissolvation tanks where quicklime is mixed with water.","mimetype":"plain/text"}},"status":"released","_links":{"self":{"href":"https://ec.europa.eu/esco/api/resource/skill?uri=http://data.europa.eu/esco/skill/e7d72d3c-a477-44aa-ab75-5b6e6acc772f&language=en","uri":"http://data.europa.eu/esco/skill/e7d72d3c-a477-44aa-ab75-5b6e6acc772f","title":"produce slaked lime"},"isTopConceptInScheme":[{"href":"https://ec.europa.eu/esco/api/resource/taxonomy?uri=http://data.europa.eu/esco/concept-scheme/skills&language=en","uri":"http://data.europa.eu/esco/concept-scheme/skills","title":"ESCO skills"},{"href":"https://ec.europa.eu/esco/api/resource/taxonomy?uri=http://data.europa.eu/esco/concept-scheme/member-skills&language=en","uri":"http://data.europa.eu/esco/concept-scheme/member-skills","title":"ESCO member skills"}],"isInScheme":[{"href":"https://ec.europa.eu/esco/api/resource/taxonomy?uri=http://data.europa.eu/esco/concept-scheme/skills&language=en","uri":"http://data.europa.eu/esco/concept-scheme/skills","title":"ESCO skills"},{"href":"https://ec.europa.eu/esco/api/resource/taxonomy?uri=http://data.europa.eu/esco/concept-scheme/member-skills&language=en","uri":"http://data.europa.eu/esco/concept-scheme/member-skills","title":"ESCO member skills"}],"hasSkillType":[{"href":"https://ec.europa.eu/esco/api/resource/concept?uri=http://data.europa.eu/esco/skill-type/skill&language=en","uri":"http://data.europa.eu/esco/skill-type/skill","title":"skill"}],"hasReuseLevel":[{"href":"https://ec.europa.eu/esco/api/resource/concept?uri=http://data.europa.eu/esco/skill-reuse-level/occupation-specific&language=en","uri":"http://data.europa.eu/esco/skill-reuse-level/occupation-specific","title":"occupation specific skills and competences","code":"Level 4"}],"isEssentialForOccupation":[{"href":"https://ec.europa.eu/esco/api/resource/occupation?uri=http://data.europa.eu/esco/occupation/0d61e7e7-afde-49ca-b554-4633842be030&language=en","uri":"http://data.europa.eu/esco/occupation/0d61e7e7-afde-49ca-b554-4633842be030","title":"lime kiln operator"}]},"_embedded":{}},{"className":"Skill","classId":"http://data.europa.eu/esco/model#Skill","uri":"http://data.europa.eu/esco/skill/76842746-cacb-4e6d-adc6-0656d75c9c51","title":"use CAD for heels","referenceLanguage":["en"],"preferredLabel":{"de":"CAD-Technik für Absätze verwenden","no":"bruke CAD for hæler","fi":"suunnitella korkoja tietokoneavusteisesti","en-us":"use CAD for heels","pt":"utilizar software CAD para a produção de moldes de saltos","bg":"използване на CAD софтуер за токове","lt":"naudoti pakulnių automatizuoto projektavimo programas","hr":"upotrebljavati CAD za pete","lv":"lietot datorizēto projektēšanu papēžu izgatavošanai","fr":"utiliser la CAO pour réaliser des talons","hu":"a saroktervezéshez számítógéppel támogatott tervezőszoftvert használ","sk":"používať softvér CAD na podpätky","sl":"uporabljati CAD za pete","ga":"dearadh ríomhchuidithe a úsáid le haghaidh sál","sv":"använda datorstödd konstruktion för klackar","mt":"użu tad-disinni bil-kompjuter għat-tkaken","el":"χρήση λογισμικού για τον σχεδιασμό τακουνιών με τη βοήθεια υπολογιστή","en":"use CAD for heels","is":"notar CAD fyrir hæla","it":"usare software CAD per i tacchi","es":"utilizar programas de diseño asistido por ordenador para los tacones","et":"kontsade puhul CADi kasutama","cs":"používat CAD nástroje na podpatky","ar":"يستخدم نظام التصميم بمساعدة الحاسوب \"CAD\" فيما يتعلق بالأعقاب","pl":"korzystać z projektowania wspomaganego komputerowo przy produkcji obcasów","ro":"utilizează CAD pentru tocuri","da":"bruge CAD til hæle","nl":"CAD voor hakken gebruiken"},"alternativeLabel":{"sv":["använda CAD-teknik för klackar"],"lt":["naudoti pakulnių kompiuterizuoto projektavimo sistemas"],"en":["heel CAD designing","utilise computer-aided design for heels","employ computer-aided design for heels","use computer-aided design for heels","use 2D and 3d CAD for heels","utilize CAD for heels","utilise CAD for heels","utilize computer-aided design for heels","employ CAD for heels"],"pl":["korzystać z CAD przy produkcji obcasów"],"hu":["a saroktervezéshez CAD-szoftvert használ"],"es":["utilizar software CAD para los tacones","emplear programas de ordenador CAD para los tacones","utilizar programas de computadora CAD para los tacones"]},"description":{"en-us":{"literal":"digitize and scan the lasts. Work with files in various CAD systems. Produce 3D models of heels and create 2D computer aided designs. Grade and obtain the size series. Prepare technical specifications for manufacturing. Produce 2D and 3D computer aided engineering designs and technical drawings of molds for vulcanized and injected heels. Export the files of the virtual models to 3D printers, CAM or CNC systems.","mimetype":"plain/text"},"en":{"literal":"Digitise and scan the lasts. Work with files in various CAD systems. Produce 3D models of heels and create 2D computer aided designs. Grade and obtain the size series. Prepare technical specifications for manufacturing. Produce 2D and 3D computer aided engineering designs and technical drawings of moulds for vulcanised and injected heels. Export the files of the virtual models to 3D printers, CAM or CNC systems.","mimetype":"plain/text"}},"status":"released","_links":{"self":{"href":"https://ec.europa.eu/esco/api/resource/skill?uri=http://data.europa.eu/esco/skill/76842746-cacb-4e6d-adc6-0656d75c9c51&language=en","uri":"http://data.europa.eu/esco/skill/76842746-cacb-4e6d-adc6-0656d75c9c51","title":"use CAD for heels"},"isTopConceptInScheme":[{"href":"https://ec.europa.eu/esco/api/resource/taxonomy?uri=http://data.europa.eu/esco/concept-scheme/member-skills&language=en","uri":"http://data.europa.eu/esco/concept-scheme/member-skills","title":"ESCO member skills"},{"href":"https://ec.europa.eu/esco/api/resource/taxonomy?uri=http://data.europa.eu/esco/concept-scheme/skills&language=en","uri":"http://data.europa.eu/esco/concept-scheme/skills","title":"ESCO skills"}],"isInScheme":[{"href":"https://ec.europa.eu/esco/api/resource/taxonomy?uri=http://data.europa.eu/esco/concept-scheme/member-skills&language=en","uri":"http://data.europa.eu/esco/concept-scheme/member-skills","title":"ESCO member skills"},{"href":"https://ec.europa.eu/esco/api/resource/taxonomy?uri=http://data.europa.eu/esco/concept-scheme/skills&language=en","uri":"http://data.europa.eu/esco/concept-scheme/skills","title":"ESCO skills"}],"hasSkillType":[{"href":"https://ec.europa.eu/esco/api/resource/concept?uri=http://data.europa.eu/esco/skill-type/skill&language=en","uri":"http://data.europa.eu/esco/skill-type/skill","title":"skill"}],"hasReuseLevel":[{"href":"https://ec.europa.eu/esco/api/resource/concept?uri=http://data.europa.eu/esco/skill-reuse-level/sector-specific&language=en","uri":"http://data.europa.eu/esco/skill-reuse-level/sector-specific","title":"sector specific skills and competences","code":"Level 3"}],"isEssentialForOccupation":[{"href":"https://ec.europa.eu/esco/api/resource/occupation?uri=http://data.europa.eu/esco/occupation/1209b85e-80f1-490f-a7e1-6ad220bb956d&language=en","uri":"http://data.europa.eu/esco/occupation/1209b85e-80f1-490f-a7e1-6ad220bb956d","title":"footwear product developer"}],"isOptionalForOccupation":[{"href":"https://ec.europa.eu/esco/api/resource/occupation?uri=http://data.europa.eu/esco/occupation/ef6020f9-11b4-4d1a-96e0-903331594121&language=en","uri":"http://data.europa.eu/esco/occupation/ef6020f9-11b4-4d1a-96e0-903331594121","title":"footwear product development manager"},{"href":"https://ec.europa.eu/esco/api/resource/occupation?uri=http://data.europa.eu/esco/occupation/3fa9a480-ceb3-4c2a-8a91-0508e1bb6ba5&language=en","uri":"http://data.europa.eu/esco/occupation/3fa9a480-ceb3-4c2a-8a91-0508e1bb6ba5","title":"footwear CAD patternmaker"},{"href":"https://ec.europa.eu/esco/api/resource/occupation?uri=http://data.europa.eu/esco/occupation/06f89f2c-c6e9-40c5-a4a5-0e34d5fbc184&language=en","uri":"http://data.europa.eu/esco/occupation/06f89f2c-c6e9-40c5-a4a5-0e34d5fbc184","title":"footwear designer"}]},"_embedded":{}},{"className":"Skill","classId":"http://data.europa.eu/esco/model#Skill","uri":"http://data.europa.eu/esco/skill/55e910e4-736d-44cf-bfa9-b15adc5d91d2","title":"algebra","referenceLanguage":["en"],"preferredLabel":{"de":"Algebra","no":"algebra","en-us":"algebra","fi":"algebra","pt":"álgebra","bg":"алгебра","lt":"algebra","lv":"algebra","hr":"algebra","fr":"algèbre","hu":"algebra","sk":"algebra","sl":"algebra","ga":"ailgéabar","sv":"algebra","el":"άλγεβρα","mt":"alġebra","en":"algebra","is":"algebra","it":"algebra","es":"álgebra","et":"algebra","cs":"algebra","ar":"علم الجبر","pl":"algebra","da":"algebra","ro":"algebră","nl":"algebra"},"alternativeLabel":{"en":["the study of mathematical symbols","the study of mathematical symbols and their manipulation"],"es":["estudio de los símbolos matemáticos"]},"description":{"en-us":{"literal":"The subdiscipline of mathematics that uses formulae, symbols, and equations to represent and manipulate numbers and quantities.","mimetype":"plain/text"},"en":{"literal":"The subdiscipline of mathematics that uses formulae, symbols, and equations to represent and manipulate numbers and quantities.","mimetype":"plain/text"}},"status":"released","_links":{"self":{"href":"https://ec.europa.eu/esco/api/resource/skill?uri=http://data.europa.eu/esco/skill/55e910e4-736d-44cf-bfa9-b15adc5d91d2&language=en","uri":"http://data.europa.eu/esco/skill/55e910e4-736d-44cf-bfa9-b15adc5d91d2","title":"algebra"},"isTopConceptInScheme":[{"href":"https://ec.europa.eu/esco/api/resource/taxonomy?uri=http://data.europa.eu/esco/concept-scheme/skills&language=en","uri":"http://data.europa.eu/esco/concept-scheme/skills","title":"ESCO skills"},{"href":"https://ec.europa.eu/esco/api/resource/taxonomy?uri=http://data.europa.eu/esco/concept-scheme/member-skills&language=en","uri":"http://data.europa.eu/esco/concept-scheme/member-skills","title":"ESCO member skills"}],"isInScheme":[{"href":"https://ec.europa.eu/esco/api/resource/taxonomy?uri=http://data.europa.eu/esco/concept-scheme/skills&language=en","uri":"http://data.europa.eu/esco/concept-scheme/skills","title":"ESCO skills"},{"href":"https://ec.europa.eu/esco/api/resource/taxonomy?uri=http://data.europa.eu/esco/concept-scheme/member-skills&language=en","uri":"http://data.europa.eu/esco/concept-scheme/member-skills","title":"ESCO member skills"}],"hasSkillType":[{"href":"https://ec.europa.eu/esco/api/resource/concept?uri=http://data.europa.eu/esco/skill-type/knowledge&language=en","uri":"http://data.europa.eu/esco/skill-type/knowledge","title":"knowledge"}],"hasReuseLevel":[{"href":"https://ec.europa.eu/esco/api/resource/concept?uri=http://data.europa.eu/esco/skill-reuse-level/cross-sector&language=en","uri":"http://data.europa.eu/esco/skill-reuse-level/cross-sector","title":"cross-sector skills and competences","code":"Level 2"}],"isEssentialForOccupation":[{"href":"https://ec.europa.eu/esco/api/resource/occupation?uri=http://data.europa.eu/esco/occupation/72628f3a-fd49-499a-9741-870b0a1fcef2&language=en","uri":"http://data.europa.eu/esco/occupation/72628f3a-fd49-499a-9741-870b0a1fcef2","title":"mathematician"}],"isOptionalForOccupation":[{"href":"https://ec.europa.eu/esco/api/resource/occupation?uri=http://data.europa.eu/esco/occupation/e6a3ce2e-c0f2-47a7-937a-61ae9abfe1fa&language=en","uri":"http://data.europa.eu/esco/occupation/e6a3ce2e-c0f2-47a7-937a-61ae9abfe1fa","title":"metrology technician"},{"href":"https://ec.europa.eu/esco/api/resource/occupation?uri=http://data.europa.eu/esco/occupation/fa5b9075-3796-4e86-be0a-b5e6d725c25a&language=en","uri":"http://data.europa.eu/esco/occupation/fa5b9075-3796-4e86-be0a-b5e6d725c25a","title":"metrologist"}]},"_embedded":{}},{"className":"Skill","classId":"http://data.europa.eu/esco/model#Skill","uri":"http://data.europa.eu/esco/skill/162c2e87-3d6f-4f7e-ab3c-97694c2f6f08","title":"schedule hatchery supplies","referenceLanguage":["en"],"preferredLabel":{"de":"Zubehör für Fischaufzuchtanlagen planen","no":"planlegge bestillinger til klekkeriet","fi":"lajitella hautomotarvikkeita","en-us":"schedule hatchery supplies","pt":"calendarizar os abastecimentos do centro de incubação","bg":"планиране на доставки за люпилни","lt":"planuoti apsirūpinti veisyklų reikmenimis","hr":"izraditi plan nabave za mrijestilište","lv":"sastādīt inkubatoru apgādes grafikus","fr":"programmer des approvisionnements en écloserie","hu":"beütemezi az ikráztató készleteket","sk":"naplánovať dodávky pre liaheň","sl":"izdelati časovni načrt za oskrbo vzrejališč","ga":"soláthairtí gorlainne a sceidealú","sv":"schemalägga kläckerileveranser","mt":"skedar tal-provvisti tal-imfaqas","el":"προγραμματισμός αποθεμάτων εκκολαπτηρίου","en":"schedule hatchery supplies","is":"áætlar tímasetningar fyrir öflun klaks","it":"programmare le forniture del centro di incubazione","es":"programar la entrega de suministros para criaderos","et":"haudejaama tarvikute kohta ajakava koostama","cs":"plánovat dodávky pro líhně","ar":"يرتب مستلزمات التفريخ","pl":"planować zaopatrzenie wylęgarni","da":"planlægge forsyninger til yngelanlæg","ro":"planifică aprovizionarea stațiilor de reproducere","nl":"kwekerijbenodigdheden inplannen"},"alternativeLabel":{"sl":["izdelati časovni načrt za oskrbo vališč"],"en":["hatchery supplies scheduling","plan supplies for hatchery","plan hatchery supplies","scheduling supplies for hatchery","planning hatchery supplies","scheduling hatchery supplies","planning supplies for hatchery","hatchery supplies planning","schedule supplies for hatchery"],"hr":["izraditi raspored opskrbe za mrijestilište"],"ro":["organizează aprovizionarea stațiilor de reproducere"],"es":["proyectar la entrega de suministros para criaderos","planear la entrega de suministros para criaderos","planificar la entrega de suministros para criaderos"]},"description":{"en-us":{"literal":"Schedule hatchery supplies according to priorities.","mimetype":"plain/text"},"en":{"literal":"Schedule hatchery supplies according to priorities.","mimetype":"plain/text"}},"status":"released","_links":{"self":{"href":"https://ec.europa.eu/esco/api/resource/skill?uri=http://data.europa.eu/esco/skill/162c2e87-3d6f-4f7e-ab3c-97694c2f6f08&language=en","uri":"http://data.europa.eu/esco/skill/162c2e87-3d6f-4f7e-ab3c-97694c2f6f08","title":"schedule hatchery supplies"},"isTopConceptInScheme":[{"href":"https://ec.europa.eu/esco/api/resource/taxonomy?uri=http://data.europa.eu/esco/concept-scheme/skills&language=en","uri":"http://data.europa.eu/esco/concept-scheme/skills","title":"ESCO skills"},{"href":"https://ec.europa.eu/esco/api/resource/taxonomy?uri=http://data.europa.eu/esco/concept-scheme/member-skills&language=en","uri":"http://data.europa.eu/esco/concept-scheme/member-skills","title":"ESCO member skills"}],"isInScheme":[{"href":"https://ec.europa.eu/esco/api/resource/taxonomy?uri=http://data.europa.eu/esco/concept-scheme/skills&language=en","uri":"http://data.europa.eu/esco/concept-scheme/skills","title":"ESCO skills"},{"href":"https://ec.europa.eu/esco/api/resource/taxonomy?uri=http://data.europa.eu/esco/concept-scheme/member-skills&language=en","uri":"http://data.europa.eu/esco/concept-scheme/member-skills","title":"ESCO member skills"}],"hasSkillType":[{"href":"https://ec.europa.eu/esco/api/resource/concept?uri=http://data.europa.eu/esco/skill-type/skill&language=en","uri":"http://data.europa.eu/esco/skill-type/skill","title":"skill"}],"hasReuseLevel":[{"href":"https://ec.europa.eu/esco/api/resource/concept?uri=http://data.europa.eu/esco/skill-reuse-level/occupation-specific&language=en","uri":"http://data.europa.eu/esco/skill-reuse-level/occupation-specific","title":"occupation specific skills and competences","code":"Level 4"}],"isEssentialForOccupation":[{"href":"https://ec.europa.eu/esco/api/resource/occupation?uri=http://data.europa.eu/esco/occupation/02bd7cac-8263-4425-b03d-19001ffe8787&language=en","uri":"http://data.europa.eu/esco/occupation/02bd7cac-8263-4425-b03d-19001ffe8787","title":"aquaculture hatchery manager"}]},"_embedded":{}},{"className":"Skill","classId":"http://data.europa.eu/esco/model#Skill","uri":"http://data.europa.eu/esco/skill/55347695-89f8-4df1-bf64-c4548c67b2c9","title":"transfer quicklime","referenceLanguage":["en"],"preferredLabel":{"no":"flytte ulesket kalk","de":"Brandkalk befördern","fi":"siirtää sammuttamatonta kalkkia","en-us":"transfer quicklime","pt":"transferir cal viva","bg":"транспортиране на негасена вар","lt":"perkelti negesintas kalkes","hr":"pretakati živo vapno","lv":"pārvietot dedzinātos kaļķus","fr":"transférer de la chaux vive","hu":"égetett meszet helyez át","sk":"presunúť pálené vápno","sl":"pošiljati živo apno","ga":"aol beo a aistriú","sv":"flytta osläckt kalk","mt":"trasferiment tal-ġir verġni","el":"μεταφορά ασβέστου","en":"transfer quicklime","is":"yfirfærir brennt kalk","it":"trasferire la calce viva","es":"transferir cal viva","et":"kustutamata lupja teisaldama","cs":"přenášet pálené vápno","ar":"ينقل الجير الحي","pl":"przenosić wapno palone","da":"overføre ulæsket kalk","ro":"transferă var nestins","nl":"brandkalk overbrengen"},"alternativeLabel":{"en":["transfer burnt lime","burnt lime transferring","transferring burnt lime","quicklime transferring","transferring quicklime"],"es":["transferir cal anhidra","transferir óxido de calcio"]},"description":{"en-us":{"literal":"Transfer the quicklime through the conveyors.","mimetype":"plain/text"},"en":{"literal":"Transfer the quicklime through the conveyors.","mimetype":"plain/text"}},"status":"released","_links":{"self":{"href":"https://ec.europa.eu/esco/api/resource/skill?uri=http://data.europa.eu/esco/skill/55347695-89f8-4df1-bf64-c4548c67b2c9&language=en","uri":"http://data.europa.eu/esco/skill/55347695-89f8-4df1-bf64-c4548c67b2c9","title":"transfer quicklime"},"isTopConceptInScheme":[{"href":"https://ec.europa.eu/esco/api/resource/taxonomy?uri=http://data.europa.eu/esco/concept-scheme/skills&language=en","uri":"http://data.europa.eu/esco/concept-scheme/skills","title":"ESCO skills"},{"href":"https://ec.europa.eu/esco/api/resource/taxonomy?uri=http://data.europa.eu/esco/concept-scheme/member-skills&language=en","uri":"http://data.europa.eu/esco/concept-scheme/member-skills","title":"ESCO member skills"}],"isInScheme":[{"href":"https://ec.europa.eu/esco/api/resource/taxonomy?uri=http://data.europa.eu/esco/concept-scheme/skills&language=en","uri":"http://data.europa.eu/esco/concept-scheme/skills","title":"ESCO skills"},{"href":"https://ec.europa.eu/esco/api/resource/taxonomy?uri=http://data.europa.eu/esco/concept-scheme/member-skills&language=en","uri":"http://data.europa.eu/esco/concept-scheme/member-skills","title":"ESCO member skills"}],"hasSkillType":[{"href":"https://ec.europa.eu/esco/api/resource/concept?uri=http://data.europa.eu/esco/skill-type/skill&language=en","uri":"http://data.europa.eu/esco/skill-type/skill","title":"skill"}],"hasReuseLevel":[{"href":"https://ec.europa.eu/esco/api/resource/concept?uri=http://data.europa.eu/esco/skill-reuse-level/occupation-specific&language=en","uri":"http://data.europa.eu/esco/skill-reuse-level/occupation-specific","title":"occupation specific skills and competences","code":"Level 4"}],"isEssentialForOccupation":[{"href":"https://ec.europa.eu/esco/api/resource/occupation?uri=http://data.europa.eu/esco/occupation/0d61e7e7-afde-49ca-b554-4633842be030&language=en","uri":"http://data.europa.eu/esco/occupation/0d61e7e7-afde-49ca-b554-4633842be030","title":"lime kiln operator"}]},"_embedded":{}},{"className":"Skill","classId":"http://data.europa.eu/esco/model#Skill","uri":"http://data.europa.eu/esco/skill/e06f9eaa-004e-4999-a75c-36ed1fdc0a5b","title":"diagnose genetic diseases","referenceLanguage":["en"],"preferredLabel":{"no":"diagnostisere genetiske sykdommer","de":"Erbkrankheiten diagnostizieren","fi":"diagnosoida geneettisiä sairauksia","en-us":"diagnose genetic diseases","pt":"diagnosticar doenças genéticas","bg":"диагностициране на генетични заболявания","lt":"nustatyti genetines ligas","lv":"diagnosticēt ģenētiskās slimības","hr":"dijagnosticirati genetske bolesti","fr":"diagnostiquer des maladies génétiques","hu":"genetikai betegségeket diagnosztizál","sk":"diagnose genetic diseases","sl":"diagnosticirati genetske bolezni","ga":"galair ghéiniteacha a dhiagnóisiú","sv":"diagnostisera ärftliga sjukdomar","el":"διάγνωση γενετικών νόσων","mt":"dijanjożi tal-mard ġenetiku","en":"diagnose genetic diseases","is":"greinir erfðafræðilega sjúkdóma","it":"diagnosticare le malattie genetiche","es":"diagnosticar enfermedades genéticas","et":"geneetilisi haigusi diagnoosima","cs":"diagnostikovat genetická onemocnění","ar":"يشخص الأمراض الوراثية","pl":"diagnozować choroby genetyczne","da":"diagnosticere genetiske sygdomme","ro":"diagnostichează boli genetice","nl":"genetische ziekten vaststellen"},"alternativeLabel":{"sv":["diagnostisera genetiska sjukdomar"],"en":["diagnose genetic disorders","diagnose a genetic disease","identify genetic disorders","identify genetic diseases","diagnose congenital malformations"],"nl":["erfelijke aandoeningen vaststellen"],"es":["identificar enfermedades genéticas","realizar un diagnóstico de las enfermedades genéticas"]},"description":{"en-us":{"literal":"Diagnose genetic disorders and congenital malformations, which may be caused by one or several abnormalities in the genome.","mimetype":"plain/text"},"en":{"literal":"Diagnose genetic disorders and congenital malformations, which may be caused by one or several abnormalities in the genome.","mimetype":"plain/text"}},"status":"released","_links":{"self":{"href":"https://ec.europa.eu/esco/api/resource/skill?uri=http://data.europa.eu/esco/skill/e06f9eaa-004e-4999-a75c-36ed1fdc0a5b&language=en","uri":"http://data.europa.eu/esco/skill/e06f9eaa-004e-4999-a75c-36ed1fdc0a5b","title":"diagnose genetic diseases"},"isTopConceptInScheme":[{"href":"https://ec.europa.eu/esco/api/resource/taxonomy?uri=http://data.europa.eu/esco/concept-scheme/skills&language=en","uri":"http://data.europa.eu/esco/concept-scheme/skills","title":"ESCO skills"},{"href":"https://ec.europa.eu/esco/api/resource/taxonomy?uri=http://data.europa.eu/esco/concept-scheme/member-skills&language=en","uri":"http://data.europa.eu/esco/concept-scheme/member-skills","title":"ESCO member skills"}],"isInScheme":[{"href":"https://ec.europa.eu/esco/api/resource/taxonomy?uri=http://data.europa.eu/esco/concept-scheme/skills&language=en","uri":"http://data.europa.eu/esco/concept-scheme/skills","title":"ESCO skills"},{"href":"https://ec.europa.eu/esco/api/resource/taxonomy?uri=http://data.europa.eu/esco/concept-scheme/member-skills&language=en","uri":"http://data.europa.eu/esco/concept-scheme/member-skills","title":"ESCO member skills"}],"hasSkillType":[{"href":"https://ec.europa.eu/esco/api/resource/concept?uri=http://data.europa.eu/esco/skill-type/skill&language=en","uri":"http://data.europa.eu/esco/skill-type/skill","title":"skill"}],"hasReuseLevel":[{"href":"https://ec.europa.eu/esco/api/resource/concept?uri=http://data.europa.eu/esco/skill-reuse-level/occupation-specific&language=en","uri":"http://data.europa.eu/esco/skill-reuse-level/occupation-specific","title":"occupation specific skills and competences","code":"Level 4"}],"isOptionalForOccupation":[{"href":"https://ec.europa.eu/esco/api/resource/occupation?uri=http://data.europa.eu/esco/occupation/6140be85-2d45-44b2-b0ba-412aadcead1e&language=en","uri":"http://data.europa.eu/esco/occupation/6140be85-2d45-44b2-b0ba-412aadcead1e","title":"geneticist"}]},"_embedded":{}}]}}