{"total":8196,"offset":253,"limit":20,"language":"en","uri":"http://data.europa.eu/esco/concept-scheme/skills","relation":"hasTopConcept","_links":{"self":{"href":"https://ec.europa.eu/esco/api/resource/related?uri=http://data.europa.eu/esco/concept-scheme/skills&relation=hasTopConcept&limit=20&offset=253&language=en&full=true"},"prev":{"href":"https://ec.europa.eu/esco/api/resource/related?uri=http://data.europa.eu/esco/concept-scheme/skills&relation=hasTopConcept&limit=20&offset=252&language=en&full=true"},"next":{"href":"https://ec.europa.eu/esco/api/resource/related?uri=http://data.europa.eu/esco/concept-scheme/skills&relation=hasTopConcept&limit=20&offset=254&language=en&full=true"}},"_embedded":{"hasTopConcept":[{"className":"Skill","classId":"http://data.europa.eu/esco/model#Skill","uri":"http://data.europa.eu/esco/skill/a7445303-2d79-4dd6-b3a3-f46bd3e2de0d","title":"provide pet sitting services in owners' homes","referenceLanguage":["en"],"preferredLabel":{"de":"Tierbetreuung in den Räumlichkeiten von Eigentümern/Eigentümerinnen anbieten","no":"levere kjæledyrpasstjenester i eiernes hjem","fi":"tarjota lemmikinhoitopalveluita omistajan kotona","en-us":"provide pet sitting services in owners' homes","pt":"prestar serviços de pet sitting na casa dos donos","bg":"предоставяне на услуги за гледане на домашни любимци по домовете","lt":"teikti gyvūnų augintinių priežiūros paslaugas savininkų namuose","hr":"pružati usluge čuvanja ljubimaca u kući vlasnika","lv":"pieskatīt lolojumdzīvniekus saimnieka telpās","fr":"fournir des services de garde d’animaux de compagnie au domicile de propriétaires","hu":"tulajdonosok otthonában állatmegőrzési szolgáltatást végez","sk":"zabezpečovať opatrovanie domácich zvierat v domácnostiach majiteľov","sl":"izvajati storitve varstva živali na domu lastnika","ga":"aire a thabhairt do pheataí i dteach a n-úinéirí","sv":"vakta husdjur i ägarens hem","mt":"forniment tas-servizzi ta’ ndukrar tal-annimali domestiċi fid-djar tas-sidien tal-annimali","el":"παροχή υπηρεσιών φύλαξης ζώων συντροφιάς στο σπίτι του ιδιοκτήτη","en":"provide pet sitting services in owners' homes","is":"útvegar gæludýragæsluþjónustu á heimili eigenda","it":"fornire servizi di pet sitting presso le abitazioni dei proprietari","es":"ofrecer servicios de cuidado de mascotas a domicilio","et":"loomahoiu teenust osutama loomaomaniku kodus","cs":"poskytovat služby hlídání domácích zvířat v domově majitele","ar":"يقدم خدمات مجالسة الحيوانات الأليفة في منازل أصحابها","pl":"świadczyć usługi opieki nad zwierzętami w domach właścicieli","ro":"oferă servicii de pet sitting","da":"passe kæledyr i ejernes hjem","nl":"dierenoppasdiensten bieden in het huis van eigenaars"},"alternativeLabel":{"de":["Tiersitting in den Räumlichkeiten von Eigentümern/Eigentümerinnen anbieten"],"fi":["tarjota lemmikin hoitopalveluita omistajan kotona"],"bg":["предоставяне на грижи за домашни любимци по домовете"],"en":["perform pet sitting activities in the homes of owners","provide animal sitting services in owners' properties","supply home pet sitting services","provide pet sitting services in owners' houses","deliver home pet sitting services","look after pets in the homes of owners according to their requirements","take care of animals the homes of owners according to their requirements","supply home animal sitting services","provide animal sitting services in owners' homes","provide pet sitting services in owner's properties","provide animal sitting services in owners' houses"],"lv":["pieskatīt lolojumdzīvniekus saimnieka mājā"],"nl":["dierenoppasdiensten aan huis bieden"]},"description":{"en-us":{"literal":"Provide pet sitting services in the home or property of the animal's owner. Account for the security and integrity of the premises and follow specific owner requirements for the care of the animal in the provision of the service.'","mimetype":"plain/text"},"en":{"literal":"Provide pet sitting services in the home or property of the animal's owner. Account for the security and integrity of the premises and follow specific owner requirements for the care of the animal in the provision of the service.'","mimetype":"plain/text"}},"status":"released","_links":{"self":{"href":"https://ec.europa.eu/esco/api/resource/skill?uri=http://data.europa.eu/esco/skill/a7445303-2d79-4dd6-b3a3-f46bd3e2de0d&language=en","uri":"http://data.europa.eu/esco/skill/a7445303-2d79-4dd6-b3a3-f46bd3e2de0d","title":"provide pet sitting services in owners' homes"},"isTopConceptInScheme":[{"href":"https://ec.europa.eu/esco/api/resource/taxonomy?uri=http://data.europa.eu/esco/concept-scheme/member-skills&language=en","uri":"http://data.europa.eu/esco/concept-scheme/member-skills","title":"ESCO member skills"},{"href":"https://ec.europa.eu/esco/api/resource/taxonomy?uri=http://data.europa.eu/esco/concept-scheme/skills&language=en","uri":"http://data.europa.eu/esco/concept-scheme/skills","title":"ESCO skills"}],"isInScheme":[{"href":"https://ec.europa.eu/esco/api/resource/taxonomy?uri=http://data.europa.eu/esco/concept-scheme/member-skills&language=en","uri":"http://data.europa.eu/esco/concept-scheme/member-skills","title":"ESCO member skills"},{"href":"https://ec.europa.eu/esco/api/resource/taxonomy?uri=http://data.europa.eu/esco/concept-scheme/skills&language=en","uri":"http://data.europa.eu/esco/concept-scheme/skills","title":"ESCO skills"}],"hasSkillType":[{"href":"https://ec.europa.eu/esco/api/resource/concept?uri=http://data.europa.eu/esco/skill-type/skill&language=en","uri":"http://data.europa.eu/esco/skill-type/skill","title":"skill"}],"hasReuseLevel":[{"href":"https://ec.europa.eu/esco/api/resource/concept?uri=http://data.europa.eu/esco/skill-reuse-level/sector-specific&language=en","uri":"http://data.europa.eu/esco/skill-reuse-level/sector-specific","title":"sector specific skills and competences","code":"Level 3"}],"isOptionalForOccupation":[{"href":"https://ec.europa.eu/esco/api/resource/occupation?uri=http://data.europa.eu/esco/occupation/96430121-2757-4e96-9d6f-7517b25db4f7&language=en","uri":"http://data.europa.eu/esco/occupation/96430121-2757-4e96-9d6f-7517b25db4f7","title":"house sitter"},{"href":"https://ec.europa.eu/esco/api/resource/occupation?uri=http://data.europa.eu/esco/occupation/84cdc2ef-ee7c-42b1-be19-5e1c6b537f8f&language=en","uri":"http://data.europa.eu/esco/occupation/84cdc2ef-ee7c-42b1-be19-5e1c6b537f8f","title":"pet sitter"}]},"_embedded":{}},{"className":"Skill","classId":"http://data.europa.eu/esco/model#Skill","uri":"http://data.europa.eu/esco/skill/fdc21239-053c-4b52-9bef-2bc2771a4939","title":"make reservations","referenceLanguage":["en"],"preferredLabel":{"no":"foreta reservasjoner","de":"Reservierungen vornehmen","fi":"huolehtia varauksista","en-us":"make reservations","pt":"fazer reservas","bg":"извършване на резервации","lt":"atlikti rezervaciją","lv":"veikt rezervācijas","hr":"raditi rezervacije","fr":"prendre des réservations","hu":"foglalásokat végez","sk":"vykonávať rezervácie","sl":"opravljati rezervacije","ga":"áirithintí a dhéanamh","sv":"boka","el":"πραγματοποίηση κρατήσεων","mt":"immaniġġjar tar-riżervazzjonijiet","en":"make reservations","is":"sér um pantanir","it":"effettuare le prenotazioni","es":"hacer las reservas","et":"reserveeringuid tegema","cs":"zařizovat rezervace","ar":"يبدي تحفظات","pl":"dokonywać rezerwacji","ro":"face rezervări","da":"foretage reservationer","nl":"reserveren"},"alternativeLabel":{"sl":["rezervirati"],"en":["make bookings","making reservations","make reservation","reserve"],"hu":["előjegyzéseket végez"],"nl":["reservaties maken"]},"description":{"en-us":{"literal":"Book restaurants, hotels or flights.","mimetype":"plain/text"},"en":{"literal":"Book restaurants, hotels or flights.","mimetype":"plain/text"}},"status":"released","_links":{"self":{"href":"https://ec.europa.eu/esco/api/resource/skill?uri=http://data.europa.eu/esco/skill/fdc21239-053c-4b52-9bef-2bc2771a4939&language=en","uri":"http://data.europa.eu/esco/skill/fdc21239-053c-4b52-9bef-2bc2771a4939","title":"make reservations"},"isTopConceptInScheme":[{"href":"https://ec.europa.eu/esco/api/resource/taxonomy?uri=http://data.europa.eu/esco/concept-scheme/skills&language=en","uri":"http://data.europa.eu/esco/concept-scheme/skills","title":"ESCO skills"},{"href":"https://ec.europa.eu/esco/api/resource/taxonomy?uri=http://data.europa.eu/esco/concept-scheme/member-skills&language=en","uri":"http://data.europa.eu/esco/concept-scheme/member-skills","title":"ESCO member skills"}],"isInScheme":[{"href":"https://ec.europa.eu/esco/api/resource/taxonomy?uri=http://data.europa.eu/esco/concept-scheme/skills&language=en","uri":"http://data.europa.eu/esco/concept-scheme/skills","title":"ESCO skills"},{"href":"https://ec.europa.eu/esco/api/resource/taxonomy?uri=http://data.europa.eu/esco/concept-scheme/member-skills&language=en","uri":"http://data.europa.eu/esco/concept-scheme/member-skills","title":"ESCO member skills"}],"hasSkillType":[{"href":"https://ec.europa.eu/esco/api/resource/concept?uri=http://data.europa.eu/esco/skill-type/skill&language=en","uri":"http://data.europa.eu/esco/skill-type/skill","title":"skill"}],"hasReuseLevel":[{"href":"https://ec.europa.eu/esco/api/resource/concept?uri=http://data.europa.eu/esco/skill-reuse-level/cross-sector&language=en","uri":"http://data.europa.eu/esco/skill-reuse-level/cross-sector","title":"cross-sector skills and competences","code":"Level 2"}],"isOptionalForOccupation":[{"href":"https://ec.europa.eu/esco/api/resource/occupation?uri=http://data.europa.eu/esco/occupation/e75305db-9011-4ee0-ab62-8d41a98f807e&language=en","uri":"http://data.europa.eu/esco/occupation/e75305db-9011-4ee0-ab62-8d41a98f807e","title":"private chauffeur"},{"href":"https://ec.europa.eu/esco/api/resource/occupation?uri=http://data.europa.eu/esco/occupation/74cbe6fb-336f-4f3f-8c8f-7645b279a231&language=en","uri":"http://data.europa.eu/esco/occupation/74cbe6fb-336f-4f3f-8c8f-7645b279a231","title":"domestic butler"}]},"_embedded":{}},{"className":"Skill","classId":"http://data.europa.eu/esco/model#Skill","uri":"http://data.europa.eu/esco/skill/906d21c9-7a9c-4919-817d-10676f9ddfe4","title":"arrange tables","referenceLanguage":["en"],"preferredLabel":{"no":"ordne bord","de":"Tische decken","fi":"järjestää pöydät","en-us":"arrange tables","pt":"pôr as mesas","bg":"аранжиране на маси","lt":"paruošti stalus","lv":"izkārtot un uzklāt galdus","hr":"aranžirati stolove","fr":"mettre en place les tables","hu":"megteríti  elrendezi az asztalokat","sk":"aranžovať stoly","sl":"urejati mize","ga":"táblaí a chóiriú","sv":"ställa i ordning bord","el":"διευθέτηση και στρώσιμο τραπεζιών","mt":"irranġar tal-imwejjed","en":"arrange tables","is":"skipuleggja borð","it":"predisporre tavoli","es":"disponer mesas","et":"laudasid paigutama","cs":"prostírat stoly","ar":"ينظم الجداول","pl":"ustawiać stoły","da":"opstille borde","ro":"aranjează mesele","nl":"tafels schikken"},"alternativeLabel":{"de":["Tische arrangieren","Tische einrichten","Tische decken"],"sv":["fixa bord","ställa i ordning bordet","ställa upp bord","ställa i ordning borden","fixa bordsarrangemang","duka bord"],"fi":["järjestellä pöydät","koristella pöydät","kattaa pöydät"],"pt":["por as mesas","organizar as mesas","colocar as mesas"],"bg":["аранжиране на маса","аранжирането на маси","декориране на маси","подреждане на маси"],"el":["τοποθέτηση και στρώσιμο τραπεζιών","διάταξη των τραπεζιών","προετοιμασία τραπεζιών","διαρρύθμιση των τραπεζιών","στρώσιμο τραπεζιών"],"mt":["tqassim tal-imwejjed"],"lt":["paruošti stalą","išdėstyti ir paruošti stalus","paruošti stalus"],"en":["create table seating plan","arrange the tables","arranged tables","set out tables"],"is":["leggja á borð","raða upp borðum","skipuleggja borð"],"lv":["izkārtot galdus","noformēt galdus","izvietot galdus","sakārtot un servēt galdus","uzklāt galdus"],"hr":["slagati stolove","posložiti stolove","urediti stolove","slaganje stolova"],"it":["apparecchiare i tavoli","sistemare i tavoli","disporre i tavoli","predisporre ogni tavolo","predisporre i tavoli"],"fr":["installer les tables","disposer les tables","déterminer la disposition des tables"],"hu":["megteríti  díszíti az asztalokat","előkészül az éttermi terítéshez","elrendezi és megteríti az asztalokat","elrendezi és előkészíti az éttermi asztalokat"],"es":["ocuparse de la disposición de las mesas","organizar las mesas","poner mesas"],"et":["laudu katma","laudasid katma","laudu paigutama","laudasid paika panema","laudasid üles seadma"],"cs":["prostřít stůl","upravovat stůl před jídlem","prostírat stůl","upravit nádobí a příbory na stole před jídlem"],"sk":["ozdobovať stoly","chystať stoly","rozmiestňovať nábytok","upravovať stoly","štylizovať stoly"],"sl":["pogrinjati mize","urediti mize","razporejati mize","postavljati mize","skrbeti za urejanje miz"],"pl":["przystrajać stoły","zastawiać stoły","aranżować zastawę na stołach","przyozdabiać stoły"],"ro":["organizeaza masa","aranjeaza masa","organizează mesele","prezintă mesele"],"da":["arrangere borde","organisere opstillingen af borde","organisere bordopstillingen","sørge for opstillingen af borde"],"nl":["tafels decoreren","tafels dekken"]},"description":{"en-us":{"literal":"organize and dress tables to accommodate special events.","mimetype":"plain/text"},"en":{"literal":"Organise and dress tables to accommodate special events.","mimetype":"plain/text"}},"status":"released","_links":{"self":{"href":"https://ec.europa.eu/esco/api/resource/skill?uri=http://data.europa.eu/esco/skill/906d21c9-7a9c-4919-817d-10676f9ddfe4&language=en","uri":"http://data.europa.eu/esco/skill/906d21c9-7a9c-4919-817d-10676f9ddfe4","title":"arrange tables"},"isTopConceptInScheme":[{"href":"https://ec.europa.eu/esco/api/resource/taxonomy?uri=http://data.europa.eu/esco/concept-scheme/member-skills&language=en","uri":"http://data.europa.eu/esco/concept-scheme/member-skills","title":"ESCO member skills"},{"href":"https://ec.europa.eu/esco/api/resource/taxonomy?uri=http://data.europa.eu/esco/concept-scheme/skills&language=en","uri":"http://data.europa.eu/esco/concept-scheme/skills","title":"ESCO skills"}],"isInScheme":[{"href":"https://ec.europa.eu/esco/api/resource/taxonomy?uri=http://data.europa.eu/esco/concept-scheme/member-skills&language=en","uri":"http://data.europa.eu/esco/concept-scheme/member-skills","title":"ESCO member skills"},{"href":"https://ec.europa.eu/esco/api/resource/taxonomy?uri=http://data.europa.eu/esco/concept-scheme/skills&language=en","uri":"http://data.europa.eu/esco/concept-scheme/skills","title":"ESCO skills"}],"hasSkillType":[{"href":"https://ec.europa.eu/esco/api/resource/concept?uri=http://data.europa.eu/esco/skill-type/skill&language=en","uri":"http://data.europa.eu/esco/skill-type/skill","title":"skill"}],"hasReuseLevel":[{"href":"https://ec.europa.eu/esco/api/resource/concept?uri=http://data.europa.eu/esco/skill-reuse-level/sector-specific&language=en","uri":"http://data.europa.eu/esco/skill-reuse-level/sector-specific","title":"sector specific skills and competences","code":"Level 3"}],"isEssentialForOccupation":[{"href":"https://ec.europa.eu/esco/api/resource/occupation?uri=http://data.europa.eu/esco/occupation/d5db9d5c-2ebf-4a54-a79a-1b7e7ff70471&language=en","uri":"http://data.europa.eu/esco/occupation/d5db9d5c-2ebf-4a54-a79a-1b7e7ff70471","title":"waiter/waitress"},{"href":"https://ec.europa.eu/esco/api/resource/occupation?uri=http://data.europa.eu/esco/occupation/a1b86a8b-ad91-4192-b386-bbf89bb11699&language=en","uri":"http://data.europa.eu/esco/occupation/a1b86a8b-ad91-4192-b386-bbf89bb11699","title":"restaurant host/restaurant hostess"},{"href":"https://ec.europa.eu/esco/api/resource/occupation?uri=http://data.europa.eu/esco/occupation/74cbe6fb-336f-4f3f-8c8f-7645b279a231&language=en","uri":"http://data.europa.eu/esco/occupation/74cbe6fb-336f-4f3f-8c8f-7645b279a231","title":"domestic butler"}],"isOptionalForOccupation":[{"href":"https://ec.europa.eu/esco/api/resource/occupation?uri=http://data.europa.eu/esco/occupation/d1fc31d2-38e1-4000-85b7-3f82d2fbed9e&language=en","uri":"http://data.europa.eu/esco/occupation/d1fc31d2-38e1-4000-85b7-3f82d2fbed9e","title":"club host/club hostess"},{"href":"https://ec.europa.eu/esco/api/resource/occupation?uri=http://data.europa.eu/esco/occupation/65bd2342-f7de-4932-9164-eb480e35a791&language=en","uri":"http://data.europa.eu/esco/occupation/65bd2342-f7de-4932-9164-eb480e35a791","title":"livestock worker"}]},"_embedded":{}},{"className":"Skill","classId":"http://data.europa.eu/esco/model#Skill","uri":"http://data.europa.eu/esco/skill/6f2a4a5c-2f6e-49ab-8441-cd600d1f20ae","title":"apply gaming psychology","referenceLanguage":["en"],"preferredLabel":{"de":"Spielpsychologie anwenden","no":"anvende spillepsykologi","fi":"soveltaa pelaamisen psykologiaa","en-us":"apply gaming psychology","pt":"aplicar princípios da psicologia ao desenvolvimento de jogos","bg":"прилагане на принципи от психологията при създаването на игри","lt":"pritaikyti žaidimų psichologijos žinias","hr":"primjenjivati psihologiju igara na sreću","lv":"izmantot spēles psiholoģiju","fr":"appliquer la psychologie du jeu","hu":"játékpszichológiát alkalmaz","sk":"uplatňovať hernú psychológiu","sl":"uporabljati psihologijo iger na srečo","ga":"síceolaíocht cluichíochta a chur i bhfeidhm","sv":"tillämpa spelpsykologi","mt":"applikazzjoni tal-psikoloġija tal-logħob","el":"χρήση της ψυχολογίας των παιχνιδιών","en":"apply gaming psychology","is":"beitir leikjasálfræði","it":"applicare la psicologia del gioco","es":"aplicar la psicología del juego","et":"mängupsühholoogiat rakendama","cs":"využívat psychologii her","ar":"يوظف مبادئ علم النفس في مجال تطوير الألعاب","pl":"stosować zasady psychologii do procesu opracowywania gier","ro":"aplică psihologia jocurilor video","da":"anvende spil-psykologi","nl":"gamepsychologie toepassen"},"alternativeLabel":{"sv":["tillämpa spelarpsykologi"],"bg":["прилагане на принципи от психологията за създаването на игри"],"en":["apply psychological elements to gaming","use gaming psychology","apply psychology to gaming"]},"description":{"en-us":{"literal":"Employ human psychology principles for gaming development strategies in order to create appealing games.","mimetype":"plain/text"},"en":{"literal":"Employ human psychology principles for gaming development strategies in order to create appealing games.","mimetype":"plain/text"}},"status":"released","_links":{"self":{"href":"https://ec.europa.eu/esco/api/resource/skill?uri=http://data.europa.eu/esco/skill/6f2a4a5c-2f6e-49ab-8441-cd600d1f20ae&language=en","uri":"http://data.europa.eu/esco/skill/6f2a4a5c-2f6e-49ab-8441-cd600d1f20ae","title":"apply gaming psychology"},"isTopConceptInScheme":[{"href":"https://ec.europa.eu/esco/api/resource/taxonomy?uri=http://data.europa.eu/esco/concept-scheme/member-skills&language=en","uri":"http://data.europa.eu/esco/concept-scheme/member-skills","title":"ESCO member skills"},{"href":"https://ec.europa.eu/esco/api/resource/taxonomy?uri=http://data.europa.eu/esco/concept-scheme/skills&language=en","uri":"http://data.europa.eu/esco/concept-scheme/skills","title":"ESCO skills"}],"isInScheme":[{"href":"https://ec.europa.eu/esco/api/resource/taxonomy?uri=http://data.europa.eu/esco/concept-scheme/member-skills&language=en","uri":"http://data.europa.eu/esco/concept-scheme/member-skills","title":"ESCO member skills"},{"href":"https://ec.europa.eu/esco/api/resource/taxonomy?uri=http://data.europa.eu/esco/concept-scheme/skills&language=en","uri":"http://data.europa.eu/esco/concept-scheme/skills","title":"ESCO skills"}],"hasSkillType":[{"href":"https://ec.europa.eu/esco/api/resource/concept?uri=http://data.europa.eu/esco/skill-type/skill&language=en","uri":"http://data.europa.eu/esco/skill-type/skill","title":"skill"}],"hasReuseLevel":[{"href":"https://ec.europa.eu/esco/api/resource/concept?uri=http://data.europa.eu/esco/skill-reuse-level/sector-specific&language=en","uri":"http://data.europa.eu/esco/skill-reuse-level/sector-specific","title":"sector specific skills and competences","code":"Level 3"}],"isEssentialForOccupation":[{"href":"https://ec.europa.eu/esco/api/resource/occupation?uri=http://data.europa.eu/esco/occupation/18552245-3c36-4a52-b4c6-295cabb5c93b&language=en","uri":"http://data.europa.eu/esco/occupation/18552245-3c36-4a52-b4c6-295cabb5c93b","title":"gambling, betting, and lottery game developer"}],"isOptionalForOccupation":[{"href":"https://ec.europa.eu/esco/api/resource/occupation?uri=http://data.europa.eu/esco/occupation/491cf76d-eb0d-4f15-90f0-3f5c9b11472a&language=en","uri":"http://data.europa.eu/esco/occupation/491cf76d-eb0d-4f15-90f0-3f5c9b11472a","title":"gambling, betting, and lottery quality assurance engineer"},{"href":"https://ec.europa.eu/esco/api/resource/occupation?uri=http://data.europa.eu/esco/occupation/146f2c99-3f8b-4856-95ba-3ecfea681809&language=en","uri":"http://data.europa.eu/esco/occupation/146f2c99-3f8b-4856-95ba-3ecfea681809","title":"gambling manager"},{"href":"https://ec.europa.eu/esco/api/resource/occupation?uri=http://data.europa.eu/esco/occupation/62001bb7-4611-4b61-903e-d98589c0821a&language=en","uri":"http://data.europa.eu/esco/occupation/62001bb7-4611-4b61-903e-d98589c0821a","title":"games development manager"},{"href":"https://ec.europa.eu/esco/api/resource/occupation?uri=http://data.europa.eu/esco/occupation/fb1a7aab-1e33-4712-b8e0-d335243aba58&language=en","uri":"http://data.europa.eu/esco/occupation/fb1a7aab-1e33-4712-b8e0-d335243aba58","title":"gaming dealer"},{"href":"https://ec.europa.eu/esco/api/resource/occupation?uri=http://data.europa.eu/esco/occupation/6fefa90d-9a71-49c6-be92-52397e9795e6&language=en","uri":"http://data.europa.eu/esco/occupation/6fefa90d-9a71-49c6-be92-52397e9795e6","title":"odds compiler"},{"href":"https://ec.europa.eu/esco/api/resource/occupation?uri=http://data.europa.eu/esco/occupation/11830794-108c-48fe-a282-2cd7a2945344&language=en","uri":"http://data.europa.eu/esco/occupation/11830794-108c-48fe-a282-2cd7a2945344","title":"gambling, betting, and lottery games designer"},{"href":"https://ec.europa.eu/esco/api/resource/occupation?uri=http://data.europa.eu/esco/occupation/379a4f3f-4985-4764-8b2f-037946da855d&language=en","uri":"http://data.europa.eu/esco/occupation/379a4f3f-4985-4764-8b2f-037946da855d","title":"gaming inspector"}]},"_embedded":{}},{"className":"Skill","classId":"http://data.europa.eu/esco/model#Skill","uri":"http://data.europa.eu/esco/skill/9a027055-a851-44a7-bf48-49373f2e899d","title":"understand the needs of animals","referenceLanguage":["en"],"preferredLabel":{"de":"die Bedürfnisse von Tieren verstehen","no":"forstå dyrs behov","fi":"ymmärtää eläinten tarpeet","en-us":"understand the needs of animals","pt":"compreender as necessidades dos animais","bg":"разбиране на потребностите на животните","lt":"suprasti gyvūno poreikius","lv":"izprast dzīvnieku vajadzības","hr":"razumijevati potrebe životinja","fr":"comprendre les besoins d’un animal","hu":"felméri az állat szükségleteit","sk":"pochopiť potreby zvierat","sl":"razumeti potrebe živali","ga":"riachtanais ainmhithe a thuiscint","sv":"förstå djurens behov","el":"κατανόηση των αναγκών των ζώων","mt":"fehim tal-ħtiġijiet tal-annimali","en":"understand the needs of animals","is":"skilur þarfir dýra","it":"comprendere le esigenze degli animali","es":"entender las necesidades del animal","et":"looma vajadusi mõistma","cs":"chápat potřeby zvířat","ar":"يفهم احتياجات الحيوانات","pl":"rozumieć potrzeby zwierząt","ro":"înțelege nevoile animalelor","da":"forstå dyrs behov","nl":"behoeften van dieren begrijpen"},"alternativeLabel":{"en":["appreciate the needs of animals and facilitate their well-being","perform activities to ensure the well-being of animals","comprehend and satisfy animal needs","understand animal needs","understand and meet animal needs","comprehend and satisfy the needs of animals","carry out activities to ensure the well-being of animals according to their needs","understand and meet the needs of animals","comprehend the needs of animals","appreciate animal needs and facilitate their well-being","perceive the needs of animals and ensure their well-being"],"nl":["behoeften van dieren verstaan"],"es":["conocer y entender las necesidades del animal y preocuparse por su bienestar","identificar las necesidades del animal y preocuparse por su bienestar","comprender las necesidades del animal"]},"description":{"en-us":{"literal":"Learn and understand the needs of an animal and practice concern for its well-being, no matter how small the task.'","mimetype":"plain/text"},"en":{"literal":"Learn and understand the needs of an animal and practice concern for its well-being, no matter how small the task.'","mimetype":"plain/text"}},"status":"released","_links":{"self":{"href":"https://ec.europa.eu/esco/api/resource/skill?uri=http://data.europa.eu/esco/skill/9a027055-a851-44a7-bf48-49373f2e899d&language=en","uri":"http://data.europa.eu/esco/skill/9a027055-a851-44a7-bf48-49373f2e899d","title":"understand the needs of animals"},"isTopConceptInScheme":[{"href":"https://ec.europa.eu/esco/api/resource/taxonomy?uri=http://data.europa.eu/esco/concept-scheme/skills&language=en","uri":"http://data.europa.eu/esco/concept-scheme/skills","title":"ESCO skills"},{"href":"https://ec.europa.eu/esco/api/resource/taxonomy?uri=http://data.europa.eu/esco/concept-scheme/member-skills&language=en","uri":"http://data.europa.eu/esco/concept-scheme/member-skills","title":"ESCO member skills"}],"isInScheme":[{"href":"https://ec.europa.eu/esco/api/resource/taxonomy?uri=http://data.europa.eu/esco/concept-scheme/skills&language=en","uri":"http://data.europa.eu/esco/concept-scheme/skills","title":"ESCO skills"},{"href":"https://ec.europa.eu/esco/api/resource/taxonomy?uri=http://data.europa.eu/esco/concept-scheme/member-skills&language=en","uri":"http://data.europa.eu/esco/concept-scheme/member-skills","title":"ESCO member skills"}],"hasSkillType":[{"href":"https://ec.europa.eu/esco/api/resource/concept?uri=http://data.europa.eu/esco/skill-type/skill&language=en","uri":"http://data.europa.eu/esco/skill-type/skill","title":"skill"}],"hasReuseLevel":[{"href":"https://ec.europa.eu/esco/api/resource/concept?uri=http://data.europa.eu/esco/skill-reuse-level/sector-specific&language=en","uri":"http://data.europa.eu/esco/skill-reuse-level/sector-specific","title":"sector specific skills and competences","code":"Level 3"}],"isOptionalForOccupation":[{"href":"https://ec.europa.eu/esco/api/resource/occupation?uri=http://data.europa.eu/esco/occupation/5a940ae0-3fa4-40f9-8ca4-17bf792da243&language=en","uri":"http://data.europa.eu/esco/occupation/5a940ae0-3fa4-40f9-8ca4-17bf792da243","title":"animal groomer"},{"href":"https://ec.europa.eu/esco/api/resource/occupation?uri=http://data.europa.eu/esco/occupation/84cdc2ef-ee7c-42b1-be19-5e1c6b537f8f&language=en","uri":"http://data.europa.eu/esco/occupation/84cdc2ef-ee7c-42b1-be19-5e1c6b537f8f","title":"pet sitter"},{"href":"https://ec.europa.eu/esco/api/resource/occupation?uri=http://data.europa.eu/esco/occupation/bcffa133-c499-4db4-8e4f-b2d95da3b0fc&language=en","uri":"http://data.europa.eu/esco/occupation/bcffa133-c499-4db4-8e4f-b2d95da3b0fc","title":"farrier"}]},"_embedded":{}},{"className":"Skill","classId":"http://data.europa.eu/esco/model#Skill","uri":"http://data.europa.eu/esco/skill/9d83bd12-80c9-43d8-8ccd-a3f883d45f0b","title":"tend sweet making machines","referenceLanguage":["en"],"preferredLabel":{"no":"håndtere produksjonsmaskiner for søtsaker","de":"Süßungsmaschinen bedienen","en-us":"tend sweet making machines","fi":"hoitaa makeistenvalmistuskonetta","pt":"utilizar máquinas de fazer doces","bg":"полагане на грижи за машини за производство на сладки","lt":"prižiūrėti saldumynų gamybos mašinas","hr":"rukovati strojevima za izradu slatkiša","lv":"apkalpot saldumu ražošanas iekārtas","fr":"utiliser des machines pour confectionner des sucreries","hu":"édességgyártó gépet kezel","sk":"obsluhovať stroje na výrobu sladkostí","sl":"upravljati stroj za izdelavo bonbonov","ga":"féachaint i ndiaidh meaisíní déanta milseán","sv":"sköta maskiner för godistillverkning","el":"χειρισμός των μηχανών παρασκευής γλυκών","mt":"tħaddim tal-magni tal-produzzjoni tal-ħelu","en":"tend sweet making machines","is":"gætir sælgætisgerðarvéla","it":"essere addetto alle macchine di produzione dei dolciumi","es":"ocuparse de máquinas para fabricar dulces","et":"maiustuste tootmisseadmetega töötama","cs":"obsluhovat stroj na výrobu sladkostí","ar":"يرعى آلات صناعة الحلوى","pl":"zajmować się maszynami do produkcji słodyczy","da":"passe slikfremstillingsmaskiner","ro":"supraveghează mașini de fabricat dulciuri","nl":"zoetwarenmachines bedienen"},"alternativeLabel":{"en":["mind sweet making machines","tend sweet making machinery","tending sweet making machines","tend a sweet making machine","take care of sweet making machines","watch sweet making machines","look after sweet making machines"],"hr":["posluživati strojeve za izradu slatkiša"],"es":["manejar máquinas para fabricar dulces","encargarse de máquinas para fabricar dulces"],"nl":["zoetwarenmachines onderhouden"]},"description":{"en-us":{"literal":"Tend sweet making machines that blend sweet substances for candy manufacturing.","mimetype":"plain/text"},"en":{"literal":"Tend sweet making machines that blend sweet substances for candy manufacturing.","mimetype":"plain/text"}},"status":"released","_links":{"self":{"href":"https://ec.europa.eu/esco/api/resource/skill?uri=http://data.europa.eu/esco/skill/9d83bd12-80c9-43d8-8ccd-a3f883d45f0b&language=en","uri":"http://data.europa.eu/esco/skill/9d83bd12-80c9-43d8-8ccd-a3f883d45f0b","title":"tend sweet making machines"},"isTopConceptInScheme":[{"href":"https://ec.europa.eu/esco/api/resource/taxonomy?uri=http://data.europa.eu/esco/concept-scheme/skills&language=en","uri":"http://data.europa.eu/esco/concept-scheme/skills","title":"ESCO skills"},{"href":"https://ec.europa.eu/esco/api/resource/taxonomy?uri=http://data.europa.eu/esco/concept-scheme/member-skills&language=en","uri":"http://data.europa.eu/esco/concept-scheme/member-skills","title":"ESCO member skills"}],"isInScheme":[{"href":"https://ec.europa.eu/esco/api/resource/taxonomy?uri=http://data.europa.eu/esco/concept-scheme/skills&language=en","uri":"http://data.europa.eu/esco/concept-scheme/skills","title":"ESCO skills"},{"href":"https://ec.europa.eu/esco/api/resource/taxonomy?uri=http://data.europa.eu/esco/concept-scheme/member-skills&language=en","uri":"http://data.europa.eu/esco/concept-scheme/member-skills","title":"ESCO member skills"}],"hasSkillType":[{"href":"https://ec.europa.eu/esco/api/resource/concept?uri=http://data.europa.eu/esco/skill-type/skill&language=en","uri":"http://data.europa.eu/esco/skill-type/skill","title":"skill"}],"hasReuseLevel":[{"href":"https://ec.europa.eu/esco/api/resource/concept?uri=http://data.europa.eu/esco/skill-reuse-level/occupation-specific&language=en","uri":"http://data.europa.eu/esco/skill-reuse-level/occupation-specific","title":"occupation specific skills and competences","code":"Level 4"}],"isEssentialForOccupation":[{"href":"https://ec.europa.eu/esco/api/resource/occupation?uri=http://data.europa.eu/esco/occupation/0fdc5efb-d38e-4019-bede-0ce55404549d&language=en","uri":"http://data.europa.eu/esco/occupation/0fdc5efb-d38e-4019-bede-0ce55404549d","title":"candy machine operator"}]},"_embedded":{}},{"className":"Skill","classId":"http://data.europa.eu/esco/model#Skill","uri":"http://data.europa.eu/esco/skill/0b82924b-6741-4d58-b38d-16731cb14f53","title":"provide objective assessments of calls","referenceLanguage":["en"],"preferredLabel":{"no":"gjennomføre objektive vurderinger av samtaler","de":"objektive Bewertungen von Telefongesprächen abgeben","en-us":"provide objective assessments of calls","fi":"arvioida puheluita puolueettomasti","pt":"fornecer avaliações objetivas de chamadas","bg":"предоставяне на обективни оценки на телефонните разговори с клиенти","lt":"objektyviai įvertinti skambučius","hr":"davati objektivne procjene poziva","lv":"objektīvi novērtēt apkalpošanu pa tālruni","fr":"fournir des évaluations objectives sur les appels","hu":"objektív értékelést nyújt a hívásokról","sk":"poskytovať objektívne hodnotenie volaní","sl":"objektivno ocenjevati klice","ga":"measúnuithe oibiachtúla a dhéanamh ar ghlaonna","sv":"ge objektiva bedömningar av samtal","el":"παροχή αντικειμενικών αξιολογήσεων κλήσεων","mt":"forniment ta’ valutazzjonijiet oġġettivi tat-telefonati","en":"provide objective assessments of calls","is":"aflar hlutlægs mats á símtölum","it":"fornire le valutazioni oggettive delle chiamate","es":"realizar una evaluación objetiva de las llamadas","et":"kõnesid objektiivselt hindama","cs":"objektivně hodnotit hovory","ar":"يقدم تقييمات موضوعية للمكالمات","pl":"przeprowadzać obiektywne oceny rozmów telefonicznych","da":"give objektive vurderinger af opkald","ro":"asigură evaluarea obiectivă a apelurilor","nl":"objectieve beoordeling van oproepen maken"},"alternativeLabel":{"fi":["arvioida puheluita objektiivisesti"],"en":["provide an objective assessment of a call","providing objective assessments of calls","arrange objective assessments of calls","provide an objective assessment of calls","furnish objective assessments of calls","administer objective assessments of calls","contribute objective assessments of calls"],"nl":["objectieve beoordeling van oproepen geven"]},"description":{"en-us":{"literal":"Ensure objective assessment of calls with customers; see that all company procedures are adhered to.","mimetype":"plain/text"},"en":{"literal":"Ensure objective assessment of calls with customers; see that all company procedures are adhered to.","mimetype":"plain/text"}},"status":"released","_links":{"self":{"href":"https://ec.europa.eu/esco/api/resource/skill?uri=http://data.europa.eu/esco/skill/0b82924b-6741-4d58-b38d-16731cb14f53&language=en","uri":"http://data.europa.eu/esco/skill/0b82924b-6741-4d58-b38d-16731cb14f53","title":"provide objective assessments of calls"},"isTopConceptInScheme":[{"href":"https://ec.europa.eu/esco/api/resource/taxonomy?uri=http://data.europa.eu/esco/concept-scheme/skills&language=en","uri":"http://data.europa.eu/esco/concept-scheme/skills","title":"ESCO skills"},{"href":"https://ec.europa.eu/esco/api/resource/taxonomy?uri=http://data.europa.eu/esco/concept-scheme/member-skills&language=en","uri":"http://data.europa.eu/esco/concept-scheme/member-skills","title":"ESCO member skills"}],"isInScheme":[{"href":"https://ec.europa.eu/esco/api/resource/taxonomy?uri=http://data.europa.eu/esco/concept-scheme/skills&language=en","uri":"http://data.europa.eu/esco/concept-scheme/skills","title":"ESCO skills"},{"href":"https://ec.europa.eu/esco/api/resource/taxonomy?uri=http://data.europa.eu/esco/concept-scheme/member-skills&language=en","uri":"http://data.europa.eu/esco/concept-scheme/member-skills","title":"ESCO member skills"}],"hasSkillType":[{"href":"https://ec.europa.eu/esco/api/resource/concept?uri=http://data.europa.eu/esco/skill-type/skill&language=en","uri":"http://data.europa.eu/esco/skill-type/skill","title":"skill"}],"hasReuseLevel":[{"href":"https://ec.europa.eu/esco/api/resource/concept?uri=http://data.europa.eu/esco/skill-reuse-level/cross-sector&language=en","uri":"http://data.europa.eu/esco/skill-reuse-level/cross-sector","title":"cross-sector skills and competences","code":"Level 2"}],"isEssentialForOccupation":[{"href":"https://ec.europa.eu/esco/api/resource/occupation?uri=http://data.europa.eu/esco/occupation/580c98d4-fb97-4597-864c-54140f058f1b&language=en","uri":"http://data.europa.eu/esco/occupation/580c98d4-fb97-4597-864c-54140f058f1b","title":"call centre quality auditor"},{"href":"https://ec.europa.eu/esco/api/resource/occupation?uri=http://data.europa.eu/esco/occupation/30ca97f4-a4fd-4189-a781-ac08f6b09b78&language=en","uri":"http://data.europa.eu/esco/occupation/30ca97f4-a4fd-4189-a781-ac08f6b09b78","title":"call centre analyst"}]},"_embedded":{}},{"className":"Skill","classId":"http://data.europa.eu/esco/model#Skill","uri":"http://data.europa.eu/esco/skill/48ae2e46-74c7-4c47-8600-a0f196f5d844","title":"analyse the original actor's way of speaking","referenceLanguage":["en"],"preferredLabel":{"no":"analysere den opprinnelige skuespillerens måte å snakke på","de":"die Sprechweise des Originalschauspielers analysieren","fi":"analysoida alkuperäisnäyttelijän puhetapaa","en-us":"analyze  the original actor's way of speaking","pt":"analisar a maneira como o ator original fala","bg":"анализиране на начина на говорене на оригиналния актьор","lt":"analizuoti natūralią aktoriaus kalbėseną","lv":"analizēt sākotnējā aktiera runas veidu","hr":"analizirati način govora izvornog glumca","fr":"analyser la façon de parler originale d'un comédien","hu":"elemzi az eredeti színész beszédmódját","sk":"analyzovať pôvodný hlasový prejav herca","sl":"analizirati način govorjenja prvotnega igralca","ga":"stíl labhartha an aisteora bunaidh a anailísiú","sv":"analysera originalskådespelarens sätt att tala","el":"ανάλυση του τρόπου ομιλίας του ηθοποιού","mt":"analiżi tat-tlissin oriġinali tal-atturi","en":"analyse the original actor's way of speaking","is":"greinir hvernig upprunalegi leikarinn talaði","it":"analizzare lo stile, la gestualità, il ritmo e l'intonazione dell'attore straniero","es":"analizar el modo de hablar original del actor","et":"algse näitleja kõneviisi analüüsima","cs":"analyzovat původní způsob mluvy herců","ar":"يحلل طريقة تحدث الممثلين الأساسية","pl":"analizować sposób mówienia oryginalnego aktora","da":"analysere den oprindelige skuespillers talemåde","ro":"analizează modul de a vorbi al actorului original","nl":"manier van spreken van de oorspronkelijke acteur analyseren"},"alternativeLabel":{"sl":["analizirati govor izvirnega igralca"],"en":["analyse the original actor's ways of speaking","gauge the original actor's way of speaking","evaluate the original actor's way of speaking","assess the original actor's way of speaking","analysing the original actor's way of speaking"]},"description":{"en-us":{"literal":"analyze the intonation, modulation, timbre, and other features of the original actor's way of speaking in a specific scene.","mimetype":"plain/text"},"en":{"literal":"Analyse the intonation, modulation, timbre, and other features of the original actor's way of speaking in a specific scene.","mimetype":"plain/text"}},"status":"released","_links":{"self":{"href":"https://ec.europa.eu/esco/api/resource/skill?uri=http://data.europa.eu/esco/skill/48ae2e46-74c7-4c47-8600-a0f196f5d844&language=en","uri":"http://data.europa.eu/esco/skill/48ae2e46-74c7-4c47-8600-a0f196f5d844","title":"analyse the original actor's way of speaking"},"isTopConceptInScheme":[{"href":"https://ec.europa.eu/esco/api/resource/taxonomy?uri=http://data.europa.eu/esco/concept-scheme/skills&language=en","uri":"http://data.europa.eu/esco/concept-scheme/skills","title":"ESCO skills"},{"href":"https://ec.europa.eu/esco/api/resource/taxonomy?uri=http://data.europa.eu/esco/concept-scheme/member-skills&language=en","uri":"http://data.europa.eu/esco/concept-scheme/member-skills","title":"ESCO member skills"}],"isInScheme":[{"href":"https://ec.europa.eu/esco/api/resource/taxonomy?uri=http://data.europa.eu/esco/concept-scheme/skills&language=en","uri":"http://data.europa.eu/esco/concept-scheme/skills","title":"ESCO skills"},{"href":"https://ec.europa.eu/esco/api/resource/taxonomy?uri=http://data.europa.eu/esco/concept-scheme/member-skills&language=en","uri":"http://data.europa.eu/esco/concept-scheme/member-skills","title":"ESCO member skills"}],"hasSkillType":[{"href":"https://ec.europa.eu/esco/api/resource/concept?uri=http://data.europa.eu/esco/skill-type/skill&language=en","uri":"http://data.europa.eu/esco/skill-type/skill","title":"skill"}],"hasReuseLevel":[{"href":"https://ec.europa.eu/esco/api/resource/concept?uri=http://data.europa.eu/esco/skill-reuse-level/occupation-specific&language=en","uri":"http://data.europa.eu/esco/skill-reuse-level/occupation-specific","title":"occupation specific skills and competences","code":"Level 4"}],"isEssentialForOccupation":[{"href":"https://ec.europa.eu/esco/api/resource/occupation?uri=http://data.europa.eu/esco/occupation/e89e330c-daa3-48f0-b34e-04e3344ea8dc&language=en","uri":"http://data.europa.eu/esco/occupation/e89e330c-daa3-48f0-b34e-04e3344ea8dc","title":"voice-over artist"}]},"_embedded":{}},{"className":"Skill","classId":"http://data.europa.eu/esco/model#Skill","uri":"http://data.europa.eu/esco/skill/e88a1bd0-f54c-46b9-ab0d-ef176829b1df","title":"manage lottery operations","referenceLanguage":["en"],"preferredLabel":{"de":"Lotteriebetrieb managen","no":"administrere lotteridrift","fi":"johtaa arpajaistoimintaa","en-us":"manage lottery operations","pt":"gerir operações de lotaria","bg":"управление на лотарийни операции","lt":"valdyti loterijų veiklą","lv":"vadīt loterijas darbības","hr":"upravljati aktivnostima lutrije","fr":"gérer des opérations de loterie","hu":"irányítja a lottózási tevékenységet","sk":"riadiť prevádzku lotérie","sl":"upravljati dejavnosti loterije","ga":"oibríochtaí crannchuir a bhainistiú","sv":"ansvara för lotteriverksamhet","mt":"immaniġġjar tal-operazzjonijiet tal-lotteriji","el":"διαχείριση των δραστηριοτήτων των λαχειοφόρων αγορών","en":"manage lottery operations","is":"stýrir happdrættisaðgerðum","it":"gestire le operazioni della lotteria","es":"gestionar operaciones de lotería","et":"loteriitegevusi haldama","cs":"řídit provoz loterie","ar":"يدير عمليات اليانصيب","pl":"zarządzać działaniami związanymi z organizacją loterii","ro":"gestionează operațiunile specifice activităților de loterie","da":"forvalte lotterispil","nl":"loterijactiviteiten beheren"},"alternativeLabel":{"el":["διαχείριση των δραστηριοτήτων των λοταριών"],"en":["manage operations of a lottery","ensure correct lottery activities","manage a lottery operation","coordinate lottery operations"],"nl":["kansspelactiviteiten beheren"]},"description":{"en-us":{"literal":"Manage all lottery activities to ensure that operations are conducted properly. Note procedure problems and ensure that all lottery activities run according to the law and the organization’s rules. Ensure the financing of lottery prices and implement action plans to ensure the lottery organization’s sustainability","mimetype":"plain/text"},"en":{"literal":"Manage all lottery activities to ensure that operations are conducted properly. Note procedure problems and ensure that all lottery activities run according to the law and the organisation's rules. Ensure the financing of lottery prices and implement action plans to ensure the lottery organisation's sustainability","mimetype":"plain/text"}},"status":"released","_links":{"self":{"href":"https://ec.europa.eu/esco/api/resource/skill?uri=http://data.europa.eu/esco/skill/e88a1bd0-f54c-46b9-ab0d-ef176829b1df&language=en","uri":"http://data.europa.eu/esco/skill/e88a1bd0-f54c-46b9-ab0d-ef176829b1df","title":"manage lottery operations"},"isTopConceptInScheme":[{"href":"https://ec.europa.eu/esco/api/resource/taxonomy?uri=http://data.europa.eu/esco/concept-scheme/skills&language=en","uri":"http://data.europa.eu/esco/concept-scheme/skills","title":"ESCO skills"},{"href":"https://ec.europa.eu/esco/api/resource/taxonomy?uri=http://data.europa.eu/esco/concept-scheme/member-skills&language=en","uri":"http://data.europa.eu/esco/concept-scheme/member-skills","title":"ESCO member skills"}],"isInScheme":[{"href":"https://ec.europa.eu/esco/api/resource/taxonomy?uri=http://data.europa.eu/esco/concept-scheme/skills&language=en","uri":"http://data.europa.eu/esco/concept-scheme/skills","title":"ESCO skills"},{"href":"https://ec.europa.eu/esco/api/resource/taxonomy?uri=http://data.europa.eu/esco/concept-scheme/member-skills&language=en","uri":"http://data.europa.eu/esco/concept-scheme/member-skills","title":"ESCO member skills"}],"hasSkillType":[{"href":"https://ec.europa.eu/esco/api/resource/concept?uri=http://data.europa.eu/esco/skill-type/skill&language=en","uri":"http://data.europa.eu/esco/skill-type/skill","title":"skill"}],"hasReuseLevel":[{"href":"https://ec.europa.eu/esco/api/resource/concept?uri=http://data.europa.eu/esco/skill-reuse-level/occupation-specific&language=en","uri":"http://data.europa.eu/esco/skill-reuse-level/occupation-specific","title":"occupation specific skills and competences","code":"Level 4"}],"isEssentialForOccupation":[{"href":"https://ec.europa.eu/esco/api/resource/occupation?uri=http://data.europa.eu/esco/occupation/49ca9fe4-4513-4657-b27f-eaad11e6158a&language=en","uri":"http://data.europa.eu/esco/occupation/49ca9fe4-4513-4657-b27f-eaad11e6158a","title":"lottery manager"}]},"_embedded":{}},{"className":"Skill","classId":"http://data.europa.eu/esco/model#Skill","uri":"http://data.europa.eu/esco/skill/c0508d27-e150-49c0-92be-f63f0e0f0cc7","title":"deputise for the mine manager","referenceLanguage":["en"],"preferredLabel":{"de":"Bergwerksdirektor/Bergwerksdirektorin vertreten","no":"vikariere for gruvelederen","fi":"toimia kaivoksen johtajan sijaisena","en-us":"deputise for the mine manager","pt":"substituir o diretor da mina","bg":"заместване на началника на рудника","lt":"pavaduoti kasyklų vadovą","lv":"aizvietot raktuvju vadītāju","hr":"imenovati upraviteljem rudnika","fr":"agir au nom du responsable de la mine","hu":"bányaigazgatót helyettesít","sk":"zastupovať vedúceho bane","sl":"nadomeščati vodjo rudnika","ga":"ionadaíocht a dhéanamh thar ceann bhainisteoir an mhianaigh","sv":"vikariera för gruvchef","mt":"immaniġġjar minflok il-maniġer tal-minjieri","el":"εκτέλεση χρεών διευθυντή ορυχείου","en":"deputise for the mine manager","is":"er staðgengill námustjórans","it":"fare le veci del responsabile di miniera","es":"reemplazar al ingeniero director de mina","et":"kaevanduse juhti asendama","cs":"zastupovat důlního manažera","ar":"ينوب عن مدير المنجم","pl":"zastępować dyrektora kopalni","ro":"suplinește directorul minei","da":"være stedfortræder for mineproduktionsleder","nl":"de mijndirecteur vervangen"},"alternativeLabel":{"en":["act as mine manager","cover mine manager absence","stand-in for mine manager","deputising for the mine manager","stand-in for absent mine manager","act as deputy for the mine manager"],"es":["realizar el trabajo del ingeniero director de mina","sustituir al ingeniero director de mina"]},"description":{"en-us":{"literal":"Deputising for the mine manager in case of absence.","mimetype":"plain/text"},"en":{"literal":"Deputising for the mine manager in case of absence.","mimetype":"plain/text"}},"status":"released","_links":{"self":{"href":"https://ec.europa.eu/esco/api/resource/skill?uri=http://data.europa.eu/esco/skill/c0508d27-e150-49c0-92be-f63f0e0f0cc7&language=en","uri":"http://data.europa.eu/esco/skill/c0508d27-e150-49c0-92be-f63f0e0f0cc7","title":"deputise for the mine manager"},"isTopConceptInScheme":[{"href":"https://ec.europa.eu/esco/api/resource/taxonomy?uri=http://data.europa.eu/esco/concept-scheme/skills&language=en","uri":"http://data.europa.eu/esco/concept-scheme/skills","title":"ESCO skills"},{"href":"https://ec.europa.eu/esco/api/resource/taxonomy?uri=http://data.europa.eu/esco/concept-scheme/member-skills&language=en","uri":"http://data.europa.eu/esco/concept-scheme/member-skills","title":"ESCO member skills"}],"isInScheme":[{"href":"https://ec.europa.eu/esco/api/resource/taxonomy?uri=http://data.europa.eu/esco/concept-scheme/skills&language=en","uri":"http://data.europa.eu/esco/concept-scheme/skills","title":"ESCO skills"},{"href":"https://ec.europa.eu/esco/api/resource/taxonomy?uri=http://data.europa.eu/esco/concept-scheme/member-skills&language=en","uri":"http://data.europa.eu/esco/concept-scheme/member-skills","title":"ESCO member skills"}],"hasSkillType":[{"href":"https://ec.europa.eu/esco/api/resource/concept?uri=http://data.europa.eu/esco/skill-type/skill&language=en","uri":"http://data.europa.eu/esco/skill-type/skill","title":"skill"}],"hasReuseLevel":[{"href":"https://ec.europa.eu/esco/api/resource/concept?uri=http://data.europa.eu/esco/skill-reuse-level/occupation-specific&language=en","uri":"http://data.europa.eu/esco/skill-reuse-level/occupation-specific","title":"occupation specific skills and competences","code":"Level 4"}],"isEssentialForOccupation":[{"href":"https://ec.europa.eu/esco/api/resource/occupation?uri=http://data.europa.eu/esco/occupation/df66a6e6-2130-4932-8aaf-263dafa569fa&language=en","uri":"http://data.europa.eu/esco/occupation/df66a6e6-2130-4932-8aaf-263dafa569fa","title":"mine production manager"}]},"_embedded":{}},{"className":"Skill","classId":"http://data.europa.eu/esco/model#Skill","uri":"http://data.europa.eu/esco/skill/bee97b9d-a683-46a7-a4c3-48f2d787819a","title":"consult shipping rates","referenceLanguage":["en"],"preferredLabel":{"no":"finne informasjon om fraktpriser","de":"Frachtsätze zu Rate ziehen","en-us":"consult shipping rates","fi":"tutkia lähetyshintoja","pt":"consultar taxas de expedição","bg":"проверяване на ставките за превоз","lt":"atsižvelgti į gabenimo įkainius","lv":"meklēt pārvadājumu izcenojumus","hr":"provjeravati troškove poštarine","fr":"consulter des tarifs d’expédition","hu":"szállítási díjakat kér be","sk":"preveriť ceny dopravy","sl":"preveriti cene prevoza","ga":"rátaí loingseoireachta a anailísiú","sv":"jämföra transporttaxor","el":"εξέταση των τιμών αποστολής","mt":"konsultazzjoni tar-rati tal-vjeġġi","en":"consult shipping rates","is":"athugar sendingataxtar","it":"consultare le tariffe di spedizione","es":"consultar las tarifas de envío","et":"veohindadega tutvuma","cs":"vyhledávat sazby za dopravu","ar":"يستشير أسعار الشحن","pl":"monitorować stawki transportowe","ro":"consultă tarifele de expediere","da":"konsultere shippingrater","nl":"verzendkosten raadplegen"},"alternativeLabel":{"fi":["tutkia rahtimaksuja","tutkia kuljetushintoja","tutkia rahtihintoja"],"el":["πληροφόρηση σχετικά με τις τιμές αποστολής"],"en":["consult freighting rates","consult posting rates","consult shipping prices","consult shipping quotas"]},"description":{"en-us":{"literal":"Seek information about shipping rates and compare these rates between different providers of goods or commodities.","mimetype":"plain/text"},"en":{"literal":"Seek information about shipping rates and compare these rates between different providers of goods or commodities.","mimetype":"plain/text"}},"status":"released","_links":{"self":{"href":"https://ec.europa.eu/esco/api/resource/skill?uri=http://data.europa.eu/esco/skill/bee97b9d-a683-46a7-a4c3-48f2d787819a&language=en","uri":"http://data.europa.eu/esco/skill/bee97b9d-a683-46a7-a4c3-48f2d787819a","title":"consult shipping rates"},"isTopConceptInScheme":[{"href":"https://ec.europa.eu/esco/api/resource/taxonomy?uri=http://data.europa.eu/esco/concept-scheme/member-skills&language=en","uri":"http://data.europa.eu/esco/concept-scheme/member-skills","title":"ESCO member skills"},{"href":"https://ec.europa.eu/esco/api/resource/taxonomy?uri=http://data.europa.eu/esco/concept-scheme/skills&language=en","uri":"http://data.europa.eu/esco/concept-scheme/skills","title":"ESCO skills"}],"isInScheme":[{"href":"https://ec.europa.eu/esco/api/resource/taxonomy?uri=http://data.europa.eu/esco/concept-scheme/member-skills&language=en","uri":"http://data.europa.eu/esco/concept-scheme/member-skills","title":"ESCO member skills"},{"href":"https://ec.europa.eu/esco/api/resource/taxonomy?uri=http://data.europa.eu/esco/concept-scheme/skills&language=en","uri":"http://data.europa.eu/esco/concept-scheme/skills","title":"ESCO skills"}],"hasSkillType":[{"href":"https://ec.europa.eu/esco/api/resource/concept?uri=http://data.europa.eu/esco/skill-type/skill&language=en","uri":"http://data.europa.eu/esco/skill-type/skill","title":"skill"}],"hasReuseLevel":[{"href":"https://ec.europa.eu/esco/api/resource/concept?uri=http://data.europa.eu/esco/skill-reuse-level/occupation-specific&language=en","uri":"http://data.europa.eu/esco/skill-reuse-level/occupation-specific","title":"occupation specific skills and competences","code":"Level 4"}],"isEssentialForOccupation":[{"href":"https://ec.europa.eu/esco/api/resource/occupation?uri=http://data.europa.eu/esco/occupation/94adbb11-1c90-4092-ae91-781e8a55865d&language=en","uri":"http://data.europa.eu/esco/occupation/94adbb11-1c90-4092-ae91-781e8a55865d","title":"shipbroker"}]},"_embedded":{}},{"className":"Skill","classId":"http://data.europa.eu/esco/model#Skill","uri":"http://data.europa.eu/esco/skill/5d73a509-4c15-423a-8873-8ea84daa037c","title":"practical lexicography","referenceLanguage":["en"],"preferredLabel":{"de":"praktische Lexikografie","no":"praktisk leksikografi","fi":"käytännön leksikografia","en-us":"practical lexicography","pt":"lexicografia prática","bg":"практическа лексикография","lt":"praktinė leksikografija","lv":"praktiskā leksikogrāfija","hr":"praktična leksikografija","fr":"lexicographie pratique","hu":"szótárírás","sk":"praktická lexikografia","sl":"praktična leksikografija","ga":"foclóireacht phraiticiúil","sv":"praktisk lexikografi","el":"πρακτική λεξικογραφία","mt":"lessikografija prattika","en":"practical lexicography","is":"hagnýt orðabókarfræði","it":"lessicografia pratica","es":"lexicografía práctica","et":"praktiline leksikograafia","cs":"praktická lexikografie","ar":"علم المعاجم التطبيقي","pl":"leksykografia praktyczna","da":"praktisk leksikografi","ro":"lexicografie practică","nl":"praktische lexicografie"},"alternativeLabel":{"de":["praktische Lexikographie"],"fi":["sanakirjatyö"],"en":["dictionary writing","dictionary compilation","lexicon compilation"],"hu":["szótárszerkesztés","lexikográfia"],"es":["compilación de diccionarios"]},"description":{"en-us":{"literal":"The science of compiling and editing dictionaries.","mimetype":"plain/text"},"en":{"literal":"The science of compiling and editing dictionaries.","mimetype":"plain/text"}},"status":"released","_links":{"self":{"href":"https://ec.europa.eu/esco/api/resource/skill?uri=http://data.europa.eu/esco/skill/5d73a509-4c15-423a-8873-8ea84daa037c&language=en","uri":"http://data.europa.eu/esco/skill/5d73a509-4c15-423a-8873-8ea84daa037c","title":"practical lexicography"},"isTopConceptInScheme":[{"href":"https://ec.europa.eu/esco/api/resource/taxonomy?uri=http://data.europa.eu/esco/concept-scheme/member-skills&language=en","uri":"http://data.europa.eu/esco/concept-scheme/member-skills","title":"ESCO member skills"},{"href":"https://ec.europa.eu/esco/api/resource/taxonomy?uri=http://data.europa.eu/esco/concept-scheme/skills&language=en","uri":"http://data.europa.eu/esco/concept-scheme/skills","title":"ESCO skills"}],"isInScheme":[{"href":"https://ec.europa.eu/esco/api/resource/taxonomy?uri=http://data.europa.eu/esco/concept-scheme/member-skills&language=en","uri":"http://data.europa.eu/esco/concept-scheme/member-skills","title":"ESCO member skills"},{"href":"https://ec.europa.eu/esco/api/resource/taxonomy?uri=http://data.europa.eu/esco/concept-scheme/skills&language=en","uri":"http://data.europa.eu/esco/concept-scheme/skills","title":"ESCO skills"}],"hasSkillType":[{"href":"https://ec.europa.eu/esco/api/resource/concept?uri=http://data.europa.eu/esco/skill-type/knowledge&language=en","uri":"http://data.europa.eu/esco/skill-type/knowledge","title":"knowledge"}],"hasReuseLevel":[{"href":"https://ec.europa.eu/esco/api/resource/concept?uri=http://data.europa.eu/esco/skill-reuse-level/cross-sector&language=en","uri":"http://data.europa.eu/esco/skill-reuse-level/cross-sector","title":"cross-sector skills and competences","code":"Level 2"}],"isEssentialForOccupation":[{"href":"https://ec.europa.eu/esco/api/resource/occupation?uri=http://data.europa.eu/esco/occupation/49c3db8c-c586-42d1-9726-f65d8303c0b1&language=en","uri":"http://data.europa.eu/esco/occupation/49c3db8c-c586-42d1-9726-f65d8303c0b1","title":"lexicographer"}],"isOptionalForOccupation":[{"href":"https://ec.europa.eu/esco/api/resource/occupation?uri=http://data.europa.eu/esco/occupation/a9c7a04d-807a-41b5-b441-87c73c73c9c5&language=en","uri":"http://data.europa.eu/esco/occupation/a9c7a04d-807a-41b5-b441-87c73c73c9c5","title":"linguist"}]},"_embedded":{}},{"className":"Skill","classId":"http://data.europa.eu/esco/model#Skill","uri":"http://data.europa.eu/esco/skill/87b27b84-daa7-4ff1-b888-6f33e5d82e96","title":"create strategic maps","referenceLanguage":["en"],"preferredLabel":{"de":"strategische Karten erstellen","no":"lage strategiske kart","fi":"laatia strategisia karttoja","en-us":"create strategic maps","pt":"desenhar mapas estratégicos","bg":"изготвяне на военно-стратегически карти","lt":"sudaryti strateginius žemėlapius","hr":"izrađivati strateške karte","lv":"izveidot stratēģiskās kartes","fr":"créer des cartes stratégiques","hu":"stratégiai térképeket készít","sk":"vypracúvať strategické mapy","sl":"izdelovati strateške karte","ga":"léarscáileanna straitéiseacha a chruthú","sv":"skapa strategiska kartor","el":"δημιουργία στρατηγικών χαρτών","mt":"ħolqien ta’ mapep strateġiċi","en":"create strategic maps","is":"býr til hernaðarkort","it":"creare mappe strategiche","es":"preparar mapas estratégicos","et":"strateegiakaarte koostama","cs":"vytvářet strategické mapy","ar":"يرسم خرائط الطرق الاستراتيجية","pl":"opracowywać mapy strategiczne","ro":"creează hărți strategice","da":"oprette strategiske kort","nl":"strategische kaarten maken"},"alternativeLabel":{"en":["construct strategic charts","construct strategic maps","design strategic maps","produce strategic charts","produce strategic maps","design strategic charts"],"nl":["strategische kaarten creëren"]},"description":{"en-us":{"literal":"Create maps which outline the positions of friendly and enemy troops and vessels, pinpointing their location as precisely as possible using appropriate systems, in order to ensure the maps can be used for strategic and tactical purposes.","mimetype":"plain/text"},"en":{"literal":"Create maps which outline the positions of friendly and enemy troops and vessels, pinpointing their location as precisely as possible using appropriate systems, in order to ensure the maps can be used for strategic and tactical purposes.","mimetype":"plain/text"}},"status":"released","_links":{"self":{"href":"https://ec.europa.eu/esco/api/resource/skill?uri=http://data.europa.eu/esco/skill/87b27b84-daa7-4ff1-b888-6f33e5d82e96&language=en","uri":"http://data.europa.eu/esco/skill/87b27b84-daa7-4ff1-b888-6f33e5d82e96","title":"create strategic maps"},"isTopConceptInScheme":[{"href":"https://ec.europa.eu/esco/api/resource/taxonomy?uri=http://data.europa.eu/esco/concept-scheme/member-skills&language=en","uri":"http://data.europa.eu/esco/concept-scheme/member-skills","title":"ESCO member skills"},{"href":"https://ec.europa.eu/esco/api/resource/taxonomy?uri=http://data.europa.eu/esco/concept-scheme/skills&language=en","uri":"http://data.europa.eu/esco/concept-scheme/skills","title":"ESCO skills"}],"isInScheme":[{"href":"https://ec.europa.eu/esco/api/resource/taxonomy?uri=http://data.europa.eu/esco/concept-scheme/member-skills&language=en","uri":"http://data.europa.eu/esco/concept-scheme/member-skills","title":"ESCO member skills"},{"href":"https://ec.europa.eu/esco/api/resource/taxonomy?uri=http://data.europa.eu/esco/concept-scheme/skills&language=en","uri":"http://data.europa.eu/esco/concept-scheme/skills","title":"ESCO skills"}],"hasSkillType":[{"href":"https://ec.europa.eu/esco/api/resource/concept?uri=http://data.europa.eu/esco/skill-type/skill&language=en","uri":"http://data.europa.eu/esco/skill-type/skill","title":"skill"}],"hasReuseLevel":[{"href":"https://ec.europa.eu/esco/api/resource/concept?uri=http://data.europa.eu/esco/skill-reuse-level/cross-sector&language=en","uri":"http://data.europa.eu/esco/skill-reuse-level/cross-sector","title":"cross-sector skills and competences","code":"Level 2"}],"isOptionalForOccupation":[{"href":"https://ec.europa.eu/esco/api/resource/occupation?uri=http://data.europa.eu/esco/occupation/b176e5d7-1f94-495c-907f-80a7f61aed59&language=en","uri":"http://data.europa.eu/esco/occupation/b176e5d7-1f94-495c-907f-80a7f61aed59","title":"remote sensing technician"},{"href":"https://ec.europa.eu/esco/api/resource/occupation?uri=http://data.europa.eu/esco/occupation/86c892cf-09a3-44c8-b9d1-814d93dbcbb4&language=en","uri":"http://data.europa.eu/esco/occupation/86c892cf-09a3-44c8-b9d1-814d93dbcbb4","title":"warfare specialist"}]},"_embedded":{}},{"className":"Skill","classId":"http://data.europa.eu/esco/model#Skill","uri":"http://data.europa.eu/esco/skill/523e2f75-2d85-4f7e-956a-bf01050f20a8","title":"tend acidulation tanks","referenceLanguage":["en"],"preferredLabel":{"no":"håndtere forsuringstanker","de":"Ansäuerungsbehälter bedienen","en-us":"tend acidulation tanks","fi":"hoitaa hapotussäiliöitä","pt":"utilizar tanques de acidificação","bg":"управляване на резервоари за подкиселяване","lt":"prižiūrėti rūgštinimo talpyklas","hr":"posluživati spremnike za kiseljenje","lv":"rūpēties par skābināšanas tvertnēm","fr":"utiliser des bacs d’acidulation","hu":"savanyító tartályokat kezel","sk":"obsluhovať okysľovacie nádrže","sl":"oskrbovati posode za kisanje","ga":"féachaint i ndiaidh umair bhogaigéadúcháin","sv":"sköta syrningstankar","mt":"tħaddim tat-tankijiet tal-aċidulazzjoni","el":"χειρισμός των δεξαμενών οξείδωσης","en":"tend acidulation tanks","is":"gætir sýruböðunartanka","it":"essere addetto ai serbatoi di acidulazione","es":"ocuparse de tanques de acidulación","et":"hapestamisanumatega töötama","cs":"obsluhovat okyselovací nádrže","ar":"يشغل خزانات معالجة بالحامض","pl":"zajmować się zbiornikami do zakwaszania","ro":"supraveghează bazine de acidulare","da":"passe syrningstanke","nl":"verzuringstanks bedienen"},"alternativeLabel":{"en":["watch acidulation tanks","tending acidulation tanks","take care of acidulation tanks","look after acidulation tanks","mind acidulation tanks","tend an acidulation tank"],"nl":["verzuringstanks onderhouden"],"es":["manipular tanques de acidulación","manejar tanques de acidulación","encargarse de tanques de acidulación"]},"description":{"en-us":{"literal":"Tend acidulation tanks and equipment to separate undesirable compounds from oils.","mimetype":"plain/text"},"en":{"literal":"Tend acidulation tanks and equipment to separate undesirable compounds from oils.","mimetype":"plain/text"}},"status":"released","_links":{"self":{"href":"https://ec.europa.eu/esco/api/resource/skill?uri=http://data.europa.eu/esco/skill/523e2f75-2d85-4f7e-956a-bf01050f20a8&language=en","uri":"http://data.europa.eu/esco/skill/523e2f75-2d85-4f7e-956a-bf01050f20a8","title":"tend acidulation tanks"},"isTopConceptInScheme":[{"href":"https://ec.europa.eu/esco/api/resource/taxonomy?uri=http://data.europa.eu/esco/concept-scheme/member-skills&language=en","uri":"http://data.europa.eu/esco/concept-scheme/member-skills","title":"ESCO member skills"},{"href":"https://ec.europa.eu/esco/api/resource/taxonomy?uri=http://data.europa.eu/esco/concept-scheme/skills&language=en","uri":"http://data.europa.eu/esco/concept-scheme/skills","title":"ESCO skills"}],"isInScheme":[{"href":"https://ec.europa.eu/esco/api/resource/taxonomy?uri=http://data.europa.eu/esco/concept-scheme/member-skills&language=en","uri":"http://data.europa.eu/esco/concept-scheme/member-skills","title":"ESCO member skills"},{"href":"https://ec.europa.eu/esco/api/resource/taxonomy?uri=http://data.europa.eu/esco/concept-scheme/skills&language=en","uri":"http://data.europa.eu/esco/concept-scheme/skills","title":"ESCO skills"}],"hasSkillType":[{"href":"https://ec.europa.eu/esco/api/resource/concept?uri=http://data.europa.eu/esco/skill-type/skill&language=en","uri":"http://data.europa.eu/esco/skill-type/skill","title":"skill"}],"hasReuseLevel":[{"href":"https://ec.europa.eu/esco/api/resource/concept?uri=http://data.europa.eu/esco/skill-reuse-level/occupation-specific&language=en","uri":"http://data.europa.eu/esco/skill-reuse-level/occupation-specific","title":"occupation specific skills and competences","code":"Level 4"}],"isEssentialForOccupation":[{"href":"https://ec.europa.eu/esco/api/resource/occupation?uri=http://data.europa.eu/esco/occupation/9ae8251e-cb8e-4324-9d77-d967d43e6b46&language=en","uri":"http://data.europa.eu/esco/occupation/9ae8251e-cb8e-4324-9d77-d967d43e6b46","title":"fat-purification worker"}]},"_embedded":{}},{"className":"Skill","classId":"http://data.europa.eu/esco/model#Skill","uri":"http://data.europa.eu/esco/skill/0d6924a5-ce6b-4496-94ce-7e18b59ce964","title":"tend open pans","referenceLanguage":["en"],"preferredLabel":{"no":"håndtere åpne panner","de":"offene, durch direktes Feuer erhitzte Gefäße zur Ölreinigung bedienen","en-us":"tend open pans","fi":"hoitaa avoimia kattiloita","pt":"utilizar tanques abertos","bg":"боравене с тави за топене на хранително масло","lt":"prižiūrėti atviras keptuves","lv":"apkalpot atvērtos katlus","hr":"upotrebljavati otvorene posude","fr":"utiliser des poêles","hu":"fedél nélkül használt serpenyőkkel dolgozik","sk":"obsluhovať otvorené nádoby","sl":"upravljati odprti kotle","ga":"féachaint i ndiaidh pannaí oscailte","sv":"sköta öppna värmepannor","el":"χειρισμός των ανοικτών ελαιολεκανών","mt":"tħaddim ta’ taġnijiet industrijali miftuħa għat-tisfija taż-żejt","en":"tend open pans","is":"gætir opinna panna","it":"essere addetto alle padelle scoperte","es":"ocuparse de artesas abiertas","et":"avatud pannidega töötama","cs":"obsluhovat otevřené pánve","ar":"يعتني بالقدور المفتوحة","pl":"zajmować się otwartymi patelniami","ro":"supraveghează cuve deschise","da":"passe åbne pander","nl":"open pannen bedienen"},"alternativeLabel":{"en":["take care of open pans","tend an open pan","tending open pans","look after open pans","tending open pan","mind open pans","watch open pans"],"nl":["open pannen onderhouden"],"es":["manejar artesas abiertas","ocuparse de bateas abiertas","manejar bateas abiertas","encargarse de artesas abiertas"]},"description":{"en-us":{"literal":"Tend open pans heated by direct fire to melt oil for purification purposes.","mimetype":"plain/text"},"en":{"literal":"Tend open pans heated by direct fire to melt oil for purification purposes.","mimetype":"plain/text"}},"status":"released","_links":{"self":{"href":"https://ec.europa.eu/esco/api/resource/skill?uri=http://data.europa.eu/esco/skill/0d6924a5-ce6b-4496-94ce-7e18b59ce964&language=en","uri":"http://data.europa.eu/esco/skill/0d6924a5-ce6b-4496-94ce-7e18b59ce964","title":"tend open pans"},"isTopConceptInScheme":[{"href":"https://ec.europa.eu/esco/api/resource/taxonomy?uri=http://data.europa.eu/esco/concept-scheme/skills&language=en","uri":"http://data.europa.eu/esco/concept-scheme/skills","title":"ESCO skills"},{"href":"https://ec.europa.eu/esco/api/resource/taxonomy?uri=http://data.europa.eu/esco/concept-scheme/member-skills&language=en","uri":"http://data.europa.eu/esco/concept-scheme/member-skills","title":"ESCO member skills"}],"isInScheme":[{"href":"https://ec.europa.eu/esco/api/resource/taxonomy?uri=http://data.europa.eu/esco/concept-scheme/skills&language=en","uri":"http://data.europa.eu/esco/concept-scheme/skills","title":"ESCO skills"},{"href":"https://ec.europa.eu/esco/api/resource/taxonomy?uri=http://data.europa.eu/esco/concept-scheme/member-skills&language=en","uri":"http://data.europa.eu/esco/concept-scheme/member-skills","title":"ESCO member skills"}],"hasSkillType":[{"href":"https://ec.europa.eu/esco/api/resource/concept?uri=http://data.europa.eu/esco/skill-type/skill&language=en","uri":"http://data.europa.eu/esco/skill-type/skill","title":"skill"}],"hasReuseLevel":[{"href":"https://ec.europa.eu/esco/api/resource/concept?uri=http://data.europa.eu/esco/skill-reuse-level/occupation-specific&language=en","uri":"http://data.europa.eu/esco/skill-reuse-level/occupation-specific","title":"occupation specific skills and competences","code":"Level 4"}],"isEssentialForOccupation":[{"href":"https://ec.europa.eu/esco/api/resource/occupation?uri=http://data.europa.eu/esco/occupation/9ae8251e-cb8e-4324-9d77-d967d43e6b46&language=en","uri":"http://data.europa.eu/esco/occupation/9ae8251e-cb8e-4324-9d77-d967d43e6b46","title":"fat-purification worker"}]},"_embedded":{}},{"className":"Skill","classId":"http://data.europa.eu/esco/model#Skill","uri":"http://data.europa.eu/esco/skill/f66919c2-c3e1-4862-81bb-b32dd2dc2442","title":"dress actors","referenceLanguage":["en"],"preferredLabel":{"no":"kle på skuespillere","de":"Schauspieler einkleiden","fi":"pukea näyttelijöitä","en-us":"dress actors","pt":"vestir atores","bg":"обличане на актьори","lt":"aprengti aktorius kostiumais","hr":"oblačiti glumce","lv":"apģērbt aktierus","fr":"habiller des acteurs","hu":"öltözteti a színészeket","sk":"obliekať hercov","sl":"oblačiti igralce","ga":"aisteoirí a ghléasadh","sv":"klä på skådespelare","el":"ντύσιμο ηθοποιών","mt":"ilbies tal-atturi","en":"dress actors","is":"klæðir leikara","it":"vestire gli attori","es":"vestir a actores","et":"näitlejaid rõivastama","cs":"oblékat herce","ar":"يلبس الممثلين","pl":"ubierać aktorów","da":"klæde kunstnere på","ro":"îmbracă actorii","nl":"acteurs aankleden"},"alternativeLabel":{"en":["dress actor","dressing actors","put clothes on actors","clothe actors"]},"description":{"en-us":{"literal":"Dress performing artists.","mimetype":"plain/text"},"en":{"literal":"Dress performing artists.","mimetype":"plain/text"}},"status":"released","_links":{"self":{"href":"https://ec.europa.eu/esco/api/resource/skill?uri=http://data.europa.eu/esco/skill/f66919c2-c3e1-4862-81bb-b32dd2dc2442&language=en","uri":"http://data.europa.eu/esco/skill/f66919c2-c3e1-4862-81bb-b32dd2dc2442","title":"dress actors"},"isTopConceptInScheme":[{"href":"https://ec.europa.eu/esco/api/resource/taxonomy?uri=http://data.europa.eu/esco/concept-scheme/member-skills&language=en","uri":"http://data.europa.eu/esco/concept-scheme/member-skills","title":"ESCO member skills"},{"href":"https://ec.europa.eu/esco/api/resource/taxonomy?uri=http://data.europa.eu/esco/concept-scheme/skills&language=en","uri":"http://data.europa.eu/esco/concept-scheme/skills","title":"ESCO skills"}],"isInScheme":[{"href":"https://ec.europa.eu/esco/api/resource/taxonomy?uri=http://data.europa.eu/esco/concept-scheme/member-skills&language=en","uri":"http://data.europa.eu/esco/concept-scheme/member-skills","title":"ESCO member skills"},{"href":"https://ec.europa.eu/esco/api/resource/taxonomy?uri=http://data.europa.eu/esco/concept-scheme/skills&language=en","uri":"http://data.europa.eu/esco/concept-scheme/skills","title":"ESCO skills"}],"hasSkillType":[{"href":"https://ec.europa.eu/esco/api/resource/concept?uri=http://data.europa.eu/esco/skill-type/skill&language=en","uri":"http://data.europa.eu/esco/skill-type/skill","title":"skill"}],"hasReuseLevel":[{"href":"https://ec.europa.eu/esco/api/resource/concept?uri=http://data.europa.eu/esco/skill-reuse-level/sector-specific&language=en","uri":"http://data.europa.eu/esco/skill-reuse-level/sector-specific","title":"sector specific skills and competences","code":"Level 3"}],"isEssentialForOccupation":[{"href":"https://ec.europa.eu/esco/api/resource/occupation?uri=http://data.europa.eu/esco/occupation/2a6784d7-c457-413d-ba99-e320de11fc98&language=en","uri":"http://data.europa.eu/esco/occupation/2a6784d7-c457-413d-ba99-e320de11fc98","title":"dresser"},{"href":"https://ec.europa.eu/esco/api/resource/occupation?uri=http://data.europa.eu/esco/occupation/30739eb6-218b-4e8a-9209-e2f36b9446cd&language=en","uri":"http://data.europa.eu/esco/occupation/30739eb6-218b-4e8a-9209-e2f36b9446cd","title":"costume attendant"}],"isOptionalForOccupation":[{"href":"https://ec.europa.eu/esco/api/resource/occupation?uri=http://data.europa.eu/esco/occupation/99b096eb-a628-4e69-a79b-0563f2ed1b93&language=en","uri":"http://data.europa.eu/esco/occupation/99b096eb-a628-4e69-a79b-0563f2ed1b93","title":"script supervisor"}]},"_embedded":{}},{"className":"Skill","classId":"http://data.europa.eu/esco/model#Skill","uri":"http://data.europa.eu/esco/skill/267de563-7cd9-43a2-9a6d-77422a276044","title":"use dialect","referenceLanguage":["en"],"preferredLabel":{"no":"bruke dialekt","de":"Dialekt verwenden","fi":"käyttää murretta","en-us":"use dialect","pt":"falar em dialeto","bg":"използване на диалект","lt":"kalbėti dialektu","lv":"lietot dialektu","hr":"upotrebljavati dijalekt","fr":"utiliser un dialecte","hu":"dialektust használ","sk":"používať dialekt","sl":"uporabljati narečje","ga":"canúint a úsáid","sv":"använda dialekt","mt":"użu tad-djaletti","el":"χρήση διαλέκτου","en":"use dialect","is":"notar mállýsku","it":"utilizzare il dialetto","es":"expresarse en dialecto","et":"dialekti kasutama","cs":"používat dialekt","ar":"يستخدم العامية","pl":"posługiwać się dialektem","ro":"utilizează un dialect","da":"tale med dialekt","nl":"dialect gebruiken"},"alternativeLabel":{"de":["Dialekt sprechen"],"en":["speak dialect","utilise dialect","using dialect","use dialects","employ dialect"],"nl":["dialect spreken"]},"description":{"en-us":{"literal":"Perform lines using a specific dialect as required.","mimetype":"plain/text"},"en":{"literal":"Perform lines using a specific dialect as required.","mimetype":"plain/text"}},"status":"released","_links":{"self":{"href":"https://ec.europa.eu/esco/api/resource/skill?uri=http://data.europa.eu/esco/skill/267de563-7cd9-43a2-9a6d-77422a276044&language=en","uri":"http://data.europa.eu/esco/skill/267de563-7cd9-43a2-9a6d-77422a276044","title":"use dialect"},"isTopConceptInScheme":[{"href":"https://ec.europa.eu/esco/api/resource/taxonomy?uri=http://data.europa.eu/esco/concept-scheme/member-skills&language=en","uri":"http://data.europa.eu/esco/concept-scheme/member-skills","title":"ESCO member skills"},{"href":"https://ec.europa.eu/esco/api/resource/taxonomy?uri=http://data.europa.eu/esco/concept-scheme/skills&language=en","uri":"http://data.europa.eu/esco/concept-scheme/skills","title":"ESCO skills"}],"isInScheme":[{"href":"https://ec.europa.eu/esco/api/resource/taxonomy?uri=http://data.europa.eu/esco/concept-scheme/member-skills&language=en","uri":"http://data.europa.eu/esco/concept-scheme/member-skills","title":"ESCO member skills"},{"href":"https://ec.europa.eu/esco/api/resource/taxonomy?uri=http://data.europa.eu/esco/concept-scheme/skills&language=en","uri":"http://data.europa.eu/esco/concept-scheme/skills","title":"ESCO skills"}],"hasSkillType":[{"href":"https://ec.europa.eu/esco/api/resource/concept?uri=http://data.europa.eu/esco/skill-type/skill&language=en","uri":"http://data.europa.eu/esco/skill-type/skill","title":"skill"}],"hasReuseLevel":[{"href":"https://ec.europa.eu/esco/api/resource/concept?uri=http://data.europa.eu/esco/skill-reuse-level/occupation-specific&language=en","uri":"http://data.europa.eu/esco/skill-reuse-level/occupation-specific","title":"occupation specific skills and competences","code":"Level 4"}],"isOptionalForOccupation":[{"href":"https://ec.europa.eu/esco/api/resource/occupation?uri=http://data.europa.eu/esco/occupation/e89e330c-daa3-48f0-b34e-04e3344ea8dc&language=en","uri":"http://data.europa.eu/esco/occupation/e89e330c-daa3-48f0-b34e-04e3344ea8dc","title":"voice-over artist"}]},"_embedded":{}},{"className":"Skill","classId":"http://data.europa.eu/esco/model#Skill","uri":"http://data.europa.eu/esco/skill/379ec127-c158-4ce3-90dc-9996678bf05c","title":"conveyancing","referenceLanguage":["en"],"preferredLabel":{"no":"beriktigelse","de":"Eigentumsübertragung","en-us":"conveyancing","fi":"omistusoikeuden siirto","pt":"transferência de propriedades","bg":"прехвърляне на собствеността","lt":"nuosavybės teisių perdavimas","lv":"īpašumtiesību maiņa","hr":"prijenos vlasništva","fr":"cession de propriété","hu":"ingatlanátruházás","sk":"realizácia majetkových prevodov","sl":"prenos lastništva","ga":"tíolacadh","sv":"uppsättande av överlåtelsehandlingar","el":"μεταβίβαση κυριότητας ακινήτων","mt":"trasferiment tat-titoli","en":"conveyancing","is":"gerð afsalsbréfa","it":"trasferimento di proprietà","es":"transmisión de la propiedad","et":"kinnistamine","cs":"převod vlastnických práv","ar":"تحرير العقود وتوثيقها","pl":"przenoszenie praw do nieruchomości","ro":"transferul dreptului de proprietate asupra bunurilor imobiliare","da":"overdragelse af fast ejendom","nl":"overdracht"},"alternativeLabel":{"fi":["omistusoikeuden luovutus"],"en":["conveyance","transfer of legal title of property","document preparation for transferring of property ownership"],"fr":["transfert de propriété"],"ro":["impozit pe transferul dreptului de proprietate"],"es":["transacción de compraventa","cesión de la propiedad","traspaso de la propiedad"]},"description":{"en-us":{"literal":"The legal transfer of property from the owner to the buyer in order to ensure that the buyer knows about the restrictions and rights that come with the land.","mimetype":"plain/text"},"en":{"literal":"The legal transfer of property from the owner to the buyer in order to ensure that the buyer knows about the restrictions and rights that come with the land.","mimetype":"plain/text"}},"status":"released","_links":{"self":{"href":"https://ec.europa.eu/esco/api/resource/skill?uri=http://data.europa.eu/esco/skill/379ec127-c158-4ce3-90dc-9996678bf05c&language=en","uri":"http://data.europa.eu/esco/skill/379ec127-c158-4ce3-90dc-9996678bf05c","title":"conveyancing"},"isTopConceptInScheme":[{"href":"https://ec.europa.eu/esco/api/resource/taxonomy?uri=http://data.europa.eu/esco/concept-scheme/skills&language=en","uri":"http://data.europa.eu/esco/concept-scheme/skills","title":"ESCO skills"},{"href":"https://ec.europa.eu/esco/api/resource/taxonomy?uri=http://data.europa.eu/esco/concept-scheme/member-skills&language=en","uri":"http://data.europa.eu/esco/concept-scheme/member-skills","title":"ESCO member skills"}],"isInScheme":[{"href":"https://ec.europa.eu/esco/api/resource/taxonomy?uri=http://data.europa.eu/esco/concept-scheme/skills&language=en","uri":"http://data.europa.eu/esco/concept-scheme/skills","title":"ESCO skills"},{"href":"https://ec.europa.eu/esco/api/resource/taxonomy?uri=http://data.europa.eu/esco/concept-scheme/member-skills&language=en","uri":"http://data.europa.eu/esco/concept-scheme/member-skills","title":"ESCO member skills"}],"hasSkillType":[{"href":"https://ec.europa.eu/esco/api/resource/concept?uri=http://data.europa.eu/esco/skill-type/knowledge&language=en","uri":"http://data.europa.eu/esco/skill-type/knowledge","title":"knowledge"}],"hasReuseLevel":[{"href":"https://ec.europa.eu/esco/api/resource/concept?uri=http://data.europa.eu/esco/skill-reuse-level/cross-sector&language=en","uri":"http://data.europa.eu/esco/skill-reuse-level/cross-sector","title":"cross-sector skills and competences","code":"Level 2"}],"isEssentialForOccupation":[{"href":"https://ec.europa.eu/esco/api/resource/occupation?uri=http://data.europa.eu/esco/occupation/a9411821-4f54-406e-ba37-4c6e5a39f9fe&language=en","uri":"http://data.europa.eu/esco/occupation/a9411821-4f54-406e-ba37-4c6e5a39f9fe","title":"conveyance clerk"}],"isOptionalForOccupation":[{"href":"https://ec.europa.eu/esco/api/resource/occupation?uri=http://data.europa.eu/esco/occupation/d21890a3-cbe9-49df-9a19-a4120d866548&language=en","uri":"http://data.europa.eu/esco/occupation/d21890a3-cbe9-49df-9a19-a4120d866548","title":"notary"}]},"_embedded":{}},{"className":"Skill","classId":"http://data.europa.eu/esco/model#Skill","uri":"http://data.europa.eu/esco/skill/253f889e-a10d-442a-849d-614969793776","title":"study acquisition of language","referenceLanguage":["en"],"preferredLabel":{"no":"studere innlæring av språk","de":"Spracherwerb erforschen","fi":"tutkia kielenomaksumista","en-us":"study acquisition of language","pt":"estudar o processo de aquisição de línguas","bg":"изследване на усвояването на език","lt":"tyrinėti kalbų mokymąsi","lv":"pētīt valodas apguves paradumus","hr":"proučavati usvajanje jezika","fr":"étudier l’apprentissage des langues","hu":"a nyelvtanulást tanulmányozza","sk":"študovať nadobúdanie jazykových zručností","sl":"preučevati osvajanje jezika","ga":"staidéar a dhéanamh ar shealbhú teanga","sv":"studera språkinlärning","el":"μελέτη της γλωσσικής κατάκτησης","mt":"studju tal-akkwiżizzjoni tal-lingwa","en":"study acquisition of language","is":"rannsakar tileinkun máls","it":"studiare l'acquisizione delle lingue","es":"estudiar la adquisición del lenguaje","et":"keele omandamist uurima","cs":"studovat osvojování jazyka","ar":"يدرس طرق اكتساب اللغة","pl":"badać proces nauki języka","ro":"studiază învățarea limbilor","da":"studere sprogindlæring","nl":"taalverwerving bestuderen"},"alternativeLabel":{"el":["μελέτη της γλωσσικής ανάπτυξης"],"en":["study of language learning","linguistic acquisition","linguistic acquisition studies","language acquisition studies","language learning studies"],"es":["examinar la adquisición de competencias lingüísticas","analizar la adquisición de competencias lingüísticas","analizar la adquisición del lenguaje","estudiar la adquisición de competencias lingüísticas","examinar la adquisición del lenguaje"]},"description":{"en-us":{"literal":"Examine how people learn languages, from childhood or in later stages of life, how this knowledge interacts with other cognitive processes, and how it can differ from language to language and across geographic areas.","mimetype":"plain/text"},"en":{"literal":"Examine how people learn languages, from childhood or in later stages of life, how this knowledge interacts with other cognitive processes, and how it can differ from language to language and across geographic areas.","mimetype":"plain/text"}},"status":"released","_links":{"self":{"href":"https://ec.europa.eu/esco/api/resource/skill?uri=http://data.europa.eu/esco/skill/253f889e-a10d-442a-849d-614969793776&language=en","uri":"http://data.europa.eu/esco/skill/253f889e-a10d-442a-849d-614969793776","title":"study acquisition of language"},"isTopConceptInScheme":[{"href":"https://ec.europa.eu/esco/api/resource/taxonomy?uri=http://data.europa.eu/esco/concept-scheme/skills&language=en","uri":"http://data.europa.eu/esco/concept-scheme/skills","title":"ESCO skills"},{"href":"https://ec.europa.eu/esco/api/resource/taxonomy?uri=http://data.europa.eu/esco/concept-scheme/member-skills&language=en","uri":"http://data.europa.eu/esco/concept-scheme/member-skills","title":"ESCO member skills"}],"isInScheme":[{"href":"https://ec.europa.eu/esco/api/resource/taxonomy?uri=http://data.europa.eu/esco/concept-scheme/skills&language=en","uri":"http://data.europa.eu/esco/concept-scheme/skills","title":"ESCO skills"},{"href":"https://ec.europa.eu/esco/api/resource/taxonomy?uri=http://data.europa.eu/esco/concept-scheme/member-skills&language=en","uri":"http://data.europa.eu/esco/concept-scheme/member-skills","title":"ESCO member skills"}],"hasSkillType":[{"href":"https://ec.europa.eu/esco/api/resource/concept?uri=http://data.europa.eu/esco/skill-type/skill&language=en","uri":"http://data.europa.eu/esco/skill-type/skill","title":"skill"}],"hasReuseLevel":[{"href":"https://ec.europa.eu/esco/api/resource/concept?uri=http://data.europa.eu/esco/skill-reuse-level/cross-sector&language=en","uri":"http://data.europa.eu/esco/skill-reuse-level/cross-sector","title":"cross-sector skills and competences","code":"Level 2"}],"isEssentialForOccupation":[{"href":"https://ec.europa.eu/esco/api/resource/occupation?uri=http://data.europa.eu/esco/occupation/a9c7a04d-807a-41b5-b441-87c73c73c9c5&language=en","uri":"http://data.europa.eu/esco/occupation/a9c7a04d-807a-41b5-b441-87c73c73c9c5","title":"linguist"}],"isOptionalForOccupation":[{"href":"https://ec.europa.eu/esco/api/resource/occupation?uri=http://data.europa.eu/esco/occupation/c549f0de-c415-428e-865c-973bcd224b39&language=en","uri":"http://data.europa.eu/esco/occupation/c549f0de-c415-428e-865c-973bcd224b39","title":"linguistics lecturer"}]},"_embedded":{}},{"className":"Skill","classId":"http://data.europa.eu/esco/model#Skill","uri":"http://data.europa.eu/esco/skill/d1c94539-03c7-4332-a26a-096f8d9814c1","title":"trade ships","referenceLanguage":["en"],"preferredLabel":{"no":"handle skip","de":"mit Schiffen handeln","fi":"myydä ja ostaa laivoja","en-us":"trade ships","pt":"transacionar embarcações","bg":"търгуване с кораби","lt":"prekiauti laivais","lv":"tirgoties ar kuģiem","hr":"trgovati brodovima","fr":"négocier l’achat et la vente de navires","hu":"hajókkal kereskedik","sk":"obchodovať s loďami","sl":"trgovati z ladjami","ga":"longa a thrádáil","sv":"handla med fartyg","mt":"kummerċ tal-vapuri","el":"αγοραπωλησία πλοίων","en":"trade ships","is":"verslar með skip","it":"commerciare le imbarcazioni","es":"comerciar con buques","et":"laevadega kauplema","cs":"obchodovat s loděmi","ar":"يتاجر في السفن","pl":"prowadzić obrót statkami","ro":"negociază cumpărarea sau vânzarea de nave","da":"handle med skibe","nl":"schepen verhandelen"},"alternativeLabel":{"el":["αγοραπωλησία σκαφών"],"en":["market ships","trade shipping vessels","contract ships","deal in ships"]},"description":{"en-us":{"literal":"Buy or sell ships on behalf of a private customer or corporate customer. This includes negotiating with ship owners and clients, finalizing contracts between the two and arranging the logistical part of the sale.","mimetype":"plain/text"},"en":{"literal":"Buy or sell ships on behalf of a private customer or corporate customer. This includes negotiating with shipowners and clients, finalising contracts between the two and arranging the logistical part of the sale.","mimetype":"plain/text"}},"status":"released","_links":{"self":{"href":"https://ec.europa.eu/esco/api/resource/skill?uri=http://data.europa.eu/esco/skill/d1c94539-03c7-4332-a26a-096f8d9814c1&language=en","uri":"http://data.europa.eu/esco/skill/d1c94539-03c7-4332-a26a-096f8d9814c1","title":"trade ships"},"isTopConceptInScheme":[{"href":"https://ec.europa.eu/esco/api/resource/taxonomy?uri=http://data.europa.eu/esco/concept-scheme/member-skills&language=en","uri":"http://data.europa.eu/esco/concept-scheme/member-skills","title":"ESCO member skills"},{"href":"https://ec.europa.eu/esco/api/resource/taxonomy?uri=http://data.europa.eu/esco/concept-scheme/skills&language=en","uri":"http://data.europa.eu/esco/concept-scheme/skills","title":"ESCO skills"}],"isInScheme":[{"href":"https://ec.europa.eu/esco/api/resource/taxonomy?uri=http://data.europa.eu/esco/concept-scheme/member-skills&language=en","uri":"http://data.europa.eu/esco/concept-scheme/member-skills","title":"ESCO member skills"},{"href":"https://ec.europa.eu/esco/api/resource/taxonomy?uri=http://data.europa.eu/esco/concept-scheme/skills&language=en","uri":"http://data.europa.eu/esco/concept-scheme/skills","title":"ESCO skills"}],"hasSkillType":[{"href":"https://ec.europa.eu/esco/api/resource/concept?uri=http://data.europa.eu/esco/skill-type/skill&language=en","uri":"http://data.europa.eu/esco/skill-type/skill","title":"skill"}],"hasReuseLevel":[{"href":"https://ec.europa.eu/esco/api/resource/concept?uri=http://data.europa.eu/esco/skill-reuse-level/occupation-specific&language=en","uri":"http://data.europa.eu/esco/skill-reuse-level/occupation-specific","title":"occupation specific skills and competences","code":"Level 4"}],"isEssentialForOccupation":[{"href":"https://ec.europa.eu/esco/api/resource/occupation?uri=http://data.europa.eu/esco/occupation/94adbb11-1c90-4092-ae91-781e8a55865d&language=en","uri":"http://data.europa.eu/esco/occupation/94adbb11-1c90-4092-ae91-781e8a55865d","title":"shipbroker"}]},"_embedded":{}}]}}