{"total":8196,"offset":250,"limit":20,"language":"en","uri":"http://data.europa.eu/esco/concept-scheme/skills","relation":"hasTopConcept","_links":{"self":{"href":"https://ec.europa.eu/esco/api/resource/related?uri=http://data.europa.eu/esco/concept-scheme/skills&relation=hasTopConcept&limit=20&offset=250&language=en&full=true"},"prev":{"href":"https://ec.europa.eu/esco/api/resource/related?uri=http://data.europa.eu/esco/concept-scheme/skills&relation=hasTopConcept&limit=20&offset=249&language=en&full=true"},"next":{"href":"https://ec.europa.eu/esco/api/resource/related?uri=http://data.europa.eu/esco/concept-scheme/skills&relation=hasTopConcept&limit=20&offset=251&language=en&full=true"}},"_embedded":{"hasTopConcept":[{"className":"Skill","classId":"http://data.europa.eu/esco/model#Skill","uri":"http://data.europa.eu/esco/skill/77fd9d65-2eab-45f6-a488-d36541ef3cf0","title":"settle concrete","referenceLanguage":["en"],"preferredLabel":{"no":"stabilisere betong","de":"Beton verdichten","en-us":"settle concrete","fi":"täryttää betonia","pt":"compactar betão","bg":"уплътняване на бетона","lt":"nusodinti betoną","lv":"sablīvēt betonu","hr":"slijegati beton","fr":"compacter du béton","hu":"elegyengeti a betont","sk":"urovnať betón","sl":"vibrirati beton","ga":"coincréit a shocrú","sv":"släta ut betong","mt":"tqegħid tal-konkrit","el":"καθίζηση σκυροδέματος","en":"settle concrete","is":"lætur steinsteypu síga og þéttast","it":"posare il calcestruzzo","es":"premoldear hormigón","et":"betooni setitama","cs":"zajistit dosednutí betonu","ar":"يسوي التكتل","pl":"osadzać beton","da":"lade beton sætte sig","ro":"nivelează beton","nl":"beton egaliseren"},"alternativeLabel":{"en":["using vibrating table","settling concrete","vibrating table using","use vibrating table","concrete settling"],"es":["prefabricar hormigón"]},"description":{"en-us":{"literal":"Settle the concrete using the vibrating tables.","mimetype":"plain/text"},"en":{"literal":"Settle the concrete using the vibrating tables.","mimetype":"plain/text"}},"status":"released","_links":{"self":{"href":"https://ec.europa.eu/esco/api/resource/skill?uri=http://data.europa.eu/esco/skill/77fd9d65-2eab-45f6-a488-d36541ef3cf0&language=en","uri":"http://data.europa.eu/esco/skill/77fd9d65-2eab-45f6-a488-d36541ef3cf0","title":"settle concrete"},"isTopConceptInScheme":[{"href":"https://ec.europa.eu/esco/api/resource/taxonomy?uri=http://data.europa.eu/esco/concept-scheme/skills&language=en","uri":"http://data.europa.eu/esco/concept-scheme/skills","title":"ESCO skills"},{"href":"https://ec.europa.eu/esco/api/resource/taxonomy?uri=http://data.europa.eu/esco/concept-scheme/member-skills&language=en","uri":"http://data.europa.eu/esco/concept-scheme/member-skills","title":"ESCO member skills"}],"isInScheme":[{"href":"https://ec.europa.eu/esco/api/resource/taxonomy?uri=http://data.europa.eu/esco/concept-scheme/skills&language=en","uri":"http://data.europa.eu/esco/concept-scheme/skills","title":"ESCO skills"},{"href":"https://ec.europa.eu/esco/api/resource/taxonomy?uri=http://data.europa.eu/esco/concept-scheme/member-skills&language=en","uri":"http://data.europa.eu/esco/concept-scheme/member-skills","title":"ESCO member skills"}],"hasSkillType":[{"href":"https://ec.europa.eu/esco/api/resource/concept?uri=http://data.europa.eu/esco/skill-type/skill&language=en","uri":"http://data.europa.eu/esco/skill-type/skill","title":"skill"}],"hasReuseLevel":[{"href":"https://ec.europa.eu/esco/api/resource/concept?uri=http://data.europa.eu/esco/skill-reuse-level/sector-specific&language=en","uri":"http://data.europa.eu/esco/skill-reuse-level/sector-specific","title":"sector specific skills and competences","code":"Level 3"}],"isEssentialForOccupation":[{"href":"https://ec.europa.eu/esco/api/resource/occupation?uri=http://data.europa.eu/esco/occupation/86da9311-1f7a-40bb-af65-ed2a7178fcae&language=en","uri":"http://data.europa.eu/esco/occupation/86da9311-1f7a-40bb-af65-ed2a7178fcae","title":"concrete products machine operator"},{"href":"https://ec.europa.eu/esco/api/resource/occupation?uri=http://data.europa.eu/esco/occupation/8d3fd879-986d-42e7-bf67-c3c415592fe3&language=en","uri":"http://data.europa.eu/esco/occupation/8d3fd879-986d-42e7-bf67-c3c415592fe3","title":"precast moulder"}]},"_embedded":{}},{"className":"Skill","classId":"http://data.europa.eu/esco/model#Skill","uri":"http://data.europa.eu/esco/skill/f5b34ff5-99d7-4e22-9cfb-d1fdaa487b12","title":"register pets","referenceLanguage":["en"],"preferredLabel":{"no":"registrere kjæledyr","de":"Heimtiere anmelden","en-us":"register pets","fi":"rekisteröidä lemmikkejä","pt":"registar animais de companhia","bg":"регистриране на домашни любимци","lt":"registruoti gyvūnus augintinius","hr":"registrirati kućne ljubimce","lv":"reģistrēt mājdzīvniekus","fr":"faire enregistrer des animaux","hu":"állatokat nyilvántartásba vesz","sk":"registrovať spoločenské zvieratá","sl":"registrirati hišne živali","ga":"peataí a chlárú","sv":"registrera sällskapsdjur","el":"καταγραφή ζώων συντροφιάς","mt":"reġistrazzjoni tal-annimali domestiċi","en":"register pets","is":"skrásetur gæludýr","it":"registrare gli animali d'affezione","es":"registrar a las mascotas","et":"lemmikloomi registreerima","cs":"registrovat domácí zvířata","ar":"يسجل الحيوانات الأليفة","pl":"rejestrować zwierzęta domowe","ro":"înregistrează animale de companie","da":"registrere kæledyr","nl":"huisdieren registreren"},"alternativeLabel":{"fi":["rekisteröidä lemmikkieläimiä"],"lt":["registruoti naminius gyvūnus"],"en":["registering pets","enrol pets","sign up pets","list pets","register a pet","pet registration","record pets"]},"description":{"en-us":{"literal":"Carry out all the procedures and documentation required for officially registering the pets in the store for sale.","mimetype":"plain/text"},"en":{"literal":"Carry out all the procedures and documentation required for officially registering the pets in the store for sale.","mimetype":"plain/text"}},"status":"released","_links":{"self":{"href":"https://ec.europa.eu/esco/api/resource/skill?uri=http://data.europa.eu/esco/skill/f5b34ff5-99d7-4e22-9cfb-d1fdaa487b12&language=en","uri":"http://data.europa.eu/esco/skill/f5b34ff5-99d7-4e22-9cfb-d1fdaa487b12","title":"register pets"},"isTopConceptInScheme":[{"href":"https://ec.europa.eu/esco/api/resource/taxonomy?uri=http://data.europa.eu/esco/concept-scheme/skills&language=en","uri":"http://data.europa.eu/esco/concept-scheme/skills","title":"ESCO skills"},{"href":"https://ec.europa.eu/esco/api/resource/taxonomy?uri=http://data.europa.eu/esco/concept-scheme/member-skills&language=en","uri":"http://data.europa.eu/esco/concept-scheme/member-skills","title":"ESCO member skills"}],"isInScheme":[{"href":"https://ec.europa.eu/esco/api/resource/taxonomy?uri=http://data.europa.eu/esco/concept-scheme/skills&language=en","uri":"http://data.europa.eu/esco/concept-scheme/skills","title":"ESCO skills"},{"href":"https://ec.europa.eu/esco/api/resource/taxonomy?uri=http://data.europa.eu/esco/concept-scheme/member-skills&language=en","uri":"http://data.europa.eu/esco/concept-scheme/member-skills","title":"ESCO member skills"}],"hasSkillType":[{"href":"https://ec.europa.eu/esco/api/resource/concept?uri=http://data.europa.eu/esco/skill-type/skill&language=en","uri":"http://data.europa.eu/esco/skill-type/skill","title":"skill"}],"hasReuseLevel":[{"href":"https://ec.europa.eu/esco/api/resource/concept?uri=http://data.europa.eu/esco/skill-reuse-level/sector-specific&language=en","uri":"http://data.europa.eu/esco/skill-reuse-level/sector-specific","title":"sector specific skills and competences","code":"Level 3"}],"isEssentialForOccupation":[{"href":"https://ec.europa.eu/esco/api/resource/occupation?uri=http://data.europa.eu/esco/occupation/5f770d3d-5c42-4c22-bc06-23bebd182a37&language=en","uri":"http://data.europa.eu/esco/occupation/5f770d3d-5c42-4c22-bc06-23bebd182a37","title":"pet and pet food shop manager"},{"href":"https://ec.europa.eu/esco/api/resource/occupation?uri=http://data.europa.eu/esco/occupation/399afb40-d58b-4f4a-aa52-a0378fccaf65&language=en","uri":"http://data.europa.eu/esco/occupation/399afb40-d58b-4f4a-aa52-a0378fccaf65","title":"pet and pet food specialised seller"}],"isOptionalForOccupation":[{"href":"https://ec.europa.eu/esco/api/resource/occupation?uri=http://data.europa.eu/esco/occupation/547b304b-9a72-4717-9b24-b7046df5f64e&language=en","uri":"http://data.europa.eu/esco/occupation/547b304b-9a72-4717-9b24-b7046df5f64e","title":"specialised seller"}]},"_embedded":{}},{"className":"Skill","classId":"http://data.europa.eu/esco/model#Skill","uri":"http://data.europa.eu/esco/skill/da3fb416-d3ee-4d2b-864c-050d8122ee13","title":"revise translation works","referenceLanguage":["en"],"preferredLabel":{"de":"Übersetzungen überprüfen","no":"revidere oversettelsesarbeid","en-us":"revise translation works","fi":"muokata käännöksiä","pt":"rever trabalhos de tradução","bg":"редактиране на писмени преводи","lt":"redaguoti išverstus tekstus","hr":"revidirati prijevode","lv":"koriģēt tulkojumus","fr":"réviser des travaux de traduction","hu":"fordításokat lektorál","sk":"korigovať preklady","sl":"revidirati prevode","ga":"aistriúcháin a leasú","sv":"granska översättningar","el":"αναθεώρηση μεταφραστικών εργασιών","mt":"reviżjoni tax-xogħlijiet tat-traduzzjoni","en":"revise translation works","is":"fer yfir þýðingaverkefni","it":"revisionare lavori di traduzione","es":"revisar trabajos de traducción","et":"tõlkeid toimetama","cs":"provádět korekturu překladatelských prací","ar":"يراجع أعمال الترجمة","pl":"weryfikować tłumaczenia","da":"revidere oversættelser","ro":"revizuiește traduceri","nl":"vertalingen reviseren"},"alternativeLabel":{"de":["Zieltexte revidieren"],"en":["modify translation works","edit translation works","translation work revising","revising translation works","correct translation works","improve translation works","revising translation","alter translation works"],"es":["revisar traducciones","corregir trabajos de traducción","corregir traducciones"]},"description":{"en-us":{"literal":"Compare and perform bilingual editing by reading the translated work and comparing it to the original text.","mimetype":"plain/text"},"en":{"literal":"Compare and perform bilingual editing by reading the translated work and comparing it to the original text.","mimetype":"plain/text"}},"definition":{"en":{"literal":"Bilingual examination of target language content against source language content for its suitability for the agreed purpose (ISO 17100).","mimetype":"plain/text"}},"status":"released","_links":{"self":{"href":"https://ec.europa.eu/esco/api/resource/skill?uri=http://data.europa.eu/esco/skill/da3fb416-d3ee-4d2b-864c-050d8122ee13&language=en","uri":"http://data.europa.eu/esco/skill/da3fb416-d3ee-4d2b-864c-050d8122ee13","title":"revise translation works"},"isTopConceptInScheme":[{"href":"https://ec.europa.eu/esco/api/resource/taxonomy?uri=http://data.europa.eu/esco/concept-scheme/skills&language=en","uri":"http://data.europa.eu/esco/concept-scheme/skills","title":"ESCO skills"},{"href":"https://ec.europa.eu/esco/api/resource/taxonomy?uri=http://data.europa.eu/esco/concept-scheme/member-skills&language=en","uri":"http://data.europa.eu/esco/concept-scheme/member-skills","title":"ESCO member skills"}],"isInScheme":[{"href":"https://ec.europa.eu/esco/api/resource/taxonomy?uri=http://data.europa.eu/esco/concept-scheme/skills&language=en","uri":"http://data.europa.eu/esco/concept-scheme/skills","title":"ESCO skills"},{"href":"https://ec.europa.eu/esco/api/resource/taxonomy?uri=http://data.europa.eu/esco/concept-scheme/member-skills&language=en","uri":"http://data.europa.eu/esco/concept-scheme/member-skills","title":"ESCO member skills"}],"hasSkillType":[{"href":"https://ec.europa.eu/esco/api/resource/concept?uri=http://data.europa.eu/esco/skill-type/skill&language=en","uri":"http://data.europa.eu/esco/skill-type/skill","title":"skill"}],"hasReuseLevel":[{"href":"https://ec.europa.eu/esco/api/resource/concept?uri=http://data.europa.eu/esco/skill-reuse-level/sector-specific&language=en","uri":"http://data.europa.eu/esco/skill-reuse-level/sector-specific","title":"sector specific skills and competences","code":"Level 3"}],"isEssentialForOccupation":[{"href":"https://ec.europa.eu/esco/api/resource/occupation?uri=http://data.europa.eu/esco/occupation/1a07bd7d-2e1d-4930-a84a-1a442b8f2a44&language=en","uri":"http://data.europa.eu/esco/occupation/1a07bd7d-2e1d-4930-a84a-1a442b8f2a44","title":"translator"},{"href":"https://ec.europa.eu/esco/api/resource/occupation?uri=http://data.europa.eu/esco/occupation/da4589ce-7534-4cc1-9ce4-cabf9364b87c&language=en","uri":"http://data.europa.eu/esco/occupation/da4589ce-7534-4cc1-9ce4-cabf9364b87c","title":"localiser"}],"isOptionalForOccupation":[{"href":"https://ec.europa.eu/esco/api/resource/occupation?uri=http://data.europa.eu/esco/occupation/55d2eb3e-1e49-404a-b4bf-be4829694a59&language=en","uri":"http://data.europa.eu/esco/occupation/55d2eb3e-1e49-404a-b4bf-be4829694a59","title":"lawyer linguist"}]},"_embedded":{}},{"className":"Skill","classId":"http://data.europa.eu/esco/model#Skill","uri":"http://data.europa.eu/esco/skill/5be704bc-e270-448c-93b4-fad465cf05b7","title":"translate tags","referenceLanguage":["en"],"preferredLabel":{"no":"oversette emneord","de":"Tags übersetzen","fi":"kääntää tunnisteita","en-us":"translate tags","pt":"traduzir etiquetas","bg":"превеждане на тагове","lt":"versti etiketes","hr":"prevoditi oznake","lv":"tulkot birkas","fr":"traduire des étiquettes ou des balises","hu":"címkéket fordít","sk":"prekladať značky","sl":"prevajati oznake","ga":"clibeanna a aistriú","sv":"översätta taggar","el":"μετάφραση ετικετών","mt":"traduzzjoni ta’ tags","en":"translate tags","is":"þýðir tákn","it":"tradurre tag","es":"traducir etiquetas","et":"märksõnu tõlkima","cs":"překládat tagy","ar":"يترجم البطاقات","pl":"tłumaczyć etykiety","da":"oversætte tags","ro":"traduce etichete","nl":"tags vertalen"},"alternativeLabel":{"en":["tags translating","translating tags","translating tag","deliver translations of tags","tag translating","generate translations of tags","provide translations of tags"],"hr":["prevoditi tagove"],"es":["realizar traducciones de etiquetas","llevar a cabo traducciones de etiquetas","hacer traducciones de etiquetas"]},"description":{"en-us":{"literal":"Interpret and translate tags from one language to another striving for accuracy in the target language.","mimetype":"plain/text"},"en":{"literal":"Interpret and translate tags from one language to another striving for accuracy in the target language.","mimetype":"plain/text"}},"status":"released","_links":{"self":{"href":"https://ec.europa.eu/esco/api/resource/skill?uri=http://data.europa.eu/esco/skill/5be704bc-e270-448c-93b4-fad465cf05b7&language=en","uri":"http://data.europa.eu/esco/skill/5be704bc-e270-448c-93b4-fad465cf05b7","title":"translate tags"},"isTopConceptInScheme":[{"href":"https://ec.europa.eu/esco/api/resource/taxonomy?uri=http://data.europa.eu/esco/concept-scheme/skills&language=en","uri":"http://data.europa.eu/esco/concept-scheme/skills","title":"ESCO skills"},{"href":"https://ec.europa.eu/esco/api/resource/taxonomy?uri=http://data.europa.eu/esco/concept-scheme/member-skills&language=en","uri":"http://data.europa.eu/esco/concept-scheme/member-skills","title":"ESCO member skills"}],"isInScheme":[{"href":"https://ec.europa.eu/esco/api/resource/taxonomy?uri=http://data.europa.eu/esco/concept-scheme/skills&language=en","uri":"http://data.europa.eu/esco/concept-scheme/skills","title":"ESCO skills"},{"href":"https://ec.europa.eu/esco/api/resource/taxonomy?uri=http://data.europa.eu/esco/concept-scheme/member-skills&language=en","uri":"http://data.europa.eu/esco/concept-scheme/member-skills","title":"ESCO member skills"}],"hasSkillType":[{"href":"https://ec.europa.eu/esco/api/resource/concept?uri=http://data.europa.eu/esco/skill-type/skill&language=en","uri":"http://data.europa.eu/esco/skill-type/skill","title":"skill"}],"hasReuseLevel":[{"href":"https://ec.europa.eu/esco/api/resource/concept?uri=http://data.europa.eu/esco/skill-reuse-level/sector-specific&language=en","uri":"http://data.europa.eu/esco/skill-reuse-level/sector-specific","title":"sector specific skills and competences","code":"Level 3"}],"isEssentialForOccupation":[{"href":"https://ec.europa.eu/esco/api/resource/occupation?uri=http://data.europa.eu/esco/occupation/1a07bd7d-2e1d-4930-a84a-1a442b8f2a44&language=en","uri":"http://data.europa.eu/esco/occupation/1a07bd7d-2e1d-4930-a84a-1a442b8f2a44","title":"translator"},{"href":"https://ec.europa.eu/esco/api/resource/occupation?uri=http://data.europa.eu/esco/occupation/da4589ce-7534-4cc1-9ce4-cabf9364b87c&language=en","uri":"http://data.europa.eu/esco/occupation/da4589ce-7534-4cc1-9ce4-cabf9364b87c","title":"localiser"}]},"_embedded":{}},{"className":"Skill","classId":"http://data.europa.eu/esco/model#Skill","uri":"http://data.europa.eu/esco/skill/78143be8-5479-45ad-bc18-716a1e925011","title":"move bodies","referenceLanguage":["en"],"preferredLabel":{"no":"flytte kropper","de":"Leichen transportieren","en-us":"move bodies","fi":"siirtää ruumiita","pt":"mover cadáveres","bg":"транспортиране на покойници","lt":"pervežti palaikus","lv":"uzraudzīt nelaiķus","hr":"premještati tijela","fr":"déplacer des corps","hu":"holttesteket szállít","sk":"zabezpečiť prevoz tela","sl":"premeščati trupla","ga":"corpáin a bhogadh","sv":"flytta döda kroppar","mt":"ċaqliq tal-iġsma","el":"μεταφορά αποθανόντων","en":"move bodies","is":"flytur lík","it":"spostare i corpi","es":"transportar el cadáver","et":"surnuid vedama","cs":"přepravovat zesnulé","ar":"ينقل الجثث","pl":"przenosić zwłoki","ro":"transportă persoane decedate","da":"flytte afdøde","nl":"overledenen vervoeren"},"alternativeLabel":{"el":["μεταφορά σορών"],"en":["transport bodies","moving bodies","move body"],"nl":["lichamen verplaatsen","overledenen verplaatsen","lichamen vervoeren"]},"description":{"en-us":{"literal":"Move bodies yourself or arrange transport from the place of death to the morgue or funeral home, in and out of the hearse and from the funeral home to the cemetery.","mimetype":"plain/text"},"en":{"literal":"Move bodies yourself or arrange transport from the place of death to the morgue or funeral home, in and out of the hearse and from the funeral home to the cemetery.","mimetype":"plain/text"}},"status":"released","_links":{"self":{"href":"https://ec.europa.eu/esco/api/resource/skill?uri=http://data.europa.eu/esco/skill/78143be8-5479-45ad-bc18-716a1e925011&language=en","uri":"http://data.europa.eu/esco/skill/78143be8-5479-45ad-bc18-716a1e925011","title":"move bodies"},"isTopConceptInScheme":[{"href":"https://ec.europa.eu/esco/api/resource/taxonomy?uri=http://data.europa.eu/esco/concept-scheme/skills&language=en","uri":"http://data.europa.eu/esco/concept-scheme/skills","title":"ESCO skills"},{"href":"https://ec.europa.eu/esco/api/resource/taxonomy?uri=http://data.europa.eu/esco/concept-scheme/member-skills&language=en","uri":"http://data.europa.eu/esco/concept-scheme/member-skills","title":"ESCO member skills"}],"isInScheme":[{"href":"https://ec.europa.eu/esco/api/resource/taxonomy?uri=http://data.europa.eu/esco/concept-scheme/skills&language=en","uri":"http://data.europa.eu/esco/concept-scheme/skills","title":"ESCO skills"},{"href":"https://ec.europa.eu/esco/api/resource/taxonomy?uri=http://data.europa.eu/esco/concept-scheme/member-skills&language=en","uri":"http://data.europa.eu/esco/concept-scheme/member-skills","title":"ESCO member skills"}],"hasSkillType":[{"href":"https://ec.europa.eu/esco/api/resource/concept?uri=http://data.europa.eu/esco/skill-type/skill&language=en","uri":"http://data.europa.eu/esco/skill-type/skill","title":"skill"}],"hasReuseLevel":[{"href":"https://ec.europa.eu/esco/api/resource/concept?uri=http://data.europa.eu/esco/skill-reuse-level/occupation-specific&language=en","uri":"http://data.europa.eu/esco/skill-reuse-level/occupation-specific","title":"occupation specific skills and competences","code":"Level 4"}],"isEssentialForOccupation":[{"href":"https://ec.europa.eu/esco/api/resource/occupation?uri=http://data.europa.eu/esco/occupation/dc34c345-caf9-4ab7-b496-e18a572194ba&language=en","uri":"http://data.europa.eu/esco/occupation/dc34c345-caf9-4ab7-b496-e18a572194ba","title":"embalmer"}]},"_embedded":{}},{"className":"Skill","classId":"http://data.europa.eu/esco/model#Skill","uri":"http://data.europa.eu/esco/skill/824b6b77-e1fd-48e2-9d31-84931526b4cc","title":"tend plodder machines","referenceLanguage":["en"],"preferredLabel":{"no":"håndtere rekkemaskiner","de":"Strangpresse bedienen","fi":"hoitaa saippuan tankopuristimia","en-us":"tend plodder machines","pt":"vigiar e controlar o funcionamento das máquinas de corte do sabão","bg":"обслужване на червячна преса за сапун","lt":"prižiūrėti gabalinio muilo gamybos mašinas","lv":"apkalpot ekstrūderus","hr":"rukovati strojevima za oblikovanje sapuna","fr":"utiliser une boudineuse","hu":"felügyeli és kiszolgálja a szappanprést","sk":"obsluhovať extrudér na mydlo","sl":"upravljati stiskalnice za milo","ga":"féachaint i ndiaidh meaisíní plodaire","sv":"sköta tvålpress","el":"χειρισμός μηχανών παρασκευής πλακών σαπουνιού","mt":"tħaddim tal-magni tal-kompressjoni tas-sapun","en":"tend plodder machines","is":"sér um vinnuþjarkavélar","it":"sorvegliare la stampatrice di sapone","es":"ocuparse de extrusoras de jabón","et":"seebivalmistusmasinatega töötama","cs":"obsluhovat extrudéry k výrobě mýdla","ar":"يشغل ماكينات إنتاج الصابون","pl":"zajmować się pelotezami","ro":"operează mașini de pilotat săpun","da":"passe ploddermaskiner","nl":"zeeppersmachines bedienen"},"alternativeLabel":{"en":["tending plodder machines","plodder machines operating","plodder machines tending","plodder machine operating","operating plodder machines","operate plodder machines","plodder machine tending"],"nl":["zeeppersmachines instellen en bedienen","persmachines voor zeep bedienen","persmachines voor zeep instellen en bedienen"]},"description":{"en-us":{"literal":"Tend the plodder machine by setting it up and operating it in order to transform milled soap into soap bars.","mimetype":"plain/text"},"en":{"literal":"Tend the plodder machine by setting it up and operating it in order to transform milled soap into soap bars.","mimetype":"plain/text"}},"status":"released","_links":{"self":{"href":"https://ec.europa.eu/esco/api/resource/skill?uri=http://data.europa.eu/esco/skill/824b6b77-e1fd-48e2-9d31-84931526b4cc&language=en","uri":"http://data.europa.eu/esco/skill/824b6b77-e1fd-48e2-9d31-84931526b4cc","title":"tend plodder machines"},"isTopConceptInScheme":[{"href":"https://ec.europa.eu/esco/api/resource/taxonomy?uri=http://data.europa.eu/esco/concept-scheme/member-skills&language=en","uri":"http://data.europa.eu/esco/concept-scheme/member-skills","title":"ESCO member skills"},{"href":"https://ec.europa.eu/esco/api/resource/taxonomy?uri=http://data.europa.eu/esco/concept-scheme/skills&language=en","uri":"http://data.europa.eu/esco/concept-scheme/skills","title":"ESCO skills"}],"isInScheme":[{"href":"https://ec.europa.eu/esco/api/resource/taxonomy?uri=http://data.europa.eu/esco/concept-scheme/member-skills&language=en","uri":"http://data.europa.eu/esco/concept-scheme/member-skills","title":"ESCO member skills"},{"href":"https://ec.europa.eu/esco/api/resource/taxonomy?uri=http://data.europa.eu/esco/concept-scheme/skills&language=en","uri":"http://data.europa.eu/esco/concept-scheme/skills","title":"ESCO skills"}],"hasSkillType":[{"href":"https://ec.europa.eu/esco/api/resource/concept?uri=http://data.europa.eu/esco/skill-type/skill&language=en","uri":"http://data.europa.eu/esco/skill-type/skill","title":"skill"}],"hasReuseLevel":[{"href":"https://ec.europa.eu/esco/api/resource/concept?uri=http://data.europa.eu/esco/skill-reuse-level/occupation-specific&language=en","uri":"http://data.europa.eu/esco/skill-reuse-level/occupation-specific","title":"occupation specific skills and competences","code":"Level 4"}],"isEssentialForOccupation":[{"href":"https://ec.europa.eu/esco/api/resource/occupation?uri=http://data.europa.eu/esco/occupation/3a67544c-919f-4051-b812-c08e69eec3fd&language=en","uri":"http://data.europa.eu/esco/occupation/3a67544c-919f-4051-b812-c08e69eec3fd","title":"plodder operator"}]},"_embedded":{}},{"className":"Skill","classId":"http://data.europa.eu/esco/model#Skill","uri":"http://data.europa.eu/esco/skill/e066455a-3c92-45a8-ad35-91d4c70edf0b","title":"teach air cabin crew procedures","referenceLanguage":["en"],"preferredLabel":{"de":"Kabinenpersonal schulen","no":"lære bort luftkabinbesetningsprosedyrer","fi":"opettaa matkustamohenkilöstön menettelyt","en-us":"teach air cabin crew procedures","pt":"ensinar procedimentos à tripulação de cabina","bg":"преподаване на процедурите, изпълнявани от кабинния екипаж","lt":"mokyti orlaivių salono įgulos procedūrų","lv":"pasniegt gaisa kuģa apkalpes procedūras","hr":"podučavati kabinsko osoblje o postupanju u zrakoplovu","fr":"enseigner les procédures au personnel navigant","hu":"betanítja a személyzetet a repülőgép kabinjában követendő eljárásokra","sk":"vyučovať postupy pre posádku lietadla","sl":"poučevati kabinsko osebje o postopkih na letalu","ga":"nósanna imeachta fhoireann an chábáin aeir a theagasc","sv":"lära kabinpersonalen de rutiner som gäller","el":"παροχή εκπαίδευσης για τις διαδικασίες του πληρώματος θαλάμου επιβατών","mt":"tagħlim tal-proċeduri tal-ekwipaġġ tal-kabina tal-ajru","en":"teach air cabin crew procedures","is":"kennir ferli áhafnar í farþegarými","it":"insegnare le procedure dell'aereo all'equipaggio","es":"enseñar los procedimientos a la tripulación de cabina","et":"õhusõiduki salongipersonali toiminguid õpetama","cs":"učit postupy pro posádku v kabině letadla","ar":"يعلّم إجراءات طاقم مقصورة الهواء","pl":"uczyć załogę lotniczą procedur obowiązujących na pokładzie","ro":"predă procedurile echipajului de cabină","da":"undervise flybesætning i procedurer","nl":"procedures aanleren aan vliegtuigbemanning"},"alternativeLabel":{"en":["teach protocols used by aircraft cabin crew","teach aircraft cabin crew protocols","conduct aircraft cabin crew training","teach aircraft cabin crew procedures","provide training in aeroplane cabin procedures","provide training in cabin crew protocols","teach procedures used by aircraft cabin crew","provide training in cabin crew procedures","perform aircraft cabin crew training","teach procedures used by air cabin crew","provide training in aeroplane cabin processes","teach air cabin crew protocols"],"lv":["informēt par mācīt gaisa kuģa apkalpes procedūrām"],"es":["formar los procedimientos a la tripulación de cabina","instruir en los procedimientos a la tripulación de cabina"]},"description":{"en-us":{"literal":"Teach the procedures and protocols used in airplane and aircraft cabins.","mimetype":"plain/text"},"en":{"literal":"Teach the procedures and protocols used in aeroplane and aircraft cabins.","mimetype":"plain/text"}},"status":"released","_links":{"self":{"href":"https://ec.europa.eu/esco/api/resource/skill?uri=http://data.europa.eu/esco/skill/e066455a-3c92-45a8-ad35-91d4c70edf0b&language=en","uri":"http://data.europa.eu/esco/skill/e066455a-3c92-45a8-ad35-91d4c70edf0b","title":"teach air cabin crew procedures"},"isTopConceptInScheme":[{"href":"https://ec.europa.eu/esco/api/resource/taxonomy?uri=http://data.europa.eu/esco/concept-scheme/member-skills&language=en","uri":"http://data.europa.eu/esco/concept-scheme/member-skills","title":"ESCO member skills"},{"href":"https://ec.europa.eu/esco/api/resource/taxonomy?uri=http://data.europa.eu/esco/concept-scheme/skills&language=en","uri":"http://data.europa.eu/esco/concept-scheme/skills","title":"ESCO skills"}],"isInScheme":[{"href":"https://ec.europa.eu/esco/api/resource/taxonomy?uri=http://data.europa.eu/esco/concept-scheme/member-skills&language=en","uri":"http://data.europa.eu/esco/concept-scheme/member-skills","title":"ESCO member skills"},{"href":"https://ec.europa.eu/esco/api/resource/taxonomy?uri=http://data.europa.eu/esco/concept-scheme/skills&language=en","uri":"http://data.europa.eu/esco/concept-scheme/skills","title":"ESCO skills"}],"hasSkillType":[{"href":"https://ec.europa.eu/esco/api/resource/concept?uri=http://data.europa.eu/esco/skill-type/skill&language=en","uri":"http://data.europa.eu/esco/skill-type/skill","title":"skill"}],"hasReuseLevel":[{"href":"https://ec.europa.eu/esco/api/resource/concept?uri=http://data.europa.eu/esco/skill-reuse-level/occupation-specific&language=en","uri":"http://data.europa.eu/esco/skill-reuse-level/occupation-specific","title":"occupation specific skills and competences","code":"Level 4"}],"isEssentialForOccupation":[{"href":"https://ec.europa.eu/esco/api/resource/occupation?uri=http://data.europa.eu/esco/occupation/d185c066-cddf-4a8c-a931-5eefc21fc2a1&language=en","uri":"http://data.europa.eu/esco/occupation/d185c066-cddf-4a8c-a931-5eefc21fc2a1","title":"cabin crew instructor"}]},"_embedded":{}},{"className":"Skill","classId":"http://data.europa.eu/esco/model#Skill","uri":"http://data.europa.eu/esco/skill/84d25d1f-cabf-48f5-bb54-bf811f279379","title":"prevent smuggling","referenceLanguage":["en"],"preferredLabel":{"no":"forhindre smugling","de":"Schmuggel verhindern","en-us":"prevent smuggling","fi":"estää salakuljetus","pt":"evitar atividades de contrabando","bg":"предотвратяване на контрабанда","lt":"vykdyti kontrabandos prevenciją","hr":"sprječavati krijumčarenje","lv":"novērst kontrabandu","fr":"empêcher la contrebande","hu":"csempészést előz meg","sk":"brániť pašovaniu","sl":"preprečevati tihotapljenje","ga":"smuigleáil a chosc","sv":"förhindra smuggling","mt":"prevenzjoni tal-kuntrabandu","el":"πρόληψη παράνομης διακίνησης","en":"prevent smuggling","is":"kemur í veg fyrir smygl","it":"impedire il contrabbando","es":"prevenir el contrabando","et":"salakaubavedu tõkestama","cs":"zabránit pašování","ar":"يكافح التهريب","pl":"zapobiegać przemytowi","da":"forhindre smugleri","ro":"previne contrabanda","nl":"smokkelen voorkomen"},"alternativeLabel":{"en":["avert smuggling","block smuggling","avert trafficking and running goods","stop trafficking and running goods","restrict smuggling","restrict trafficking and running goods","stop smuggling","block trafficking and running goods"],"fr":["empêcher le marché noir"]},"description":{"en-us":{"literal":"Stop people from moving illegally objects such as dutiable, excisable or prohibited goods into or out of a country.","mimetype":"plain/text"},"en":{"literal":"Stop people from moving illegally objects such as dutiable, excisable or prohibited goods into or out of a country.","mimetype":"plain/text"}},"status":"released","_links":{"self":{"href":"https://ec.europa.eu/esco/api/resource/skill?uri=http://data.europa.eu/esco/skill/84d25d1f-cabf-48f5-bb54-bf811f279379&language=en","uri":"http://data.europa.eu/esco/skill/84d25d1f-cabf-48f5-bb54-bf811f279379","title":"prevent smuggling"},"isTopConceptInScheme":[{"href":"https://ec.europa.eu/esco/api/resource/taxonomy?uri=http://data.europa.eu/esco/concept-scheme/member-skills&language=en","uri":"http://data.europa.eu/esco/concept-scheme/member-skills","title":"ESCO member skills"},{"href":"https://ec.europa.eu/esco/api/resource/taxonomy?uri=http://data.europa.eu/esco/concept-scheme/skills&language=en","uri":"http://data.europa.eu/esco/concept-scheme/skills","title":"ESCO skills"}],"isInScheme":[{"href":"https://ec.europa.eu/esco/api/resource/taxonomy?uri=http://data.europa.eu/esco/concept-scheme/member-skills&language=en","uri":"http://data.europa.eu/esco/concept-scheme/member-skills","title":"ESCO member skills"},{"href":"https://ec.europa.eu/esco/api/resource/taxonomy?uri=http://data.europa.eu/esco/concept-scheme/skills&language=en","uri":"http://data.europa.eu/esco/concept-scheme/skills","title":"ESCO skills"}],"hasSkillType":[{"href":"https://ec.europa.eu/esco/api/resource/concept?uri=http://data.europa.eu/esco/skill-type/skill&language=en","uri":"http://data.europa.eu/esco/skill-type/skill","title":"skill"}],"hasReuseLevel":[{"href":"https://ec.europa.eu/esco/api/resource/concept?uri=http://data.europa.eu/esco/skill-reuse-level/occupation-specific&language=en","uri":"http://data.europa.eu/esco/skill-reuse-level/occupation-specific","title":"occupation specific skills and competences","code":"Level 4"}],"isEssentialForOccupation":[{"href":"https://ec.europa.eu/esco/api/resource/occupation?uri=http://data.europa.eu/esco/occupation/5f16819d-50b9-475b-a2d8-607ee6d99a9d&language=en","uri":"http://data.europa.eu/esco/occupation/5f16819d-50b9-475b-a2d8-607ee6d99a9d","title":"customs officer"}]},"_embedded":{}},{"className":"Skill","classId":"http://data.europa.eu/esco/model#Skill","uri":"http://data.europa.eu/esco/skill/4b88b1ee-c2d9-473a-9fe8-ba3b9c0c179a","title":"implement ICT coding conventions","referenceLanguage":["en"],"preferredLabel":{"no":"implementere IKT-kodingskonvensjoner","de":"IKT-Kodierungskonventionen anwenden","en-us":"implement ICT coding conventions","fi":"ottaa käyttöön ICT-koodauskäytännöt","pt":"executar convenções de codificação em TIC","bg":"прилагане на конвенциите за ИКТ кодиране","lt":"įgyvendinti informacinių ir ryšių technologijų kodavimo konvencijas","hr":"implementirati konvencije kodiranja u IKT-u","lv":"IKT kodēšanas konvenciju izpilde","fr":"mettre en œuvre des règles de codage des TIC","hu":"kódolási stílusokat implementál","sk":"uplatniť zásady kódovania IKT","sl":"izvajati konvencije kodiranja na področju IKT","ga":"coinbhinsiúin chódaithe TFC a chur chun feidhme","sv":"implementera IT-kodningskonventioner","mt":"timplimenta konvenzjonijiet tal-ikkowdjar fl-ICT","el":"εφαρμόζω συμβάσεις κωδικοποίησης ΤΠΕ","en":"implement ICT coding conventions","is":"taka UT-kóðunarhefðir í notkun","it":"applicare convenzioni di codifica TIC","es":"aplicar convenios de codificación de las TIC","et":"IKT kodeerimiskokkuleppeid rakendama","cs":"zavádět kódovací konvence pro ICT","ar":"ينفذ اتفاقيات ترميز تكنولوجيا المعلومات والاتصالات","pl":"wdrażać standardy kodowania w ICT","ro":"implementează convenții de scriere a codului în TIC","da":"anvende IKT-kodningsprincipper","nl":"ICT-coderingsconventies implementeren"},"alternativeLabel":{"de":["IKT-Codierungskonventionen anwenden","IKT-Kodierungskonvention anwenden","IT-Kodierungskonventionen anwenden","IKT-Kodierungskonventionen fördern","IKT-Kodierungsgrundsätze anwenden","IKT-Kodierungsgrundsätze befolgen","Konventionen für die IKT-Kodierung anwenden"],"sv":["applicera IT-kodningskonventioner","implementerade IT-kodningskonventioner","införa IT-kodningskonventioner","implementerar IT-kodningskonventioner"],"fi":["soveltaa ICT-koodauskäytäntöjä","ottaa käyttöön it-koodauskäytännöt","ottaa käyttöön ict-koodauskäytännöt","edistää ICT-koodauskäytäntöjä","ottaa käyttöön IT-koodauskäytännöt","ottaa käyttöön IT-koodauskäytäntöjä"],"pt":["executar convenções de codificação de tecnologias da informação","promover convenções de código","executar convenções de codificação em tecnologias de informação e comunicação","executar convenções codificação de TI","executar convenções de código em TIC","aplicar as convenções de codificação"],"bg":["прилагане на конвенциите за ИКТ кодирането","прилагането на конвенциите за ИКТ кодиране","прилагане на конвенциите за ИТ кодиране","изпълнение на конвенциите за ИКТ кодиране","спазване на конвенциите за ИКТ кодиране"],"el":["εφαρμόζω πρότυπα κωδικοποίησης ΤΠΕ· θέτω σε εφαρμογή οδηγίες γλώσσας προγραμματισμού για ΤΠΕ","προωθώ συμβάσεις κωδικοποίησης ΤΠΕ· προάγω την εφαρμογή συμβάσεων κωδικοποίησης ΤΠΕ· υλοποιώ συμβάσεις κωδικοποίησης ΤΟ"],"mt":["timplimenta konvenzjonijiet ta' coding fl-ICT","timplimenta l-konvenzjonijiet għall-ikkwodjar fl-ICT","timplimenta konvenzjonijiet ta' kodifikazzjoni fl-ICT","timplimenta l-konvenzjonijiet tal-ikkowdjar fl-ICT","tapplika konvenzjonijiet tal-ikkowdjar fl-ICT"],"lt":["įgyvendinti informacinių ir ryšių technologijų programavimo gaires","įgyvendinti IRT kodavimo konvencijas","įgyvendinti informacinių ir ryšių technologijų kodavimo konvenciją","įgyvendinti informacinių technologijų gaires","vadovautis informacinių ir ryšių technologijų programavimo standartais","įgyvendinti IRT kodavimo konvenciją"],"en":["promote ICT coding conventions","implement IT coding conventions"],"lv":["IKT kodēšanas konvenciju prasību izpilde","izpildīt IKT kodēšanas konvencijas","IT kodēšanas konvenciju izpilde","izpildīt IKT kodēšanas konvenciju prasības","IT kodēšanas konvenciju prasību izpilde"],"hr":["provoditi konvencije kodiranja u IKT-u","implementirati konvencije IKT kodiranja","implementirati konvencije za IKT kodiranje","provoditi konvencije IKT kodiranja","provoditi konvencije za IKT kodiranja","implementirati konvencije za kodiranje u IKT-u","provoditi konvencije za kodiranje u IKT-u"],"is":["tekur UT-kóðunarhefðir í notkun","hefja notkun kóðunarhefða á sviði upplýsingatækni","taka í notkun kóðunarhefðir á sviði upplýsingatækni","tökum UT-kóðunarhefðir í notkun"],"it":["usare convenzioni di codifica TIC","impiegare convenzioni di codifica TIC","utilizzare convenzioni di codifica TIC","applicare la convenzione di codifica TIC","applicare convenzioni di codifica delle TIC"],"fr":["appliquer des bonnes pratiques de codage des TIC","mettre en œuvre des conventions de codage pour la programmation","employer des règles de codage des TIC","mettre en œuvre des normes de codage des TIC","appliquer des règles de codage des TIC","mettre en œuvre des conventions de codage des TIC"],"hu":["kódolási stílusokat implementálja","kódolási konvenciókat implementál","kódolási konvenciókat hoz létre","kódolási konvenciókat alakít ki","kódolási stílusokat implementál"],"es":["emplear convenios de codificación de las TIC","implementar convenios de codificación de las TIC","hacer cumplir los convenios de codificación de las TI","establecer convenios de codificación de las TI","formular convenios de codificación de las TI"],"et":["IKT kodeeringukokkuleppeid rakendama","IKT kodeerimist puudutavaid kokkuleppeid rakendama"],"cs":["prosazovat kódovací konvence pro ICT","zavádět kódovací konvenci pro ICT","zavést kódovací konvence pro ICT","zavádět IT kódovací konvence","zavést kódovací konvenci pro ICT"],"sk":["riadiť sa programovacími zásadami","dodržiavať zásady programovania","uplatniť kódovacie zásady IKT","uplatňovať zásady IT kódovania","uplatňovať pravidlá kódovania"],"sl":["izvajati konvencije kodiranja na področju informacijske in komunikacijske tehnologije","izvajati konvencije kodiranja v računalništvu","izvrševati konvencije kodiranja na področju IKT","izvajati konvencije o kodiranju na področju IKT","ravnati v skladu s smernicami za programiranje"],"pl":["wdrażać standardy pisania kodów źródłowych w ICT","wdrażać normy kodowania w ICT","propagować standardy kodowania w ICT","wdrażać standardy kodowania IT"],"ro":["implementează convențiile de programare informatică","implementează convenții de scriere de cod TIC","implementează convenții cod TIC","implementează convențiile privind codul în IT","implementează convențiile de scriere a codului în domeniul informatic"],"da":["indarbejde IKT-kodningsprincipper","fremme IKT-kodningsprincipper","anvende IKT-kodningsstandarder","bruge IKT-kodningsprincipper","anvende IT-kodningsprincipper"],"nl":["gebruik van ICT-coderingsconventies stimuleren","ICT-coderingsconventies begrijpen","ICT-coderingsconventies uitvoeren","richtlijnen voor ICT-programmeertechnieken implementeren","IT-coderingsconventies implementeren"]},"description":{"en-us":{"literal":"Apply guidelines for ICT programming techniques, such as conventions, code design patterns and practices to achieve higher security, reliability, better readability and maintenance of the product.","mimetype":"plain/text"},"en":{"literal":"Apply guidelines for ICT programming techniques, such as conventions, code design patterns and practices to achieve higher security, reliability, better readability and maintenance of the product.","mimetype":"plain/text"}},"status":"released","_links":{"self":{"href":"https://ec.europa.eu/esco/api/resource/skill?uri=http://data.europa.eu/esco/skill/4b88b1ee-c2d9-473a-9fe8-ba3b9c0c179a&language=en","uri":"http://data.europa.eu/esco/skill/4b88b1ee-c2d9-473a-9fe8-ba3b9c0c179a","title":"implement ICT coding conventions"},"isTopConceptInScheme":[{"href":"https://ec.europa.eu/esco/api/resource/taxonomy?uri=http://data.europa.eu/esco/concept-scheme/skills&language=en","uri":"http://data.europa.eu/esco/concept-scheme/skills","title":"ESCO skills"},{"href":"https://ec.europa.eu/esco/api/resource/taxonomy?uri=http://data.europa.eu/esco/concept-scheme/member-skills&language=en","uri":"http://data.europa.eu/esco/concept-scheme/member-skills","title":"ESCO member skills"}],"isInScheme":[{"href":"https://ec.europa.eu/esco/api/resource/taxonomy?uri=http://data.europa.eu/esco/concept-scheme/skills&language=en","uri":"http://data.europa.eu/esco/concept-scheme/skills","title":"ESCO skills"},{"href":"https://ec.europa.eu/esco/api/resource/taxonomy?uri=http://data.europa.eu/esco/concept-scheme/member-skills&language=en","uri":"http://data.europa.eu/esco/concept-scheme/member-skills","title":"ESCO member skills"}],"hasSkillType":[{"href":"https://ec.europa.eu/esco/api/resource/concept?uri=http://data.europa.eu/esco/skill-type/skill&language=en","uri":"http://data.europa.eu/esco/skill-type/skill","title":"skill"}],"hasReuseLevel":[{"href":"https://ec.europa.eu/esco/api/resource/concept?uri=http://data.europa.eu/esco/skill-reuse-level/occupation-specific&language=en","uri":"http://data.europa.eu/esco/skill-reuse-level/occupation-specific","title":"occupation specific skills and competences","code":"Level 4"}],"isEssentialForOccupation":[{"href":"https://ec.europa.eu/esco/api/resource/occupation?uri=http://data.europa.eu/esco/occupation/7b1b5da8-573a-49bb-a38e-68725a949f4f&language=en","uri":"http://data.europa.eu/esco/occupation/7b1b5da8-573a-49bb-a38e-68725a949f4f","title":"chief technology officer"}]},"_embedded":{}},{"className":"Skill","classId":"http://data.europa.eu/esco/model#Skill","uri":"http://data.europa.eu/esco/skill/213bd7d8-2941-488f-afb7-21e2a7744c17","title":"select soap shaping plate","referenceLanguage":["en"],"preferredLabel":{"no":"velge såpeformingsplate","de":"Seifen-Formplatte auswählen","fi":"valita saippuan mallilaatta","en-us":"select soap shaping plate","pt":"selecionar a placa de molde do sabão","bg":"подбиране на плочата за формоване на сапун","lt":"parinkti muilo formelę","hr":"birati ploču za oblikovanje sapuna","lv":"izvēlēties ziepju formēšanas plāksni","fr":"choisir les plaques de modelage de savons","hu":"kiválasztja a szappanformázó tálat","sk":"vybrať platňu na tvarovanie mydla","sl":"izbirati plošče za oblikovanje mila","ga":"pláta múnlaithe gallúnaí a roghnú","sv":"välja tvålpressningsplatta","el":"επιλογή πλάκας διαμόρφωσης σαπουνιού","mt":"selezzjoni tal-pjanċa tat-tiswir tas-sapun","en":"select soap shaping plate","is":"velur sápumótunarplötu","it":"selezionare la piastra che conferisce la forma al sapone","es":"seleccionar moldes para extrusoras de jabón","et":"seebi vormimise alust valima","cs":"vybrat desku k tváření mýdla","ar":"يختار قالب تشكيل الصابون","pl":"dobierać płytę do formowania mydła","ro":"selectează placa pentru mașina de pilotat săpun","da":"udvælge plade til formning af sæbe","nl":"plaat om zeep vorm te geven selecteren"},"alternativeLabel":{"en":["selecting soap shaping plate","soap shaping plate selecting","choosing soap shaping plate","choose soap shaping plate","soap shaping plate choosing"],"nl":["plaat om zeep vorm te geven kiezen","plaat om zeep vorm te geven uitkiezen"]},"description":{"en-us":{"literal":"Select the corresponding plate and insert it into the plodder machine. The selection of the plate must be done according to specifications so that the soap bars will have the correct shape and size.","mimetype":"plain/text"},"en":{"literal":"Select the corresponding plate and insert it into the plodder machine. The selection of the plate must be done according to specifications so that the soap bars will have the correct shape and size.","mimetype":"plain/text"}},"status":"released","_links":{"self":{"href":"https://ec.europa.eu/esco/api/resource/skill?uri=http://data.europa.eu/esco/skill/213bd7d8-2941-488f-afb7-21e2a7744c17&language=en","uri":"http://data.europa.eu/esco/skill/213bd7d8-2941-488f-afb7-21e2a7744c17","title":"select soap shaping plate"},"isTopConceptInScheme":[{"href":"https://ec.europa.eu/esco/api/resource/taxonomy?uri=http://data.europa.eu/esco/concept-scheme/skills&language=en","uri":"http://data.europa.eu/esco/concept-scheme/skills","title":"ESCO skills"},{"href":"https://ec.europa.eu/esco/api/resource/taxonomy?uri=http://data.europa.eu/esco/concept-scheme/member-skills&language=en","uri":"http://data.europa.eu/esco/concept-scheme/member-skills","title":"ESCO member skills"}],"isInScheme":[{"href":"https://ec.europa.eu/esco/api/resource/taxonomy?uri=http://data.europa.eu/esco/concept-scheme/skills&language=en","uri":"http://data.europa.eu/esco/concept-scheme/skills","title":"ESCO skills"},{"href":"https://ec.europa.eu/esco/api/resource/taxonomy?uri=http://data.europa.eu/esco/concept-scheme/member-skills&language=en","uri":"http://data.europa.eu/esco/concept-scheme/member-skills","title":"ESCO member skills"}],"hasSkillType":[{"href":"https://ec.europa.eu/esco/api/resource/concept?uri=http://data.europa.eu/esco/skill-type/skill&language=en","uri":"http://data.europa.eu/esco/skill-type/skill","title":"skill"}],"hasReuseLevel":[{"href":"https://ec.europa.eu/esco/api/resource/concept?uri=http://data.europa.eu/esco/skill-reuse-level/occupation-specific&language=en","uri":"http://data.europa.eu/esco/skill-reuse-level/occupation-specific","title":"occupation specific skills and competences","code":"Level 4"}],"isEssentialForOccupation":[{"href":"https://ec.europa.eu/esco/api/resource/occupation?uri=http://data.europa.eu/esco/occupation/3a67544c-919f-4051-b812-c08e69eec3fd&language=en","uri":"http://data.europa.eu/esco/occupation/3a67544c-919f-4051-b812-c08e69eec3fd","title":"plodder operator"}]},"_embedded":{}},{"className":"Skill","classId":"http://data.europa.eu/esco/model#Skill","uri":"http://data.europa.eu/esco/skill/9fc6fc4f-02ee-4e42-84a3-9f54ca607daf","title":"show sample garments","referenceLanguage":["en"],"preferredLabel":{"de":"Probekleidungsstücke zeigen","no":"vise prøveplagg","en-us":"show sample garments","fi":"esitellä vaatemalleja","pt":"apresentar peças de roupa para amostra","bg":"показване на примерни облекла","lt":"parodyti aprangos pavyzdžius","hr":"pokazivati uzorke odjeće","lv":"izrādīt apģērbu paraugus","fr":"montrer des échantillons de vêtements","hu":"ruházati mintákat mutat be","sk":"predviesť vzorky odevov","sl":"pokazati vzorce oblačil","ga":"baill éadaigh shamplacha a thaispeáint","sv":"visa upp provplagg","el":"επίδειξη δειγμάτων ρούχων","mt":"wiri ta’ kampjuni tal-ħwejjeġ","en":"show sample garments","is":"sýnir fatasýnishorn","it":"mostrare capi campione","es":"exponer vestuario de muestra","et":"rõivaproove näitama","cs":"ukazovat vzorky oděvů","ar":"يظهر عينات من الملابس","pl":"prezentować próbki materiałów odzieżowych","ro":"prezintă eșantioane de îmbrăcăminte","da":"fremvise tøjprøver","nl":"voorbeeldkledij tonen"},"alternativeLabel":{"en":["showing sample garments","display sample garments","exhibit sample garments","present sample garments"],"ro":["face demonstrații de eșantioane de îmbrăcăminte"]},"description":{"en-us":{"literal":"Deliver sample garments to sales representatives; schedule meetings at fashion shows to demonstrate sample garments.","mimetype":"plain/text"},"en":{"literal":"Deliver sample garments to sales representatives; schedule meetings at fashion shows to demonstrate sample garments.","mimetype":"plain/text"}},"status":"released","_links":{"self":{"href":"https://ec.europa.eu/esco/api/resource/skill?uri=http://data.europa.eu/esco/skill/9fc6fc4f-02ee-4e42-84a3-9f54ca607daf&language=en","uri":"http://data.europa.eu/esco/skill/9fc6fc4f-02ee-4e42-84a3-9f54ca607daf","title":"show sample garments"},"isTopConceptInScheme":[{"href":"https://ec.europa.eu/esco/api/resource/taxonomy?uri=http://data.europa.eu/esco/concept-scheme/member-skills&language=en","uri":"http://data.europa.eu/esco/concept-scheme/member-skills","title":"ESCO member skills"},{"href":"https://ec.europa.eu/esco/api/resource/taxonomy?uri=http://data.europa.eu/esco/concept-scheme/skills&language=en","uri":"http://data.europa.eu/esco/concept-scheme/skills","title":"ESCO skills"}],"isInScheme":[{"href":"https://ec.europa.eu/esco/api/resource/taxonomy?uri=http://data.europa.eu/esco/concept-scheme/member-skills&language=en","uri":"http://data.europa.eu/esco/concept-scheme/member-skills","title":"ESCO member skills"},{"href":"https://ec.europa.eu/esco/api/resource/taxonomy?uri=http://data.europa.eu/esco/concept-scheme/skills&language=en","uri":"http://data.europa.eu/esco/concept-scheme/skills","title":"ESCO skills"}],"hasSkillType":[{"href":"https://ec.europa.eu/esco/api/resource/concept?uri=http://data.europa.eu/esco/skill-type/skill&language=en","uri":"http://data.europa.eu/esco/skill-type/skill","title":"skill"}],"hasReuseLevel":[{"href":"https://ec.europa.eu/esco/api/resource/concept?uri=http://data.europa.eu/esco/skill-reuse-level/occupation-specific&language=en","uri":"http://data.europa.eu/esco/skill-reuse-level/occupation-specific","title":"occupation specific skills and competences","code":"Level 4"}],"isEssentialForOccupation":[{"href":"https://ec.europa.eu/esco/api/resource/occupation?uri=http://data.europa.eu/esco/occupation/d1b1dfdf-7d60-430a-b569-7dd71b2ebeaa&language=en","uri":"http://data.europa.eu/esco/occupation/d1b1dfdf-7d60-430a-b569-7dd71b2ebeaa","title":"costume designer"}]},"_embedded":{}},{"className":"Skill","classId":"http://data.europa.eu/esco/model#Skill","uri":"http://data.europa.eu/esco/skill/a0c80624-93cd-4b34-8552-bbebb264b532","title":"prevent casting adhesion","referenceLanguage":["en"],"preferredLabel":{"de":"Anhaften  des Gussteils vermeiden","no":"forhindre støpingsadhesjon","fi":"ehkäistä valun tarttuminen","en-us":"prevent casting adhesion","pt":"impedir aderências no vazamento","bg":"предотвратяване на полепването на отливка","lt":"neleisti liejiniui prikibti prie formos","lv":"novērst lējuma pielipšanu pie veidnes","hr":"sprječavati prijanjanje odljevaka","fr":"prévenir l’adhérence du moulage","hu":"megelőzi az öntvény letapadását","sk":"predchádzať prilepeniu pri odlievaní","sl":"preprečevati sprijemanje pri ulivanju","ga":"greamú ábhair le linn a theilgthe a chosc","sv":"förebygga vidhäftning vid gjutning","mt":"prevenzjoni tal-aderenza tal-ikkastjar","el":"πρόληψη προσκόλλησης κατά τη χύτευση","en":"prevent casting adhesion","is":"kemur í veg fyrir viðloðun afsteypu","it":"prevenire  l'adesione  del pezzo fuso allo stampo","es":"evitar que la pieza se adhiera al molde","et":"valamiseks kleepumist vältima","cs":"zabránit přilnutí odlitku k formě","ar":"يمنع التصاق القوالب","pl":"zapobiegać przyleganiu odlewów","da":"forebygge vedhæftning på form","ro":"previne aderența pieselor turnate","nl":"voorkomen dat gietsel aan de mal blijft kleven"},"alternativeLabel":{"en":["casting adhesion preventing","prevent adhesion of casting","casting adhesion eliminating","preventing adhesion of casting","eliminate casting adhesion","eliminating casting adhesion","preventing casting adhesion"],"es":["impedir que la pieza se pegue al molde"]},"description":{"en-us":{"literal":"Prevent the casting sticking to the molds by brushing the mold with oil, hot wax or graphite solution, according to the specification of each casting components.","mimetype":"plain/text"},"en":{"literal":"Prevent the casting sticking to the moulds by brushing the mould with oil, hot wax or graphite solution, according to the specification of each casting components.","mimetype":"plain/text"}},"status":"released","_links":{"self":{"href":"https://ec.europa.eu/esco/api/resource/skill?uri=http://data.europa.eu/esco/skill/a0c80624-93cd-4b34-8552-bbebb264b532&language=en","uri":"http://data.europa.eu/esco/skill/a0c80624-93cd-4b34-8552-bbebb264b532","title":"prevent casting adhesion"},"isTopConceptInScheme":[{"href":"https://ec.europa.eu/esco/api/resource/taxonomy?uri=http://data.europa.eu/esco/concept-scheme/skills&language=en","uri":"http://data.europa.eu/esco/concept-scheme/skills","title":"ESCO skills"},{"href":"https://ec.europa.eu/esco/api/resource/taxonomy?uri=http://data.europa.eu/esco/concept-scheme/member-skills&language=en","uri":"http://data.europa.eu/esco/concept-scheme/member-skills","title":"ESCO member skills"}],"isInScheme":[{"href":"https://ec.europa.eu/esco/api/resource/taxonomy?uri=http://data.europa.eu/esco/concept-scheme/skills&language=en","uri":"http://data.europa.eu/esco/concept-scheme/skills","title":"ESCO skills"},{"href":"https://ec.europa.eu/esco/api/resource/taxonomy?uri=http://data.europa.eu/esco/concept-scheme/member-skills&language=en","uri":"http://data.europa.eu/esco/concept-scheme/member-skills","title":"ESCO member skills"}],"hasSkillType":[{"href":"https://ec.europa.eu/esco/api/resource/concept?uri=http://data.europa.eu/esco/skill-type/skill&language=en","uri":"http://data.europa.eu/esco/skill-type/skill","title":"skill"}],"hasReuseLevel":[{"href":"https://ec.europa.eu/esco/api/resource/concept?uri=http://data.europa.eu/esco/skill-reuse-level/sector-specific&language=en","uri":"http://data.europa.eu/esco/skill-reuse-level/sector-specific","title":"sector specific skills and competences","code":"Level 3"}],"isEssentialForOccupation":[{"href":"https://ec.europa.eu/esco/api/resource/occupation?uri=http://data.europa.eu/esco/occupation/8d3fd879-986d-42e7-bf67-c3c415592fe3&language=en","uri":"http://data.europa.eu/esco/occupation/8d3fd879-986d-42e7-bf67-c3c415592fe3","title":"precast moulder"},{"href":"https://ec.europa.eu/esco/api/resource/occupation?uri=http://data.europa.eu/esco/occupation/e19a0f13-da49-42cb-8b3a-27da8ce44c8c&language=en","uri":"http://data.europa.eu/esco/occupation/e19a0f13-da49-42cb-8b3a-27da8ce44c8c","title":"glass forming machine operator"},{"href":"https://ec.europa.eu/esco/api/resource/occupation?uri=http://data.europa.eu/esco/occupation/149062d6-6496-4004-9c23-93c78b29b5db&language=en","uri":"http://data.europa.eu/esco/occupation/149062d6-6496-4004-9c23-93c78b29b5db","title":"hand brick moulder"}],"isOptionalForOccupation":[{"href":"https://ec.europa.eu/esco/api/resource/occupation?uri=http://data.europa.eu/esco/occupation/772e57c5-fb25-4b0c-8cc8-f8944a9edfbc&language=en","uri":"http://data.europa.eu/esco/occupation/772e57c5-fb25-4b0c-8cc8-f8944a9edfbc","title":"fibreglass machine operator"}]},"_embedded":{}},{"className":"Skill","classId":"http://data.europa.eu/esco/model#Skill","uri":"http://data.europa.eu/esco/skill/0c07d9f7-9a77-4417-b139-17e7cc3f7baf","title":"caulk expansion joints","referenceLanguage":["en"],"preferredLabel":{"no":"tette ekspansjonsfuger","de":"Dehnungsfugen abdichten","fi":"kitata liikuntasaumat","en-us":"caulk expansion joints","pt":"calafetar juntas de dilatação","bg":"запълване на разширителни фуги","lt":"užsandarinti kompensuojamąsias plėtros jungtis","hr":"zatvarati spojeve za širenje","lv":"drīvēt kompensācijas šuves","fr":"colmater des joints de dilatation","hu":"betölti a dilatációs fugákat","sk":"tmeliť dilatačné spoje","sl":"zatesnjevati dilatacijske stike","ga":"ailt infhairsingithe a chalcadh","sv":"kitta expansionsfogar","mt":"tqalfit tal-ġonot tal-espansjoni","el":"στεγανοποίηση αρμών διαστολής","en":"caulk expansion joints","is":"fyllir í þenslusamskeytum","it":"sigillare i giunti di espansione","es":"sellar juntas de expansión","et":"tihendusmaterjali paisumisvuugid","cs":"utěsnit rozpínací spoje","ar":"يسد فواصل التمدد","pl":"uszczelniać złącza kompensacyjne","ro":"etanșează rosturile de expansiune","da":"beregne ekspansionssamlinger","nl":"uitzettingsvoegen afdichten"},"alternativeLabel":{"de":["Bewegungsfugen abdichten"],"lt":["užsandarinti plėtimosi sandūras"],"en":["sealing expansion joints","fill expansion joints","seal expansion joints","expansion joint caulking","caulking","caulking expansion joints","expansion joint sealing","filling expansion joints","caulking of expansion joints"],"nl":["uitbreidingsverbindingen afdichten","uitzetvoegen afdichten"],"es":["rellenar juntas de expansión"]},"description":{"en-us":{"literal":"Fill the space intentionally created to allow for expansion or contraction of the construction materials with a sealant such as silicone.","mimetype":"plain/text"},"en":{"literal":"Fill the space intentionally created to allow for expansion or contraction of the construction materials with a sealant such as silicone.","mimetype":"plain/text"}},"status":"released","_links":{"self":{"href":"https://ec.europa.eu/esco/api/resource/skill?uri=http://data.europa.eu/esco/skill/0c07d9f7-9a77-4417-b139-17e7cc3f7baf&language=en","uri":"http://data.europa.eu/esco/skill/0c07d9f7-9a77-4417-b139-17e7cc3f7baf","title":"caulk expansion joints"},"isTopConceptInScheme":[{"href":"https://ec.europa.eu/esco/api/resource/taxonomy?uri=http://data.europa.eu/esco/concept-scheme/skills&language=en","uri":"http://data.europa.eu/esco/concept-scheme/skills","title":"ESCO skills"},{"href":"https://ec.europa.eu/esco/api/resource/taxonomy?uri=http://data.europa.eu/esco/concept-scheme/member-skills&language=en","uri":"http://data.europa.eu/esco/concept-scheme/member-skills","title":"ESCO member skills"}],"isInScheme":[{"href":"https://ec.europa.eu/esco/api/resource/taxonomy?uri=http://data.europa.eu/esco/concept-scheme/skills&language=en","uri":"http://data.europa.eu/esco/concept-scheme/skills","title":"ESCO skills"},{"href":"https://ec.europa.eu/esco/api/resource/taxonomy?uri=http://data.europa.eu/esco/concept-scheme/member-skills&language=en","uri":"http://data.europa.eu/esco/concept-scheme/member-skills","title":"ESCO member skills"}],"hasSkillType":[{"href":"https://ec.europa.eu/esco/api/resource/concept?uri=http://data.europa.eu/esco/skill-type/skill&language=en","uri":"http://data.europa.eu/esco/skill-type/skill","title":"skill"}],"hasReuseLevel":[{"href":"https://ec.europa.eu/esco/api/resource/concept?uri=http://data.europa.eu/esco/skill-reuse-level/sector-specific&language=en","uri":"http://data.europa.eu/esco/skill-reuse-level/sector-specific","title":"sector specific skills and competences","code":"Level 3"}],"isEssentialForOccupation":[{"href":"https://ec.europa.eu/esco/api/resource/occupation?uri=http://data.europa.eu/esco/occupation/02447817-ea01-4d8b-b09c-8bc128e447e6&language=en","uri":"http://data.europa.eu/esco/occupation/02447817-ea01-4d8b-b09c-8bc128e447e6","title":"tile fitter"}],"isOptionalForOccupation":[{"href":"https://ec.europa.eu/esco/api/resource/occupation?uri=http://data.europa.eu/esco/occupation/18cff178-4ef0-46c9-a6e5-f6f38179cdcb&language=en","uri":"http://data.europa.eu/esco/occupation/18cff178-4ef0-46c9-a6e5-f6f38179cdcb","title":"tiling supervisor"}]},"_embedded":{}},{"className":"Skill","classId":"http://data.europa.eu/esco/model#Skill","uri":"http://data.europa.eu/esco/skill/51b4a8c4-6af7-41b7-a68d-f3c2fd63c9ec","title":"de-limb trees","referenceLanguage":["en"],"preferredLabel":{"de":"Bäume entästen","no":"kviste trær","en-us":"de-limb trees","fi":"karsia puita","pt":"desramar árvores","bg":"кастрене на дървета","lt":"genėti medžius","hr":"kresati grane","lv":"atzarot kokus","fr":"ébrancher des arbres","hu":"lenyesi a fák ágait","sk":"odvetviť stromy","sl":"odstranjevati veje drevja","ga":"géaga a bhaint de chrainn","sv":"kvista träd","el":"κοπή κλαδιών","mt":"tneħħija tal-friegħi tas-siġar","en":"de-limb trees","is":"klippir trjágreinar","it":"tagliare i rami secchi degli alberi","es":"partir árboles en pedazos","et":"puude harusid lõikama","cs":"ořezávat větve stromů","ar":"أشجار منزوعة الأطراف","pl":"okrzesywać drzewa","da":"afgrene træer","ro":"toaletează copaci","nl":"takken van bomen verwijderen"},"alternativeLabel":{"de":["Bäume beschneiden"],"el":["αφαίρεση κλαδιών δέντρων"],"en":["tree limbs removing","tree de-limbing","de-limbing trees","trees de-limbing","removing tree limbs","remove tree limbs"],"ro":["tunde arbori","fasonează arbori și arbuști"],"es":["cortar ramas de árboles","desmochar árboles","cortar árboles en partes"]},"description":{"en-us":{"literal":"De-limb trees ensuring that the quality is within specified limits.","mimetype":"plain/text"},"en":{"literal":"De-limb trees ensuring that the quality is within specified limits.","mimetype":"plain/text"}},"status":"released","_links":{"self":{"href":"https://ec.europa.eu/esco/api/resource/skill?uri=http://data.europa.eu/esco/skill/51b4a8c4-6af7-41b7-a68d-f3c2fd63c9ec&language=en","uri":"http://data.europa.eu/esco/skill/51b4a8c4-6af7-41b7-a68d-f3c2fd63c9ec","title":"de-limb trees"},"isTopConceptInScheme":[{"href":"https://ec.europa.eu/esco/api/resource/taxonomy?uri=http://data.europa.eu/esco/concept-scheme/member-skills&language=en","uri":"http://data.europa.eu/esco/concept-scheme/member-skills","title":"ESCO member skills"},{"href":"https://ec.europa.eu/esco/api/resource/taxonomy?uri=http://data.europa.eu/esco/concept-scheme/skills&language=en","uri":"http://data.europa.eu/esco/concept-scheme/skills","title":"ESCO skills"}],"isInScheme":[{"href":"https://ec.europa.eu/esco/api/resource/taxonomy?uri=http://data.europa.eu/esco/concept-scheme/member-skills&language=en","uri":"http://data.europa.eu/esco/concept-scheme/member-skills","title":"ESCO member skills"},{"href":"https://ec.europa.eu/esco/api/resource/taxonomy?uri=http://data.europa.eu/esco/concept-scheme/skills&language=en","uri":"http://data.europa.eu/esco/concept-scheme/skills","title":"ESCO skills"}],"hasSkillType":[{"href":"https://ec.europa.eu/esco/api/resource/concept?uri=http://data.europa.eu/esco/skill-type/skill&language=en","uri":"http://data.europa.eu/esco/skill-type/skill","title":"skill"}],"hasReuseLevel":[{"href":"https://ec.europa.eu/esco/api/resource/concept?uri=http://data.europa.eu/esco/skill-reuse-level/sector-specific&language=en","uri":"http://data.europa.eu/esco/skill-reuse-level/sector-specific","title":"sector specific skills and competences","code":"Level 3"}],"isEssentialForOccupation":[{"href":"https://ec.europa.eu/esco/api/resource/occupation?uri=http://data.europa.eu/esco/occupation/699057b7-7aeb-4b5c-bb90-01d935ff32c1&language=en","uri":"http://data.europa.eu/esco/occupation/699057b7-7aeb-4b5c-bb90-01d935ff32c1","title":"forestry equipment operator"}],"isOptionalForOccupation":[{"href":"https://ec.europa.eu/esco/api/resource/occupation?uri=http://data.europa.eu/esco/occupation/bd378c4e-f656-46af-a728-fcfb40b113ef&language=en","uri":"http://data.europa.eu/esco/occupation/bd378c4e-f656-46af-a728-fcfb40b113ef","title":"crosscut saw operator"},{"href":"https://ec.europa.eu/esco/api/resource/occupation?uri=http://data.europa.eu/esco/occupation/976c739f-fec7-45c2-b12e-e1b496aa816b&language=en","uri":"http://data.europa.eu/esco/occupation/976c739f-fec7-45c2-b12e-e1b496aa816b","title":"chipper operator"},{"href":"https://ec.europa.eu/esco/api/resource/occupation?uri=http://data.europa.eu/esco/occupation/5e5522c5-4b09-4586-a8f0-3b6d66d99969&language=en","uri":"http://data.europa.eu/esco/occupation/5e5522c5-4b09-4586-a8f0-3b6d66d99969","title":"debarker operator"}]},"_embedded":{}},{"className":"Skill","classId":"http://data.europa.eu/esco/model#Skill","uri":"http://data.europa.eu/esco/skill/a9df9b2e-ca31-4e20-9e64-0f36c1468f10","title":"examine sample garments","referenceLanguage":["en"],"preferredLabel":{"no":"undersøke prøveplagg","de":"Probekleidungsstücke prüfen","en-us":"examine sample garments","fi":"tutkia vaatemalleja","pt":"examinar amostras de vestuário","bg":"преглед на мостри на облекла","lt":"patikrinti kostiumų pavyzdžius","hr":"pregledavati uzorke odjeće","lv":"pētīt apģērbu paraugus","fr":"examiner des échantillons de vêtements","hu":"megvizsgálja a ruházati mintákat","sk":"preskúmať vzorky odevov","sl":"preučevati vzorčna oblačila","ga":"baill éadaigh shamplacha a scrúdú","sv":"granska provplagg","el":"εξέταση δειγμάτων ρούχων","mt":"eżaminar tal-kampjuni tal-ilbies","en":"examine sample garments","is":"grannskoðar fatnaðarsýnishorn","it":"esaminare i capi campione","es":"estudiar el vestuario de muestra","et":"rõivaproove uurima","cs":"prohlížet vzorky oděvů","ar":"يفحص عينات الملابس","pl":"badać próbki materiałów odzieżowych","ro":"examinează eșantioane de îmbrăcăminte","da":"undersøge tøjprøver","nl":"voorbeeldkledij onderzoeken"},"alternativeLabel":{"lt":["apžiūrėti pavyzdinius aprangos modelius"],"en":["Inspect  sample garments","check out sample garments","assess  sample garments","examining sample garments"]},"description":{"en-us":{"literal":"Examine sample garments; alter designs of sample garments.","mimetype":"plain/text"},"en":{"literal":"Examine sample garments; alter designs of sample garments.","mimetype":"plain/text"}},"status":"released","_links":{"self":{"href":"https://ec.europa.eu/esco/api/resource/skill?uri=http://data.europa.eu/esco/skill/a9df9b2e-ca31-4e20-9e64-0f36c1468f10&language=en","uri":"http://data.europa.eu/esco/skill/a9df9b2e-ca31-4e20-9e64-0f36c1468f10","title":"examine sample garments"},"isTopConceptInScheme":[{"href":"https://ec.europa.eu/esco/api/resource/taxonomy?uri=http://data.europa.eu/esco/concept-scheme/skills&language=en","uri":"http://data.europa.eu/esco/concept-scheme/skills","title":"ESCO skills"},{"href":"https://ec.europa.eu/esco/api/resource/taxonomy?uri=http://data.europa.eu/esco/concept-scheme/member-skills&language=en","uri":"http://data.europa.eu/esco/concept-scheme/member-skills","title":"ESCO member skills"}],"isInScheme":[{"href":"https://ec.europa.eu/esco/api/resource/taxonomy?uri=http://data.europa.eu/esco/concept-scheme/skills&language=en","uri":"http://data.europa.eu/esco/concept-scheme/skills","title":"ESCO skills"},{"href":"https://ec.europa.eu/esco/api/resource/taxonomy?uri=http://data.europa.eu/esco/concept-scheme/member-skills&language=en","uri":"http://data.europa.eu/esco/concept-scheme/member-skills","title":"ESCO member skills"}],"hasSkillType":[{"href":"https://ec.europa.eu/esco/api/resource/concept?uri=http://data.europa.eu/esco/skill-type/skill&language=en","uri":"http://data.europa.eu/esco/skill-type/skill","title":"skill"}],"hasReuseLevel":[{"href":"https://ec.europa.eu/esco/api/resource/concept?uri=http://data.europa.eu/esco/skill-reuse-level/occupation-specific&language=en","uri":"http://data.europa.eu/esco/skill-reuse-level/occupation-specific","title":"occupation specific skills and competences","code":"Level 4"}],"isEssentialForOccupation":[{"href":"https://ec.europa.eu/esco/api/resource/occupation?uri=http://data.europa.eu/esco/occupation/d1b1dfdf-7d60-430a-b569-7dd71b2ebeaa&language=en","uri":"http://data.europa.eu/esco/occupation/d1b1dfdf-7d60-430a-b569-7dd71b2ebeaa","title":"costume designer"}]},"_embedded":{}},{"className":"Skill","classId":"http://data.europa.eu/esco/model#Skill","uri":"http://data.europa.eu/esco/skill/e4b192b7-ce8a-4107-b580-fce9728d7978","title":"sort cut parts of carcasses inside cooling compartments","referenceLanguage":["en"],"preferredLabel":{"de":"geschnittene Teile von Schlachtkörpern in Kühlräumen sortieren","no":"sortere kuttede deler av skrotter inne på kjøleavdelinger","en-us":"sort cut parts of carcasses inside cooling compartments","fi":"lajitella leikatut ruhonosat jäähdytyslokeroihin","pt":"separar peças cortadas das carcaças em compartimentos de refrigeração","bg":"сортиране на отрязани части от кланичните трупове в охлаждащи отделения","lt":"rūšiuoti skerdenas šaldymo kamerose","lv":"šķirot liemeņu sagrieztās daļas dzesēšanas telpās","hr":"razvrstati narezane dijelove strvina u rashladne pretince","fr":"trier des parties de carcasses dans des chambres froides","hu":"hűtőtermekben tetemek levágott részeit válogatja","sk":"triediť narezané časti jatočných tiel v chladiarenských oddeleniach","sl":"razvrščati razrezane dele trupov v hladilnice","ga":"codanna gearrtha de chonablaigh a shórtáil laistigh d'urranna fuaraithe","sv":"sortera styckat kött i kylrum","mt":"tislit tal-qatgħat tal-karkassi fil-kompartimenti tat-tkessiħ","el":"ταξινόμηση των κομμένων μερών των σφαγίων στο εσωτερικό των θαλάμων ψύξης","en":"sort cut parts of carcasses inside cooling compartments","is":"flokkar skorna skrokksparta í kælingarklefa","it":"posizionare parti di carcasse in celle frigorifere","es":"colocar las partes de las canales en cámaras de refrigeración","et":"rümpade lõigatud osi jahutusruumis sortima","cs":"třídit nařezané části mrtvých těl zvířat uvnitř chladicích prostorů","ar":"يفرز الأجزاء المقطوعة من الذبائح في حجرات بريد","pl":"sortować części tusz w pomieszczeniach chłodniczych","da":"sortere udskæringer af slagtekroppe i kølerum","ro":"sortează părți ale carcaselor în interiorul camerei frigorifice","nl":"gesneden karkasdelen in koelcellen sorteren"},"alternativeLabel":{"en":["catalogue cut parts of carcasses inside cooling compartments","categorise cut parts of carcasses inside cooling compartments","sort cut parts of a carcass inside a cooling compartment","separate cut parts of carcasses inside cooling compartments","sort cut parts of carcasses inside a cooling compartment","arrange cut parts of carcasses inside cooling compartments","sorting cut parts of carcasses inside cooling compartments"],"hu":["hűtőtermekben tetemek levágott részeit szortírozza"],"es":["separar las partes de las canales en cámaras de refrigeración","almacenar las partes de las canales en cámaras de refrigeración","disponer las partes de las canales en cámaras de refrigeración"]},"description":{"en-us":{"literal":"Place the different parts of the carcass resulting from deboning and cutting in cooling rooms. Sort the body parts and follow classifications codes according to the type of meat, part of the carcass, and other considerations in specified containers.","mimetype":"plain/text"},"en":{"literal":"Place the different parts of the carcass resulting from deboning and cutting in cooling rooms. Sort the body parts and follow classifications codes according to the type of meat, part of the carcass, and other considerations in specified containers.","mimetype":"plain/text"}},"status":"released","_links":{"self":{"href":"https://ec.europa.eu/esco/api/resource/skill?uri=http://data.europa.eu/esco/skill/e4b192b7-ce8a-4107-b580-fce9728d7978&language=en","uri":"http://data.europa.eu/esco/skill/e4b192b7-ce8a-4107-b580-fce9728d7978","title":"sort cut parts of carcasses inside cooling compartments"},"isTopConceptInScheme":[{"href":"https://ec.europa.eu/esco/api/resource/taxonomy?uri=http://data.europa.eu/esco/concept-scheme/member-skills&language=en","uri":"http://data.europa.eu/esco/concept-scheme/member-skills","title":"ESCO member skills"},{"href":"https://ec.europa.eu/esco/api/resource/taxonomy?uri=http://data.europa.eu/esco/concept-scheme/skills&language=en","uri":"http://data.europa.eu/esco/concept-scheme/skills","title":"ESCO skills"}],"isInScheme":[{"href":"https://ec.europa.eu/esco/api/resource/taxonomy?uri=http://data.europa.eu/esco/concept-scheme/member-skills&language=en","uri":"http://data.europa.eu/esco/concept-scheme/member-skills","title":"ESCO member skills"},{"href":"https://ec.europa.eu/esco/api/resource/taxonomy?uri=http://data.europa.eu/esco/concept-scheme/skills&language=en","uri":"http://data.europa.eu/esco/concept-scheme/skills","title":"ESCO skills"}],"hasSkillType":[{"href":"https://ec.europa.eu/esco/api/resource/concept?uri=http://data.europa.eu/esco/skill-type/skill&language=en","uri":"http://data.europa.eu/esco/skill-type/skill","title":"skill"}],"hasReuseLevel":[{"href":"https://ec.europa.eu/esco/api/resource/concept?uri=http://data.europa.eu/esco/skill-reuse-level/occupation-specific&language=en","uri":"http://data.europa.eu/esco/skill-reuse-level/occupation-specific","title":"occupation specific skills and competences","code":"Level 4"}],"isEssentialForOccupation":[{"href":"https://ec.europa.eu/esco/api/resource/occupation?uri=http://data.europa.eu/esco/occupation/05f6eaeb-b285-46bd-a44a-225bd429e329&language=en","uri":"http://data.europa.eu/esco/occupation/05f6eaeb-b285-46bd-a44a-225bd429e329","title":"meat cutter"}]},"_embedded":{}},{"className":"Skill","classId":"http://data.europa.eu/esco/model#Skill","uri":"http://data.europa.eu/esco/skill/2b3edcd9-766d-41bb-8102-942183b7c675","title":"process timber using hand-fed machinery","referenceLanguage":["en"],"preferredLabel":{"no":"behandle tømmer ved hjelp av håndmatet maskineri","de":"Nutzholz mit Maschinen mit Handvorschub verarbeiten","fi":"käsitellä puutavaraa käsikäyttöisillä koneilla","en-us":"process lumber  using hand-fed machinery","pt":"transformar madeira utilizando máquinas de alimentação manual","bg":"обработване на дървен материал с машини с ръчно подаване на материала","lt":"apdirbti medieną naudojant rankinės pastūmos mašinas","hr":"obrađivati drvo strojevima s manualnim punjenjem","lv":"apstrādāt kokmateriālus, izmantojot ar roku darbināmus mehānismus","fr":"transformer du bois à l’aide d’outils manuels","hu":"kézi táplálású berendezéssel faanyagot dolgoz fel","sk":"spracovať drevo pomocou ručne ovládaných strojov","sl":"obdelovati les s stroji z ročnim podajanjem","ga":"adhmad a phróiseáil trí innealra láimhe a úsáid","sv":"bearbeta virke med handmatade maskiner","mt":"ipproċessar tal-injam bil-makkinarju tal-idejn","el":"επεξεργασία ξυλείας με χειροκίνητα μηχανήματα","en":"process timber using hand-fed machinery","is":"meðhöndlar timbur með handmötuðum vélum","it":"trasformare il legname usando macchine manuali","es":"procesar madera con herramientas manuales","et":"käsitsisöötmisega masina abil puitu töötlema","cs":"zpracovávat dřevo pomocí strojů s ručním podáváním","ar":"يعالج الأخشاب باستخدام آلات التلقيم اليدوي","pl":"poddawać drewno obróbce przy użyciu sprzętu ręcznego","da":"håndtere tømmer med manuelt betjente maskiner","ro":"prelucrează materialul lemnos cu ajutorul utilajelor cu avans manual","nl":"hout verwerken met behulp van machines met handtoevoer"},"alternativeLabel":{"en":["timber processing using hand-fed machinery","hand-fed machinery using to process timber","using hand-fed machinery to process timber","processing timber using hand-fed machinery","use hand-fed machinery to process timber"],"ro":["prelucrează materialul lemnos cu ajutorul utilajelor alimentate manual"],"es":["tallar madera con herramientas manuales","cortar madera con herramientas manuales","serruchar madera con herramientas manuales"]},"description":{"en-us":{"literal":"Use hand-fed machinery for lumber processing. Saw with a mobile saw bench, mechanically process firewood, split stakes, and use pointing machines, peelers and wood chippers.","mimetype":"plain/text"},"en":{"literal":"Use hand-fed machinery for timber processing. Saw with a mobile saw bench, mechanically process firewood, split stakes, and use pointing machines, peelers and wood chippers.","mimetype":"plain/text"}},"status":"released","_links":{"self":{"href":"https://ec.europa.eu/esco/api/resource/skill?uri=http://data.europa.eu/esco/skill/2b3edcd9-766d-41bb-8102-942183b7c675&language=en","uri":"http://data.europa.eu/esco/skill/2b3edcd9-766d-41bb-8102-942183b7c675","title":"process timber using hand-fed machinery"},"isTopConceptInScheme":[{"href":"https://ec.europa.eu/esco/api/resource/taxonomy?uri=http://data.europa.eu/esco/concept-scheme/member-skills&language=en","uri":"http://data.europa.eu/esco/concept-scheme/member-skills","title":"ESCO member skills"},{"href":"https://ec.europa.eu/esco/api/resource/taxonomy?uri=http://data.europa.eu/esco/concept-scheme/skills&language=en","uri":"http://data.europa.eu/esco/concept-scheme/skills","title":"ESCO skills"}],"isInScheme":[{"href":"https://ec.europa.eu/esco/api/resource/taxonomy?uri=http://data.europa.eu/esco/concept-scheme/member-skills&language=en","uri":"http://data.europa.eu/esco/concept-scheme/member-skills","title":"ESCO member skills"},{"href":"https://ec.europa.eu/esco/api/resource/taxonomy?uri=http://data.europa.eu/esco/concept-scheme/skills&language=en","uri":"http://data.europa.eu/esco/concept-scheme/skills","title":"ESCO skills"}],"hasSkillType":[{"href":"https://ec.europa.eu/esco/api/resource/concept?uri=http://data.europa.eu/esco/skill-type/skill&language=en","uri":"http://data.europa.eu/esco/skill-type/skill","title":"skill"}],"hasReuseLevel":[{"href":"https://ec.europa.eu/esco/api/resource/concept?uri=http://data.europa.eu/esco/skill-reuse-level/sector-specific&language=en","uri":"http://data.europa.eu/esco/skill-reuse-level/sector-specific","title":"sector specific skills and competences","code":"Level 3"}],"isEssentialForOccupation":[{"href":"https://ec.europa.eu/esco/api/resource/occupation?uri=http://data.europa.eu/esco/occupation/699057b7-7aeb-4b5c-bb90-01d935ff32c1&language=en","uri":"http://data.europa.eu/esco/occupation/699057b7-7aeb-4b5c-bb90-01d935ff32c1","title":"forestry equipment operator"}],"isOptionalForOccupation":[{"href":"https://ec.europa.eu/esco/api/resource/occupation?uri=http://data.europa.eu/esco/occupation/976c739f-fec7-45c2-b12e-e1b496aa816b&language=en","uri":"http://data.europa.eu/esco/occupation/976c739f-fec7-45c2-b12e-e1b496aa816b","title":"chipper operator"},{"href":"https://ec.europa.eu/esco/api/resource/occupation?uri=http://data.europa.eu/esco/occupation/5e5522c5-4b09-4586-a8f0-3b6d66d99969&language=en","uri":"http://data.europa.eu/esco/occupation/5e5522c5-4b09-4586-a8f0-3b6d66d99969","title":"debarker operator"}]},"_embedded":{}},{"className":"Skill","classId":"http://data.europa.eu/esco/model#Skill","uri":"http://data.europa.eu/esco/skill/74a5e7dd-a07c-4ad7-9fbb-23ef2ec18d3c","title":"nail floor boards","referenceLanguage":["en"],"preferredLabel":{"no":"spikre gulvplanker","de":"Bodendielen nageln","en-us":"nail floor boards","fi":"naulata lattialautoja","pt":"pregar tábuas de soalho","bg":"заковаване на первази между под и стена","lt":"prikalti grindų lentas","lv":"naglot grīdas dēļus","hr":"zabijati podne ploče","fr":"clouer un plancher","hu":"padlódeszkát szegez le","sk":"priklincovať podlahové dosky","sl":"pribijati talne deske","ga":"cláir urláir a thairneáil","sv":"spika fast golvbrädor","el":"κάρφωμα σανίδων δαπέδου","mt":"tismir tal-bords tal-art","en":"nail floor boards","is":"neglar gólfborð","it":"inchiodare le tavole di pavimentazione","es":"clavar tarimas de suelo","et":"põrandalaudu naelutama","cs":"přibíjet podlahové desky","ar":"يثبت ألواح الأرضية بالمسامير","pl":"przybijać panele podłogowe gwoździami","ro":"bate în cuie plăcile de parchet","da":"sømme gulvbrædder fast","nl":"vloerplaten vastnagelen"},"alternativeLabel":{"de":["Bodendielen festnageln"],"sv":["spika fast golvplankor","spika fast golvtiljor"],"en":["use of brad nails","nailing of floorboards","using brad nails","floor board nailing","nailing of floor boards","nailing floorboards","use brad nails","floorboard nailing","nailing floor boards"],"es":["clavar planchas para revestimiento de suelos","colocar tablas de entarimado","colocar suelo de tarima","clavar tablas de tillado"],"nl":["vloerplanken vastnagelen"]},"description":{"en-us":{"literal":"Nail floor boards using traditional flat bard nails.","mimetype":"plain/text"},"en":{"literal":"Nail floor boards using traditional flat bard nails.","mimetype":"plain/text"}},"status":"released","_links":{"self":{"href":"https://ec.europa.eu/esco/api/resource/skill?uri=http://data.europa.eu/esco/skill/74a5e7dd-a07c-4ad7-9fbb-23ef2ec18d3c&language=en","uri":"http://data.europa.eu/esco/skill/74a5e7dd-a07c-4ad7-9fbb-23ef2ec18d3c","title":"nail floor boards"},"isTopConceptInScheme":[{"href":"https://ec.europa.eu/esco/api/resource/taxonomy?uri=http://data.europa.eu/esco/concept-scheme/skills&language=en","uri":"http://data.europa.eu/esco/concept-scheme/skills","title":"ESCO skills"},{"href":"https://ec.europa.eu/esco/api/resource/taxonomy?uri=http://data.europa.eu/esco/concept-scheme/member-skills&language=en","uri":"http://data.europa.eu/esco/concept-scheme/member-skills","title":"ESCO member skills"}],"isInScheme":[{"href":"https://ec.europa.eu/esco/api/resource/taxonomy?uri=http://data.europa.eu/esco/concept-scheme/skills&language=en","uri":"http://data.europa.eu/esco/concept-scheme/skills","title":"ESCO skills"},{"href":"https://ec.europa.eu/esco/api/resource/taxonomy?uri=http://data.europa.eu/esco/concept-scheme/member-skills&language=en","uri":"http://data.europa.eu/esco/concept-scheme/member-skills","title":"ESCO member skills"}],"hasSkillType":[{"href":"https://ec.europa.eu/esco/api/resource/concept?uri=http://data.europa.eu/esco/skill-type/skill&language=en","uri":"http://data.europa.eu/esco/skill-type/skill","title":"skill"}],"hasReuseLevel":[{"href":"https://ec.europa.eu/esco/api/resource/concept?uri=http://data.europa.eu/esco/skill-reuse-level/occupation-specific&language=en","uri":"http://data.europa.eu/esco/skill-reuse-level/occupation-specific","title":"occupation specific skills and competences","code":"Level 4"}],"isOptionalForOccupation":[{"href":"https://ec.europa.eu/esco/api/resource/occupation?uri=http://data.europa.eu/esco/occupation/4f1bb8b4-3fff-4e68-b427-8c892534a181&language=en","uri":"http://data.europa.eu/esco/occupation/4f1bb8b4-3fff-4e68-b427-8c892534a181","title":"hardwood floor layer"}]},"_embedded":{}},{"className":"Skill","classId":"http://data.europa.eu/esco/model#Skill","uri":"http://data.europa.eu/esco/skill/43429ca9-c787-49dc-a082-8baae817fd2d","title":"embalm bodies","referenceLanguage":["en"],"preferredLabel":{"de":"Leichen einbalsamieren","no":"balsamere kropper","en-us":"embalm bodies","fi":"balsamoida vainajia","pt":"embalsamar cadáveres","bg":"балсамиране на покойници","lt":"balzamuoti palaikus","hr":"balzamirati tijela","lv":"sagatavot nelaiķus bērēm","fr":"embaumer des corps","hu":"holttesteket balzsamoz","sk":"balzamovať telá","sl":"balzamirati trupla","ga":"corpáin a bhalsamú","sv":"balsamera döda kroppar","mt":"ibbalzmar tal-iġsma","el":"ταρίχευση αποθανόντων","en":"embalm bodies","is":"smyr lík","it":"imbalsamare i corpi","es":"embalsamar cadáveres","et":"surnuid palsameerima","cs":"balzamovat těla","ar":"يحنط الجثث","pl":"balsamować zwłoki","ro":"îmbălsămează corpuri","da":"balsamere afdøde","nl":"lichamen balsemen"},"alternativeLabel":{"fi":["palsamoida vainajia"],"en":["embalming bodies","embalm diseased","get corpses ready","embalm corpses","preserve bodies","embalm body","prepare bodies"]},"description":{"en-us":{"literal":"Prepare bodies for funeral ceremonies, by cleaning and disinfecting them, using make-up to create the impression of a natural appearance and hiding or correcting any visible damages or injuries.","mimetype":"plain/text"},"en":{"literal":"Prepare bodies for funeral ceremonies, by cleaning and disinfecting them, using make-up to create the impression of a natural appearance and hiding or correcting any visible damages or injuries.","mimetype":"plain/text"}},"status":"released","_links":{"self":{"href":"https://ec.europa.eu/esco/api/resource/skill?uri=http://data.europa.eu/esco/skill/43429ca9-c787-49dc-a082-8baae817fd2d&language=en","uri":"http://data.europa.eu/esco/skill/43429ca9-c787-49dc-a082-8baae817fd2d","title":"embalm bodies"},"isTopConceptInScheme":[{"href":"https://ec.europa.eu/esco/api/resource/taxonomy?uri=http://data.europa.eu/esco/concept-scheme/member-skills&language=en","uri":"http://data.europa.eu/esco/concept-scheme/member-skills","title":"ESCO member skills"},{"href":"https://ec.europa.eu/esco/api/resource/taxonomy?uri=http://data.europa.eu/esco/concept-scheme/skills&language=en","uri":"http://data.europa.eu/esco/concept-scheme/skills","title":"ESCO skills"}],"isInScheme":[{"href":"https://ec.europa.eu/esco/api/resource/taxonomy?uri=http://data.europa.eu/esco/concept-scheme/member-skills&language=en","uri":"http://data.europa.eu/esco/concept-scheme/member-skills","title":"ESCO member skills"},{"href":"https://ec.europa.eu/esco/api/resource/taxonomy?uri=http://data.europa.eu/esco/concept-scheme/skills&language=en","uri":"http://data.europa.eu/esco/concept-scheme/skills","title":"ESCO skills"}],"hasSkillType":[{"href":"https://ec.europa.eu/esco/api/resource/concept?uri=http://data.europa.eu/esco/skill-type/skill&language=en","uri":"http://data.europa.eu/esco/skill-type/skill","title":"skill"}],"hasReuseLevel":[{"href":"https://ec.europa.eu/esco/api/resource/concept?uri=http://data.europa.eu/esco/skill-reuse-level/sector-specific&language=en","uri":"http://data.europa.eu/esco/skill-reuse-level/sector-specific","title":"sector specific skills and competences","code":"Level 3"}],"isEssentialForOccupation":[{"href":"https://ec.europa.eu/esco/api/resource/occupation?uri=http://data.europa.eu/esco/occupation/dc34c345-caf9-4ab7-b496-e18a572194ba&language=en","uri":"http://data.europa.eu/esco/occupation/dc34c345-caf9-4ab7-b496-e18a572194ba","title":"embalmer"}],"isOptionalForOccupation":[{"href":"https://ec.europa.eu/esco/api/resource/occupation?uri=http://data.europa.eu/esco/occupation/857ed740-f4ae-43d0-8295-d6181f1d7eed&language=en","uri":"http://data.europa.eu/esco/occupation/857ed740-f4ae-43d0-8295-d6181f1d7eed","title":"funeral services director"}]},"_embedded":{}},{"className":"Skill","classId":"http://data.europa.eu/esco/model#Skill","uri":"http://data.europa.eu/esco/skill/4417fc7d-e189-4c35-bbc0-f57725a8dab4","title":"label belts","referenceLanguage":["en"],"preferredLabel":{"no":"etikettbånd","de":"Riemen markieren","en-us":"label belts","fi":"merkitä hihnat","pt":"rotular correias","bg":"етикетиране на ремъци","lt":"ženklinti diržus","lv":"marķēt siksnas","hr":"označavati remene","fr":"étiqueter des courroies","hu":"felcímkézi a szíjakat","sk":"označiť remene","sl":"označevati jermene","ga":"criosanna a lipéadú","sv":"märka remmar","el":"επισήμανση ιμάντων","mt":"ittikkettar taċ-ċineg","en":"label belts","is":"setur merki á belti","it":"etichettare le cinghie","es":"identificar correas","et":"rihmasid sildistama","cs":"označit řemeny","ar":"يوسم الأحزمة","pl":"etykietować taśmy","da":"afmærke remme","ro":"etichetează curele","nl":"riemen etiketteren"},"alternativeLabel":{"de":["Riemen kennzeichnen"],"en":["belts labelling","labelling belts","apply identification band","applying identification band","belt labelling","identification band applying"],"nl":["riemen labelen"],"es":["etiquetar cintas"]},"description":{"en-us":{"literal":"Label each belt with the specific identification band.","mimetype":"plain/text"},"en":{"literal":"Label each belt with the specific identification band.","mimetype":"plain/text"}},"status":"released","_links":{"self":{"href":"https://ec.europa.eu/esco/api/resource/skill?uri=http://data.europa.eu/esco/skill/4417fc7d-e189-4c35-bbc0-f57725a8dab4&language=en","uri":"http://data.europa.eu/esco/skill/4417fc7d-e189-4c35-bbc0-f57725a8dab4","title":"label belts"},"isTopConceptInScheme":[{"href":"https://ec.europa.eu/esco/api/resource/taxonomy?uri=http://data.europa.eu/esco/concept-scheme/member-skills&language=en","uri":"http://data.europa.eu/esco/concept-scheme/member-skills","title":"ESCO member skills"},{"href":"https://ec.europa.eu/esco/api/resource/taxonomy?uri=http://data.europa.eu/esco/concept-scheme/skills&language=en","uri":"http://data.europa.eu/esco/concept-scheme/skills","title":"ESCO skills"}],"isInScheme":[{"href":"https://ec.europa.eu/esco/api/resource/taxonomy?uri=http://data.europa.eu/esco/concept-scheme/member-skills&language=en","uri":"http://data.europa.eu/esco/concept-scheme/member-skills","title":"ESCO member skills"},{"href":"https://ec.europa.eu/esco/api/resource/taxonomy?uri=http://data.europa.eu/esco/concept-scheme/skills&language=en","uri":"http://data.europa.eu/esco/concept-scheme/skills","title":"ESCO skills"}],"hasSkillType":[{"href":"https://ec.europa.eu/esco/api/resource/concept?uri=http://data.europa.eu/esco/skill-type/skill&language=en","uri":"http://data.europa.eu/esco/skill-type/skill","title":"skill"}],"hasReuseLevel":[{"href":"https://ec.europa.eu/esco/api/resource/concept?uri=http://data.europa.eu/esco/skill-reuse-level/occupation-specific&language=en","uri":"http://data.europa.eu/esco/skill-reuse-level/occupation-specific","title":"occupation specific skills and competences","code":"Level 4"}],"isEssentialForOccupation":[{"href":"https://ec.europa.eu/esco/api/resource/occupation?uri=http://data.europa.eu/esco/occupation/e80cee57-3672-4aaf-8ca7-53b90771c364&language=en","uri":"http://data.europa.eu/esco/occupation/e80cee57-3672-4aaf-8ca7-53b90771c364","title":"V-belt coverer"}]},"_embedded":{}}]}}