{"total":8196,"offset":273,"limit":20,"language":"en","uri":"http://data.europa.eu/esco/concept-scheme/skills","relation":"hasTopConcept","_links":{"self":{"href":"https://ec.europa.eu/esco/api/resource/related?uri=http://data.europa.eu/esco/concept-scheme/skills&relation=hasTopConcept&limit=20&offset=273&language=en&full=true"},"prev":{"href":"https://ec.europa.eu/esco/api/resource/related?uri=http://data.europa.eu/esco/concept-scheme/skills&relation=hasTopConcept&limit=20&offset=272&language=en&full=true"},"next":{"href":"https://ec.europa.eu/esco/api/resource/related?uri=http://data.europa.eu/esco/concept-scheme/skills&relation=hasTopConcept&limit=20&offset=274&language=en&full=true"}},"_embedded":{"hasTopConcept":[{"className":"Skill","classId":"http://data.europa.eu/esco/model#Skill","uri":"http://data.europa.eu/esco/skill/957598c7-0f63-4fba-9d5a-4babb39fd586","title":"integrate exercise science to the design of the programme","referenceLanguage":["en"],"preferredLabel":{"de":"traingswissenschaftliche Ansätze in die Entwicklung von Übungsprogrammen einbinden","no":"integrere treningsvitenskap i utformingen av programmet","en-us":"integrate exercise science to the design of the program","fi":"suunnitella ohjelma liikuntatieteellisten periaatteiden mukaisesti","pt":"integrar ciências do desporto na elaboração de programas","bg":"интегриране на метод за упражнения в дизайна на програмата","lt":"į programą įtraukti kūno kultūros mokslą","lv":"iekļaut sporta zinātni programmas izstrādē","hr":"uključivati kineziologiju u oblikovanje programa","fr":"intégrer les sciences de l'exercice dans la conception d'un programme","hu":"a testmozgás tudományát beépíti a programtervbe","sk":"začleniť vedy o cvičení do návrhu programu","sl":"povezati znanost o športni vadbi z zasnovo programa","ga":"eolaíocht aclaíochta a chomhtháthú i ndearadh an chláir","sv":"integrera rörelsevetenskap i programutformningen","el":"ενσωμάτωση της επιστήμης της άσκησης στον σχεδιασμό του προγράμματος","mt":"integrazzjoni tax-xjenza tal-eżerċiżżju fid-disinn tal-programmi","en":"integrate exercise science to the design of the programme","is":"samþættir æfingavísindi við hönnun áætlunar","it":"applicare la scienza motoria alla pianificazione del programma di esercizio fisico","es":"integrar las ciencias del ejercicio en el diseño del programa","et":"treeninguteadust programmidisaini integreerima","cs":"začleňovat do koncepce programu vědu o cvičení","ar":"يدمج علوم اللياقة البدنية في إعدادات البرنامج","pl":"włączać  naukowea spekty ćwiczeń fizycznych do projektu programu","da":"integrere viden om øvelser i programmet","ro":"integrează știința educației fizice și sportului în proiectul de program","nl":"sportwetenschappen in het ontwerp van het programma opnemen"},"alternativeLabel":{"en":["integrate science to the design of the exercise programme","integrate kinesiology in the programme","integrate exercise science to the programme design","include exercise science when creating the programme"],"nl":["sportwetenschappen in het ontwerp van het programma integreren"]},"description":{"en-us":{"literal":"\"Design movements and exercises according to the functions of the musculoskeletal system and biomechanical concepts. Develop program according to physiological concepts, the cardio-respiratory and energy systems. \"","mimetype":"plain/text"},"en":{"literal":"Design movements and exercises according to the functions of the musculoskeletal system and biomechanical concepts. Develop programme according to physiological concepts, the cardio-respiratory and energy systems. \n ","mimetype":"plain/text"}},"status":"released","_links":{"self":{"href":"https://ec.europa.eu/esco/api/resource/skill?uri=http://data.europa.eu/esco/skill/957598c7-0f63-4fba-9d5a-4babb39fd586&language=en","uri":"http://data.europa.eu/esco/skill/957598c7-0f63-4fba-9d5a-4babb39fd586","title":"integrate exercise science to the design of the programme"},"isTopConceptInScheme":[{"href":"https://ec.europa.eu/esco/api/resource/taxonomy?uri=http://data.europa.eu/esco/concept-scheme/skills&language=en","uri":"http://data.europa.eu/esco/concept-scheme/skills","title":"ESCO skills"},{"href":"https://ec.europa.eu/esco/api/resource/taxonomy?uri=http://data.europa.eu/esco/concept-scheme/member-skills&language=en","uri":"http://data.europa.eu/esco/concept-scheme/member-skills","title":"ESCO member skills"}],"isInScheme":[{"href":"https://ec.europa.eu/esco/api/resource/taxonomy?uri=http://data.europa.eu/esco/concept-scheme/skills&language=en","uri":"http://data.europa.eu/esco/concept-scheme/skills","title":"ESCO skills"},{"href":"https://ec.europa.eu/esco/api/resource/taxonomy?uri=http://data.europa.eu/esco/concept-scheme/member-skills&language=en","uri":"http://data.europa.eu/esco/concept-scheme/member-skills","title":"ESCO member skills"}],"hasSkillType":[{"href":"https://ec.europa.eu/esco/api/resource/concept?uri=http://data.europa.eu/esco/skill-type/skill&language=en","uri":"http://data.europa.eu/esco/skill-type/skill","title":"skill"}],"hasReuseLevel":[{"href":"https://ec.europa.eu/esco/api/resource/concept?uri=http://data.europa.eu/esco/skill-reuse-level/sector-specific&language=en","uri":"http://data.europa.eu/esco/skill-reuse-level/sector-specific","title":"sector specific skills and competences","code":"Level 3"}],"isEssentialForOccupation":[{"href":"https://ec.europa.eu/esco/api/resource/occupation?uri=http://data.europa.eu/esco/occupation/f7177f79-63e7-4944-8896-044056b62523&language=en","uri":"http://data.europa.eu/esco/occupation/f7177f79-63e7-4944-8896-044056b62523","title":"personal trainer"},{"href":"https://ec.europa.eu/esco/api/resource/occupation?uri=http://data.europa.eu/esco/occupation/c784c2db-e636-429f-8492-3191790a58d7&language=en","uri":"http://data.europa.eu/esco/occupation/c784c2db-e636-429f-8492-3191790a58d7","title":"fitness instructor"},{"href":"https://ec.europa.eu/esco/api/resource/occupation?uri=http://data.europa.eu/esco/occupation/3e6488b6-3ca5-46b9-b380-5cd251d24824&language=en","uri":"http://data.europa.eu/esco/occupation/3e6488b6-3ca5-46b9-b380-5cd251d24824","title":"Pilates teacher"},{"href":"https://ec.europa.eu/esco/api/resource/occupation?uri=http://data.europa.eu/esco/occupation/394bdd9b-3ee8-43a9-b943-442ce146bb21&language=en","uri":"http://data.europa.eu/esco/occupation/394bdd9b-3ee8-43a9-b943-442ce146bb21","title":"sport therapist"}]},"_embedded":{}},{"className":"Skill","classId":"http://data.europa.eu/esco/model#Skill","uri":"http://data.europa.eu/esco/skill/c2c8566a-ad52-4c28-b963-029d36a65111","title":"belay techniques","referenceLanguage":["en"],"preferredLabel":{"de":"Sicherungstechniken beim Klettern","no":"sikringsteknikker","en-us":"belay techniques","fi":"kiipeilyköyden kiinnitystekniikat","pt":"técnicas de segurança na escalada","bg":"техники на осигуряване при катерене","lt":"aukštalipių prisitvirtinimo technikos","hr":"tehnike vezivanja","lv":"drošināšanas metodes","fr":"techniques d'assurage","hu":"rögzítési technikák","sk":"postupy istenia pri lezení","sl":"varovalne tehnike pri plezanju","ga":"teicnící ceangail","sv":"säkringstekniker","el":"τεχνικές πρόσδεσης με σχοινιά σε αναρριχητικές δραστηριότητες","mt":"tekniki tal-irbit proprju","en":"belay techniques","is":"festingartækni","it":"tecniche di assicurazione","es":"técnicas de aseguramiento","et":"kinnitusmeetodid","cs":"techniky jištění","ar":"أساليب التثبيت","pl":"techniki asekuracji","ro":"tehnici de amarare","da":"fastgørelsesteknikker","nl":"zekeringstechnieken"},"alternativeLabel":{"lt":["prisitvirtinimo laipiojant metodai"],"en":["belay methods","belay technique","belaying techniques","belay procedures","belay approaches","belaying technique"],"nl":["verankeringstechnieken"],"et":["kinnitumistehnikad"]},"description":{"en-us":{"literal":"Various methods for safely fastening yourself during (rock) climbing activities using equipment such as carabiners, quickdraws, and harnesses.","mimetype":"plain/text"},"en":{"literal":"Various methods for safely fastening yourself during (rock) climbing activities using equipment such as carabiners, quickdraws, and harnesses.","mimetype":"plain/text"}},"status":"released","_links":{"self":{"href":"https://ec.europa.eu/esco/api/resource/skill?uri=http://data.europa.eu/esco/skill/c2c8566a-ad52-4c28-b963-029d36a65111&language=en","uri":"http://data.europa.eu/esco/skill/c2c8566a-ad52-4c28-b963-029d36a65111","title":"belay techniques"},"isTopConceptInScheme":[{"href":"https://ec.europa.eu/esco/api/resource/taxonomy?uri=http://data.europa.eu/esco/concept-scheme/member-skills&language=en","uri":"http://data.europa.eu/esco/concept-scheme/member-skills","title":"ESCO member skills"},{"href":"https://ec.europa.eu/esco/api/resource/taxonomy?uri=http://data.europa.eu/esco/concept-scheme/skills&language=en","uri":"http://data.europa.eu/esco/concept-scheme/skills","title":"ESCO skills"}],"isInScheme":[{"href":"https://ec.europa.eu/esco/api/resource/taxonomy?uri=http://data.europa.eu/esco/concept-scheme/member-skills&language=en","uri":"http://data.europa.eu/esco/concept-scheme/member-skills","title":"ESCO member skills"},{"href":"https://ec.europa.eu/esco/api/resource/taxonomy?uri=http://data.europa.eu/esco/concept-scheme/skills&language=en","uri":"http://data.europa.eu/esco/concept-scheme/skills","title":"ESCO skills"}],"hasSkillType":[{"href":"https://ec.europa.eu/esco/api/resource/concept?uri=http://data.europa.eu/esco/skill-type/knowledge&language=en","uri":"http://data.europa.eu/esco/skill-type/knowledge","title":"knowledge"}],"hasReuseLevel":[{"href":"https://ec.europa.eu/esco/api/resource/concept?uri=http://data.europa.eu/esco/skill-reuse-level/sector-specific&language=en","uri":"http://data.europa.eu/esco/skill-reuse-level/sector-specific","title":"sector specific skills and competences","code":"Level 3"}],"isOptionalForOccupation":[{"href":"https://ec.europa.eu/esco/api/resource/occupation?uri=http://data.europa.eu/esco/occupation/9703fe09-51fd-4d00-a2a1-99ba809521ac&language=en","uri":"http://data.europa.eu/esco/occupation/9703fe09-51fd-4d00-a2a1-99ba809521ac","title":"sporting and outdoor accessories shop manager"},{"href":"https://ec.europa.eu/esco/api/resource/occupation?uri=http://data.europa.eu/esco/occupation/55af6be8-039a-419c-b278-55b3f7d9ef92&language=en","uri":"http://data.europa.eu/esco/occupation/55af6be8-039a-419c-b278-55b3f7d9ef92","title":"outdoor activities instructor"}]},"_embedded":{}},{"className":"Skill","classId":"http://data.europa.eu/esco/model#Skill","uri":"http://data.europa.eu/esco/skill/6fb5adbb-c52f-4cba-a99d-2dc371dd21cf","title":"manufacture framework sections","referenceLanguage":["en"],"preferredLabel":{"de":"Gerüstteile herstellen","no":"produsere basisprofiler","fi":"valmistaa kehyksen osia","en-us":"manufacture framework sections","pt":"fabricar secções de quadros","bg":"изработване на части от рамка","lt":"gaminti rėmines konstrukcijas","lv":"izgatavot konstrukciju daļas","hr":"proizvoditi dijelove okvira","fr":"fabriquer des sections de cadres","hu":"keretrészeket gyárt","sk":"vyrábať konštrukčné profily","sl":"proizvajati dele okvirjev","ga":"codanna creatlaí a dhéanamh","sv":"tillverka ramverkssektioner","el":"κατασκευή πλαισίων","mt":"manifattura tas-sezzjonijiet tal-oqfsa","en":"manufacture framework sections","is":"framleiðir grindarvirki","it":"produrre sezioni di cornice","es":"fabricar partes de la estructura","et":"raamiosi valmistama","cs":"vyrábět rámy","ar":"يصنع أجزاء الإطارات","pl":"produkować elementy ram","da":"fremstille rammesektioner","ro":"fabrică cadre","nl":"delen van raamwerk produceren"},"alternativeLabel":{"en":["build framework sections","construct framework sections","fabricate framework sections","manufacture a framework section","manufacturing a framework sections","manufacturing framework sections","assemble framework sections"]},"description":{"en-us":{"literal":"Technically able to form framework sections out of wood, metal, fiberglass  and other materials.","mimetype":"plain/text"},"en":{"literal":"Technically able to form framework sections out of wood, metal, fibreglass and other materials.","mimetype":"plain/text"}},"status":"released","_links":{"self":{"href":"https://ec.europa.eu/esco/api/resource/skill?uri=http://data.europa.eu/esco/skill/6fb5adbb-c52f-4cba-a99d-2dc371dd21cf&language=en","uri":"http://data.europa.eu/esco/skill/6fb5adbb-c52f-4cba-a99d-2dc371dd21cf","title":"manufacture framework sections"},"isTopConceptInScheme":[{"href":"https://ec.europa.eu/esco/api/resource/taxonomy?uri=http://data.europa.eu/esco/concept-scheme/skills&language=en","uri":"http://data.europa.eu/esco/concept-scheme/skills","title":"ESCO skills"},{"href":"https://ec.europa.eu/esco/api/resource/taxonomy?uri=http://data.europa.eu/esco/concept-scheme/member-skills&language=en","uri":"http://data.europa.eu/esco/concept-scheme/member-skills","title":"ESCO member skills"}],"isInScheme":[{"href":"https://ec.europa.eu/esco/api/resource/taxonomy?uri=http://data.europa.eu/esco/concept-scheme/skills&language=en","uri":"http://data.europa.eu/esco/concept-scheme/skills","title":"ESCO skills"},{"href":"https://ec.europa.eu/esco/api/resource/taxonomy?uri=http://data.europa.eu/esco/concept-scheme/member-skills&language=en","uri":"http://data.europa.eu/esco/concept-scheme/member-skills","title":"ESCO member skills"}],"hasSkillType":[{"href":"https://ec.europa.eu/esco/api/resource/concept?uri=http://data.europa.eu/esco/skill-type/skill&language=en","uri":"http://data.europa.eu/esco/skill-type/skill","title":"skill"}],"hasReuseLevel":[{"href":"https://ec.europa.eu/esco/api/resource/concept?uri=http://data.europa.eu/esco/skill-reuse-level/occupation-specific&language=en","uri":"http://data.europa.eu/esco/skill-reuse-level/occupation-specific","title":"occupation specific skills and competences","code":"Level 4"}],"isEssentialForOccupation":[{"href":"https://ec.europa.eu/esco/api/resource/occupation?uri=http://data.europa.eu/esco/occupation/5ab842f6-1f75-4d84-bf41-b8a9799347df&language=en","uri":"http://data.europa.eu/esco/occupation/5ab842f6-1f75-4d84-bf41-b8a9799347df","title":"coachbuilder"}]},"_embedded":{}},{"className":"Skill","classId":"http://data.europa.eu/esco/model#Skill","uri":"http://data.europa.eu/esco/skill/08abb0a1-7f42-4017-8748-93d26d3115e3","title":"prepare vehicle trim","referenceLanguage":["en"],"preferredLabel":{"no":"ferdigstille kjøretøyinnredning","de":"Fahrzeugausstattung vorbereiten","en-us":"prepare vehicle trim","fi":"valmistella ajoneuvon lisävarusteet","pt":"preparar o acabamento de veículos","bg":"подготвяне на екстрите на превозно средство","lt":"paruošti transporto priemonių apdailos elementus","lv":"veikt transportlīdzekļu apdari","hr":"pripremati dodatke za vozila","fr":"préparer la garniture d'un véhicule","hu":"gépjármű kiegészítőket készít elő","sk":"pripraviť doplnky na vylepšenie vzhľadu vozidla","sl":"pripraviti dodatke za vozila","ga":"caíonna feithicle a ullmhú","sv":"förbereda arbete med fordonsdekor","el":"προετοιμασία διακοσμητικών στοιχείων οχήματος","mt":"tħejjija tal-iskeċċijiet preliminari tal-vetturi","en":"prepare vehicle trim","is":"undirbýr klæðningu bifreiðar","it":"preparare l'assetto del veicolo","es":"preparar el revestimiento del vehículo","et":"sõiduki dekoori valmistama","cs":"připravovat čalounění vozidla","ar":"يعد زخرفة المركبات","pl":"przygotowywać obramowanie pojazdu","ro":"pregătește activitățile de finisaj al vehiculului","da":"forberede udsmykning af køretøj","nl":"voertuigbekleding voorbereiden"},"alternativeLabel":{"fi":["valmistella ajoneuvon lisävarustelu"],"en":["prepare a vehicle trim","arrange vehicle trim","prepare vehicle trims","provide vehicle trim","plan vehicle trim","preparing a vehicle trim","develop vehicle trim","supply vehicle trim"],"hu":["gépjárműextrákat készít elő"]},"description":{"en-us":{"literal":"Prepare vehicle trim work in accordance with technical drawings and preliminary sketches.","mimetype":"plain/text"},"en":{"literal":"Prepare vehicle trim work in accordance with technical drawings and preliminary sketches.","mimetype":"plain/text"}},"status":"released","_links":{"self":{"href":"https://ec.europa.eu/esco/api/resource/skill?uri=http://data.europa.eu/esco/skill/08abb0a1-7f42-4017-8748-93d26d3115e3&language=en","uri":"http://data.europa.eu/esco/skill/08abb0a1-7f42-4017-8748-93d26d3115e3","title":"prepare vehicle trim"},"isTopConceptInScheme":[{"href":"https://ec.europa.eu/esco/api/resource/taxonomy?uri=http://data.europa.eu/esco/concept-scheme/skills&language=en","uri":"http://data.europa.eu/esco/concept-scheme/skills","title":"ESCO skills"},{"href":"https://ec.europa.eu/esco/api/resource/taxonomy?uri=http://data.europa.eu/esco/concept-scheme/member-skills&language=en","uri":"http://data.europa.eu/esco/concept-scheme/member-skills","title":"ESCO member skills"}],"isInScheme":[{"href":"https://ec.europa.eu/esco/api/resource/taxonomy?uri=http://data.europa.eu/esco/concept-scheme/skills&language=en","uri":"http://data.europa.eu/esco/concept-scheme/skills","title":"ESCO skills"},{"href":"https://ec.europa.eu/esco/api/resource/taxonomy?uri=http://data.europa.eu/esco/concept-scheme/member-skills&language=en","uri":"http://data.europa.eu/esco/concept-scheme/member-skills","title":"ESCO member skills"}],"hasSkillType":[{"href":"https://ec.europa.eu/esco/api/resource/concept?uri=http://data.europa.eu/esco/skill-type/skill&language=en","uri":"http://data.europa.eu/esco/skill-type/skill","title":"skill"}],"hasReuseLevel":[{"href":"https://ec.europa.eu/esco/api/resource/concept?uri=http://data.europa.eu/esco/skill-reuse-level/occupation-specific&language=en","uri":"http://data.europa.eu/esco/skill-reuse-level/occupation-specific","title":"occupation specific skills and competences","code":"Level 4"}],"isEssentialForOccupation":[{"href":"https://ec.europa.eu/esco/api/resource/occupation?uri=http://data.europa.eu/esco/occupation/5ab842f6-1f75-4d84-bf41-b8a9799347df&language=en","uri":"http://data.europa.eu/esco/occupation/5ab842f6-1f75-4d84-bf41-b8a9799347df","title":"coachbuilder"}]},"_embedded":{}},{"className":"Skill","classId":"http://data.europa.eu/esco/model#Skill","uri":"http://data.europa.eu/esco/skill/6ffdcb09-16bc-4480-9ac8-40fdbf915712","title":"put up price tags","referenceLanguage":["en"],"preferredLabel":{"de":"Preisschilder anbringen","no":"sette på prislapper","fi":"laittaa hintalappuja","en-us":"put up price tags","pt":"colocar etiquetas de preços","bg":"поставяне на ценови етикети","lt":"pritvirtinti kainos etiketes","hr":"stavljati cijene","lv":"piestiprināt cenu zīmes","fr":"apposer des étiquettes de prix","hu":"árcímkéket helyez a termékekre","sk":"umiestňovať cenovky","sl":"nameščati etikete s ceno","ga":"praghaslipéid a chur suas","sv":"prismärka varor","el":"επικόλληση ετικετών τιμών","mt":"twaħħil tal-prezzijiet","en":"put up price tags","is":"setur upp verðmerkingar","it":"apporre le etichette dei prezzi","es":"marcar el precio","et":"hinnasilte paigaldama","cs":"opatřovat zboží cenovými štítky","ar":"يضع الملصقات الخاصة بالأسعار","pl":"zamieszczać metki z cenami","ro":"pune etichete cu prețuri","da":"foretage prismærkning","nl":"prijskaartjes ophangen"},"alternativeLabel":{"fi":["hinnoitella tuotteita"],"bg":["поставяне на обозначения за цените"],"sl":["nameščati listke s ceno"],"en":["putting up a price tag","set price tags","install price tags","put up a price tag","place price tags","insert price tags","putting up price tags"],"ro":["atașează etichete cu prețuri"]},"description":{"en-us":{"literal":"Put price tags on products and ensure the prices are correctly displayed.","mimetype":"plain/text"},"en":{"literal":"Put price tags on products and ensure the prices are correctly displayed.","mimetype":"plain/text"}},"status":"released","_links":{"self":{"href":"https://ec.europa.eu/esco/api/resource/skill?uri=http://data.europa.eu/esco/skill/6ffdcb09-16bc-4480-9ac8-40fdbf915712&language=en","uri":"http://data.europa.eu/esco/skill/6ffdcb09-16bc-4480-9ac8-40fdbf915712","title":"put up price tags"},"isTopConceptInScheme":[{"href":"https://ec.europa.eu/esco/api/resource/taxonomy?uri=http://data.europa.eu/esco/concept-scheme/member-skills&language=en","uri":"http://data.europa.eu/esco/concept-scheme/member-skills","title":"ESCO member skills"},{"href":"https://ec.europa.eu/esco/api/resource/taxonomy?uri=http://data.europa.eu/esco/concept-scheme/skills&language=en","uri":"http://data.europa.eu/esco/concept-scheme/skills","title":"ESCO skills"}],"isInScheme":[{"href":"https://ec.europa.eu/esco/api/resource/taxonomy?uri=http://data.europa.eu/esco/concept-scheme/member-skills&language=en","uri":"http://data.europa.eu/esco/concept-scheme/member-skills","title":"ESCO member skills"},{"href":"https://ec.europa.eu/esco/api/resource/taxonomy?uri=http://data.europa.eu/esco/concept-scheme/skills&language=en","uri":"http://data.europa.eu/esco/concept-scheme/skills","title":"ESCO skills"}],"hasSkillType":[{"href":"https://ec.europa.eu/esco/api/resource/concept?uri=http://data.europa.eu/esco/skill-type/skill&language=en","uri":"http://data.europa.eu/esco/skill-type/skill","title":"skill"}],"hasReuseLevel":[{"href":"https://ec.europa.eu/esco/api/resource/concept?uri=http://data.europa.eu/esco/skill-reuse-level/sector-specific&language=en","uri":"http://data.europa.eu/esco/skill-reuse-level/sector-specific","title":"sector specific skills and competences","code":"Level 3"}],"isEssentialForOccupation":[{"href":"https://ec.europa.eu/esco/api/resource/occupation?uri=http://data.europa.eu/esco/occupation/0b15375e-dfdd-4047-9efb-096e0aaee7d2&language=en","uri":"http://data.europa.eu/esco/occupation/0b15375e-dfdd-4047-9efb-096e0aaee7d2","title":"shop assistant"}],"isOptionalForOccupation":[{"href":"https://ec.europa.eu/esco/api/resource/occupation?uri=http://data.europa.eu/esco/occupation/2b871272-bd61-4206-bd1a-0b96d7023098&language=en","uri":"http://data.europa.eu/esco/occupation/2b871272-bd61-4206-bd1a-0b96d7023098","title":"cashier"}]},"_embedded":{}},{"className":"Skill","classId":"http://data.europa.eu/esco/model#Skill","uri":"http://data.europa.eu/esco/skill/83c88276-6eb9-4749-94e5-5155bd475d51","title":"adapt voice register to the audio material","referenceLanguage":["en"],"preferredLabel":{"no":"tilpasse stemmeregister til lydmateriale","de":"Stimmlage an Audiomaterial anpassen","en-us":"adapt voice register to the audio material","fi":"mukauttaa äänialaa äänimateriaaliin sopivaksi","pt":"adaptar o registo de voz ao tipo de material áudio","bg":"адаптиране на гласовия регистър към аудио материала","lt":"pasirinkti tinkamą balso registrą atsižvelgiant į įrašomą garso medžiagą","hr":"prilagoditi registar glasa zvučnom sadržaju","lv":"pielāgot balss reģistru attiecīgajam audiomateriālam","fr":"adapter un enregistrement vocal à un document audio","hu":"a hangregisztert a rögzíteni kívánt hanganyaghoz igazítja","sk":"prispôsobiť hlasový register zvukovému materiálu","sl":"prilagajati register glasu zvočnemu gradivu","ga":"réim gutha a oiriúnú don ábhar fuaime","sv":"anpassa röstläget efter typ av ljudmaterial","el":"προσαρμογή του ύφους της φωνής στο ακουστικό υλικό","mt":"adattar tar-reġistru tal-vuċi mal-materjal tal-awdjo","en":"adapt voice register to the audio material","is":"aðlagar raddskrá að hljóðefni","it":"adattare il registro della voce al materiale audio","es":"adaptar el registro al material de audio","et":"kõnet helimaterjaliga ühildama","cs":"přizpůsobit hlasový rejstřík zvukovému materiálu","ar":"يتولى التكييف بين التسجيل الصوتي والمواد السمعية","pl":"dostosowywać styl głosu do charakteru materiału audio","da":"tilpasse stemmeregister til lydmateriale","ro":"adaptează registrul vocii la materialul audio","nl":"stemregister aan audiomateriaal aanpassen"},"alternativeLabel":{"de":["Stimmregister an Audiomaterial anpassen"],"en":["modify voice register to the audio material","adapt voice to the audio material","adapt voice register to audio","adjust voice register to the audio material","alter voice register to the audio material","adapt voice to audio"],"es":["adaptar el estilo al material de audio","adaptar el registro dependiendo del material de audio","modificar el estilo para ajustarse a cada tipo de material de audio","adaptar el registro de voz dependiendo del material de audio","ajustar el registro al material de audio"]},"description":{"en-us":{"literal":"Adjust the register of the voice depending on the audio materials to be recorded. Adapt the style according to whether the material it is for TV shows, educational purposes, or governmental use.","mimetype":"plain/text"},"en":{"literal":"Adjust the register of the voice depending on the audio materials to be recorded. Adapt the style according to whether the material it is for TV shows, educational purposes, or governmental use.","mimetype":"plain/text"}},"status":"released","_links":{"self":{"href":"https://ec.europa.eu/esco/api/resource/skill?uri=http://data.europa.eu/esco/skill/83c88276-6eb9-4749-94e5-5155bd475d51&language=en","uri":"http://data.europa.eu/esco/skill/83c88276-6eb9-4749-94e5-5155bd475d51","title":"adapt voice register to the audio material"},"isTopConceptInScheme":[{"href":"https://ec.europa.eu/esco/api/resource/taxonomy?uri=http://data.europa.eu/esco/concept-scheme/skills&language=en","uri":"http://data.europa.eu/esco/concept-scheme/skills","title":"ESCO skills"},{"href":"https://ec.europa.eu/esco/api/resource/taxonomy?uri=http://data.europa.eu/esco/concept-scheme/member-skills&language=en","uri":"http://data.europa.eu/esco/concept-scheme/member-skills","title":"ESCO member skills"}],"isInScheme":[{"href":"https://ec.europa.eu/esco/api/resource/taxonomy?uri=http://data.europa.eu/esco/concept-scheme/skills&language=en","uri":"http://data.europa.eu/esco/concept-scheme/skills","title":"ESCO skills"},{"href":"https://ec.europa.eu/esco/api/resource/taxonomy?uri=http://data.europa.eu/esco/concept-scheme/member-skills&language=en","uri":"http://data.europa.eu/esco/concept-scheme/member-skills","title":"ESCO member skills"}],"hasSkillType":[{"href":"https://ec.europa.eu/esco/api/resource/concept?uri=http://data.europa.eu/esco/skill-type/skill&language=en","uri":"http://data.europa.eu/esco/skill-type/skill","title":"skill"}],"hasReuseLevel":[{"href":"https://ec.europa.eu/esco/api/resource/concept?uri=http://data.europa.eu/esco/skill-reuse-level/occupation-specific&language=en","uri":"http://data.europa.eu/esco/skill-reuse-level/occupation-specific","title":"occupation specific skills and competences","code":"Level 4"}],"isOptionalForOccupation":[{"href":"https://ec.europa.eu/esco/api/resource/occupation?uri=http://data.europa.eu/esco/occupation/0dce2f9b-eda5-4dc4-ba74-36eeed8c9a44&language=en","uri":"http://data.europa.eu/esco/occupation/0dce2f9b-eda5-4dc4-ba74-36eeed8c9a44","title":"audio describer"}]},"_embedded":{}},{"className":"Skill","classId":"http://data.europa.eu/esco/model#Skill","uri":"http://data.europa.eu/esco/skill/3aec9466-bb91-478d-aa07-63af2e74b2bd","title":"fit mechanised equipment","referenceLanguage":["en"],"preferredLabel":{"no":"tilpasse mekanisert utstyr","de":"motorgetriebene Gerätschaften anbringen","fi":"sovittaa mekaanisia laitteita","en-us":"fit mechanized equipment","pt":"montar equipamentos mecânicos","bg":"нагаждане на механизирано оборудване","lt":"tvirtinti mechaninę įrangą","hr":"pričvršćivati mehaniziranu opremu","lv":"montēt mehāniskās iekārtas","fr":"ajuster des équipements mécanisés","hu":"helyükre illeszti a mechanikus berendezéseket","sk":"pripevniť mechanizované zariadenia","sl":"namestiti mehanizirano opremo","ga":"trealamh meicnithe a fheistiú","sv":"montera mekanisk utrustning","el":"εγκατάσταση μηχανολογικού εξοπλισμού","mt":"iffittjar tat-tagħmir mekkanizzat","en":"fit mechanised equipment","is":"mátar vélrænan búnað","it":"adattare le attrezzature meccanizzate","es":"instalar equipos mecanizados","et":"müüdavaid seadmeid sobitama","cs":"připevňovat mechanická zařízení","ar":"يلائم المعدات الميكانيكية","pl":"montować urządzenia mechaniczne","da":"montere mekanisk udstyr","ro":"montează echipamente mecanizate","nl":"machinale uitrusting installeren"},"alternativeLabel":{"en":["mechanised equipment fitting","fit mechanical equipment","furnish mechanised equipment","fitting mechanised equipment","make mechanised equipment","fix mechanised equipment","provide mechanised equipment"],"es":["instalar mecanización"]},"description":{"en-us":{"literal":"Fit mechanical equipment such as hoists and winches to various types of car chassis.","mimetype":"plain/text"},"en":{"literal":"Fit mechanical equipment such as hoists and winches to various types of car chassis.","mimetype":"plain/text"}},"status":"released","_links":{"self":{"href":"https://ec.europa.eu/esco/api/resource/skill?uri=http://data.europa.eu/esco/skill/3aec9466-bb91-478d-aa07-63af2e74b2bd&language=en","uri":"http://data.europa.eu/esco/skill/3aec9466-bb91-478d-aa07-63af2e74b2bd","title":"fit mechanised equipment"},"isTopConceptInScheme":[{"href":"https://ec.europa.eu/esco/api/resource/taxonomy?uri=http://data.europa.eu/esco/concept-scheme/skills&language=en","uri":"http://data.europa.eu/esco/concept-scheme/skills","title":"ESCO skills"},{"href":"https://ec.europa.eu/esco/api/resource/taxonomy?uri=http://data.europa.eu/esco/concept-scheme/member-skills&language=en","uri":"http://data.europa.eu/esco/concept-scheme/member-skills","title":"ESCO member skills"}],"isInScheme":[{"href":"https://ec.europa.eu/esco/api/resource/taxonomy?uri=http://data.europa.eu/esco/concept-scheme/skills&language=en","uri":"http://data.europa.eu/esco/concept-scheme/skills","title":"ESCO skills"},{"href":"https://ec.europa.eu/esco/api/resource/taxonomy?uri=http://data.europa.eu/esco/concept-scheme/member-skills&language=en","uri":"http://data.europa.eu/esco/concept-scheme/member-skills","title":"ESCO member skills"}],"hasSkillType":[{"href":"https://ec.europa.eu/esco/api/resource/concept?uri=http://data.europa.eu/esco/skill-type/skill&language=en","uri":"http://data.europa.eu/esco/skill-type/skill","title":"skill"}],"hasReuseLevel":[{"href":"https://ec.europa.eu/esco/api/resource/concept?uri=http://data.europa.eu/esco/skill-reuse-level/cross-sector&language=en","uri":"http://data.europa.eu/esco/skill-reuse-level/cross-sector","title":"cross-sector skills and competences","code":"Level 2"}],"isEssentialForOccupation":[{"href":"https://ec.europa.eu/esco/api/resource/occupation?uri=http://data.europa.eu/esco/occupation/5d009d45-3bb9-4e33-8760-294f59adec8c&language=en","uri":"http://data.europa.eu/esco/occupation/5d009d45-3bb9-4e33-8760-294f59adec8c","title":"electrical mechanic"},{"href":"https://ec.europa.eu/esco/api/resource/occupation?uri=http://data.europa.eu/esco/occupation/5ab842f6-1f75-4d84-bf41-b8a9799347df&language=en","uri":"http://data.europa.eu/esco/occupation/5ab842f6-1f75-4d84-bf41-b8a9799347df","title":"coachbuilder"}]},"_embedded":{}},{"className":"Skill","classId":"http://data.europa.eu/esco/model#Skill","uri":"http://data.europa.eu/esco/skill/c854e889-b666-4011-afcb-1a3080978419","title":"maximise efficiency of crane operations","referenceLanguage":["en"],"preferredLabel":{"no":"maksimere effektiviteten til kranoperasjoner","de":"Effizienz von Kranoperationen maximieren","en-us":"maximize  efficiency of crane operations","fi":"maksimoida nosturitoimintojen tehokkuus","pt":"maximizar a eficiência de operações com gruas","bg":"повишаване на ефективността на крановите дейности","lt":"maksimaliai didinti kranų operacijų veiksmingumą","hr":"poboljšavati učinkovitost rada dizalica","lv":"palielināt celtņu darbības efektivitāti","fr":"maximiser l'efficacité des opérations d'une grue","hu":"maximalizálja a daruval végzett művelek eredményességét","sk":"maximalizovať efektivitu žeriavových činností","sl":"povečevati učinkovitost obratovanja žerjavov","ga":"éifeachtúlacht oibríochtaí craenach a uasmhéadú","sv":"maximera effektiviteten i kranverksamhet","el":"μεγιστοποίηση αποδοτικότητας λειτουργίας γερανών","mt":"massimizzazzjoni tal-effiċjenza tal-operazzjonijiet tal-krejnijiet","en":"maximise efficiency of crane operations","is":"hámarkar hagkvæmni kranaaðgerða","it":"massimizzare l'efficienza delle operazioni della gru","es":"aprovechar al máximo la eficiencia de las operaciones con grúa","et":"kraana töö tõhusust maksimeerima","cs":"maximalizovat efektivitu práce s jeřábem","ar":"يعظم كفاءة عمليات الرافعة","pl":"maksymalizować efektywność działań wykonywanych przy użyciu dźwigu","da":"maksimere effektiviteten af kranoperationer","ro":"optimizează eficiența operațiunilor de ridicare cu macaraua","nl":"efficiëntie van kraanactiviteiten maximaliseren"},"alternativeLabel":{"en":["maximise efficiency of operation of cranes","increase efficiency of crane operations","reduce number of crane operations","maximise effectiveness of crane operations","reduce number of required crane operations","minimise crane operations","minimise number of crane operations","maximise effectiveness of operation of cranes"],"hr":["poboljšavati učinkovitost rada kranova"],"es":["sacar el máximo partido a la eficiencia de las operaciones con grúa","emplear al máximo la eficiencia de las operaciones con grúa"]},"description":{"en-us":{"literal":"minimize crane operations, additional crane movements, or 're-stows' by effectively planning the organizations of containers in vessels. analyze delivery schedules and movements for maximum efficiency, minimum cost, and smooth operations.","mimetype":"plain/text"},"en":{"literal":"Minimise crane operations, additional crane movements, or 're-stows' by effectively planning the organisations of containers in vessels. Analyse delivery schedules and movements for maximum efficiency, minimum cost, and smooth operations.","mimetype":"plain/text"}},"status":"released","_links":{"self":{"href":"https://ec.europa.eu/esco/api/resource/skill?uri=http://data.europa.eu/esco/skill/c854e889-b666-4011-afcb-1a3080978419&language=en","uri":"http://data.europa.eu/esco/skill/c854e889-b666-4011-afcb-1a3080978419","title":"maximise efficiency of crane operations"},"isTopConceptInScheme":[{"href":"https://ec.europa.eu/esco/api/resource/taxonomy?uri=http://data.europa.eu/esco/concept-scheme/member-skills&language=en","uri":"http://data.europa.eu/esco/concept-scheme/member-skills","title":"ESCO member skills"},{"href":"https://ec.europa.eu/esco/api/resource/taxonomy?uri=http://data.europa.eu/esco/concept-scheme/skills&language=en","uri":"http://data.europa.eu/esco/concept-scheme/skills","title":"ESCO skills"}],"isInScheme":[{"href":"https://ec.europa.eu/esco/api/resource/taxonomy?uri=http://data.europa.eu/esco/concept-scheme/member-skills&language=en","uri":"http://data.europa.eu/esco/concept-scheme/member-skills","title":"ESCO member skills"},{"href":"https://ec.europa.eu/esco/api/resource/taxonomy?uri=http://data.europa.eu/esco/concept-scheme/skills&language=en","uri":"http://data.europa.eu/esco/concept-scheme/skills","title":"ESCO skills"}],"hasSkillType":[{"href":"https://ec.europa.eu/esco/api/resource/concept?uri=http://data.europa.eu/esco/skill-type/skill&language=en","uri":"http://data.europa.eu/esco/skill-type/skill","title":"skill"}],"hasReuseLevel":[{"href":"https://ec.europa.eu/esco/api/resource/concept?uri=http://data.europa.eu/esco/skill-reuse-level/sector-specific&language=en","uri":"http://data.europa.eu/esco/skill-reuse-level/sector-specific","title":"sector specific skills and competences","code":"Level 3"}],"isEssentialForOccupation":[{"href":"https://ec.europa.eu/esco/api/resource/occupation?uri=http://data.europa.eu/esco/occupation/260b01cc-7dd6-4584-8863-cae5426819c6&language=en","uri":"http://data.europa.eu/esco/occupation/260b01cc-7dd6-4584-8863-cae5426819c6","title":"ship planner"}],"isOptionalForOccupation":[{"href":"https://ec.europa.eu/esco/api/resource/occupation?uri=http://data.europa.eu/esco/occupation/0f905036-055f-41d9-b292-e3c02617a193&language=en","uri":"http://data.europa.eu/esco/occupation/0f905036-055f-41d9-b292-e3c02617a193","title":"briquetting machine operator"},{"href":"https://ec.europa.eu/esco/api/resource/occupation?uri=http://data.europa.eu/esco/occupation/cb3432f8-bad7-4703-ba66-dc980a4ce4f7&language=en","uri":"http://data.europa.eu/esco/occupation/cb3432f8-bad7-4703-ba66-dc980a4ce4f7","title":"scrap metal operative"},{"href":"https://ec.europa.eu/esco/api/resource/occupation?uri=http://data.europa.eu/esco/occupation/1de948c1-192a-4810-afb7-48548217a912&language=en","uri":"http://data.europa.eu/esco/occupation/1de948c1-192a-4810-afb7-48548217a912","title":"production plant crane operator"}]},"_embedded":{}},{"className":"Skill","classId":"http://data.europa.eu/esco/model#Skill","uri":"http://data.europa.eu/esco/skill/1adec82b-e32b-4acc-bd89-e7d61d387161","title":"record audio materials","referenceLanguage":["en"],"preferredLabel":{"no":"ta opp lydmaterialer","de":"Audiomaterialien aufnehmen","en-us":"record audio materials","fi":"tallentaa äänimateriaalia","pt":"registar materiais áudio","bg":"записване на аудио материали","lt":"įrašyti garso medžiagą","hr":"evidentirati zvučne sadržaje","lv":"veikt audio ierakstus","fr":"enregistrer des documents audio","hu":"hanganyagokat rögzít","sk":"nahrať zvukové materiály","sl":"snemati zvočna gradiva","ga":"ábhair fuaime a thaifeadadh","sv":"spela in audiomaterial","mt":"irrekordjar tal-materjali tal-awdjo","el":"ηχογράφηση ηχητικού υλικού","en":"record audio materials","is":"tekur upp hljóðefni","it":"registrare materiali audio","es":"grabar materiales de audio","et":"helimaterjali salvestama","cs":"zaznamenávat zvukové materiály","ar":"يسجل المواد السمعية","pl":"realizować nagrania audio","da":"registrere audiomaterialer","ro":"înregistrează materiale audio","nl":"audiomateriaal opnemen"},"alternativeLabel":{"bg":["правене на звукозаписи"],"el":["ηχογράφηση ακουστικού βιβλίου"],"en":["record audio","capture audio materials","audio material recording","audio recording"],"hr":["evidentirati audiomaterijale"],"es":["grabar materiales en formato audio","grabar texto en formato audio","grabar texto escrito en audio","grabar audio","grabar texto en audio"]},"description":{"en-us":{"literal":"Record materials such as books, newspapers, and educational materials in audio format. Enhance written texts by adding audio complements or making them otherwise accessible to visually impaired people.","mimetype":"plain/text"},"en":{"literal":"Record materials such as books, newspapers, and educational materials in audio format. Enhance written texts by adding audio complements or making them otherwise accessible to visually impaired people.","mimetype":"plain/text"}},"status":"released","_links":{"self":{"href":"https://ec.europa.eu/esco/api/resource/skill?uri=http://data.europa.eu/esco/skill/1adec82b-e32b-4acc-bd89-e7d61d387161&language=en","uri":"http://data.europa.eu/esco/skill/1adec82b-e32b-4acc-bd89-e7d61d387161","title":"record audio materials"},"isTopConceptInScheme":[{"href":"https://ec.europa.eu/esco/api/resource/taxonomy?uri=http://data.europa.eu/esco/concept-scheme/skills&language=en","uri":"http://data.europa.eu/esco/concept-scheme/skills","title":"ESCO skills"},{"href":"https://ec.europa.eu/esco/api/resource/taxonomy?uri=http://data.europa.eu/esco/concept-scheme/member-skills&language=en","uri":"http://data.europa.eu/esco/concept-scheme/member-skills","title":"ESCO member skills"}],"isInScheme":[{"href":"https://ec.europa.eu/esco/api/resource/taxonomy?uri=http://data.europa.eu/esco/concept-scheme/skills&language=en","uri":"http://data.europa.eu/esco/concept-scheme/skills","title":"ESCO skills"},{"href":"https://ec.europa.eu/esco/api/resource/taxonomy?uri=http://data.europa.eu/esco/concept-scheme/member-skills&language=en","uri":"http://data.europa.eu/esco/concept-scheme/member-skills","title":"ESCO member skills"}],"hasSkillType":[{"href":"https://ec.europa.eu/esco/api/resource/concept?uri=http://data.europa.eu/esco/skill-type/skill&language=en","uri":"http://data.europa.eu/esco/skill-type/skill","title":"skill"}],"hasReuseLevel":[{"href":"https://ec.europa.eu/esco/api/resource/concept?uri=http://data.europa.eu/esco/skill-reuse-level/occupation-specific&language=en","uri":"http://data.europa.eu/esco/skill-reuse-level/occupation-specific","title":"occupation specific skills and competences","code":"Level 4"}],"isOptionalForOccupation":[{"href":"https://ec.europa.eu/esco/api/resource/occupation?uri=http://data.europa.eu/esco/occupation/0dce2f9b-eda5-4dc4-ba74-36eeed8c9a44&language=en","uri":"http://data.europa.eu/esco/occupation/0dce2f9b-eda5-4dc4-ba74-36eeed8c9a44","title":"audio describer"}]},"_embedded":{}},{"className":"Skill","classId":"http://data.europa.eu/esco/model#Skill","uri":"http://data.europa.eu/esco/skill/9f910a4f-6310-4337-a078-a1b4fe643afd","title":"create master models","referenceLanguage":["en"],"preferredLabel":{"no":"lage mastermodeller","de":"Meistermodelle entwerfen","en-us":"create master models","fi":"valmistaa alkuperäismalleja","pt":"criar moldes de borracha","bg":"създаване на калъпи за восъчни отливки","lt":"kurti pagrindinius modelius","lv":"izgatavot veidnes","hr":"izrađivati osnovne kalupe","fr":"créer un modèle-maître","hu":"anyamintákat hoz létre","sk":"vytvárať predlohy modelov","sl":"izdelovati skupne modele","ga":"máistirshamhlacha a chruthú","sv":"tillverka gjutformar","el":"δημιουργία προτύπων","mt":"ħolqien ta’ mudelli ewlenin","en":"create master models","is":"býr til frumgerðir","it":"creare modelli master","es":"fabricar la matriz","et":"mudelvorme valmistama","cs":"vytvořit vzorové modely","ar":"ينشئ نماذج رئيسية","pl":"tworzyć modele wzorcowe","ro":"creează modele-master","da":"udforme mastermodeller","nl":"moedermodellen maken"},"alternativeLabel":{"de":["Master-Modelle entwerfen"],"el":["δημιουργία κύριων προτύπων"],"en":["create a master model","creating master models","make master models","construct master models","build master models","produce master models"],"es":["construir la matriz","crear la matriz"]},"description":{"en-us":{"literal":"Make vulcanized rubber molds that can be used for the lost wax casting process.","mimetype":"plain/text"},"en":{"literal":"Make vulcanised rubber moulds that can be used for the lost wax casting process.","mimetype":"plain/text"}},"status":"released","_links":{"self":{"href":"https://ec.europa.eu/esco/api/resource/skill?uri=http://data.europa.eu/esco/skill/9f910a4f-6310-4337-a078-a1b4fe643afd&language=en","uri":"http://data.europa.eu/esco/skill/9f910a4f-6310-4337-a078-a1b4fe643afd","title":"create master models"},"isTopConceptInScheme":[{"href":"https://ec.europa.eu/esco/api/resource/taxonomy?uri=http://data.europa.eu/esco/concept-scheme/skills&language=en","uri":"http://data.europa.eu/esco/concept-scheme/skills","title":"ESCO skills"},{"href":"https://ec.europa.eu/esco/api/resource/taxonomy?uri=http://data.europa.eu/esco/concept-scheme/member-skills&language=en","uri":"http://data.europa.eu/esco/concept-scheme/member-skills","title":"ESCO member skills"}],"isInScheme":[{"href":"https://ec.europa.eu/esco/api/resource/taxonomy?uri=http://data.europa.eu/esco/concept-scheme/skills&language=en","uri":"http://data.europa.eu/esco/concept-scheme/skills","title":"ESCO skills"},{"href":"https://ec.europa.eu/esco/api/resource/taxonomy?uri=http://data.europa.eu/esco/concept-scheme/member-skills&language=en","uri":"http://data.europa.eu/esco/concept-scheme/member-skills","title":"ESCO member skills"}],"hasSkillType":[{"href":"https://ec.europa.eu/esco/api/resource/concept?uri=http://data.europa.eu/esco/skill-type/skill&language=en","uri":"http://data.europa.eu/esco/skill-type/skill","title":"skill"}],"hasReuseLevel":[{"href":"https://ec.europa.eu/esco/api/resource/concept?uri=http://data.europa.eu/esco/skill-reuse-level/occupation-specific&language=en","uri":"http://data.europa.eu/esco/skill-reuse-level/occupation-specific","title":"occupation specific skills and competences","code":"Level 4"}],"isEssentialForOccupation":[{"href":"https://ec.europa.eu/esco/api/resource/occupation?uri=http://data.europa.eu/esco/occupation/7706342e-c07b-41d3-bc2e-e5c6e96f016f&language=en","uri":"http://data.europa.eu/esco/occupation/7706342e-c07b-41d3-bc2e-e5c6e96f016f","title":"jewellery mounter"}]},"_embedded":{}},{"className":"Skill","classId":"http://data.europa.eu/esco/model#Skill","uri":"http://data.europa.eu/esco/skill/cf1e936b-9689-487e-96e2-1bbb254ac12e","title":"identify health objectives","referenceLanguage":["en"],"preferredLabel":{"no":"identifisere helsemessige mål","de":"gesundheitliche Ziele ermitteln","fi":"tunnistaa terveydellisiä tavoitteita","en-us":"identify health objectives","pt":"identificar objetivos de saúde","bg":"определяне на цели във връзка със здравето","lt":"nustatyti sveikatingumo tikslus","hr":"utvrditi zdravstvene ciljeve","lv":"identificēt veselības mērķus","fr":"déterminer des objectifs sanitaires","hu":"azonosítja az egészségügyi célkitűzéseket","sk":"stanoviť ciele v oblasti zdravia","sl":"opredeliti zdravstvene cilje","ga":"cuspóirí sláinte a shainaithint","sv":"identifiera hälsomål","el":"προσδιορισμός στόχων για την υγεία","mt":"identifikazzjoni tal-għanijiet tas-saħħa","en":"identify health objectives","is":"ber kennsl á heilsumarkmið","it":"definire gli obiettivi di salute","es":"definir objetivos en materia de salud","et":"tervise-eesmärke kindlaks määrama","cs":"zjišťovat zdravotní cíle","ar":"يحدد الأهداف الصحية","pl":"identyfikować cele w zakresie zdrowia","da":"identificere sundhedsmål","ro":"identifică obiectivele în materie de sănătate","nl":"gezondheidsdoelstellingen identificeren"},"alternativeLabel":{"lt":["nustatyti sveikatos tikslus"],"sl":["opredeliti cilje v zvezi z zdravjem"],"en":["establish health goals","identifying health objectives","identify objectives of health","identify customer and health professional objectives"],"nl":["gezondheidsdoelen identificeren"]},"description":{"en-us":{"literal":"Identify the individual motives of the customer and define short, medium and long term fitness goals. Coordinate with health professionals who may be part of the team and advise on exercise interventions.","mimetype":"plain/text"},"en":{"literal":"Identify the individual motives of the customer and define short, medium and long term fitness goals. Coordinate with health professionals who may be part of the team and advise on exercise interventions.","mimetype":"plain/text"}},"status":"released","_links":{"self":{"href":"https://ec.europa.eu/esco/api/resource/skill?uri=http://data.europa.eu/esco/skill/cf1e936b-9689-487e-96e2-1bbb254ac12e&language=en","uri":"http://data.europa.eu/esco/skill/cf1e936b-9689-487e-96e2-1bbb254ac12e","title":"identify health objectives"},"isTopConceptInScheme":[{"href":"https://ec.europa.eu/esco/api/resource/taxonomy?uri=http://data.europa.eu/esco/concept-scheme/member-skills&language=en","uri":"http://data.europa.eu/esco/concept-scheme/member-skills","title":"ESCO member skills"},{"href":"https://ec.europa.eu/esco/api/resource/taxonomy?uri=http://data.europa.eu/esco/concept-scheme/skills&language=en","uri":"http://data.europa.eu/esco/concept-scheme/skills","title":"ESCO skills"}],"isInScheme":[{"href":"https://ec.europa.eu/esco/api/resource/taxonomy?uri=http://data.europa.eu/esco/concept-scheme/member-skills&language=en","uri":"http://data.europa.eu/esco/concept-scheme/member-skills","title":"ESCO member skills"},{"href":"https://ec.europa.eu/esco/api/resource/taxonomy?uri=http://data.europa.eu/esco/concept-scheme/skills&language=en","uri":"http://data.europa.eu/esco/concept-scheme/skills","title":"ESCO skills"}],"hasSkillType":[{"href":"https://ec.europa.eu/esco/api/resource/concept?uri=http://data.europa.eu/esco/skill-type/skill&language=en","uri":"http://data.europa.eu/esco/skill-type/skill","title":"skill"}],"hasReuseLevel":[{"href":"https://ec.europa.eu/esco/api/resource/concept?uri=http://data.europa.eu/esco/skill-reuse-level/occupation-specific&language=en","uri":"http://data.europa.eu/esco/skill-reuse-level/occupation-specific","title":"occupation specific skills and competences","code":"Level 4"}],"isEssentialForOccupation":[{"href":"https://ec.europa.eu/esco/api/resource/occupation?uri=http://data.europa.eu/esco/occupation/394bdd9b-3ee8-43a9-b943-442ce146bb21&language=en","uri":"http://data.europa.eu/esco/occupation/394bdd9b-3ee8-43a9-b943-442ce146bb21","title":"sport therapist"}]},"_embedded":{}},{"className":"Skill","classId":"http://data.europa.eu/esco/model#Skill","uri":"http://data.europa.eu/esco/skill/9e406af9-6561-43ef-9138-e5befeefd856","title":"pack merchandise for gifts","referenceLanguage":["en"],"preferredLabel":{"de":"Waren als Geschenk verpacken","no":"gavepakke varer","en-us":"pack merchandise for gifts","fi":"pakata tuotteita lahjapakettiin","pt":"embrulhar produtos para oferta","bg":"опаковане на стоки за подарък","lt":"supakuoti dovanoti skirtas prekes","hr":"zamatati proizvode kao darove","lv":"iepakot preces dāvanām","fr":"emballer des marchandises dans du papier cadeau","hu":"ajándékcsomagolást készít","sk":"darčekovo baliť tovar","sl":"zavijati blago v darilni papir","ga":"earraí ar díol a phacáil le haghaidh bronntanas","sv":"göra presentinslagning","el":"συσκευασία προϊόντων για δώρα","mt":"ippakkjar tal-merkanzija għar-rigali","en":"pack merchandise for gifts","is":"pakkar vörum fyrir gjafir","it":"eseguire confezioni regalo","es":"empaquetar productos para regalo","et":"kaupu kingitusteks pakkima","cs":"dárkově balit zboží","ar":"يغلّف البضائع للهدايا","pl":"pakować towary przeznaczone na prezenty","ro":"împachetează produsele sub formă de cadouri","da":"pakke varer ind som gaver","nl":"goederen inpakken als geschenk"},"alternativeLabel":{"sv":["slå in varor som presenter"],"fi":["lahjapakata kauppatavaraa"],"en":["bundle merchandise for gifts","packing merchandise for a gift","packing merchandise for gifts","load merchandise for gifts","gather merchandise for gifts","pack merchandise for a gift","stow merchandise for gifts"],"ro":["ambalează produsele sub formă de cadouri","realizează ambalaje pentru cadouri"],"nl":["producten inpakken als cadeau","producten inpakken als geschenk","goederen inpakken als cadeau"],"es":["envolver productos para regalo"]},"description":{"en-us":{"literal":"Gift-wrap merchandise at the customer's request.","mimetype":"plain/text"},"en":{"literal":"Gift-wrap merchandise at the customer's request.","mimetype":"plain/text"}},"status":"released","_links":{"self":{"href":"https://ec.europa.eu/esco/api/resource/skill?uri=http://data.europa.eu/esco/skill/9e406af9-6561-43ef-9138-e5befeefd856&language=en","uri":"http://data.europa.eu/esco/skill/9e406af9-6561-43ef-9138-e5befeefd856","title":"pack merchandise for gifts"},"isTopConceptInScheme":[{"href":"https://ec.europa.eu/esco/api/resource/taxonomy?uri=http://data.europa.eu/esco/concept-scheme/skills&language=en","uri":"http://data.europa.eu/esco/concept-scheme/skills","title":"ESCO skills"},{"href":"https://ec.europa.eu/esco/api/resource/taxonomy?uri=http://data.europa.eu/esco/concept-scheme/member-skills&language=en","uri":"http://data.europa.eu/esco/concept-scheme/member-skills","title":"ESCO member skills"}],"isInScheme":[{"href":"https://ec.europa.eu/esco/api/resource/taxonomy?uri=http://data.europa.eu/esco/concept-scheme/skills&language=en","uri":"http://data.europa.eu/esco/concept-scheme/skills","title":"ESCO skills"},{"href":"https://ec.europa.eu/esco/api/resource/taxonomy?uri=http://data.europa.eu/esco/concept-scheme/member-skills&language=en","uri":"http://data.europa.eu/esco/concept-scheme/member-skills","title":"ESCO member skills"}],"hasSkillType":[{"href":"https://ec.europa.eu/esco/api/resource/concept?uri=http://data.europa.eu/esco/skill-type/skill&language=en","uri":"http://data.europa.eu/esco/skill-type/skill","title":"skill"}],"hasReuseLevel":[{"href":"https://ec.europa.eu/esco/api/resource/concept?uri=http://data.europa.eu/esco/skill-reuse-level/sector-specific&language=en","uri":"http://data.europa.eu/esco/skill-reuse-level/sector-specific","title":"sector specific skills and competences","code":"Level 3"}],"isEssentialForOccupation":[{"href":"https://ec.europa.eu/esco/api/resource/occupation?uri=http://data.europa.eu/esco/occupation/0b15375e-dfdd-4047-9efb-096e0aaee7d2&language=en","uri":"http://data.europa.eu/esco/occupation/0b15375e-dfdd-4047-9efb-096e0aaee7d2","title":"shop assistant"}],"isOptionalForOccupation":[{"href":"https://ec.europa.eu/esco/api/resource/occupation?uri=http://data.europa.eu/esco/occupation/2b871272-bd61-4206-bd1a-0b96d7023098&language=en","uri":"http://data.europa.eu/esco/occupation/2b871272-bd61-4206-bd1a-0b96d7023098","title":"cashier"}]},"_embedded":{}},{"className":"Skill","classId":"http://data.europa.eu/esco/model#Skill","uri":"http://data.europa.eu/esco/skill/8699a823-40d0-40cb-8ecc-92ea8b533d64","title":"operate metal fabricating machines","referenceLanguage":["en"],"preferredLabel":{"de":"Metallverarbeitungsanlagen bedienen","no":"betjene metallfabrikerende maskiner","en-us":"operate metal fabricating machines","fi":"käyttää metallinkäsittelylaitteita","pt":"operar máquinas de fabricação de metais","bg":"боравене с машини за производство на метални части","lt":"valdyti metalo apdorojimo mašinas","hr":"rukovati strojevima za oblikovanje metala","lv":"vadīt metālapstrādes mašīnas","fr":"utiliser des machines de fabrication d’articles en métal","hu":"fémmegmunkáló gépeket működtet","sk":"obsluhovať stroje na obrábanie kovov","sl":"upravljati stroje za izdelavo kovinske galanterije","ga":"meaisíní cumtha miotal a oibriú","sv":"använda maskiner för tillverkning av metallprodukter","mt":"tħaddim tal-magni tal-produzzjoni tal-metall","el":"χειρισμός των μηχανών κατασκευής μεταλλικών αντικειμένων","en":"operate metal fabricating machines","is":"stjórnar fullvinnsluvélum málms","it":"utilizzare macchine per fabbricazioni metalliche","es":"manejar máquinas para procesar metales","et":"metallitöötlusseadmeid juhtima","cs":"obsluhovat stroje na výrobu kovů","ar":"يشغل ماكينات تصنيع المعادن","pl":"obsługiwać maszyny do obróbki metalu","da":"betjene metalfremstillingsmaskiner","ro":"operează utilaje de prelucrare a metalelor","nl":"machines voor metaalproductie bedienen"},"alternativeLabel":{"en":["using fabricating equipment","fabricating equipment utilisation","metal fabricating machine operation","using of fabricating equipment","operating metal fabricating machines","utilisation of fabricating equipment","metal fabricating machines operation","use fabricating equipment","operating of metal fabricating machines","operation of metal fabricating machines"],"es":["operar máquinas para el tratamiento de metales","manipular máquinas para tratamiento metalúrgico"]},"description":{"en-us":{"literal":"Set up and operate fabricating equipment to bend, cut and straighten pieces of metal.","mimetype":"plain/text"},"en":{"literal":"Set up and operate fabricating equipment to bend, cut and straighten pieces of metal.","mimetype":"plain/text"}},"status":"released","_links":{"self":{"href":"https://ec.europa.eu/esco/api/resource/skill?uri=http://data.europa.eu/esco/skill/8699a823-40d0-40cb-8ecc-92ea8b533d64&language=en","uri":"http://data.europa.eu/esco/skill/8699a823-40d0-40cb-8ecc-92ea8b533d64","title":"operate metal fabricating machines"},"isTopConceptInScheme":[{"href":"https://ec.europa.eu/esco/api/resource/taxonomy?uri=http://data.europa.eu/esco/concept-scheme/skills&language=en","uri":"http://data.europa.eu/esco/concept-scheme/skills","title":"ESCO skills"},{"href":"https://ec.europa.eu/esco/api/resource/taxonomy?uri=http://data.europa.eu/esco/concept-scheme/member-skills&language=en","uri":"http://data.europa.eu/esco/concept-scheme/member-skills","title":"ESCO member skills"}],"isInScheme":[{"href":"https://ec.europa.eu/esco/api/resource/taxonomy?uri=http://data.europa.eu/esco/concept-scheme/skills&language=en","uri":"http://data.europa.eu/esco/concept-scheme/skills","title":"ESCO skills"},{"href":"https://ec.europa.eu/esco/api/resource/taxonomy?uri=http://data.europa.eu/esco/concept-scheme/member-skills&language=en","uri":"http://data.europa.eu/esco/concept-scheme/member-skills","title":"ESCO member skills"}],"hasSkillType":[{"href":"https://ec.europa.eu/esco/api/resource/concept?uri=http://data.europa.eu/esco/skill-type/skill&language=en","uri":"http://data.europa.eu/esco/skill-type/skill","title":"skill"}],"hasReuseLevel":[{"href":"https://ec.europa.eu/esco/api/resource/concept?uri=http://data.europa.eu/esco/skill-reuse-level/sector-specific&language=en","uri":"http://data.europa.eu/esco/skill-reuse-level/sector-specific","title":"sector specific skills and competences","code":"Level 3"}],"isEssentialForOccupation":[{"href":"https://ec.europa.eu/esco/api/resource/occupation?uri=http://data.europa.eu/esco/occupation/898f99f7-8c0a-4212-9e58-9ab00379e5ae&language=en","uri":"http://data.europa.eu/esco/occupation/898f99f7-8c0a-4212-9e58-9ab00379e5ae","title":"fitter and turner"},{"href":"https://ec.europa.eu/esco/api/resource/occupation?uri=http://data.europa.eu/esco/occupation/0f905036-055f-41d9-b292-e3c02617a193&language=en","uri":"http://data.europa.eu/esco/occupation/0f905036-055f-41d9-b292-e3c02617a193","title":"briquetting machine operator"},{"href":"https://ec.europa.eu/esco/api/resource/occupation?uri=http://data.europa.eu/esco/occupation/cb3432f8-bad7-4703-ba66-dc980a4ce4f7&language=en","uri":"http://data.europa.eu/esco/occupation/cb3432f8-bad7-4703-ba66-dc980a4ce4f7","title":"scrap metal operative"}],"isOptionalForOccupation":[{"href":"https://ec.europa.eu/esco/api/resource/occupation?uri=http://data.europa.eu/esco/occupation/7db415ec-0437-4a5e-95ea-622ea9f13dd0&language=en","uri":"http://data.europa.eu/esco/occupation/7db415ec-0437-4a5e-95ea-622ea9f13dd0","title":"metal production supervisor"}]},"_embedded":{}},{"className":"Skill","classId":"http://data.europa.eu/esco/model#Skill","uri":"http://data.europa.eu/esco/skill/e37a6dcf-68c8-4afd-a2ca-503bbaa4a140","title":"notify customers on special offers","referenceLanguage":["en"],"preferredLabel":{"no":"varsle kunder om spesielle tilbud","de":"Kunden und Kundinnen über Sonderangebote benachrichtigen","en-us":"notify customers on special offers","fi":"tiedottaa asiakkaille erikoistarjouksista","pt":"notificar os clientes sobre ofertas especiais","bg":"уведомяване на клиентите за специални оферти","lt":"informuoti klientus apie ypatingus pasiūlymus","hr":"obavješćivati kupce o posebnim ponudama","lv":"paziņot klientiem par īpašiem piedāvājumiem","fr":"signaler l’existence d’offres spéciales à des clients","hu":"értesíti a vevőket a rendkívüli ajánlatokról","sk":"informovať zákazníkov o špeciálnych ponukách","sl":"obveščati stranke o posebnih ponudbah","ga":"eolas a thabhairt do chustaiméirí faoi thairiscintí speisialta","sv":"informera kunder om specialerbjudanden","mt":"notifikar lill-klijenti dwar l-offerti speċjali","el":"ενημέρωση πελατών για ειδικές προσφορές","en":"notify customers on special offers","is":"lætur viðskiptavini vita um tilboð","it":"informare i clienti sulle offerte speciali","es":"informar a los clientes sobre las ofertas especiales","et":"kliente eripakkumistest teavitama","cs":"upozorňovat zákazníky na speciální nabídky","ar":"يخطر العملاء بالعروض الخاصة","pl":"powiadamiać klientów o ofertach specjalnych","da":"underrette kunder om specialtilbud","ro":"notifică clienții în legătură cu ofertele speciale","nl":"klanten inlichten over speciale aanbiedingen"},"alternativeLabel":{"fi":["ilmoittaa asiakkaille erikoistarjouksista"],"en":["advise customers on special offers","notify a customers on a special offer","notifying customers on special offers","tell customers on special offers","inform customers on special offers","notify a customer on special offers"]},"description":{"en-us":{"literal":"Notify customers on new promotional actions and special offers.","mimetype":"plain/text"},"en":{"literal":"Notify customers on new promotional actions and special offers.","mimetype":"plain/text"}},"status":"released","_links":{"self":{"href":"https://ec.europa.eu/esco/api/resource/skill?uri=http://data.europa.eu/esco/skill/e37a6dcf-68c8-4afd-a2ca-503bbaa4a140&language=en","uri":"http://data.europa.eu/esco/skill/e37a6dcf-68c8-4afd-a2ca-503bbaa4a140","title":"notify customers on special offers"},"isTopConceptInScheme":[{"href":"https://ec.europa.eu/esco/api/resource/taxonomy?uri=http://data.europa.eu/esco/concept-scheme/member-skills&language=en","uri":"http://data.europa.eu/esco/concept-scheme/member-skills","title":"ESCO member skills"},{"href":"https://ec.europa.eu/esco/api/resource/taxonomy?uri=http://data.europa.eu/esco/concept-scheme/skills&language=en","uri":"http://data.europa.eu/esco/concept-scheme/skills","title":"ESCO skills"}],"isInScheme":[{"href":"https://ec.europa.eu/esco/api/resource/taxonomy?uri=http://data.europa.eu/esco/concept-scheme/member-skills&language=en","uri":"http://data.europa.eu/esco/concept-scheme/member-skills","title":"ESCO member skills"},{"href":"https://ec.europa.eu/esco/api/resource/taxonomy?uri=http://data.europa.eu/esco/concept-scheme/skills&language=en","uri":"http://data.europa.eu/esco/concept-scheme/skills","title":"ESCO skills"}],"hasSkillType":[{"href":"https://ec.europa.eu/esco/api/resource/concept?uri=http://data.europa.eu/esco/skill-type/skill&language=en","uri":"http://data.europa.eu/esco/skill-type/skill","title":"skill"}],"hasReuseLevel":[{"href":"https://ec.europa.eu/esco/api/resource/concept?uri=http://data.europa.eu/esco/skill-reuse-level/sector-specific&language=en","uri":"http://data.europa.eu/esco/skill-reuse-level/sector-specific","title":"sector specific skills and competences","code":"Level 3"}],"isEssentialForOccupation":[{"href":"https://ec.europa.eu/esco/api/resource/occupation?uri=http://data.europa.eu/esco/occupation/0b15375e-dfdd-4047-9efb-096e0aaee7d2&language=en","uri":"http://data.europa.eu/esco/occupation/0b15375e-dfdd-4047-9efb-096e0aaee7d2","title":"shop assistant"}],"isOptionalForOccupation":[{"href":"https://ec.europa.eu/esco/api/resource/occupation?uri=http://data.europa.eu/esco/occupation/b7b75eb6-34bc-462d-b412-eed393cc1397&language=en","uri":"http://data.europa.eu/esco/occupation/b7b75eb6-34bc-462d-b412-eed393cc1397","title":"customer contact centre information clerk"}]},"_embedded":{}},{"className":"Skill","classId":"http://data.europa.eu/esco/model#Skill","uri":"http://data.europa.eu/esco/skill/7d35b31e-a1b2-4f4e-98f1-6f93081aa0f5","title":"perform comprehensive eye examinations","referenceLanguage":["en"],"preferredLabel":{"de":"umfassende Augenuntersuchungen vornehmen","no":"utføre omfattende øyeundersøkelser","en-us":"perform comprehensive eye examinations","fi":"tehdä kokonaisvaltaisia silmäntutkimuksia","pt":"realizar exames completos dos olhos","bg":"извършване на подробни очни прегледи","lt":"atlikti išsamius akių tyrimus","hr":"obavljati sveobuhvatne oftalmološke preglede","lv":"veikt visaptverošus acu izmeklējumus","fr":"réaliser des examens complets des yeux","hu":"átfogó szemvizsgálatokat végez","sk":"perform comprehensive eye examinations","sl":"izvajati celovite preglede oči","ga":"scrúduithe cuimsitheacha súl a dhéanamh","sv":"utföra utförliga ögonundersökningar","el":"διενέργεια ολοκληρωμένων οφθαλμολογικών εξετάσεων","mt":"twettiq tal-eżaminazzjonijiet komprensivi tal-għajnejn","en":"perform comprehensive eye examinations","is":"framkvæmir alhliða augnskoðanir","it":"eseguire gli esami oculari completi","es":"realizar una revisión óptica completa","et":"põhjalikku silmakontrolli teostama","cs":"provádět komplexní vyšetření zraku","ar":"يجري فحوصات شاملة للعين","pl":"przeprowadzać kompleksowe badania oczu","da":"udføre omfattende øjenundersøgelser","ro":"efectuează examinări complete ale ochilor","nl":"uitgebreide oogonderzoeken uitvoeren"},"alternativeLabel":{"en":["perform comprehensive examination of the eye","perform comprehensive eye examination","carry out comprehensive eye examinations","perform comprehensive eye-examinations","execute eye examinations","perform comprehensive examination of the eyes"],"ro":["efectuează examinări oftalmologice complete"],"es":["hacer una revisión óptica completa"],"nl":["grondige oogonderzoeken uitvoeren"]},"description":{"en-us":{"literal":"Undertake comprehensive eye examinations to determine prescription needs or diagnose disease or abnormalities. Some of the methods for this are cover tests, color blindness tests, and pupil dilation.","mimetype":"plain/text"},"en":{"literal":"Undertake comprehensive eye examinations to determine prescription needs or diagnose disease or abnormalities. Some of the methods for this are cover tests, color blindness tests, and pupil dilation.","mimetype":"plain/text"}},"status":"released","_links":{"self":{"href":"https://ec.europa.eu/esco/api/resource/skill?uri=http://data.europa.eu/esco/skill/7d35b31e-a1b2-4f4e-98f1-6f93081aa0f5&language=en","uri":"http://data.europa.eu/esco/skill/7d35b31e-a1b2-4f4e-98f1-6f93081aa0f5","title":"perform comprehensive eye examinations"},"isTopConceptInScheme":[{"href":"https://ec.europa.eu/esco/api/resource/taxonomy?uri=http://data.europa.eu/esco/concept-scheme/member-skills&language=en","uri":"http://data.europa.eu/esco/concept-scheme/member-skills","title":"ESCO member skills"},{"href":"https://ec.europa.eu/esco/api/resource/taxonomy?uri=http://data.europa.eu/esco/concept-scheme/skills&language=en","uri":"http://data.europa.eu/esco/concept-scheme/skills","title":"ESCO skills"}],"isInScheme":[{"href":"https://ec.europa.eu/esco/api/resource/taxonomy?uri=http://data.europa.eu/esco/concept-scheme/member-skills&language=en","uri":"http://data.europa.eu/esco/concept-scheme/member-skills","title":"ESCO member skills"},{"href":"https://ec.europa.eu/esco/api/resource/taxonomy?uri=http://data.europa.eu/esco/concept-scheme/skills&language=en","uri":"http://data.europa.eu/esco/concept-scheme/skills","title":"ESCO skills"}],"hasSkillType":[{"href":"https://ec.europa.eu/esco/api/resource/concept?uri=http://data.europa.eu/esco/skill-type/skill&language=en","uri":"http://data.europa.eu/esco/skill-type/skill","title":"skill"}],"hasReuseLevel":[{"href":"https://ec.europa.eu/esco/api/resource/concept?uri=http://data.europa.eu/esco/skill-reuse-level/occupation-specific&language=en","uri":"http://data.europa.eu/esco/skill-reuse-level/occupation-specific","title":"occupation specific skills and competences","code":"Level 4"}],"isEssentialForOccupation":[{"href":"https://ec.europa.eu/esco/api/resource/occupation?uri=http://data.europa.eu/esco/occupation/bffbe18a-cb8b-4f90-bd87-7505cd3b16f5&language=en","uri":"http://data.europa.eu/esco/occupation/bffbe18a-cb8b-4f90-bd87-7505cd3b16f5","title":"optometrist"}]},"_embedded":{}},{"className":"Skill","classId":"http://data.europa.eu/esco/model#Skill","uri":"http://data.europa.eu/esco/skill/1854ad4a-9789-4596-9a9e-fed7b8a29c50","title":"interact with healthcare suppliers","referenceLanguage":["en"],"preferredLabel":{"de":"mit Lieferanten/Lieferantinnen im Gesundheitswesen umgehen","no":"samhandle med leverandører av helsetjenester","fi":"olla yhteydessä terveydenhuollon välineiden toimittajiin","en-us":"interact with healthcare suppliers","pt":"interagir com os fornecedores de material médico","bg":"поддържане на контакти с доставчици в сферата на здравеопазването","lt":"bendrauti su sveikatos priežiūros produktų tiekėjais","hr":"komunicirati s dobavljačima u području zdravstva","lv":"sadarboties ar veselības aprūpes preču piegādātājiem","fr":"interagir avec les fournisseurs de matériel médical","hu":"kapcsolatot tart az egészségügyi eszközök szállítóival","sk":"interact with healthcare suppliers","sl":"komunicirati z dobavitelji na področju zdravstvenega varstva","ga":"idirghníomhú le soláthraithe cúraim sláinte","sv":"interagera med leverantörer till hälso- och sjukvården","el":"επικοινωνία με προμηθευτές εξοπλισμού υγειονομικών υπηρεσιών","mt":"interazzjoni mal-fornituri tal-kura tas-saħħa","en":"interact with healthcare suppliers","is":"hefur samskipti við birgja í heilbrigðisþjónustu","it":"interagire con i fornitori di assistenza sanitaria","es":"relacionarse con los proveedores de la asistencia sanitaria","et":"tervishoiuvarustuse tarnijatega suhtlema","cs":"komunikovat s dodavateli zdravotnických pomůcek","ar":"يتعامل مع مقدمي الرعاية الصحية","pl":"utrzymywać kontakty z dostawcami w sektorze opieki zdrowotnej","ro":"interacționează cu furnizorii serviciilor de asistență medicală","da":"interagere med leverandører af sundhedspleje","nl":"omgaan met leveranciers van verzorgingsmateriaal"},"alternativeLabel":{"en":["communicate with healthcare suppliers","interact with suppliers of healthcare products","maintain relationships with healthcare suppliers","interact with a healthcare supplier"],"nl":["omgaan met zorgaanbieders"],"es":["colaborar con los proveedores de la asistencia sanitaria"]},"description":{"en-us":{"literal":"Maintain relationships with suppliers who sell healthcare equipment, tools and supplies.","mimetype":"plain/text"},"en":{"literal":"Maintain relationships with suppliers who sell healthcare equipment, tools and supplies.","mimetype":"plain/text"}},"status":"released","_links":{"self":{"href":"https://ec.europa.eu/esco/api/resource/skill?uri=http://data.europa.eu/esco/skill/1854ad4a-9789-4596-9a9e-fed7b8a29c50&language=en","uri":"http://data.europa.eu/esco/skill/1854ad4a-9789-4596-9a9e-fed7b8a29c50","title":"interact with healthcare suppliers"},"isTopConceptInScheme":[{"href":"https://ec.europa.eu/esco/api/resource/taxonomy?uri=http://data.europa.eu/esco/concept-scheme/member-skills&language=en","uri":"http://data.europa.eu/esco/concept-scheme/member-skills","title":"ESCO member skills"},{"href":"https://ec.europa.eu/esco/api/resource/taxonomy?uri=http://data.europa.eu/esco/concept-scheme/skills&language=en","uri":"http://data.europa.eu/esco/concept-scheme/skills","title":"ESCO skills"}],"isInScheme":[{"href":"https://ec.europa.eu/esco/api/resource/taxonomy?uri=http://data.europa.eu/esco/concept-scheme/member-skills&language=en","uri":"http://data.europa.eu/esco/concept-scheme/member-skills","title":"ESCO member skills"},{"href":"https://ec.europa.eu/esco/api/resource/taxonomy?uri=http://data.europa.eu/esco/concept-scheme/skills&language=en","uri":"http://data.europa.eu/esco/concept-scheme/skills","title":"ESCO skills"}],"hasSkillType":[{"href":"https://ec.europa.eu/esco/api/resource/concept?uri=http://data.europa.eu/esco/skill-type/skill&language=en","uri":"http://data.europa.eu/esco/skill-type/skill","title":"skill"}],"hasReuseLevel":[{"href":"https://ec.europa.eu/esco/api/resource/concept?uri=http://data.europa.eu/esco/skill-reuse-level/occupation-specific&language=en","uri":"http://data.europa.eu/esco/skill-reuse-level/occupation-specific","title":"occupation specific skills and competences","code":"Level 4"}],"isEssentialForOccupation":[{"href":"https://ec.europa.eu/esco/api/resource/occupation?uri=http://data.europa.eu/esco/occupation/7639a601-6db0-41ed-9fb0-813d9b8beb05&language=en","uri":"http://data.europa.eu/esco/occupation/7639a601-6db0-41ed-9fb0-813d9b8beb05","title":"radiographer"}]},"_embedded":{}},{"className":"Skill","classId":"http://data.europa.eu/esco/model#Skill","uri":"http://data.europa.eu/esco/skill/8a18f41b-70e2-4a03-986f-95b52d2ca39c","title":"determine visual concepts","referenceLanguage":["en"],"preferredLabel":{"de":"visuelle Konzepte festlegen","no":"bestemme visuelle konsepter","fi":"määritellä visuaaliset konseptit","en-us":"determine visual concepts","pt":"determinar conceitos visuais","bg":"определяне на визуални концепции","lt":"nustatyti vaizdinės raiškos koncepcijas","hr":"određivati vizualne koncepte","lv":"noteikt vizuālās koncepcijas","fr":"définir des concepts visuels","hu":"meghatározza a vizuális koncepciókat","sk":"stanoviť vizuálne koncepcie","sl":"določati vizualne zasnove","ga":"coincheapa amhairc a chinneadh","sv":"fastställa visuella koncept","el":"καθορισμός μεθόδων οπτικής αναπαράστασης","mt":"stabbiliment tal-kunċetti viżivi","en":"determine visual concepts","is":"skilgreinir sjónrænar hugmyndir","it":"definire la visualizzazione di concetti","es":"establecer los conceptos visuales","et":"visuaalseid kontseptsioone määrama","cs":"stanovovat vizualizace konceptů","ar":"يحدد المفاهيم البصرية","pl":"opracowywać koncepcje wizualne","ro":"stabilește conceptele vizuale","da":"fastlægge visuelle koncepter","nl":"visuele concepten vastleggen"},"alternativeLabel":{"lt":["nustatyti vizualines koncepcijas"],"en":["establish the best way to project a concept","think of the best way to convey a visual concept","determine concepts visually","determine a visual concept"]},"description":{"en-us":{"literal":"Determine how best to represent a concept visually.","mimetype":"plain/text"},"en":{"literal":"Determine how best to represent a concept visually.","mimetype":"plain/text"}},"status":"released","_links":{"self":{"href":"https://ec.europa.eu/esco/api/resource/skill?uri=http://data.europa.eu/esco/skill/8a18f41b-70e2-4a03-986f-95b52d2ca39c&language=en","uri":"http://data.europa.eu/esco/skill/8a18f41b-70e2-4a03-986f-95b52d2ca39c","title":"determine visual concepts"},"isTopConceptInScheme":[{"href":"https://ec.europa.eu/esco/api/resource/taxonomy?uri=http://data.europa.eu/esco/concept-scheme/member-skills&language=en","uri":"http://data.europa.eu/esco/concept-scheme/member-skills","title":"ESCO member skills"},{"href":"https://ec.europa.eu/esco/api/resource/taxonomy?uri=http://data.europa.eu/esco/concept-scheme/skills&language=en","uri":"http://data.europa.eu/esco/concept-scheme/skills","title":"ESCO skills"}],"isInScheme":[{"href":"https://ec.europa.eu/esco/api/resource/taxonomy?uri=http://data.europa.eu/esco/concept-scheme/member-skills&language=en","uri":"http://data.europa.eu/esco/concept-scheme/member-skills","title":"ESCO member skills"},{"href":"https://ec.europa.eu/esco/api/resource/taxonomy?uri=http://data.europa.eu/esco/concept-scheme/skills&language=en","uri":"http://data.europa.eu/esco/concept-scheme/skills","title":"ESCO skills"}],"hasSkillType":[{"href":"https://ec.europa.eu/esco/api/resource/concept?uri=http://data.europa.eu/esco/skill-type/skill&language=en","uri":"http://data.europa.eu/esco/skill-type/skill","title":"skill"}],"hasReuseLevel":[{"href":"https://ec.europa.eu/esco/api/resource/concept?uri=http://data.europa.eu/esco/skill-reuse-level/sector-specific&language=en","uri":"http://data.europa.eu/esco/skill-reuse-level/sector-specific","title":"sector specific skills and competences","code":"Level 3"}],"isEssentialForOccupation":[{"href":"https://ec.europa.eu/esco/api/resource/occupation?uri=http://data.europa.eu/esco/occupation/080bce18-066b-4431-90ed-e07608f73fe0&language=en","uri":"http://data.europa.eu/esco/occupation/080bce18-066b-4431-90ed-e07608f73fe0","title":"street artist"},{"href":"https://ec.europa.eu/esco/api/resource/occupation?uri=http://data.europa.eu/esco/occupation/6fed206a-ac4d-492b-a81a-5a3a0f2b67bc&language=en","uri":"http://data.europa.eu/esco/occupation/6fed206a-ac4d-492b-a81a-5a3a0f2b67bc","title":"camera operator"},{"href":"https://ec.europa.eu/esco/api/resource/occupation?uri=http://data.europa.eu/esco/occupation/cb93fd23-1f51-4495-867a-936c1967066b&language=en","uri":"http://data.europa.eu/esco/occupation/cb93fd23-1f51-4495-867a-936c1967066b","title":"art director"},{"href":"https://ec.europa.eu/esco/api/resource/occupation?uri=http://data.europa.eu/esco/occupation/2c8a4b72-21f4-4ab1-9dbd-1cae779211b7&language=en","uri":"http://data.europa.eu/esco/occupation/2c8a4b72-21f4-4ab1-9dbd-1cae779211b7","title":"commercial art gallery manager"}],"isOptionalForOccupation":[{"href":"https://ec.europa.eu/esco/api/resource/occupation?uri=http://data.europa.eu/esco/occupation/7642cbcc-9839-47fb-b2cf-d4bb831d6c93&language=en","uri":"http://data.europa.eu/esco/occupation/7642cbcc-9839-47fb-b2cf-d4bb831d6c93","title":"audio-visual technician"}]},"_embedded":{}},{"className":"Skill","classId":"http://data.europa.eu/esco/model#Skill","uri":"http://data.europa.eu/esco/skill/99814cb0-5f6c-4663-99a4-af28b11d5d2f","title":"healthcare data systems","referenceLanguage":["en"],"preferredLabel":{"de":"Gesundheitsdatensysteme","no":"systemer for helsetjenestedata","fi":"terveydenhuollon tietojärjestelmät","en-us":"healthcare data systems","pt":"sistemas de dados de saúde","bg":"системи за данни в здравеопазването","lt":"sveikatos priežiūros duomenų sistemos","lv":"veselības aprūpes datu sistēmas","hr":"podatkovni sustavi u zdravstvenoj skrbi","fr":"systèmes de données médicales","hu":"egészségügyi adatrendszerek","sk":"dátové systémy zdravotnej starostlivosti","sl":"sistemi podatkov v zdravstvenem varstvu","ga":"córais sonraí cúram sláinte","sv":"vårdinformationssystem","mt":"sistemi tad-dejta tal-kura tas-saħħa","el":"συστήματα δεδομένων υγειονομικής περίθαλψης","en":"healthcare data systems","is":"gagnakerfi í heilbrigðisþjónustu","it":"sistemi di dati dell'assistenza sanitaria","es":"sistemas de información médica","et":"tervishoiu andmesüsteemid","cs":"datové systémy ve zdravotnictví","ar":"أنظمة بيانات الرعاية الصحية","pl":"systemy zarządzania danymi z zakresu opieki zdrowotnej","ro":"sisteme de date în domeniul asistenței medicale","da":"sundhedsdatasystemer","nl":"gegevenssystemen inzake gezondheidszorg"},"alternativeLabel":{"en":["types of healthcare data systems","healthcare data system types","healthcare user data management","healthcare data system","health care data systems"],"es":["gestión de sistemas de información médica","tipos de sistemas de información médica"]},"description":{"en-us":{"literal":"The types of systems that manage and maintain healthcare user data.","mimetype":"plain/text"},"en":{"literal":"The types of systems that manage and maintain healthcare user data.","mimetype":"plain/text"}},"status":"released","_links":{"self":{"href":"https://ec.europa.eu/esco/api/resource/skill?uri=http://data.europa.eu/esco/skill/99814cb0-5f6c-4663-99a4-af28b11d5d2f&language=en","uri":"http://data.europa.eu/esco/skill/99814cb0-5f6c-4663-99a4-af28b11d5d2f","title":"healthcare data systems"},"isTopConceptInScheme":[{"href":"https://ec.europa.eu/esco/api/resource/taxonomy?uri=http://data.europa.eu/esco/concept-scheme/skills&language=en","uri":"http://data.europa.eu/esco/concept-scheme/skills","title":"ESCO skills"},{"href":"https://ec.europa.eu/esco/api/resource/taxonomy?uri=http://data.europa.eu/esco/concept-scheme/member-skills&language=en","uri":"http://data.europa.eu/esco/concept-scheme/member-skills","title":"ESCO member skills"}],"isInScheme":[{"href":"https://ec.europa.eu/esco/api/resource/taxonomy?uri=http://data.europa.eu/esco/concept-scheme/skills&language=en","uri":"http://data.europa.eu/esco/concept-scheme/skills","title":"ESCO skills"},{"href":"https://ec.europa.eu/esco/api/resource/taxonomy?uri=http://data.europa.eu/esco/concept-scheme/member-skills&language=en","uri":"http://data.europa.eu/esco/concept-scheme/member-skills","title":"ESCO member skills"}],"hasSkillType":[{"href":"https://ec.europa.eu/esco/api/resource/concept?uri=http://data.europa.eu/esco/skill-type/knowledge&language=en","uri":"http://data.europa.eu/esco/skill-type/knowledge","title":"knowledge"}],"hasReuseLevel":[{"href":"https://ec.europa.eu/esco/api/resource/concept?uri=http://data.europa.eu/esco/skill-reuse-level/occupation-specific&language=en","uri":"http://data.europa.eu/esco/skill-reuse-level/occupation-specific","title":"occupation specific skills and competences","code":"Level 4"}],"isEssentialForOccupation":[{"href":"https://ec.europa.eu/esco/api/resource/occupation?uri=http://data.europa.eu/esco/occupation/7639a601-6db0-41ed-9fb0-813d9b8beb05&language=en","uri":"http://data.europa.eu/esco/occupation/7639a601-6db0-41ed-9fb0-813d9b8beb05","title":"radiographer"}]},"_embedded":{}},{"className":"Skill","classId":"http://data.europa.eu/esco/model#Skill","uri":"http://data.europa.eu/esco/skill/fb89a5bd-8f5e-43fd-9d08-907bd6d6e344","title":"administer medication for vision problems","referenceLanguage":["en"],"preferredLabel":{"de":"Medikamente für Sehprobleme verabreichen","no":"administrere legemidler for synsproblemer","fi":"annostella lääkkeitä näköongelmiin","en-us":"administer medication for vision problems","pt":"administrar medicamentos para problemas de visão","bg":"прилагане на лекарствени средства при зрителни нарушения","lt":"paskirti vaistus pacientams turintiems regėjimo sutrikimų","lv":"dot zāles redzes traucējumu gadījumos","hr":"davati lijekove za probleme s vidom","fr":"administrer un traitement médicamenteux pour des problèmes de vision","hu":"látásproblémák javítására szolgáló gyógyszert ad be","sk":"administer medication for vision problems","sl":"dajati zdravilo za težave z vidom","ga":"cógas a riar le haghaidh fadhbanna radhairc","sv":"administrera läkemedel mot synproblem","mt":"għoti tal-prodotti mediċinali għall-problemi tal-vista","el":"χορήγηση φαρμάκων για προβλήματα όρασης","en":"administer medication for vision problems","is":"gefur lyf við sjónvandamálum","it":"somministrare i farmaci per problemi di vista","es":"administrar medicamentos para problemas de la vista","et":"nägemisprobleemide korral näidustatud ravimeid patsiendile manustama","cs":"podávat léky na problémy se zrakem","ar":"يعطي الدواء لمشاكل الرؤية","pl":"podawać leki stosowane w leczeniu problemów ze wzrokiem","ro":"administrează medicație pentru probleme de vedere","da":"give medicin for synsproblemer","nl":"geneesmiddelen toedienen voor problemen met het zicht"},"alternativeLabel":{"en":["administer medication for vision problem","control medication for vision problem","direct medication for vision problems","control  medication for vision restrictions","control  medication for vision difficulties","control medication for vision problems","administer medical treatment for vision problems","medicate people with vision problem","control medication for vision limitations"],"nl":["medicatie toedienen voor problemen met het zicht","medicijnen toedienen voor problemen met het zicht"],"es":["suministrar medicamentos para problemas de la vista","administrar medicinas para problemas oculares","administrar medicamentos para problemas oculares"]},"description":{"en-us":{"literal":"Administer medication to patients to aid in the diagnosis of vision problems and prescribe drugs to treat some eye diseases.","mimetype":"plain/text"},"en":{"literal":"Administer medication to patients to aid in the diagnosis of vision problems and prescribe drugs to treat some eye diseases.","mimetype":"plain/text"}},"status":"released","_links":{"self":{"href":"https://ec.europa.eu/esco/api/resource/skill?uri=http://data.europa.eu/esco/skill/fb89a5bd-8f5e-43fd-9d08-907bd6d6e344&language=en","uri":"http://data.europa.eu/esco/skill/fb89a5bd-8f5e-43fd-9d08-907bd6d6e344","title":"administer medication for vision problems"},"isTopConceptInScheme":[{"href":"https://ec.europa.eu/esco/api/resource/taxonomy?uri=http://data.europa.eu/esco/concept-scheme/member-skills&language=en","uri":"http://data.europa.eu/esco/concept-scheme/member-skills","title":"ESCO member skills"},{"href":"https://ec.europa.eu/esco/api/resource/taxonomy?uri=http://data.europa.eu/esco/concept-scheme/skills&language=en","uri":"http://data.europa.eu/esco/concept-scheme/skills","title":"ESCO skills"}],"isInScheme":[{"href":"https://ec.europa.eu/esco/api/resource/taxonomy?uri=http://data.europa.eu/esco/concept-scheme/member-skills&language=en","uri":"http://data.europa.eu/esco/concept-scheme/member-skills","title":"ESCO member skills"},{"href":"https://ec.europa.eu/esco/api/resource/taxonomy?uri=http://data.europa.eu/esco/concept-scheme/skills&language=en","uri":"http://data.europa.eu/esco/concept-scheme/skills","title":"ESCO skills"}],"hasSkillType":[{"href":"https://ec.europa.eu/esco/api/resource/concept?uri=http://data.europa.eu/esco/skill-type/skill&language=en","uri":"http://data.europa.eu/esco/skill-type/skill","title":"skill"}],"hasReuseLevel":[{"href":"https://ec.europa.eu/esco/api/resource/concept?uri=http://data.europa.eu/esco/skill-reuse-level/occupation-specific&language=en","uri":"http://data.europa.eu/esco/skill-reuse-level/occupation-specific","title":"occupation specific skills and competences","code":"Level 4"}],"isOptionalForOccupation":[{"href":"https://ec.europa.eu/esco/api/resource/occupation?uri=http://data.europa.eu/esco/occupation/bffbe18a-cb8b-4f90-bd87-7505cd3b16f5&language=en","uri":"http://data.europa.eu/esco/occupation/bffbe18a-cb8b-4f90-bd87-7505cd3b16f5","title":"optometrist"}]},"_embedded":{}},{"className":"Skill","classId":"http://data.europa.eu/esco/model#Skill","uri":"http://data.europa.eu/esco/skill/2cc75284-f385-42d6-9b70-8262bc6c603a","title":"betting","referenceLanguage":["en"],"preferredLabel":{"no":"vedding","de":"Wetten","en-us":"betting","fi":"vedonlyönti","pt":"apostas","bg":"игри със залози","lt":"lažybos","hr":"klađenje","lv":"derības","fr":"paris","hu":"fogadás","sk":"stávkovanie","sl":"sklepanje stav","ga":"gealltóireacht","sv":"vadslagning","mt":"imħatri","el":"δραστηριότητες στοιχημάτων","en":"betting","is":"veðmál","it":"scommesse","es":"apuestas","et":"kihlvedu","cs":"sázení","ar":"المراهنة","pl":"zakłady","da":"væddemål","ro":"joc de pariuri","nl":"gokken"},"alternativeLabel":{"sv":["spel"],"bg":["залози","игри със залагания","залагания"],"el":["στοιχηματισμός"],"en":["gambling","wagering"],"ga":["geallchur"],"ro":["pronosticuri","pariere","joc de noroc","joc de pariuri sportive"],"da":["betting"],"hu":["sportfogadás"],"nl":["wedden"]},"description":{"en-us":{"literal":"The activity of predicting results and wagering money on the outcome. While most betting activities involve sports, bets can be placed on any kind of competition.","mimetype":"plain/text"},"en":{"literal":"The activity of predicting results and wagering money on the outcome. While most betting activities involve sports, bets can be placed on any kind of competition.","mimetype":"plain/text"}},"status":"released","_links":{"self":{"href":"https://ec.europa.eu/esco/api/resource/skill?uri=http://data.europa.eu/esco/skill/2cc75284-f385-42d6-9b70-8262bc6c603a&language=en","uri":"http://data.europa.eu/esco/skill/2cc75284-f385-42d6-9b70-8262bc6c603a","title":"betting"},"isTopConceptInScheme":[{"href":"https://ec.europa.eu/esco/api/resource/taxonomy?uri=http://data.europa.eu/esco/concept-scheme/member-skills&language=en","uri":"http://data.europa.eu/esco/concept-scheme/member-skills","title":"ESCO member skills"},{"href":"https://ec.europa.eu/esco/api/resource/taxonomy?uri=http://data.europa.eu/esco/concept-scheme/skills&language=en","uri":"http://data.europa.eu/esco/concept-scheme/skills","title":"ESCO skills"}],"isInScheme":[{"href":"https://ec.europa.eu/esco/api/resource/taxonomy?uri=http://data.europa.eu/esco/concept-scheme/member-skills&language=en","uri":"http://data.europa.eu/esco/concept-scheme/member-skills","title":"ESCO member skills"},{"href":"https://ec.europa.eu/esco/api/resource/taxonomy?uri=http://data.europa.eu/esco/concept-scheme/skills&language=en","uri":"http://data.europa.eu/esco/concept-scheme/skills","title":"ESCO skills"}],"hasSkillType":[{"href":"https://ec.europa.eu/esco/api/resource/concept?uri=http://data.europa.eu/esco/skill-type/knowledge&language=en","uri":"http://data.europa.eu/esco/skill-type/knowledge","title":"knowledge"}],"hasReuseLevel":[{"href":"https://ec.europa.eu/esco/api/resource/concept?uri=http://data.europa.eu/esco/skill-reuse-level/occupation-specific&language=en","uri":"http://data.europa.eu/esco/skill-reuse-level/occupation-specific","title":"occupation specific skills and competences","code":"Level 4"}],"isEssentialForOccupation":[{"href":"https://ec.europa.eu/esco/api/resource/occupation?uri=http://data.europa.eu/esco/occupation/87e40e79-16fb-4391-9dcb-c15f40e026c1&language=en","uri":"http://data.europa.eu/esco/occupation/87e40e79-16fb-4391-9dcb-c15f40e026c1","title":"betting manager"}]},"_embedded":{}}]}}