{"total":8196,"offset":252,"limit":20,"language":"en","uri":"http://data.europa.eu/esco/concept-scheme/skills","relation":"hasTopConcept","_links":{"self":{"href":"https://ec.europa.eu/esco/api/resource/related?uri=http://data.europa.eu/esco/concept-scheme/skills&relation=hasTopConcept&limit=20&offset=252&language=en&full=true"},"prev":{"href":"https://ec.europa.eu/esco/api/resource/related?uri=http://data.europa.eu/esco/concept-scheme/skills&relation=hasTopConcept&limit=20&offset=251&language=en&full=true"},"next":{"href":"https://ec.europa.eu/esco/api/resource/related?uri=http://data.europa.eu/esco/concept-scheme/skills&relation=hasTopConcept&limit=20&offset=253&language=en&full=true"}},"_embedded":{"hasTopConcept":[{"className":"Skill","classId":"http://data.europa.eu/esco/model#Skill","uri":"http://data.europa.eu/esco/skill/d17b127e-5483-4e39-89f1-f5d914880467","title":"apply frequency management","referenceLanguage":["en"],"preferredLabel":{"de":"Frequenzen verwalten","no":"anvende frekvensstyring","en-us":"apply frequency management","fi":"käyttää taajuushallintaa","pt":"gerir radiofrequências","bg":"управляване на радиочестотния спектър","lt":"taikyti dažnių valdymo priemones","lv":"izmantot frekvenču pārvaldību","hr":"primjenjivati upravljanje frekvencijama","fr":"appliquer la gestion de fréquences","hu":"frekvenciagazdálkodást végez","sk":"vykonávať riadenie frekvencií","sl":"upravljati frekvence","ga":"bainistíocht minicíochta a chur i bhfeidhm","sv":"tillämpa frekvenshantering","el":"διαχείριση συχνοτήτων","mt":"applikazzjoni tal-immaniġġjar tal-frekwenzi","en":"apply frequency management","is":"beitir tíðnistjórnun","it":"applicare la gestione delle frequenze","es":"aplicar la gestión de las frecuencias","et":"sageduste haldamist korraldama","cs":"aplikovat řízení frekvencí","ar":"يطبق إدارة الترددات","pl":"stosować zarządzanie częstotliwościami","ro":"aplică managementul frecvențelor radio","da":"anvende frekvensstyring","nl":"frequentiebeheer toepassen"},"alternativeLabel":{"en":["conduct frequency management","practice frequency management","manage radio communication channels","manage radio communication frequencies","manage communication frequencies","perform frequency management","ensure appropriate frequency capacity in radio communications","carry out frequency management","manage frequency capacity in radio communications","execute frequency management"],"lv":["pielietot frekvenču pārvaldību"],"ro":["aplică managementul canalelor radio"],"es":["desarrollar la gestión de las frecuencias","gestionar la programación de las frecuencias"]},"description":{"en-us":{"literal":"Develop and manage multiple communication channels to produce extra capacity in the VHF-COM band.","mimetype":"plain/text"},"en":{"literal":"Develop and manage multiple communication channels to produce extra capacity in the VHF-COM band.","mimetype":"plain/text"}},"status":"released","_links":{"self":{"href":"https://ec.europa.eu/esco/api/resource/skill?uri=http://data.europa.eu/esco/skill/d17b127e-5483-4e39-89f1-f5d914880467&language=en","uri":"http://data.europa.eu/esco/skill/d17b127e-5483-4e39-89f1-f5d914880467","title":"apply frequency management"},"isTopConceptInScheme":[{"href":"https://ec.europa.eu/esco/api/resource/taxonomy?uri=http://data.europa.eu/esco/concept-scheme/skills&language=en","uri":"http://data.europa.eu/esco/concept-scheme/skills","title":"ESCO skills"},{"href":"https://ec.europa.eu/esco/api/resource/taxonomy?uri=http://data.europa.eu/esco/concept-scheme/member-skills&language=en","uri":"http://data.europa.eu/esco/concept-scheme/member-skills","title":"ESCO member skills"}],"isInScheme":[{"href":"https://ec.europa.eu/esco/api/resource/taxonomy?uri=http://data.europa.eu/esco/concept-scheme/skills&language=en","uri":"http://data.europa.eu/esco/concept-scheme/skills","title":"ESCO skills"},{"href":"https://ec.europa.eu/esco/api/resource/taxonomy?uri=http://data.europa.eu/esco/concept-scheme/member-skills&language=en","uri":"http://data.europa.eu/esco/concept-scheme/member-skills","title":"ESCO member skills"}],"hasSkillType":[{"href":"https://ec.europa.eu/esco/api/resource/concept?uri=http://data.europa.eu/esco/skill-type/skill&language=en","uri":"http://data.europa.eu/esco/skill-type/skill","title":"skill"}],"hasReuseLevel":[{"href":"https://ec.europa.eu/esco/api/resource/concept?uri=http://data.europa.eu/esco/skill-reuse-level/sector-specific&language=en","uri":"http://data.europa.eu/esco/skill-reuse-level/sector-specific","title":"sector specific skills and competences","code":"Level 3"}],"isEssentialForOccupation":[{"href":"https://ec.europa.eu/esco/api/resource/occupation?uri=http://data.europa.eu/esco/occupation/2f8acdc5-76f5-498b-9818-df075e324eaa&language=en","uri":"http://data.europa.eu/esco/occupation/2f8acdc5-76f5-498b-9818-df075e324eaa","title":"aviation communications and frequency coordination manager"}],"isOptionalForOccupation":[{"href":"https://ec.europa.eu/esco/api/resource/occupation?uri=http://data.europa.eu/esco/occupation/35e67944-231e-4bc9-8c69-560f203167ff&language=en","uri":"http://data.europa.eu/esco/occupation/35e67944-231e-4bc9-8c69-560f203167ff","title":"intelligence communications interceptor"}]},"_embedded":{}},{"className":"Skill","classId":"http://data.europa.eu/esco/model#Skill","uri":"http://data.europa.eu/esco/skill/77410471-4dc0-4d77-8319-ddfd98d46b29","title":"tend winding machines","referenceLanguage":["en"],"preferredLabel":{"de":"Wickelmaschinen bedienen","no":"håndtere viklemaskiner","fi":"hoitaa kelauskoneita","en-us":"tend winding machines","pt":"assegurar o correto funcionamento das máquinas de enrolar","bg":"управляване на бобинарки","lt":"prižiūrėti vyniojimo mašinas","hr":"rukovati strojevima za namatanje","lv":"apkalpot tīšanas iekārtas","fr":"utiliser une machine de bobinage","hu":"göngyölőgépeket tart fenn","sk":"obsluhovať stroje na navíjanie vlákien","sl":"upravljati navijalne stroje","ga":"féachaint i ndiaidh innill tochrasta","sv":"sköta spolmaskiner","mt":"tħaddim tal-magni tat-tkebbib","el":"χειρισμός μηχανών περιτύλιξης","en":"tend winding machines","is":"annast snúningsvélar","it":"essere addetto a macchine avvolgitrici","es":"ocuparse de máquinas devanadoras","et":"poolimismasinatega töötama","cs":"obsluhovat soukací stroje","ar":"يشغل ماكينات لف الوشائع","pl":"zajmować się przewijarkami","da":"passe spolemaskiner","ro":"operează mașini de bobinat fire textile","nl":"spoelmachines bedienen"},"alternativeLabel":{"el":["χειρισμός μπομπινουάρ"],"en":["tend machines that wind yarn on a support","activate and supervise winding machines","operate winding machines","tend string winding machines","tend yarn winding machines","care for winding machines"],"nl":["spoelmachines onderhouden"],"es":["manejar bobinadoras","operar con bobinadoras","operar con máquinas para el devanado"]},"description":{"en-us":{"literal":"Set up, operate, and maintain winding machines to wrap yarns or strings of all kinds onto spools, reels, and bobbins.","mimetype":"plain/text"},"en":{"literal":"Set up, operate, and maintain winding machines to wrap yarns or strings of all kinds onto spools, reels, and bobbins.","mimetype":"plain/text"}},"status":"released","_links":{"self":{"href":"https://ec.europa.eu/esco/api/resource/skill?uri=http://data.europa.eu/esco/skill/77410471-4dc0-4d77-8319-ddfd98d46b29&language=en","uri":"http://data.europa.eu/esco/skill/77410471-4dc0-4d77-8319-ddfd98d46b29","title":"tend winding machines"},"isTopConceptInScheme":[{"href":"https://ec.europa.eu/esco/api/resource/taxonomy?uri=http://data.europa.eu/esco/concept-scheme/member-skills&language=en","uri":"http://data.europa.eu/esco/concept-scheme/member-skills","title":"ESCO member skills"},{"href":"https://ec.europa.eu/esco/api/resource/taxonomy?uri=http://data.europa.eu/esco/concept-scheme/skills&language=en","uri":"http://data.europa.eu/esco/concept-scheme/skills","title":"ESCO skills"}],"isInScheme":[{"href":"https://ec.europa.eu/esco/api/resource/taxonomy?uri=http://data.europa.eu/esco/concept-scheme/member-skills&language=en","uri":"http://data.europa.eu/esco/concept-scheme/member-skills","title":"ESCO member skills"},{"href":"https://ec.europa.eu/esco/api/resource/taxonomy?uri=http://data.europa.eu/esco/concept-scheme/skills&language=en","uri":"http://data.europa.eu/esco/concept-scheme/skills","title":"ESCO skills"}],"hasSkillType":[{"href":"https://ec.europa.eu/esco/api/resource/concept?uri=http://data.europa.eu/esco/skill-type/skill&language=en","uri":"http://data.europa.eu/esco/skill-type/skill","title":"skill"}],"hasReuseLevel":[{"href":"https://ec.europa.eu/esco/api/resource/concept?uri=http://data.europa.eu/esco/skill-reuse-level/occupation-specific&language=en","uri":"http://data.europa.eu/esco/skill-reuse-level/occupation-specific","title":"occupation specific skills and competences","code":"Level 4"}],"isEssentialForOccupation":[{"href":"https://ec.europa.eu/esco/api/resource/occupation?uri=http://data.europa.eu/esco/occupation/4c86c7c1-0839-456e-856f-65396d1f39d7&language=en","uri":"http://data.europa.eu/esco/occupation/4c86c7c1-0839-456e-856f-65396d1f39d7","title":"winding machine operator"}]},"_embedded":{}},{"className":"Skill","classId":"http://data.europa.eu/esco/model#Skill","uri":"http://data.europa.eu/esco/skill/3fa84dbb-f9f4-48a5-ab56-18d3ff0e5951","title":"study prices of wood products","referenceLanguage":["en"],"preferredLabel":{"de":"Preise von Holzprodukten verfolgen","no":"undersøke trevarepriser","en-us":"study prices of wood products","fi":"tutkia puutuotteiden hintoja","pt":"estudar os preços de produtos de madeira","bg":"изучаване на цените на изделията от дърво","lt":"tirti medienos produktų kainas","hr":"proučiti cijene drvnih proizvoda","lv":"pētīt mežmateriālu cenas","fr":"étudier les prix de produits du bois","hu":"faipari termékek árait tanulmányozza","sk":"študovať ceny výrobkov z dreva","sl":"preučevati cene lesnih izdelkov","ga":"staidéar a dhéanamh ar phraghsanna táirgí adhmaid","sv":"studera priser på träprodukter","mt":"studju tal-prezzijiet tal-prodotti tal-injam","el":"μελέτη τιμών προϊόντων ξυλείας","en":"study prices of wood products","is":"rannsakar verð á trévörum","it":"studiare i prezzi dei prodotti del legno","es":"analizar los precios de productos de madera","et":"puittoodete hindu uurima","cs":"studovat ceny výrobků ze dřeva","ar":"يدرس أسعار المنتجات الخشبية","pl":"badać ceny produktów z drewna","da":"undersøge priser på træprodukter","ro":"studiază prețurile produselor din lemn","nl":"prijzen van houtproducten bestuderen"},"alternativeLabel":{"sv":["studera priser på trävaror"],"en":["studying prices of wood products","study wood product prices","prices of wood products studying","monitor prices of wood products","wood product prices monitoring","monitor wood product prices","monitoring prices of wood products","wood product prices studying","prices of wood products monitoring"],"pl":["badać ceny produktów drewnianych"],"es":["estudiar los precios de productos de madera","observar los precios de productos de madera","investigar los precios de productos de madera"]},"description":{"en-us":{"literal":"Be aware of current market studies and forecasts concerning supply, demand, trade and prices of wood and related products.","mimetype":"plain/text"},"en":{"literal":"Be aware of current market studies and forecasts concerning supply, demand, trade and prices of wood and related products.","mimetype":"plain/text"}},"status":"released","_links":{"self":{"href":"https://ec.europa.eu/esco/api/resource/skill?uri=http://data.europa.eu/esco/skill/3fa84dbb-f9f4-48a5-ab56-18d3ff0e5951&language=en","uri":"http://data.europa.eu/esco/skill/3fa84dbb-f9f4-48a5-ab56-18d3ff0e5951","title":"study prices of wood products"},"isTopConceptInScheme":[{"href":"https://ec.europa.eu/esco/api/resource/taxonomy?uri=http://data.europa.eu/esco/concept-scheme/skills&language=en","uri":"http://data.europa.eu/esco/concept-scheme/skills","title":"ESCO skills"},{"href":"https://ec.europa.eu/esco/api/resource/taxonomy?uri=http://data.europa.eu/esco/concept-scheme/member-skills&language=en","uri":"http://data.europa.eu/esco/concept-scheme/member-skills","title":"ESCO member skills"}],"isInScheme":[{"href":"https://ec.europa.eu/esco/api/resource/taxonomy?uri=http://data.europa.eu/esco/concept-scheme/skills&language=en","uri":"http://data.europa.eu/esco/concept-scheme/skills","title":"ESCO skills"},{"href":"https://ec.europa.eu/esco/api/resource/taxonomy?uri=http://data.europa.eu/esco/concept-scheme/member-skills&language=en","uri":"http://data.europa.eu/esco/concept-scheme/member-skills","title":"ESCO member skills"}],"hasSkillType":[{"href":"https://ec.europa.eu/esco/api/resource/concept?uri=http://data.europa.eu/esco/skill-type/skill&language=en","uri":"http://data.europa.eu/esco/skill-type/skill","title":"skill"}],"hasReuseLevel":[{"href":"https://ec.europa.eu/esco/api/resource/concept?uri=http://data.europa.eu/esco/skill-reuse-level/cross-sector&language=en","uri":"http://data.europa.eu/esco/skill-reuse-level/cross-sector","title":"cross-sector skills and competences","code":"Level 2"}],"isEssentialForOccupation":[{"href":"https://ec.europa.eu/esco/api/resource/occupation?uri=http://data.europa.eu/esco/occupation/c3dc576e-2a58-4481-9b6f-9853067af8ea&language=en","uri":"http://data.europa.eu/esco/occupation/c3dc576e-2a58-4481-9b6f-9853067af8ea","title":"timber trader"},{"href":"https://ec.europa.eu/esco/api/resource/occupation?uri=http://data.europa.eu/esco/occupation/b633af32-c8c0-4481-9971-7932ea4b16b5&language=en","uri":"http://data.europa.eu/esco/occupation/b633af32-c8c0-4481-9971-7932ea4b16b5","title":"wood factory manager"}],"isOptionalForOccupation":[{"href":"https://ec.europa.eu/esco/api/resource/occupation?uri=http://data.europa.eu/esco/occupation/35cf772d-bbc9-4eb4-9ca6-5f982649d436&language=en","uri":"http://data.europa.eu/esco/occupation/35cf772d-bbc9-4eb4-9ca6-5f982649d436","title":"wood technology engineer"},{"href":"https://ec.europa.eu/esco/api/resource/occupation?uri=http://data.europa.eu/esco/occupation/d7d986e1-7333-431b-9719-0c5c6939e360&language=en","uri":"http://data.europa.eu/esco/occupation/d7d986e1-7333-431b-9719-0c5c6939e360","title":"civil engineer"},{"href":"https://ec.europa.eu/esco/api/resource/occupation?uri=http://data.europa.eu/esco/occupation/6426ada1-4d8c-4612-99e3-91bc569805ee&language=en","uri":"http://data.europa.eu/esco/occupation/6426ada1-4d8c-4612-99e3-91bc569805ee","title":"manufacturing manager"}]},"_embedded":{}},{"className":"Skill","classId":"http://data.europa.eu/esco/model#Skill","uri":"http://data.europa.eu/esco/skill/707c54fb-b6b8-45a4-9abd-030a40a582c9","title":"manage currency exchange risk mitigation techniques","referenceLanguage":["en"],"preferredLabel":{"no":"administrere risikoreduserende teknikker for valutaveksling","de":"Techniken zur Minderung von Währungsrisiken verwalten","en-us":"manage currency exchange risk mitigation techniques","fi":"hallita valuuttariskin vähennystekniikoita","pt":"gerir técnicas de mitigação do risco de câmbio","bg":"прилагане на техники за намаляване на риска при обмен на валута","lt":"naudotis valiutos keitimo rizikos mažinimo metodais","lv":"pārvaldīt valūtas maiņas riska mazināšanas metodes","hr":"upravljati tehnikama za ublažavanje tečajnog rizika","fr":"gérer des techniques d'atténuation du risque de change","hu":"árfolyamkockázat mérséklésére irányuló technikákat alkalmaz","sk":"riadiť techniky na zmiernenie devízového rizika","sl":"uporabljati tehnike za zmanjševanje tečajnega tveganja","ga":"teicnící a bhainistiú maidir leis an riosca malairte airgeadra a mhaolú","sv":"använda riskminskningsstrategier för valutahandel","el":"διαχείριση τεχνικών άμβλυνσης κινδύνου συναλλαγματικών ισοτιμιών","mt":"immaniġġjar tat-tekniki tal-mitigazzjoni tar-riskju tal-kambju","en":"manage currency exchange risk mitigation techniques","is":"sér um áhættuvörn vegna gjaldeyrisskipta","it":"gestire le tecniche di attenuazione del rischio di cambio","es":"gestionar las técnicas de reducción del riesgo de cambio","et":"valuutariski juhtimise metoodikat haldama","cs":"uplatňovat postupy na zmírnění kurzového rizika","ar":"يدير تقنيات تخفيف مخاطر صرف العملات","pl":"zarządzać technikami ograniczania ryzyka związanego z wymianą walut","ro":"utilizează tehnici de diminuare a riscurilor legate de schimbul valutar","da":"administrere teknikker til afbødning af valutarisiko","nl":"risicobeperkingstechnieken van wisselkoersen beheersen"},"alternativeLabel":{"sv":["använda riskminskningsstrategier för valutatransaktioner"],"fi":["hallita valuuttakurssiriskin vähennystekniikoita","hallita valuutanvaihdon riskinvähennystekniikoita"],"sl":["uporabljati tehnike za zmanjševanje valutnega tveganja"],"en":["management of currency exchange risk mitigation techniques","manage currency exchange risk mitigation skills","manage currency exchange risks mitigation techniques","manage currency exchange risk mitigation approaches","manage currency exchange risk mitigation methods","managing currency exchange risk mitigation techniques","manage currency exchange risk mitigation performance"],"es":["gestionar las técnicas de reducción del riesgo cambiario","gestionar las técnicas de reducción del riesgo de tipo de cambio"]},"description":{"en-us":{"literal":"Evaluate foreign currency and assess conversion risks; implement risk mitigation strategies and techniques to protect against fluctuation.","mimetype":"plain/text"},"en":{"literal":"Evaluate foreign currency and assess conversion risks; implement risk mitigation strategies and techniques to protect against fluctuation.","mimetype":"plain/text"}},"status":"released","_links":{"self":{"href":"https://ec.europa.eu/esco/api/resource/skill?uri=http://data.europa.eu/esco/skill/707c54fb-b6b8-45a4-9abd-030a40a582c9&language=en","uri":"http://data.europa.eu/esco/skill/707c54fb-b6b8-45a4-9abd-030a40a582c9","title":"manage currency exchange risk mitigation techniques"},"isTopConceptInScheme":[{"href":"https://ec.europa.eu/esco/api/resource/taxonomy?uri=http://data.europa.eu/esco/concept-scheme/member-skills&language=en","uri":"http://data.europa.eu/esco/concept-scheme/member-skills","title":"ESCO member skills"},{"href":"https://ec.europa.eu/esco/api/resource/taxonomy?uri=http://data.europa.eu/esco/concept-scheme/skills&language=en","uri":"http://data.europa.eu/esco/concept-scheme/skills","title":"ESCO skills"}],"isInScheme":[{"href":"https://ec.europa.eu/esco/api/resource/taxonomy?uri=http://data.europa.eu/esco/concept-scheme/member-skills&language=en","uri":"http://data.europa.eu/esco/concept-scheme/member-skills","title":"ESCO member skills"},{"href":"https://ec.europa.eu/esco/api/resource/taxonomy?uri=http://data.europa.eu/esco/concept-scheme/skills&language=en","uri":"http://data.europa.eu/esco/concept-scheme/skills","title":"ESCO skills"}],"hasSkillType":[{"href":"https://ec.europa.eu/esco/api/resource/concept?uri=http://data.europa.eu/esco/skill-type/skill&language=en","uri":"http://data.europa.eu/esco/skill-type/skill","title":"skill"}],"hasReuseLevel":[{"href":"https://ec.europa.eu/esco/api/resource/concept?uri=http://data.europa.eu/esco/skill-reuse-level/cross-sector&language=en","uri":"http://data.europa.eu/esco/skill-reuse-level/cross-sector","title":"cross-sector skills and competences","code":"Level 2"}],"isEssentialForOccupation":[{"href":"https://ec.europa.eu/esco/api/resource/occupation?uri=http://data.europa.eu/esco/occupation/b3ce981c-5b32-4de2-8e53-502a6357b2bc&language=en","uri":"http://data.europa.eu/esco/occupation/b3ce981c-5b32-4de2-8e53-502a6357b2bc","title":"credit risk analyst"}],"isOptionalForOccupation":[{"href":"https://ec.europa.eu/esco/api/resource/occupation?uri=http://data.europa.eu/esco/occupation/7a6ca615-a2bc-499d-8288-d186ce2594ea&language=en","uri":"http://data.europa.eu/esco/occupation/7a6ca615-a2bc-499d-8288-d186ce2594ea","title":"financial risk analyst"},{"href":"https://ec.europa.eu/esco/api/resource/occupation?uri=http://data.europa.eu/esco/occupation/3e1a2f3c-20d6-4d33-aa6f-63cd2a32698d&language=en","uri":"http://data.europa.eu/esco/occupation/3e1a2f3c-20d6-4d33-aa6f-63cd2a32698d","title":"corporate treasurer"}]},"_embedded":{}},{"className":"Skill","classId":"http://data.europa.eu/esco/model#Skill","uri":"http://data.europa.eu/esco/skill/d3672a07-6a5b-49f4-bdd3-fcd539594556","title":"biodiesel","referenceLanguage":["en"],"preferredLabel":{"de":"Biodiesel","no":"biodiesel","fi":"biodiesel","en-us":"biodiesel","pt":"biodiesel","bg":"биодизел","lt":"biodyzelinas","lv":"biodīzeļdegviela","hr":"biodizel","fr":"biodiesel","hu":"biodízel","sk":"bionafta","sl":"biodizel","ga":"bithdhíosal","sv":"biodiesel","mt":"bijodiżil","el":"βιοντίζελ","en":"biodiesel","is":"lífdísilolía","it":"biodiesel","es":"biodiésel","et":"biodiisel","cs":"bionafta","ar":"وقود الديزل الحيوي","pl":"biodiesel","da":"biodiesel","ro":"biomotorină","nl":"biodiesel"},"alternativeLabel":{"en":["biodiesel fuel"],"pl":["ekodiesel"],"fr":["biogazole"],"es":["biocombustible"]},"description":{"en-us":{"literal":"The vegetable oil or animal fat based diesel fuel made by lipids reacting with alcohols.","mimetype":"plain/text"},"en":{"literal":"The vegetable oil or animal fat based diesel fuel made by lipids reacting with alcohols.","mimetype":"plain/text"}},"status":"released","_links":{"self":{"href":"https://ec.europa.eu/esco/api/resource/skill?uri=http://data.europa.eu/esco/skill/d3672a07-6a5b-49f4-bdd3-fcd539594556&language=en","uri":"http://data.europa.eu/esco/skill/d3672a07-6a5b-49f4-bdd3-fcd539594556","title":"biodiesel"},"isTopConceptInScheme":[{"href":"https://ec.europa.eu/esco/api/resource/taxonomy?uri=http://data.europa.eu/esco/concept-scheme/member-skills&language=en","uri":"http://data.europa.eu/esco/concept-scheme/member-skills","title":"ESCO member skills"},{"href":"https://ec.europa.eu/esco/api/resource/taxonomy?uri=http://data.europa.eu/esco/concept-scheme/skills&language=en","uri":"http://data.europa.eu/esco/concept-scheme/skills","title":"ESCO skills"}],"isInScheme":[{"href":"https://ec.europa.eu/esco/api/resource/taxonomy?uri=http://data.europa.eu/esco/concept-scheme/member-skills&language=en","uri":"http://data.europa.eu/esco/concept-scheme/member-skills","title":"ESCO member skills"},{"href":"https://ec.europa.eu/esco/api/resource/taxonomy?uri=http://data.europa.eu/esco/concept-scheme/skills&language=en","uri":"http://data.europa.eu/esco/concept-scheme/skills","title":"ESCO skills"}],"hasSkillType":[{"href":"https://ec.europa.eu/esco/api/resource/concept?uri=http://data.europa.eu/esco/skill-type/knowledge&language=en","uri":"http://data.europa.eu/esco/skill-type/knowledge","title":"knowledge"}],"hasReuseLevel":[{"href":"https://ec.europa.eu/esco/api/resource/concept?uri=http://data.europa.eu/esco/skill-reuse-level/occupation-specific&language=en","uri":"http://data.europa.eu/esco/skill-reuse-level/occupation-specific","title":"occupation specific skills and competences","code":"Level 4"}],"isEssentialForOccupation":[{"href":"https://ec.europa.eu/esco/api/resource/occupation?uri=http://data.europa.eu/esco/occupation/47dd863b-b124-4bb1-bb42-a9498492a8cb&language=en","uri":"http://data.europa.eu/esco/occupation/47dd863b-b124-4bb1-bb42-a9498492a8cb","title":"liquid fuel engineer"}]},"_embedded":{}},{"className":"Skill","classId":"http://data.europa.eu/esco/model#Skill","uri":"http://data.europa.eu/esco/skill/a1fea64a-8400-492e-87cb-8f7019df6bef","title":"create plant displays","referenceLanguage":["en"],"preferredLabel":{"no":"lage planteutstillinger","de":"Pflanzendisplays erstellen","en-us":"create plant displays","fi":"käyttää kasveja sisustuselementteinä sisällä tai ulkona","pt":"criar ornamentos de plantas","bg":"създаване на декорация със саксийни растения","lt":"rengti augalų ekspozicijas","hr":"stvarati kompozicije sobnog ili drugog bilja","lv":"veidot augu kompozīcijas","fr":"créer des arrangements de végétaux","hu":"növénykompozíciókat hoz létre","sk":"vytvoriť dekoratívnu zeleň","sl":"oblikovati rastlinske aranžmaje","ga":"taispeántais phlandaí a chruthú","sv":"skapa växtinstallationer","el":"δημιουργία ανθοστηλών","mt":"ħolqien ta’ dekorazzjonijiet bil-pjanti","en":"create plant displays","is":"hannar plöntuuppsetningar","it":"creare bordure di piante","es":"crear estructuras de plantas","et":"taimeseadeid looma","cs":"vytvářet výstavky rostlin","ar":"ينشئ عروض النباتات","pl":"tworzyć ekspozycje roślinne","da":"skabe planteløsninger","ro":"execută compoziții decorative din plante","nl":"plantenuitstallingen maken"},"alternativeLabel":{"en":["plant displays making","creating displays of plants","plant displays creating","plant display making","create displays of plants","plant display creating","making displays of plants","make displays of plants","make plant displays","making plant displays","creating plant displays"],"ro":["execută amenajări florare"],"da":["skabe planteudstillinger","skabe plantedisplays"],"es":["diseñar composiciones de plantas","construir estructuras de plantas"]},"description":{"en-us":{"literal":"Create plant displays from interior or exterior plants to serve as borders in a formal or informal garden, hanging baskets, planting containers or indoor green walls.","mimetype":"plain/text"},"en":{"literal":"Create plant displays from interior or exterior plants to serve as borders in a formal or informal garden, hanging baskets, planting containers or indoor green walls.","mimetype":"plain/text"}},"status":"released","_links":{"self":{"href":"https://ec.europa.eu/esco/api/resource/skill?uri=http://data.europa.eu/esco/skill/a1fea64a-8400-492e-87cb-8f7019df6bef&language=en","uri":"http://data.europa.eu/esco/skill/a1fea64a-8400-492e-87cb-8f7019df6bef","title":"create plant displays"},"isTopConceptInScheme":[{"href":"https://ec.europa.eu/esco/api/resource/taxonomy?uri=http://data.europa.eu/esco/concept-scheme/member-skills&language=en","uri":"http://data.europa.eu/esco/concept-scheme/member-skills","title":"ESCO member skills"},{"href":"https://ec.europa.eu/esco/api/resource/taxonomy?uri=http://data.europa.eu/esco/concept-scheme/skills&language=en","uri":"http://data.europa.eu/esco/concept-scheme/skills","title":"ESCO skills"}],"isInScheme":[{"href":"https://ec.europa.eu/esco/api/resource/taxonomy?uri=http://data.europa.eu/esco/concept-scheme/member-skills&language=en","uri":"http://data.europa.eu/esco/concept-scheme/member-skills","title":"ESCO member skills"},{"href":"https://ec.europa.eu/esco/api/resource/taxonomy?uri=http://data.europa.eu/esco/concept-scheme/skills&language=en","uri":"http://data.europa.eu/esco/concept-scheme/skills","title":"ESCO skills"}],"hasSkillType":[{"href":"https://ec.europa.eu/esco/api/resource/concept?uri=http://data.europa.eu/esco/skill-type/skill&language=en","uri":"http://data.europa.eu/esco/skill-type/skill","title":"skill"}],"hasReuseLevel":[{"href":"https://ec.europa.eu/esco/api/resource/concept?uri=http://data.europa.eu/esco/skill-reuse-level/occupation-specific&language=en","uri":"http://data.europa.eu/esco/skill-reuse-level/occupation-specific","title":"occupation specific skills and competences","code":"Level 4"}],"isEssentialForOccupation":[{"href":"https://ec.europa.eu/esco/api/resource/occupation?uri=http://data.europa.eu/esco/occupation/98af7387-3974-457a-aa57-5397d1ea3949&language=en","uri":"http://data.europa.eu/esco/occupation/98af7387-3974-457a-aa57-5397d1ea3949","title":"interior landscaper"}]},"_embedded":{}},{"className":"Skill","classId":"http://data.europa.eu/esco/model#Skill","uri":"http://data.europa.eu/esco/skill/246500df-dab3-43b5-bb92-31a0c89ba8e8","title":"use filters to dewater starch","referenceLanguage":["en"],"preferredLabel":{"de":"Filter zum Entwässern von Stärke verwenden","no":"bruke filtre for avvanning av stivelse","fi":"käyttää suodattimia tärkkelyksen kuivaamiseen","en-us":"use filters to dewater starch","pt":"utilizar filtros para secar o amido","bg":"използване на филтри за отстраняване на водата от скорбялата","lt":"naudoti filtrus, skirtus pašalinti vandenį iš krakmolo","hr":"upotrebljavati filtre za odvajanje vode od škroba","lv":"lietot filtrus cietes dehidrēšanai","fr":"utiliser des filtres pour assécher l’amidon","hu":"keményítő víztelenítéséhez szűrőket használ","sk":"používať filtre na odvodnenie škrobu","sl":"uporabljati filtre za dehidracijo škrobne brozge","ga":"scagairí a úsáid chun stáirse a dhí-uisciú","sv":"filtrera bort vatten ur stärkelseblandningar","el":"χρήση φίλτρων για την αποστράγγιση του αμύλου","mt":"użu ta’ filtri għat-tneħħija tal-ilma mil-lamtu","en":"use filters to dewater starch","is":"notar síur til úrvötnunar sterkju","it":"utilizzare filtri per disidratare l'amido","es":"utilizar filtros para eliminar el agua del almidón","et":"tärklise veetustamiseks filtreid kasutama","cs":"používat filtry k odvodnění škrobů","ar":"يستخدم المرشحات لنزح ماء النشا","pl":"korzystać z filtrów w celu odwodnienia skrobi","da":"bruge filtre til at afvande stivelse","ro":"utilizează filtre pentru a deshidrata amidonul","nl":"filters gebruiken om zetmeel te ontwateren"},"alternativeLabel":{"en":["use a filter to dewater starch","using filters to dewater starch","operate filters to evaporate starch","apply filters to evaporate starch","using filter to dewater starch","utilise filters to evaporate starch","handle filters to evaporate starch"],"es":["emplear filtros para extraer el agua del almidón"]},"description":{"en-us":{"literal":"Use filters to wash and dewater starch slurry to prepare it for further processing into starch and dextrins, sweeteners and ethanol.","mimetype":"plain/text"},"en":{"literal":"Use filters to wash and dewater starch slurry to prepare it for further processing into starch and dextrins, sweeteners and ethanol.","mimetype":"plain/text"}},"status":"released","_links":{"self":{"href":"https://ec.europa.eu/esco/api/resource/skill?uri=http://data.europa.eu/esco/skill/246500df-dab3-43b5-bb92-31a0c89ba8e8&language=en","uri":"http://data.europa.eu/esco/skill/246500df-dab3-43b5-bb92-31a0c89ba8e8","title":"use filters to dewater starch"},"isTopConceptInScheme":[{"href":"https://ec.europa.eu/esco/api/resource/taxonomy?uri=http://data.europa.eu/esco/concept-scheme/member-skills&language=en","uri":"http://data.europa.eu/esco/concept-scheme/member-skills","title":"ESCO member skills"},{"href":"https://ec.europa.eu/esco/api/resource/taxonomy?uri=http://data.europa.eu/esco/concept-scheme/skills&language=en","uri":"http://data.europa.eu/esco/concept-scheme/skills","title":"ESCO skills"}],"isInScheme":[{"href":"https://ec.europa.eu/esco/api/resource/taxonomy?uri=http://data.europa.eu/esco/concept-scheme/member-skills&language=en","uri":"http://data.europa.eu/esco/concept-scheme/member-skills","title":"ESCO member skills"},{"href":"https://ec.europa.eu/esco/api/resource/taxonomy?uri=http://data.europa.eu/esco/concept-scheme/skills&language=en","uri":"http://data.europa.eu/esco/concept-scheme/skills","title":"ESCO skills"}],"hasSkillType":[{"href":"https://ec.europa.eu/esco/api/resource/concept?uri=http://data.europa.eu/esco/skill-type/skill&language=en","uri":"http://data.europa.eu/esco/skill-type/skill","title":"skill"}],"hasReuseLevel":[{"href":"https://ec.europa.eu/esco/api/resource/concept?uri=http://data.europa.eu/esco/skill-reuse-level/sector-specific&language=en","uri":"http://data.europa.eu/esco/skill-reuse-level/sector-specific","title":"sector specific skills and competences","code":"Level 3"}],"isEssentialForOccupation":[{"href":"https://ec.europa.eu/esco/api/resource/occupation?uri=http://data.europa.eu/esco/occupation/375a4d32-0950-45db-9d85-3fc2a86f1d85&language=en","uri":"http://data.europa.eu/esco/occupation/375a4d32-0950-45db-9d85-3fc2a86f1d85","title":"starch converting operator"},{"href":"https://ec.europa.eu/esco/api/resource/occupation?uri=http://data.europa.eu/esco/occupation/9161b2df-624c-4f5e-ad6c-0392439fa5c3&language=en","uri":"http://data.europa.eu/esco/occupation/9161b2df-624c-4f5e-ad6c-0392439fa5c3","title":"starch extraction operator"}]},"_embedded":{}},{"className":"Skill","classId":"http://data.europa.eu/esco/model#Skill","uri":"http://data.europa.eu/esco/skill/4bc32339-2e0c-43bb-b6f1-9cd7c250ddc6","title":"personnel planning in emergency response","referenceLanguage":["en"],"preferredLabel":{"no":"personalplanlegging i beredskapsrespons","de":"Personal in der Notfallrettung planen","fi":"tehdä suunnitelmia henkilökunnan osallistumisesta hätätilanteiden hoitamiseen","en-us":"personnel planning in emergency response","pt":"organizar a repartição do pessoal em situação de emergência","bg":"планиране на ресурсите от персонал при реакция в спешни случаи","lt":"paskirstyti darbuotojus vykti į iškvietimus","lv":"plānot personālu neatliekamās palīdzības sniegšanai","hr":"planirati rad osoblja u hitnim slučajevima","fr":"organiser la répartition du personnel en situation d’urgence","hu":"személyzettervezést végez a sürgősségi válaszadás érdekében","sk":"personnel planning in emergency response","sl":"razporejati osebje za odziv v nujnih primerih","ga":"pearsanra a phleanáil i seirbhísí freagartha éigeandála","sv":"planera personal för akuthjälp","el":"προγραμματισμός προσωπικού σε καταστάσεις έκτακτης ανάγκης","mt":"ippjanar tal-persunal fir-rispons ta’ emerġenza","en":"personnel planning in emergency response","is":"starfsmannaáætlun í neyðarviðbrögðum","it":"pianificare il personale nel contesto della risposta alle emergenze","es":"planificar el personal de respuesta a una emergencia","et":"erakorralistes olukordades reageerimiseks personali planeerima","cs":"personální plánování v řešení mimořádných situací","ar":"يحدد الموظفين المعنيين بالاستجابة في حالات الطوارئ","pl":"planować wykorzystanie personelu w sytuacji reagowania kryzysowego","da":"administrere planlægning af beredskabspersonale","ro":"planificarea personalului în situații de urgență","nl":"personeelsplanning bij rampenbestrijding"},"alternativeLabel":{"en":["planning of personnel in emergency response","personnel allocation in emergency response","emergency response personnel planning","staff planning in emergency response","personnel-planning in emergency-response","planning of staff in emergency response"],"es":["organizar el personal de respuesta a una emergencia"]},"description":{"en-us":{"literal":"Planning of personnel to be dispatched to emergency locations in either medical, fire or police operations.","mimetype":"plain/text"},"en":{"literal":"Planning of personnel to be dispatched to emergency locations in either medical, fire or police operations.","mimetype":"plain/text"}},"status":"released","_links":{"self":{"href":"https://ec.europa.eu/esco/api/resource/skill?uri=http://data.europa.eu/esco/skill/4bc32339-2e0c-43bb-b6f1-9cd7c250ddc6&language=en","uri":"http://data.europa.eu/esco/skill/4bc32339-2e0c-43bb-b6f1-9cd7c250ddc6","title":"personnel planning in emergency response"},"isTopConceptInScheme":[{"href":"https://ec.europa.eu/esco/api/resource/taxonomy?uri=http://data.europa.eu/esco/concept-scheme/member-skills&language=en","uri":"http://data.europa.eu/esco/concept-scheme/member-skills","title":"ESCO member skills"},{"href":"https://ec.europa.eu/esco/api/resource/taxonomy?uri=http://data.europa.eu/esco/concept-scheme/skills&language=en","uri":"http://data.europa.eu/esco/concept-scheme/skills","title":"ESCO skills"}],"isInScheme":[{"href":"https://ec.europa.eu/esco/api/resource/taxonomy?uri=http://data.europa.eu/esco/concept-scheme/member-skills&language=en","uri":"http://data.europa.eu/esco/concept-scheme/member-skills","title":"ESCO member skills"},{"href":"https://ec.europa.eu/esco/api/resource/taxonomy?uri=http://data.europa.eu/esco/concept-scheme/skills&language=en","uri":"http://data.europa.eu/esco/concept-scheme/skills","title":"ESCO skills"}],"hasSkillType":[{"href":"https://ec.europa.eu/esco/api/resource/concept?uri=http://data.europa.eu/esco/skill-type/skill&language=en","uri":"http://data.europa.eu/esco/skill-type/skill","title":"skill"}],"hasReuseLevel":[{"href":"https://ec.europa.eu/esco/api/resource/concept?uri=http://data.europa.eu/esco/skill-reuse-level/occupation-specific&language=en","uri":"http://data.europa.eu/esco/skill-reuse-level/occupation-specific","title":"occupation specific skills and competences","code":"Level 4"}],"isEssentialForOccupation":[{"href":"https://ec.europa.eu/esco/api/resource/occupation?uri=http://data.europa.eu/esco/occupation/68450507-b4a0-40e0-895b-385fe705be10&language=en","uri":"http://data.europa.eu/esco/occupation/68450507-b4a0-40e0-895b-385fe705be10","title":"emergency medical dispatcher"}]},"_embedded":{}},{"className":"Skill","classId":"http://data.europa.eu/esco/model#Skill","uri":"http://data.europa.eu/esco/skill/882cb8bb-1538-4a77-818b-64c65697fe73","title":"maintain counterweight inside modes of transport","referenceLanguage":["en"],"preferredLabel":{"de":"Gewichtsausgleich in Verkehrsmitteln aufrechterhalten","no":"vedlikeholde last- og vektdistribusjon inni transportbeholder","en-us":"maintain counterweight inside modes of transport","fi":"huolehtia kuljetusten vastapainotuksesta","pt":"equilibrar o peso no interior de meios de transporte","bg":"поддържане на разпределението на тежестта в различни видове транспортни средства","lt":"užtikrinti atsvarą transporto priemonių viduje","hr":"održavati protutežu u načinima prijevoza","lv":"saglabāt transportlīdzekļos pretsvaru","fr":"assurer le contrepoids à l'intérieur des modes de transport","hu":"a közlekedési eszközökben biztosítja az ellensúlyozást","sk":"zabezpečiť vyváženie spôsobov dopravy","sl":"ohranjati uravnoteženost načinov prevoza","ga":"frithmheáchan laistigh de mhodhanna iompair a choinneáil","sv":"bibehålla jämvikten i transportsätt","mt":"żamma tal-kontrapiż fil-modalitajiet tat-trasport","el":"διατήρηση αντίβαρου εντός των μέσων μεταφοράς","en":"maintain counterweight inside modes of transport","is":"heldur mótvægi á ýmsum flutningsháttum","it":"mantenere l'equilibrio tra le modalità di trasporto","es":"asegurar la distribución del peso de la carga en los vehículos de transporte","et":"transpordivahendeid tasakaalus hoidma","cs":"zajistit vyvážení uvnitř různých dopravních prostředků","ar":"يقوم بصيانة ثقل الموازنة داخل وسائط النقل","pl":"utrzymywać przeciwwagę wewnątrz środków transportu","da":"opretholde modvægt inden for transportmiddel","ro":"menține echilibrul modurilor de transport prin distribuția greutății","nl":"tegengewicht in vervoersmiddelen behouden"},"alternativeLabel":{"sv":["bibehålla jämvikten i transportmedel"],"el":["διατήρηση ισορροπίας εντός των μέσων μεταφοράς"],"en":["ensure appropriate mass distribution in modes of transport","maintain counterweight of transport modalities","preserve counterweight inside modes of transport","maintain balance and appropriate mass distribution of modes of transport","maintain transportation counterweights","monitor counterweight inside modes of transport","control balance and mass distribution inside modes of transport","maintain counterweight inside transport modalities","ensure balance and mass distribution in modes of transport","manage balance and mass-distribution inside modes of transport","maintain counterweight of modes of transport"],"es":["garantizar la distribución del peso de la carga en los vehículos de transporte","certificar la distribución del peso de la carga en los vehículos de transporte"]},"description":{"en-us":{"literal":"Maintain balance and mass distribution inside the means of transport (vessel, aircraft, train, road vehicles, etc). Ensure that passengers and cargo distribution do not hinder the mobility of the mode of transport.","mimetype":"plain/text"},"en":{"literal":"Maintain balance and mass distribution inside the means of transport (vessel, aircraft, train, road vehicles, etc). Ensure that passengers and cargo distribution do not hinder the mobility of the mode of transport.","mimetype":"plain/text"}},"status":"released","_links":{"self":{"href":"https://ec.europa.eu/esco/api/resource/skill?uri=http://data.europa.eu/esco/skill/882cb8bb-1538-4a77-818b-64c65697fe73&language=en","uri":"http://data.europa.eu/esco/skill/882cb8bb-1538-4a77-818b-64c65697fe73","title":"maintain counterweight inside modes of transport"},"isTopConceptInScheme":[{"href":"https://ec.europa.eu/esco/api/resource/taxonomy?uri=http://data.europa.eu/esco/concept-scheme/skills&language=en","uri":"http://data.europa.eu/esco/concept-scheme/skills","title":"ESCO skills"},{"href":"https://ec.europa.eu/esco/api/resource/taxonomy?uri=http://data.europa.eu/esco/concept-scheme/member-skills&language=en","uri":"http://data.europa.eu/esco/concept-scheme/member-skills","title":"ESCO member skills"}],"isInScheme":[{"href":"https://ec.europa.eu/esco/api/resource/taxonomy?uri=http://data.europa.eu/esco/concept-scheme/skills&language=en","uri":"http://data.europa.eu/esco/concept-scheme/skills","title":"ESCO skills"},{"href":"https://ec.europa.eu/esco/api/resource/taxonomy?uri=http://data.europa.eu/esco/concept-scheme/member-skills&language=en","uri":"http://data.europa.eu/esco/concept-scheme/member-skills","title":"ESCO member skills"}],"hasSkillType":[{"href":"https://ec.europa.eu/esco/api/resource/concept?uri=http://data.europa.eu/esco/skill-type/skill&language=en","uri":"http://data.europa.eu/esco/skill-type/skill","title":"skill"}],"hasReuseLevel":[{"href":"https://ec.europa.eu/esco/api/resource/concept?uri=http://data.europa.eu/esco/skill-reuse-level/sector-specific&language=en","uri":"http://data.europa.eu/esco/skill-reuse-level/sector-specific","title":"sector specific skills and competences","code":"Level 3"}],"isEssentialForOccupation":[{"href":"https://ec.europa.eu/esco/api/resource/occupation?uri=http://data.europa.eu/esco/occupation/522c55ca-ee4a-407d-9fc6-f810c5266523&language=en","uri":"http://data.europa.eu/esco/occupation/522c55ca-ee4a-407d-9fc6-f810c5266523","title":"airline transport pilot"},{"href":"https://ec.europa.eu/esco/api/resource/occupation?uri=http://data.europa.eu/esco/occupation/807a1ac3-4f56-41f3-a68c-d653d558eb0a&language=en","uri":"http://data.europa.eu/esco/occupation/807a1ac3-4f56-41f3-a68c-d653d558eb0a","title":"co-pilot"},{"href":"https://ec.europa.eu/esco/api/resource/occupation?uri=http://data.europa.eu/esco/occupation/523ab5a0-5e72-418d-9d61-a6126a446123&language=en","uri":"http://data.europa.eu/esco/occupation/523ab5a0-5e72-418d-9d61-a6126a446123","title":"commercial pilot"},{"href":"https://ec.europa.eu/esco/api/resource/occupation?uri=http://data.europa.eu/esco/occupation/3d974e0c-8ed9-47a7-aec2-ebdb34391c87&language=en","uri":"http://data.europa.eu/esco/occupation/3d974e0c-8ed9-47a7-aec2-ebdb34391c87","title":"airport baggage handler"},{"href":"https://ec.europa.eu/esco/api/resource/occupation?uri=http://data.europa.eu/esco/occupation/1ff5cf0d-e81f-4287-ba00-096816b16777&language=en","uri":"http://data.europa.eu/esco/occupation/1ff5cf0d-e81f-4287-ba00-096816b16777","title":"maritime pilot"}],"isOptionalForOccupation":[{"href":"https://ec.europa.eu/esco/api/resource/occupation?uri=http://data.europa.eu/esco/occupation/9a4ba556-e72b-49c2-834c-d6a03a2fc906&language=en","uri":"http://data.europa.eu/esco/occupation/9a4ba556-e72b-49c2-834c-d6a03a2fc906","title":"aircraft pilot"}]},"_embedded":{}},{"className":"Skill","classId":"http://data.europa.eu/esco/model#Skill","uri":"http://data.europa.eu/esco/skill/cd86f45f-3823-492f-a7cb-9ed63b28db01","title":"design the physical outlook of games","referenceLanguage":["en"],"preferredLabel":{"de":"optische Gestaltung von Spielen entwerfen","no":"designe spills fysiske utforming","en-us":"design the physical outlook of games","fi":"suunnitella pelien fyysistä ulkonäköä","pt":"projetar o aspeto físico dos jogos","bg":"проектиране на физическото представяне на игрите","lt":"projektuoti vaizdinę lošimų priemonių raišką","hr":"dizajnirati fizički izgled igara","lv":"radīt spēļu fiziskā izskata dizainu","fr":"concevoir l'aspect physique de jeux","hu":"megtervezi a játékok fizikai megjelenítését","sk":"navrhnúť fyzický vzhľad hier","sl":"oblikovati fizično podobo iger","ga":"an chuma fhisiciúil ar chluichí a dhearadh","sv":"formge spel","mt":"disinn tal-perspettiva fiżika tal-logħob","el":"σχεδιασμός της φυσικής όψης των παιχνιδιών","en":"design the physical outlook of games","is":"hannar útlit leikja","it":"progettare l'aspetto fisico dei giochi","es":"diseñar el soporte físico de juegos","et":"mängude füüsilist välimust kujundama","cs":"vytvářet design fyzického vzhledu her","ar":"يصمم التوقعات المادية للألعاب","pl":"opracowywać wygląd wyposażenia wykorzystywanego do gier","da":"designe spils fysiske udtryk","ro":"concepe aspectul fizic al jocurilor","nl":"fysiek uiterlijk van spelen ontwerpen"},"alternativeLabel":{"pt":["desenhar o aspeto físico dos jogos"],"en":["design the outlook of games","make the game look appealing and attractive","create the physical appearance of the game in an attractive and eye-catching way","design the games' physical outlook"]},"description":{"en-us":{"literal":"Creat physical appealing gambling, betting and lottery games, gaming tools and equipment such as lottery tickects, gaming tables, slot machines, etc.","mimetype":"plain/text"},"en":{"literal":"Creat physical appealing gambling, betting and lottery games, gaming tools and equipment such as lottery tickects, gaming tables, slot machines, etc.","mimetype":"plain/text"}},"status":"released","_links":{"self":{"href":"https://ec.europa.eu/esco/api/resource/skill?uri=http://data.europa.eu/esco/skill/cd86f45f-3823-492f-a7cb-9ed63b28db01&language=en","uri":"http://data.europa.eu/esco/skill/cd86f45f-3823-492f-a7cb-9ed63b28db01","title":"design the physical outlook of games"},"isTopConceptInScheme":[{"href":"https://ec.europa.eu/esco/api/resource/taxonomy?uri=http://data.europa.eu/esco/concept-scheme/member-skills&language=en","uri":"http://data.europa.eu/esco/concept-scheme/member-skills","title":"ESCO member skills"},{"href":"https://ec.europa.eu/esco/api/resource/taxonomy?uri=http://data.europa.eu/esco/concept-scheme/skills&language=en","uri":"http://data.europa.eu/esco/concept-scheme/skills","title":"ESCO skills"}],"isInScheme":[{"href":"https://ec.europa.eu/esco/api/resource/taxonomy?uri=http://data.europa.eu/esco/concept-scheme/member-skills&language=en","uri":"http://data.europa.eu/esco/concept-scheme/member-skills","title":"ESCO member skills"},{"href":"https://ec.europa.eu/esco/api/resource/taxonomy?uri=http://data.europa.eu/esco/concept-scheme/skills&language=en","uri":"http://data.europa.eu/esco/concept-scheme/skills","title":"ESCO skills"}],"hasSkillType":[{"href":"https://ec.europa.eu/esco/api/resource/concept?uri=http://data.europa.eu/esco/skill-type/skill&language=en","uri":"http://data.europa.eu/esco/skill-type/skill","title":"skill"}],"hasReuseLevel":[{"href":"https://ec.europa.eu/esco/api/resource/concept?uri=http://data.europa.eu/esco/skill-reuse-level/occupation-specific&language=en","uri":"http://data.europa.eu/esco/skill-reuse-level/occupation-specific","title":"occupation specific skills and competences","code":"Level 4"}],"isOptionalForOccupation":[{"href":"https://ec.europa.eu/esco/api/resource/occupation?uri=http://data.europa.eu/esco/occupation/11830794-108c-48fe-a282-2cd7a2945344&language=en","uri":"http://data.europa.eu/esco/occupation/11830794-108c-48fe-a282-2cd7a2945344","title":"gambling, betting, and lottery games designer"}]},"_embedded":{}},{"className":"Skill","classId":"http://data.europa.eu/esco/model#Skill","uri":"http://data.europa.eu/esco/skill/a4db52a8-d04d-435b-ba7d-f8e608753d46","title":"Montessori learning equipment","referenceLanguage":["en"],"preferredLabel":{"no":"Montessori-læringsutstyr","de":"Lehr- und Lernmittel der Montessori-Pädagogik","en-us":"Montessori learning equipment","fi":"montessorivälineet","pt":"material didático Montessori","bg":"помагала за обучение по метода на Монтесори","lt":"Mokymosi reikmenys pagal M. Montesori metodiką","lv":"Montesori sistēmas mācību aprīkojums","hr":"didaktička oprema Montessori","fr":"matériel pédagogique de Montessori","hu":"Montessori-eszközök","sk":"montessoriovské učebné materiály","sl":"učni pripomočki Montessori","ga":"Trealamh foghlama Montessori","sv":"Montessorimaterial","el":"εξοπλισμός διδασκαλίας Montessori","mt":"tagħmir tat-tagħlim ta’ Montessori","en":"Montessori learning equipment","is":"Montessori-kennslugögn","it":"attrezzature di apprendimento Montessori","es":"equipo de aprendizaje Montessori","et":"Montessori õpetamisvahendid","cs":"učební pomůcky Montessori","ar":"معدات تعلم مونتيسوري","pl":"materiały do nauczania metodą Montessori","ro":"materiale didactice pentru metoda Montessori","da":"Montessori-undervisningsudstyr","nl":"montessorilesmateriaal"},"alternativeLabel":{"lt":["M. Montessori mokyklos mokymosi priemonės"],"en":["Montessori learning instruments","Montessori learning tools","Montessori learning implements"],"ro":["kit Montessori de învățare rapidă a scrisului și cititului","kit de învățare Montessori"],"nl":["montessorileermateriaal"]},"description":{"en-us":{"literal":"The special materials used by Montessori teachers in their classes for training students, more specifically equipment for developing several abilities consisting of sensorial equipment, mathematical equipment, language materials, and cosmic equipment.","mimetype":"plain/text"},"en":{"literal":"The special materials used by Montessori teachers in their classes for training students, more specifically equipment for developing several abilities consisting of sensorial equipment, mathematical equipment, language materials, and cosmic equipment.","mimetype":"plain/text"}},"status":"released","_links":{"self":{"href":"https://ec.europa.eu/esco/api/resource/skill?uri=http://data.europa.eu/esco/skill/a4db52a8-d04d-435b-ba7d-f8e608753d46&language=en","uri":"http://data.europa.eu/esco/skill/a4db52a8-d04d-435b-ba7d-f8e608753d46","title":"Montessori learning equipment"},"isTopConceptInScheme":[{"href":"https://ec.europa.eu/esco/api/resource/taxonomy?uri=http://data.europa.eu/esco/concept-scheme/skills&language=en","uri":"http://data.europa.eu/esco/concept-scheme/skills","title":"ESCO skills"},{"href":"https://ec.europa.eu/esco/api/resource/taxonomy?uri=http://data.europa.eu/esco/concept-scheme/member-skills&language=en","uri":"http://data.europa.eu/esco/concept-scheme/member-skills","title":"ESCO member skills"}],"isInScheme":[{"href":"https://ec.europa.eu/esco/api/resource/taxonomy?uri=http://data.europa.eu/esco/concept-scheme/skills&language=en","uri":"http://data.europa.eu/esco/concept-scheme/skills","title":"ESCO skills"},{"href":"https://ec.europa.eu/esco/api/resource/taxonomy?uri=http://data.europa.eu/esco/concept-scheme/member-skills&language=en","uri":"http://data.europa.eu/esco/concept-scheme/member-skills","title":"ESCO member skills"}],"hasSkillType":[{"href":"https://ec.europa.eu/esco/api/resource/concept?uri=http://data.europa.eu/esco/skill-type/knowledge&language=en","uri":"http://data.europa.eu/esco/skill-type/knowledge","title":"knowledge"}],"hasReuseLevel":[{"href":"https://ec.europa.eu/esco/api/resource/concept?uri=http://data.europa.eu/esco/skill-reuse-level/occupation-specific&language=en","uri":"http://data.europa.eu/esco/skill-reuse-level/occupation-specific","title":"occupation specific skills and competences","code":"Level 4"}],"isEssentialForOccupation":[{"href":"https://ec.europa.eu/esco/api/resource/occupation?uri=http://data.europa.eu/esco/occupation/76a950cb-3def-47f4-895d-555ad138657e&language=en","uri":"http://data.europa.eu/esco/occupation/76a950cb-3def-47f4-895d-555ad138657e","title":"Montessori school teacher"}]},"_embedded":{}},{"className":"Skill","classId":"http://data.europa.eu/esco/model#Skill","uri":"http://data.europa.eu/esco/skill/d1455e46-2d0d-4661-86ab-3cb7a0c46d02","title":"log emergency call information electronically","referenceLanguage":["en"],"preferredLabel":{"no":"logge informasjon om nødanrop elektronisk","de":"Notrufinformationen elektronisch aufzeichnen","fi":"kirjata hätäpuhelutietoja sähköisesti","en-us":"log emergency call information electronically","pt":"registar em formato eletrónico informações sobre as chamadas de emergência","bg":"регистриране в електронен вид на информация от повикванията за спешен случай","lt":"registruoti informaciją apie skubios pagalbos iškvietimo skambučius elektroniniu būdu","lv":"elektroniski reģistrēt ārkārtas izsaukumu informāciju","hr":"elektronički unositi informacije o hitnim pozivima","fr":"enregistrer les informations des appels d’urgence sur un support électronique","hu":"elektronikusan naplózza a sürgősségi hívások adatait","sk":"log emergency call information electronically","sl":"elektronsko beležiti informacije o klicu v sili","ga":"faisnéis faoi ghlaonna éigeandála a logáil go leictreonach","sv":"registrera nödsamtalsinformation elektroniskt","el":"ηλεκτρονική καταχώριση πληροφοριών κλήσεων έκτακτης ανάγκης","mt":"reġistrazzjoni elettronika tal-informazzjoni tat-telefonati ta’ emerġenza","en":"log emergency call information electronically","is":"skráir rafrænt upplýsingar úr neyðarkalli","it":"registrare elettronicamente le informazioni delle chiamate di emergenza","es":"registrar electrónicamente las llamadas de emergencias","et":"hädaabikõne teavet elektrooniliselt registreerima","cs":"zaznamenávat elektronicky informace z tísňového volání","ar":"يسجل معلومات مكالمات الطوارئ إلكترونياً","pl":"rejestrować informacje w zakresie powiadamiania ratunkowego w formie elektronicznej","ro":"introduce în baza de date electronică informații privind apelurile de urgență","da":"registrere oplysninger om nødopkald elektronisk","nl":"informatie van noodoproepen elektronisch registreren"},"alternativeLabel":{"en":["log emergency calls information electronically","keep e-information on emergency calls","register emergency call information electronically","electronically log emergency call information","electronically keep emergency call information","store emergency call information electronically"],"nl":["informatie van noodoproepen elektronisch opslaan"],"es":["hacer un registro electrónico de las llamadas de urgencias","hacer un registro electrónico de las llamadas de emergencias","registrar electrónicamente las llamadas de urgencias","llevar un registro electrónico de las llamadas de emergencias","llevar un registro electrónico de las llamadas de urgencias"]},"description":{"en-us":{"literal":"Register the information received from emergency callers into a computer for further processing or record keeping purposes.","mimetype":"plain/text"},"en":{"literal":"Register the information received from emergency callers into a computer for further processing or record keeping purposes.","mimetype":"plain/text"}},"status":"released","_links":{"self":{"href":"https://ec.europa.eu/esco/api/resource/skill?uri=http://data.europa.eu/esco/skill/d1455e46-2d0d-4661-86ab-3cb7a0c46d02&language=en","uri":"http://data.europa.eu/esco/skill/d1455e46-2d0d-4661-86ab-3cb7a0c46d02","title":"log emergency call information electronically"},"isTopConceptInScheme":[{"href":"https://ec.europa.eu/esco/api/resource/taxonomy?uri=http://data.europa.eu/esco/concept-scheme/skills&language=en","uri":"http://data.europa.eu/esco/concept-scheme/skills","title":"ESCO skills"},{"href":"https://ec.europa.eu/esco/api/resource/taxonomy?uri=http://data.europa.eu/esco/concept-scheme/member-skills&language=en","uri":"http://data.europa.eu/esco/concept-scheme/member-skills","title":"ESCO member skills"}],"isInScheme":[{"href":"https://ec.europa.eu/esco/api/resource/taxonomy?uri=http://data.europa.eu/esco/concept-scheme/skills&language=en","uri":"http://data.europa.eu/esco/concept-scheme/skills","title":"ESCO skills"},{"href":"https://ec.europa.eu/esco/api/resource/taxonomy?uri=http://data.europa.eu/esco/concept-scheme/member-skills&language=en","uri":"http://data.europa.eu/esco/concept-scheme/member-skills","title":"ESCO member skills"}],"hasSkillType":[{"href":"https://ec.europa.eu/esco/api/resource/concept?uri=http://data.europa.eu/esco/skill-type/skill&language=en","uri":"http://data.europa.eu/esco/skill-type/skill","title":"skill"}],"hasReuseLevel":[{"href":"https://ec.europa.eu/esco/api/resource/concept?uri=http://data.europa.eu/esco/skill-reuse-level/occupation-specific&language=en","uri":"http://data.europa.eu/esco/skill-reuse-level/occupation-specific","title":"occupation specific skills and competences","code":"Level 4"}],"isEssentialForOccupation":[{"href":"https://ec.europa.eu/esco/api/resource/occupation?uri=http://data.europa.eu/esco/occupation/68450507-b4a0-40e0-895b-385fe705be10&language=en","uri":"http://data.europa.eu/esco/occupation/68450507-b4a0-40e0-895b-385fe705be10","title":"emergency medical dispatcher"}]},"_embedded":{}},{"className":"Skill","classId":"http://data.europa.eu/esco/model#Skill","uri":"http://data.europa.eu/esco/skill/34147067-562c-4e5f-8dec-40972ccf29b6","title":"plants contribution to indoor climate and health conditions","referenceLanguage":["en"],"preferredLabel":{"de":"Beitrag von Pflanzen zum Raumklima und der Gesundheit","no":"planters bidrag til inneklima og helserelaterte forhold","en-us":"plants contribution to indoor climate and health conditions","fi":"kasvien vaikutus sisäilmastoon ja terveydentilaan","pt":"contributo das plantas para o ambiente interior e as condições de saúde","bg":"принос на растенията за климатичните и здравните условия на закрито","lt":"augalų poveikis patalpų mikroklimatui ir sveikatos būklei","lv":"augi, kuri uzlabo klimatu telpās un veselības stāvokli","hr":"utjecaj biljaka na mikroklimu i zdravlje","fr":"contribution des plantes au climat intérieur et aux conditions sanitaires","hu":"a növények hatása a beltéri légkörre és az egészségre","sk":"vplyv rastlín na interiérové prostredie a zdravotný stav","sl":"vpliv rastlin na zrak v prostorih in zdravje","ga":"rannchuidiú na bplandaí le dálaí aeráide laistigh agus sláinte","sv":"växters bidrag till inomhusklimat och hälsa","el":"συμβολή φυτών στις κλιματικές συνθήκες των εσωτερικών χώρων και στην υγεία","mt":"kontribuzzjoni tal-pjanti għall-klima interjuri u għall-kundizzjonijiet tas-saħħa","en":"plants contribution to indoor climate and health conditions","is":"framlag planta til inniloftslags og heilsufars","it":"contributo delle piante alle condizioni climatiche e sanitarie al coperto","es":"influencia de las plantas en el clima interior y en el estado de salud","et":"siseruumide kliimat ja inimeste tervist mõjutavad taimed","cs":"vliv rostlin na vnitřní klima a hygienické podmínky","ar":"مساهمة النباتات في المناخ الداخلي والظروف الصحية","pl":"wpływ roślin na warunki klimatyczne i zdrowotne we wnętrzach","ro":"contribuția plantelor la climatul interior și la starea de sănătate","da":"planters bidrag til indendørsklima og sundhed","nl":"invloed van planten op het binnenklimaat en de gezondheid"},"alternativeLabel":{"fi":["kasvien vaikutus sisäilmastoon ja terveyteen"],"lt":["augalų poveikis patalpų oro ir sveikatingumo sąlygoms"],"en":["ways in which indoor plants affect health","nature of plants contribution to indoor climate and health conditions","how plants affect indoor health","contribution of plants to indoor climate and health conditions","how indoor  plants cause allergies","scope of plants contribution to indoor climate and health conditions","ways in which plant contribute to indoor climate and health conditions"],"hr":["utjecaj biljaka na klimatske uvjete u zatvorenim prostorima i zdravlje"],"ro":["plante de apartament cu potențial alergen"],"es":["formas en que las plantas afectan al clima interior y a la salud","formas en que las plantas afectan al clima interior y al estado de salud","formas en que las plantas influyen al clima interior y en el estado de salud","influencia de las plantas en el clima interior y en la salud"]},"description":{"en-us":{"literal":"The way different plants influence the indoor climate and what plants may cause allergy","mimetype":"plain/text"},"en":{"literal":"The way different plants influence the indoor climate and what plants may cause allergy","mimetype":"plain/text"}},"status":"released","_links":{"self":{"href":"https://ec.europa.eu/esco/api/resource/skill?uri=http://data.europa.eu/esco/skill/34147067-562c-4e5f-8dec-40972ccf29b6&language=en","uri":"http://data.europa.eu/esco/skill/34147067-562c-4e5f-8dec-40972ccf29b6","title":"plants contribution to indoor climate and health conditions"},"isTopConceptInScheme":[{"href":"https://ec.europa.eu/esco/api/resource/taxonomy?uri=http://data.europa.eu/esco/concept-scheme/skills&language=en","uri":"http://data.europa.eu/esco/concept-scheme/skills","title":"ESCO skills"},{"href":"https://ec.europa.eu/esco/api/resource/taxonomy?uri=http://data.europa.eu/esco/concept-scheme/member-skills&language=en","uri":"http://data.europa.eu/esco/concept-scheme/member-skills","title":"ESCO member skills"}],"isInScheme":[{"href":"https://ec.europa.eu/esco/api/resource/taxonomy?uri=http://data.europa.eu/esco/concept-scheme/skills&language=en","uri":"http://data.europa.eu/esco/concept-scheme/skills","title":"ESCO skills"},{"href":"https://ec.europa.eu/esco/api/resource/taxonomy?uri=http://data.europa.eu/esco/concept-scheme/member-skills&language=en","uri":"http://data.europa.eu/esco/concept-scheme/member-skills","title":"ESCO member skills"}],"hasSkillType":[{"href":"https://ec.europa.eu/esco/api/resource/concept?uri=http://data.europa.eu/esco/skill-type/knowledge&language=en","uri":"http://data.europa.eu/esco/skill-type/knowledge","title":"knowledge"}],"hasReuseLevel":[{"href":"https://ec.europa.eu/esco/api/resource/concept?uri=http://data.europa.eu/esco/skill-reuse-level/occupation-specific&language=en","uri":"http://data.europa.eu/esco/skill-reuse-level/occupation-specific","title":"occupation specific skills and competences","code":"Level 4"}],"isEssentialForOccupation":[{"href":"https://ec.europa.eu/esco/api/resource/occupation?uri=http://data.europa.eu/esco/occupation/98af7387-3974-457a-aa57-5397d1ea3949&language=en","uri":"http://data.europa.eu/esco/occupation/98af7387-3974-457a-aa57-5397d1ea3949","title":"interior landscaper"}]},"_embedded":{}},{"className":"Skill","classId":"http://data.europa.eu/esco/model#Skill","uri":"http://data.europa.eu/esco/skill/4c598bd8-247e-4d77-9750-91e40e380436","title":"manage artificial plant displays","referenceLanguage":["en"],"preferredLabel":{"no":"håndtere kunstige planteutstillinger","de":"Displays für künstliche Pflanzen arrangieren","fi":"hoitaa tekokasvi-istutuksia","en-us":"manage artificial plant displays","pt":"instalar ornamentos de plantas artificiais","bg":"приготвяне на изкуствени саксийни растения","lt":"tvarkyti dirbtinių augalų ekspozicijas","hr":"rasporediti umjetne biljke","lv":"veidot mākslīgo augu ekspozīcijas","fr":"gérer des arrangements de plantes artificielles","hu":"mesterséges növénykompozíciókat kezel","sk":"starať sa o expozície umelej zelene","sl":"skrbeti za aranžmaje z umetnimi rastlinami","ga":"taispeántais plandaí saorga a bhainistiú","sv":"sköta konstgjorda växtinstallationer","mt":"immaniġġjar tad-dekorazzjonijiet bil-pjanti artifiċjali","el":"διαχείριση τεχνητών ανθοστηλών","en":"manage artificial plant displays","is":"hefur umsjón með uppstillingu gerviplantna","it":"preparare l'esposizione di piante artificiali","es":"gestionar estructuras de plantas artificiales","et":"kunstlikke taimeseadeid haldama","cs":"spravovat výstavku umělých rostlin","ar":"يُدير عروض النباتات الاصطناعية","pl":"zarządzać wystawami ze sztucznych roślin","ro":"gestionează aranjamentele din plante artificiale","da":"forvalte udstillinger af kunstige planter","nl":"kunstmatige plantenuitstallingen beheren"},"alternativeLabel":{"en":["preparing artificial plant displays","artificial plant display managing","artificial plant display preparing","prepare artificial plant displays","preparing displays of artificial plants","managing displays of artificial plants","managing artificial plant displays","prepare displays of artificial plants","manage displays of artificial plants"],"ro":["instalează aranjamente din plante artificiale"],"es":["mantener composiciones de plantas artificiales","gestionar composiciones de plantas artificiales","instalar estructuras de plantas artificiales"]},"description":{"en-us":{"literal":"Prepare the artificial plants and other materials according to requirements. Set up, install and maintain artificial plant displays.","mimetype":"plain/text"},"en":{"literal":"Prepare the artificial plants and other materials according to requirements. Set up, install and maintain artificial plant displays.","mimetype":"plain/text"}},"status":"released","_links":{"self":{"href":"https://ec.europa.eu/esco/api/resource/skill?uri=http://data.europa.eu/esco/skill/4c598bd8-247e-4d77-9750-91e40e380436&language=en","uri":"http://data.europa.eu/esco/skill/4c598bd8-247e-4d77-9750-91e40e380436","title":"manage artificial plant displays"},"isTopConceptInScheme":[{"href":"https://ec.europa.eu/esco/api/resource/taxonomy?uri=http://data.europa.eu/esco/concept-scheme/member-skills&language=en","uri":"http://data.europa.eu/esco/concept-scheme/member-skills","title":"ESCO member skills"},{"href":"https://ec.europa.eu/esco/api/resource/taxonomy?uri=http://data.europa.eu/esco/concept-scheme/skills&language=en","uri":"http://data.europa.eu/esco/concept-scheme/skills","title":"ESCO skills"}],"isInScheme":[{"href":"https://ec.europa.eu/esco/api/resource/taxonomy?uri=http://data.europa.eu/esco/concept-scheme/member-skills&language=en","uri":"http://data.europa.eu/esco/concept-scheme/member-skills","title":"ESCO member skills"},{"href":"https://ec.europa.eu/esco/api/resource/taxonomy?uri=http://data.europa.eu/esco/concept-scheme/skills&language=en","uri":"http://data.europa.eu/esco/concept-scheme/skills","title":"ESCO skills"}],"hasSkillType":[{"href":"https://ec.europa.eu/esco/api/resource/concept?uri=http://data.europa.eu/esco/skill-type/skill&language=en","uri":"http://data.europa.eu/esco/skill-type/skill","title":"skill"}],"hasReuseLevel":[{"href":"https://ec.europa.eu/esco/api/resource/concept?uri=http://data.europa.eu/esco/skill-reuse-level/occupation-specific&language=en","uri":"http://data.europa.eu/esco/skill-reuse-level/occupation-specific","title":"occupation specific skills and competences","code":"Level 4"}],"isEssentialForOccupation":[{"href":"https://ec.europa.eu/esco/api/resource/occupation?uri=http://data.europa.eu/esco/occupation/98af7387-3974-457a-aa57-5397d1ea3949&language=en","uri":"http://data.europa.eu/esco/occupation/98af7387-3974-457a-aa57-5397d1ea3949","title":"interior landscaper"}]},"_embedded":{}},{"className":"Skill","classId":"http://data.europa.eu/esco/model#Skill","uri":"http://data.europa.eu/esco/skill/4fbe31ec-9027-4576-a9d9-b89fa40a46b6","title":"golf","referenceLanguage":["en"],"preferredLabel":{"de":"Golf","no":"golf","fi":"golf","en-us":"golf","pt":"golfe","bg":"голф","lt":"golfas","lv":"golfs","hr":"golf","fr":"golf","hu":"golf","sk":"golf","sl":"golf","ga":"galf","sv":"golf","el":"γκολφ","mt":"golf","en":"golf","is":"golf","it":"golf","es":"golf","et":"golf","cs":"golf","ar":"الغولف","pl":"golf","da":"golf","ro":"golf","nl":"golf"},"alternativeLabel":{"en":["golfing"],"ro":["joc de golf"]},"description":{"en-us":{"literal":"The rules and techniques of golf such as tee shot, chipping and putting.","mimetype":"plain/text"},"en":{"literal":"The rules and techniques of golf such as tee shot, chipping and putting.","mimetype":"plain/text"}},"status":"released","_links":{"self":{"href":"https://ec.europa.eu/esco/api/resource/skill?uri=http://data.europa.eu/esco/skill/4fbe31ec-9027-4576-a9d9-b89fa40a46b6&language=en","uri":"http://data.europa.eu/esco/skill/4fbe31ec-9027-4576-a9d9-b89fa40a46b6","title":"golf"},"isTopConceptInScheme":[{"href":"https://ec.europa.eu/esco/api/resource/taxonomy?uri=http://data.europa.eu/esco/concept-scheme/member-skills&language=en","uri":"http://data.europa.eu/esco/concept-scheme/member-skills","title":"ESCO member skills"},{"href":"https://ec.europa.eu/esco/api/resource/taxonomy?uri=http://data.europa.eu/esco/concept-scheme/skills&language=en","uri":"http://data.europa.eu/esco/concept-scheme/skills","title":"ESCO skills"}],"isInScheme":[{"href":"https://ec.europa.eu/esco/api/resource/taxonomy?uri=http://data.europa.eu/esco/concept-scheme/member-skills&language=en","uri":"http://data.europa.eu/esco/concept-scheme/member-skills","title":"ESCO member skills"},{"href":"https://ec.europa.eu/esco/api/resource/taxonomy?uri=http://data.europa.eu/esco/concept-scheme/skills&language=en","uri":"http://data.europa.eu/esco/concept-scheme/skills","title":"ESCO skills"}],"hasSkillType":[{"href":"https://ec.europa.eu/esco/api/resource/concept?uri=http://data.europa.eu/esco/skill-type/knowledge&language=en","uri":"http://data.europa.eu/esco/skill-type/knowledge","title":"knowledge"}],"hasReuseLevel":[{"href":"https://ec.europa.eu/esco/api/resource/concept?uri=http://data.europa.eu/esco/skill-reuse-level/occupation-specific&language=en","uri":"http://data.europa.eu/esco/skill-reuse-level/occupation-specific","title":"occupation specific skills and competences","code":"Level 4"}],"isEssentialForOccupation":[{"href":"https://ec.europa.eu/esco/api/resource/occupation?uri=http://data.europa.eu/esco/occupation/09c2b506-cefa-4ba3-b868-a9c2bc4fc6f1&language=en","uri":"http://data.europa.eu/esco/occupation/09c2b506-cefa-4ba3-b868-a9c2bc4fc6f1","title":"golf instructor"}]},"_embedded":{}},{"className":"Skill","classId":"http://data.europa.eu/esco/model#Skill","uri":"http://data.europa.eu/esco/skill/826c1cf4-582a-4f1a-805f-98cc2b8000ba","title":"fossil-fuel power plant operations","referenceLanguage":["en"],"preferredLabel":{"no":"kraftverksdrift basert på fossilt brensel","de":"Betriebsabläufe in fossilen Kraftwerken","en-us":"fossil-fuel power plant operations","fi":"fossiilisia polttoaineita käyttävän voimalaitoksen toiminnot","pt":"operações das centrais elétricas alimentadas a combustíveis fósseis","bg":"функциониране на електроцентрали, работещи с изкопаеми горива","lt":"iškastinio kuro elektrinės eksploatavimas","hr":"postupci u elektrani na fosilna goriva","lv":"fosilā kurināmā elektrostaciju darbība","fr":"activités des installations de production d’énergie fossile","hu":"fosszilis tüzelőanyaggal működő erőműben végzett műveletek","sk":"prevádzka elektrárne na fosílne palivo","sl":"delovanje elektrarn na fosilna goriva","ga":"oibríochtaí gléasra cumhachta breosla iontaise","sv":"verksamhet i kraftverk som drivs med fossila bränslen","mt":"operazzjonijiet tal-impjanti tal-enerġija tal-fjuwils fossili","el":"λειτουργία μονάδων παραγωγής ηλεκτρικής ενέργειας από ορυκτά καύσιμα","en":"fossil-fuel power plant operations","is":"aðgerðir jarðefnaeldsneytisorkuvers","it":"funzionamento delle centrali elettriche a combustibili fossili","es":"operaciones de centrales eléctricas de combustibles fósiles","et":"tootmisetapid fossiilkütustel töötavas elektrijaamas","cs":"provoz elektrárny na fosilní paliva","ar":"عمليات محطات الطاقة الخاصة بالوقود الحفري","pl":"operacje przeprowadzane w elektrowniach na paliwa kopalne","da":"drift af fossilt fyrede kraftværker","ro":"operațiuni ale centralelor electrice cu combustibil fosil","nl":"exploitatie van met fossiele brandstoffen gestookte energiecentrales"},"alternativeLabel":{"de":["Arbeitsabläufe in fossilen Kraftwerken"],"lt":["iškastiniu kuru kūrenamos jėgainės darbas"],"en":["operations in fossil-fuel power plants","fossil-fuel power station operations","operating fossil-fuel power plants","operations in fossil-fuel power stations","operations in coal-fired power plants","operations in oil-fired power plants","production of electricity using fossil fuels"],"nl":["exploitatie van energiecentrales op fossiele brandstoffen"],"et":["fossiilkütustel töötava elektrijaama tootmisetapid"]},"description":{"en-us":{"literal":"The different steps in the production of electricity using fossil fuels and the function of all the components of the required equipment such as boilers, turbines and generators.","mimetype":"plain/text"},"en":{"literal":"The different steps in the production of electricity using fossil fuels and the function of all the components of the required equipment such as boilers, turbines and generators.","mimetype":"plain/text"}},"status":"released","_links":{"self":{"href":"https://ec.europa.eu/esco/api/resource/skill?uri=http://data.europa.eu/esco/skill/826c1cf4-582a-4f1a-805f-98cc2b8000ba&language=en","uri":"http://data.europa.eu/esco/skill/826c1cf4-582a-4f1a-805f-98cc2b8000ba","title":"fossil-fuel power plant operations"},"isTopConceptInScheme":[{"href":"https://ec.europa.eu/esco/api/resource/taxonomy?uri=http://data.europa.eu/esco/concept-scheme/member-skills&language=en","uri":"http://data.europa.eu/esco/concept-scheme/member-skills","title":"ESCO member skills"},{"href":"https://ec.europa.eu/esco/api/resource/taxonomy?uri=http://data.europa.eu/esco/concept-scheme/skills&language=en","uri":"http://data.europa.eu/esco/concept-scheme/skills","title":"ESCO skills"}],"isInScheme":[{"href":"https://ec.europa.eu/esco/api/resource/taxonomy?uri=http://data.europa.eu/esco/concept-scheme/member-skills&language=en","uri":"http://data.europa.eu/esco/concept-scheme/member-skills","title":"ESCO member skills"},{"href":"https://ec.europa.eu/esco/api/resource/taxonomy?uri=http://data.europa.eu/esco/concept-scheme/skills&language=en","uri":"http://data.europa.eu/esco/concept-scheme/skills","title":"ESCO skills"}],"hasSkillType":[{"href":"https://ec.europa.eu/esco/api/resource/concept?uri=http://data.europa.eu/esco/skill-type/knowledge&language=en","uri":"http://data.europa.eu/esco/skill-type/knowledge","title":"knowledge"}],"hasReuseLevel":[{"href":"https://ec.europa.eu/esco/api/resource/concept?uri=http://data.europa.eu/esco/skill-reuse-level/sector-specific&language=en","uri":"http://data.europa.eu/esco/skill-reuse-level/sector-specific","title":"sector specific skills and competences","code":"Level 3"}],"isEssentialForOccupation":[{"href":"https://ec.europa.eu/esco/api/resource/occupation?uri=http://data.europa.eu/esco/occupation/16b974f4-cb8c-436c-8c05-a16957c40131&language=en","uri":"http://data.europa.eu/esco/occupation/16b974f4-cb8c-436c-8c05-a16957c40131","title":"fossil-fuel power plant operator"}],"isOptionalForOccupation":[{"href":"https://ec.europa.eu/esco/api/resource/occupation?uri=http://data.europa.eu/esco/occupation/76abbb82-c103-4d7a-a4c0-14dba4d6199a&language=en","uri":"http://data.europa.eu/esco/occupation/76abbb82-c103-4d7a-a4c0-14dba4d6199a","title":"commissioning engineer"},{"href":"https://ec.europa.eu/esco/api/resource/occupation?uri=http://data.europa.eu/esco/occupation/47dd863b-b124-4bb1-bb42-a9498492a8cb&language=en","uri":"http://data.europa.eu/esco/occupation/47dd863b-b124-4bb1-bb42-a9498492a8cb","title":"liquid fuel engineer"}]},"_embedded":{}},{"className":"Skill","classId":"http://data.europa.eu/esco/model#Skill","uri":"http://data.europa.eu/esco/skill/7deca286-1bd6-490e-851f-82d9d410d584","title":"design the digital interface of gambling, betting and lottery games","referenceLanguage":["en"],"preferredLabel":{"de":"digitale Interfaces für Glücks-, Wett- und Lotteriespiele entwerfen","no":"designe det digitale grensesnittet for gambling, vedding og lotterispill","en-us":"design the digital interface of gambling, betting and lottery games","fi":"suunnitella rahapelaamisen, vedonlyönnin ja arpajaispelien digitaalisia käyttöliittymiä","pt":"projetar o interface digital dos jogos de fortuna e de azar, incluindo apostas e jogos de lotaria","bg":"проектиране на дигитален интерфейс за хазартни игри, игри със залагане и лотарийни игри","lt":"projektuoti lošimų, lažybų ir loterijų skaitmenines sąsajas","lv":"izstrādāt azartspēļu, derību un loterijas spēļu digitālo saskarni","hr":"dizajnirati digitalno sučelje igara za kockanje, klađenje i lutriju","fr":"concevoir l'interface numérique de jeux d'argent, paris et jeux de loterie","hu":"megtervezi a szerencsejátékok, fogadások és lottójátékok digitális felületét","sk":"navrhnúť digitálne rozhranie hazardných, stávkových a lotériových hier","sl":"oblikovati digitalni vmesnik za igre na srečo","ga":"an comhéadan digiteach a dhearadh le haghaidh cluichí cearrbhachais, gealltóireachta agus crannchuir","sv":"formge det digitala gränssnittet för spel, vadslagning och lotteri","el":"σχεδιασμός της ψηφιακής διεπαφής τυχερών παιχνιδιών, στοιχημάτων και λοταρίας","mt":"disinn tal-interfaċċa diġitali tal-logħob tal-azzard, tal-imħatri u tal-lotteriji","en":"design the digital interface of gambling, betting and lottery games","is":"hannar stafrænt viðmót fjárhættuspila, veðmála og happdrættisleikja","it":"progettare l'interfaccia digitale dei giochi d'azzardo, delle scommesse e delle lotterie","es":"diseñar la interfaz digital de juegos de azar, apuestas y lotería","et":"hasartmängude, kihlvedude ja loterii digitaalset kasutajaliidest kujundama","cs":"vytvářet design digitálního rozhraní hazardních, sázkových a loterijních her","ar":"يصمم واجهة رقمية لألعاب القمار والرهان واليانصيب","pl":"opracowywać interfejs cyfrowy gier hazardowych, zakładowych i loteryjnych","ro":"concepe interfața digitală pentru jocurile de noroc, pariuri și jocurile de loterie","da":"designe digitale grænseflader til gambling, betting og lotterispil","nl":"digitale interface voor gok-, kans- en loterijspelen ontwerpen"},"alternativeLabel":{"en":["design the digital outlook of games","design gambling, betting and lottery games' digital interface","create the digital interface of betting games","design the interface of gambling, betting and lottery games digitally"]},"description":{"en-us":{"literal":"Create the digital outlook of gambling, betting and lottery games to make them appealing to the audience.","mimetype":"plain/text"},"en":{"literal":"Create the digital outlook of gambling, betting and lottery games to make them appealing to the audience.","mimetype":"plain/text"}},"status":"released","_links":{"self":{"href":"https://ec.europa.eu/esco/api/resource/skill?uri=http://data.europa.eu/esco/skill/7deca286-1bd6-490e-851f-82d9d410d584&language=en","uri":"http://data.europa.eu/esco/skill/7deca286-1bd6-490e-851f-82d9d410d584","title":"design the digital interface of gambling, betting and lottery games"},"isTopConceptInScheme":[{"href":"https://ec.europa.eu/esco/api/resource/taxonomy?uri=http://data.europa.eu/esco/concept-scheme/skills&language=en","uri":"http://data.europa.eu/esco/concept-scheme/skills","title":"ESCO skills"},{"href":"https://ec.europa.eu/esco/api/resource/taxonomy?uri=http://data.europa.eu/esco/concept-scheme/member-skills&language=en","uri":"http://data.europa.eu/esco/concept-scheme/member-skills","title":"ESCO member skills"}],"isInScheme":[{"href":"https://ec.europa.eu/esco/api/resource/taxonomy?uri=http://data.europa.eu/esco/concept-scheme/skills&language=en","uri":"http://data.europa.eu/esco/concept-scheme/skills","title":"ESCO skills"},{"href":"https://ec.europa.eu/esco/api/resource/taxonomy?uri=http://data.europa.eu/esco/concept-scheme/member-skills&language=en","uri":"http://data.europa.eu/esco/concept-scheme/member-skills","title":"ESCO member skills"}],"hasSkillType":[{"href":"https://ec.europa.eu/esco/api/resource/concept?uri=http://data.europa.eu/esco/skill-type/skill&language=en","uri":"http://data.europa.eu/esco/skill-type/skill","title":"skill"}],"hasReuseLevel":[{"href":"https://ec.europa.eu/esco/api/resource/concept?uri=http://data.europa.eu/esco/skill-reuse-level/occupation-specific&language=en","uri":"http://data.europa.eu/esco/skill-reuse-level/occupation-specific","title":"occupation specific skills and competences","code":"Level 4"}],"isOptionalForOccupation":[{"href":"https://ec.europa.eu/esco/api/resource/occupation?uri=http://data.europa.eu/esco/occupation/11830794-108c-48fe-a282-2cd7a2945344&language=en","uri":"http://data.europa.eu/esco/occupation/11830794-108c-48fe-a282-2cd7a2945344","title":"gambling, betting, and lottery games designer"}]},"_embedded":{}},{"className":"Skill","classId":"http://data.europa.eu/esco/model#Skill","uri":"http://data.europa.eu/esco/skill/8369c2d6-c100-4cf6-bd83-9668d8678433","title":"utilise machine learning","referenceLanguage":["en"],"preferredLabel":{"de":"maschinelles Lernen einsetzen","no":"benytte maskinlæring","en-us":"utilize machine learning","fi":"käyttää koneoppimista","pt":"utilizar aprendizagem por máquina","bg":"използване на машинно учене","lt":"naudoti sistemos mokymąsi","hr":"iskoristiti strojno učenje","lv":"mašīnmācīšanās izmantošana","fr":"utiliser l’apprentissage automatique","hu":"gépi tanulást alkalmaz","sk":"použiť strojové učenie","sl":"uporabiti strojno učenje","ga":"meaisínfhoghlaim a úsáid","sv":"använda sig av maskininlärning","el":"χρήση μηχανικής μάθησης","mt":"tutilizza tekniki ta' tagħlim permezz tal-magni","en":"utilise machine learning","is":"nýta vélanám","it":"utilizzare sistemi di apprendimento automatico","es":"utilizar aprendizaje automático","et":"masinõpet kasutama","cs":"využívat strojové učení","ar":"يستخدم التعلم الآلي","pl":"wykorzystywać uczenie maszynowe","ro":"utilizează învățarea automatizată","da":"anvende maskinindlæring","nl":"machinaal leren gebruiken"},"alternativeLabel":{"cs":["užívat strojové učení","využít strojové učení","uplatňovat metody strojového učení","používat techniky strojového učení","využívat postupy strojového učení","užít strojové učení"],"mt":["tuża l-machine learning","tutilizza tekniki tat-tagħlim bil-magni"],"nl":["kunstmatige intelligentie ontwikkelen","processen inzetten voor zelflerende machines","machine learning","machine learning gebruiken","technieken en algoritmen gebruiken om gegevens te laten extraheren en gebruiken door machines"]},"description":{"en-us":{"literal":"Use techniques and algorithms that are able to extract mastery out of data, learn from it and make predictions, to be used for program optimization, application adaptation, pattern recognition, filtering, search engines and computer vision.","mimetype":"plain/text"},"en":{"literal":"Use techniques and algorithms that are able to extract mastery out of data, learn from it and make predictions, to be used for program optimisation, application adaptation, pattern recognition, filtering, search engines and computer vision.","mimetype":"plain/text"}},"status":"released","_links":{"self":{"href":"https://ec.europa.eu/esco/api/resource/skill?uri=http://data.europa.eu/esco/skill/8369c2d6-c100-4cf6-bd83-9668d8678433&language=en","uri":"http://data.europa.eu/esco/skill/8369c2d6-c100-4cf6-bd83-9668d8678433","title":"utilise machine learning"},"isTopConceptInScheme":[{"href":"https://ec.europa.eu/esco/api/resource/taxonomy?uri=http://data.europa.eu/esco/concept-scheme/skills&language=en","uri":"http://data.europa.eu/esco/concept-scheme/skills","title":"ESCO skills"},{"href":"https://ec.europa.eu/esco/api/resource/taxonomy?uri=http://data.europa.eu/esco/concept-scheme/member-skills&language=en","uri":"http://data.europa.eu/esco/concept-scheme/member-skills","title":"ESCO member skills"}],"isInScheme":[{"href":"https://ec.europa.eu/esco/api/resource/taxonomy?uri=http://data.europa.eu/esco/concept-scheme/skills&language=en","uri":"http://data.europa.eu/esco/concept-scheme/skills","title":"ESCO skills"},{"href":"https://ec.europa.eu/esco/api/resource/taxonomy?uri=http://data.europa.eu/esco/concept-scheme/member-skills&language=en","uri":"http://data.europa.eu/esco/concept-scheme/member-skills","title":"ESCO member skills"}],"hasSkillType":[{"href":"https://ec.europa.eu/esco/api/resource/concept?uri=http://data.europa.eu/esco/skill-type/skill&language=en","uri":"http://data.europa.eu/esco/skill-type/skill","title":"skill"}],"hasReuseLevel":[{"href":"https://ec.europa.eu/esco/api/resource/concept?uri=http://data.europa.eu/esco/skill-reuse-level/sector-specific&language=en","uri":"http://data.europa.eu/esco/skill-reuse-level/sector-specific","title":"sector specific skills and competences","code":"Level 3"}],"isOptionalForOccupation":[{"href":"https://ec.europa.eu/esco/api/resource/occupation?uri=http://data.europa.eu/esco/occupation/f2b15a0e-e65a-438a-affb-29b9d50b77d1&language=en","uri":"http://data.europa.eu/esco/occupation/f2b15a0e-e65a-438a-affb-29b9d50b77d1","title":"software developer"},{"href":"https://ec.europa.eu/esco/api/resource/occupation?uri=http://data.europa.eu/esco/occupation/fde4372d-8293-42de-afbb-8b5a9b274fe7&language=en","uri":"http://data.europa.eu/esco/occupation/fde4372d-8293-42de-afbb-8b5a9b274fe7","title":"application engineer"}]},"_embedded":{}},{"className":"Skill","classId":"http://data.europa.eu/esco/model#Skill","uri":"http://data.europa.eu/esco/skill/378969fd-c740-4f96-9648-481a0590900e","title":"support distressed emergency callers","referenceLanguage":["en"],"preferredLabel":{"de":"verzweifelten Meldern von Notfällen helfen","no":"støtte bekymrede kriserammede innringere","fi":"tukea huolestuneita hätäpuheluiden soittajia","en-us":"support distressed emergency callers","pt":"dar apoio aos autores das chamadas de emergência em sofrimento","bg":"подпомагане на притеснени хора, обаждащи се за спешен случай","lt":"palaikyti sunerimusius skubios pagalbos iškvietimo telefono numeriu skambinančius asmenis","lv":"palīdzēt satrauktiem neatliekamās medicīniskās palīdzības izsaukumu veicējiem","hr":"pružati potporu uznemirenim osobama koje nazovu službu hitne pomoći","fr":"aider les personnes en détresse qui appellent les services d’urgence","hu":"támogatást nyújt a segélyvonalat hívó kétségbeesett személyeknek","sk":"support distressed emergency callers","sl":"podpirati pretresene klicatelje v sili","ga":"tacú le glaoiteoirí éigeandála atá trína chéile","sv":"stödja hjälpsökande vid nödsamtal","mt":"appoġġ għall-persuni trawmatizzati li jagħmlu telefonati ta’ emerġenza","el":"υποστήριξη των καλούντων που ζητούν συνδρομή και είναι συναισθηματικά φορτισμένοι","en":"support distressed emergency callers","is":"styður nauðstöddu fólki sem hringir í neyð","it":"sostenere le persone che chiamano in emergenza in difficoltà","es":"prestar apoyo a las personas que llaman a los servicios de emergencia en estado de desasosiego","et":"stressis hädaabikõne tegijat toetama","cs":"podporovat rozrušené volající na tísňovou linku","ar":"يقدم الدعم للمتصلين في حالات الطوارئ","pl":"udzielać wsparcia doświadczającym silnych emocji osobom dzwoniącym pod numer awaryjny","ro":"sprijină emoțional persoanele care efectuează apelul de urgență","da":"støtte fortvivlede personer, der ringer til alarmcentralen","nl":"ongeruste personen die een noodoproep doen ondersteunen"},"alternativeLabel":{"en":["assist troubled emergency callers","help distressed emergency caller","help distressed emergency callers","assist troubled emergency caller","assist distressed emergency callers","assist distressed emergency caller","support distressed emergency caller"],"es":["aconsejar a las personas que llaman a los servicios de emergencia en estado de ansiedad"],"nl":["verontruste personen die een noodoproep doen ondersteunen"]},"description":{"en-us":{"literal":"Provide emotional support and guidance to emergency callers, helping them to cope with the distressing situation.","mimetype":"plain/text"},"en":{"literal":"Provide emotional support and guidance to emergency callers, helping them to cope with the distressing situation.","mimetype":"plain/text"}},"status":"released","_links":{"self":{"href":"https://ec.europa.eu/esco/api/resource/skill?uri=http://data.europa.eu/esco/skill/378969fd-c740-4f96-9648-481a0590900e&language=en","uri":"http://data.europa.eu/esco/skill/378969fd-c740-4f96-9648-481a0590900e","title":"support distressed emergency callers"},"isTopConceptInScheme":[{"href":"https://ec.europa.eu/esco/api/resource/taxonomy?uri=http://data.europa.eu/esco/concept-scheme/skills&language=en","uri":"http://data.europa.eu/esco/concept-scheme/skills","title":"ESCO skills"},{"href":"https://ec.europa.eu/esco/api/resource/taxonomy?uri=http://data.europa.eu/esco/concept-scheme/member-skills&language=en","uri":"http://data.europa.eu/esco/concept-scheme/member-skills","title":"ESCO member skills"}],"isInScheme":[{"href":"https://ec.europa.eu/esco/api/resource/taxonomy?uri=http://data.europa.eu/esco/concept-scheme/skills&language=en","uri":"http://data.europa.eu/esco/concept-scheme/skills","title":"ESCO skills"},{"href":"https://ec.europa.eu/esco/api/resource/taxonomy?uri=http://data.europa.eu/esco/concept-scheme/member-skills&language=en","uri":"http://data.europa.eu/esco/concept-scheme/member-skills","title":"ESCO member skills"}],"hasSkillType":[{"href":"https://ec.europa.eu/esco/api/resource/concept?uri=http://data.europa.eu/esco/skill-type/skill&language=en","uri":"http://data.europa.eu/esco/skill-type/skill","title":"skill"}],"hasReuseLevel":[{"href":"https://ec.europa.eu/esco/api/resource/concept?uri=http://data.europa.eu/esco/skill-reuse-level/occupation-specific&language=en","uri":"http://data.europa.eu/esco/skill-reuse-level/occupation-specific","title":"occupation specific skills and competences","code":"Level 4"}],"isEssentialForOccupation":[{"href":"https://ec.europa.eu/esco/api/resource/occupation?uri=http://data.europa.eu/esco/occupation/68450507-b4a0-40e0-895b-385fe705be10&language=en","uri":"http://data.europa.eu/esco/occupation/68450507-b4a0-40e0-895b-385fe705be10","title":"emergency medical dispatcher"}]},"_embedded":{}},{"className":"Skill","classId":"http://data.europa.eu/esco/model#Skill","uri":"http://data.europa.eu/esco/skill/3b6834bd-b781-4dc6-b8c3-3fa74b865120","title":"answer emergency calls","referenceLanguage":["en"],"preferredLabel":{"no":"besvare nødanrop","de":"Notrufe entgegennehmen","fi":"vastata hätäpuheluihin","en-us":"answer emergency calls","pt":"atender chamadas de emergência","bg":"приемане на спешни повиквания","lt":"atsiliepti į skubaus iškvietimo skambučius","hr":"odgovarati na hitne pozive","lv":"atbildēt uz ārkārtas palīdzības izsaukumiem","fr":"répondre à des appels d’urgence","hu":"sürgősségi hívásokra válaszol","sk":"answer emergency calls","sl":"odgovarjati na klice v sili","ga":"glaonna éigeandála a fhreagairt","sv":"besvara nödsamtal","el":"υποδοχή κλήσεων έκτακτης ανάγκης","mt":"tweġib tat-telefonati ta’ emerġenza","en":"answer emergency calls","is":"svarar neyðarsímhringingum","it":"rispondere alle chiamate di emergenza","es":"responder a las llamadas de emergencia","et":"hädaabikõnedele vastama","cs":"reagovat na tísňová volání","ar":"يرد على مكالمات الطوارئ","pl":"przyjmować powiadomienia o nagłych przypadkach","ro":"răspunde la apelurile de urgență","da":"besvare nødopkald","nl":"noodoproepen beantwoorden"},"alternativeLabel":{"en":["pick up emergency calls","handle emergeny calls, take emergency calls","answer an emergency call","answer emergency-calls"],"es":["responder a las llamadas de urgencias","atender las llamadas de emergencia","contestar a las llamadas de emergencia"]},"description":{"en-us":{"literal":"Take calls from individuals who find themselves in life threating situations and who require assistance.","mimetype":"plain/text"},"en":{"literal":"Take calls from individuals who find themselves in life threating situations and who require assistance.","mimetype":"plain/text"}},"status":"released","_links":{"self":{"href":"https://ec.europa.eu/esco/api/resource/skill?uri=http://data.europa.eu/esco/skill/3b6834bd-b781-4dc6-b8c3-3fa74b865120&language=en","uri":"http://data.europa.eu/esco/skill/3b6834bd-b781-4dc6-b8c3-3fa74b865120","title":"answer emergency calls"},"isTopConceptInScheme":[{"href":"https://ec.europa.eu/esco/api/resource/taxonomy?uri=http://data.europa.eu/esco/concept-scheme/skills&language=en","uri":"http://data.europa.eu/esco/concept-scheme/skills","title":"ESCO skills"},{"href":"https://ec.europa.eu/esco/api/resource/taxonomy?uri=http://data.europa.eu/esco/concept-scheme/member-skills&language=en","uri":"http://data.europa.eu/esco/concept-scheme/member-skills","title":"ESCO member skills"}],"isInScheme":[{"href":"https://ec.europa.eu/esco/api/resource/taxonomy?uri=http://data.europa.eu/esco/concept-scheme/skills&language=en","uri":"http://data.europa.eu/esco/concept-scheme/skills","title":"ESCO skills"},{"href":"https://ec.europa.eu/esco/api/resource/taxonomy?uri=http://data.europa.eu/esco/concept-scheme/member-skills&language=en","uri":"http://data.europa.eu/esco/concept-scheme/member-skills","title":"ESCO member skills"}],"hasSkillType":[{"href":"https://ec.europa.eu/esco/api/resource/concept?uri=http://data.europa.eu/esco/skill-type/skill&language=en","uri":"http://data.europa.eu/esco/skill-type/skill","title":"skill"}],"hasReuseLevel":[{"href":"https://ec.europa.eu/esco/api/resource/concept?uri=http://data.europa.eu/esco/skill-reuse-level/occupation-specific&language=en","uri":"http://data.europa.eu/esco/skill-reuse-level/occupation-specific","title":"occupation specific skills and competences","code":"Level 4"}],"isEssentialForOccupation":[{"href":"https://ec.europa.eu/esco/api/resource/occupation?uri=http://data.europa.eu/esco/occupation/68450507-b4a0-40e0-895b-385fe705be10&language=en","uri":"http://data.europa.eu/esco/occupation/68450507-b4a0-40e0-895b-385fe705be10","title":"emergency medical dispatcher"}]},"_embedded":{}}]}}