{"total":8196,"offset":256,"limit":20,"language":"en","uri":"http://data.europa.eu/esco/concept-scheme/skills","relation":"hasTopConcept","_links":{"self":{"href":"https://ec.europa.eu/esco/api/resource/related?uri=http://data.europa.eu/esco/concept-scheme/skills&relation=hasTopConcept&limit=20&offset=256&language=en&full=true"},"prev":{"href":"https://ec.europa.eu/esco/api/resource/related?uri=http://data.europa.eu/esco/concept-scheme/skills&relation=hasTopConcept&limit=20&offset=255&language=en&full=true"},"next":{"href":"https://ec.europa.eu/esco/api/resource/related?uri=http://data.europa.eu/esco/concept-scheme/skills&relation=hasTopConcept&limit=20&offset=257&language=en&full=true"}},"_embedded":{"hasTopConcept":[{"className":"Skill","classId":"http://data.europa.eu/esco/model#Skill","uri":"http://data.europa.eu/esco/skill/23c759df-9860-41d8-80be-d00e0e6ad613","title":"use solvents","referenceLanguage":["en"],"preferredLabel":{"no":"bruke løsemidler","de":"Lösungsmittel verwenden","en-us":"use solvents","fi":"käyttää liuottimia","pt":"utilizar solventes","bg":"използване на разтворители","lt":"naudoti tirpiklius","lv":"izmantot šķīdinātājus","hr":"upotrebljavati otapala","fr":"utiliser des solvants","hu":"oldószereket használ","sk":"použiť rozpúšťadlá","sl":"uporabljati topila","ga":"tuaslagóirí a úsáid","sv":"använda lösningsmedel","el":"χρήση διαλυτών","mt":"użu ta’ solventi","en":"use solvents","is":"notar leysiefni","it":"utilizzare solventi","es":"utilizar disolventes","et":"lahusteid kasutama","cs":"používat rozpouštědla","ar":"يستخدم المذيبات","pl":"stosować rozpuszczalniki","da":"bruge opløsningsmidler","ro":"utilizează solvenți","nl":"oplosmiddelen gebruiken"},"alternativeLabel":{"en":["handle solvents","using solvents","use a solvent","apply solvents","operate solvents","utilise solvents"],"es":["emplear diluyentes","utilizar solventes"]},"description":{"en-us":{"literal":"Clean products or surfaces by using solvents to dissolve or extract other unnecessary substances.","mimetype":"plain/text"},"en":{"literal":"Clean products or surfaces by using solvents to dissolve or extract other unnecessary substances.","mimetype":"plain/text"}},"status":"released","_links":{"self":{"href":"https://ec.europa.eu/esco/api/resource/skill?uri=http://data.europa.eu/esco/skill/23c759df-9860-41d8-80be-d00e0e6ad613&language=en","uri":"http://data.europa.eu/esco/skill/23c759df-9860-41d8-80be-d00e0e6ad613","title":"use solvents"},"isTopConceptInScheme":[{"href":"https://ec.europa.eu/esco/api/resource/taxonomy?uri=http://data.europa.eu/esco/concept-scheme/member-skills&language=en","uri":"http://data.europa.eu/esco/concept-scheme/member-skills","title":"ESCO member skills"},{"href":"https://ec.europa.eu/esco/api/resource/taxonomy?uri=http://data.europa.eu/esco/concept-scheme/skills&language=en","uri":"http://data.europa.eu/esco/concept-scheme/skills","title":"ESCO skills"}],"isInScheme":[{"href":"https://ec.europa.eu/esco/api/resource/taxonomy?uri=http://data.europa.eu/esco/concept-scheme/member-skills&language=en","uri":"http://data.europa.eu/esco/concept-scheme/member-skills","title":"ESCO member skills"},{"href":"https://ec.europa.eu/esco/api/resource/taxonomy?uri=http://data.europa.eu/esco/concept-scheme/skills&language=en","uri":"http://data.europa.eu/esco/concept-scheme/skills","title":"ESCO skills"}],"hasSkillType":[{"href":"https://ec.europa.eu/esco/api/resource/concept?uri=http://data.europa.eu/esco/skill-type/skill&language=en","uri":"http://data.europa.eu/esco/skill-type/skill","title":"skill"}],"hasReuseLevel":[{"href":"https://ec.europa.eu/esco/api/resource/concept?uri=http://data.europa.eu/esco/skill-reuse-level/cross-sector&language=en","uri":"http://data.europa.eu/esco/skill-reuse-level/cross-sector","title":"cross-sector skills and competences","code":"Level 2"}],"isEssentialForOccupation":[{"href":"https://ec.europa.eu/esco/api/resource/occupation?uri=http://data.europa.eu/esco/occupation/f8438d21-c726-4534-8d7c-1c5aa9ef05ef&language=en","uri":"http://data.europa.eu/esco/occupation/f8438d21-c726-4534-8d7c-1c5aa9ef05ef","title":"drapery and carpet cleaner"},{"href":"https://ec.europa.eu/esco/api/resource/occupation?uri=http://data.europa.eu/esco/occupation/0da51178-e386-4534-ae71-15ba789ad756&language=en","uri":"http://data.europa.eu/esco/occupation/0da51178-e386-4534-ae71-15ba789ad756","title":"laundry worker"}],"isOptionalForOccupation":[{"href":"https://ec.europa.eu/esco/api/resource/occupation?uri=http://data.europa.eu/esco/occupation/4f7e7482-39e7-4f3a-bf11-763620f4b8e0&language=en","uri":"http://data.europa.eu/esco/occupation/4f7e7482-39e7-4f3a-bf11-763620f4b8e0","title":"paper embosing press operator"},{"href":"https://ec.europa.eu/esco/api/resource/occupation?uri=http://data.europa.eu/esco/occupation/a632fb74-ef49-4f4a-9777-b7df54a0f897&language=en","uri":"http://data.europa.eu/esco/occupation/a632fb74-ef49-4f4a-9777-b7df54a0f897","title":"building exterior cleaner"},{"href":"https://ec.europa.eu/esco/api/resource/occupation?uri=http://data.europa.eu/esco/occupation/bcc2c1db-f969-4355-bebf-4878ff6c2a94&language=en","uri":"http://data.europa.eu/esco/occupation/bcc2c1db-f969-4355-bebf-4878ff6c2a94","title":"service manager"},{"href":"https://ec.europa.eu/esco/api/resource/occupation?uri=http://data.europa.eu/esco/occupation/e16e4cb0-6f7d-4bf9-8f90-d1d866ad229b&language=en","uri":"http://data.europa.eu/esco/occupation/e16e4cb0-6f7d-4bf9-8f90-d1d866ad229b","title":"laundromat attendant"},{"href":"https://ec.europa.eu/esco/api/resource/occupation?uri=http://data.europa.eu/esco/occupation/990bfa45-5001-4365-93b6-daf01a03b4cd&language=en","uri":"http://data.europa.eu/esco/occupation/990bfa45-5001-4365-93b6-daf01a03b4cd","title":"asbestos abatement worker"},{"href":"https://ec.europa.eu/esco/api/resource/occupation?uri=http://data.europa.eu/esco/occupation/44cd9d91-5552-4735-86b8-4b2c5d39efc8&language=en","uri":"http://data.europa.eu/esco/occupation/44cd9d91-5552-4735-86b8-4b2c5d39efc8","title":"laundry and dry cleaning manager"}]},"_embedded":{}},{"className":"Skill","classId":"http://data.europa.eu/esco/model#Skill","uri":"http://data.europa.eu/esco/skill/876b2ab8-fc63-4643-ba12-c952df6a3abd","title":"assemble bombs","referenceLanguage":["en"],"preferredLabel":{"de":"Bomben zusammenbauen","no":"montere bomber","fi":"koota pommeja","en-us":"assemble bombs","pt":"fazer a montagem de bombas","bg":"сглобяване на бомби","lt":"sudėti bombas","hr":"sastavljati bombe","lv":"samontēt bumbas","fr":"assembler des bombes","hu":"bombákat szerel össze","sk":"montovať bomby","sl":"sestavljati bombe","ga":"buamaí a chóimeáil","sv":"montera bomber","mt":"assemblaġġ tal-bombi","el":"συναρμολόγηση βομβών","en":"assemble bombs","is":"setur saman sprengjur","it":"assemblare bombe","es":"armar bombas","et":"lõhkekeha komplekteerima","cs":"kompletovat bomby","ar":"يجمع القنابل","pl":"konstruować bomby","da":"samle bomber","ro":"asamblează bombe","nl":"bommen in elkaar zetten"},"alternativeLabel":{"en":["conceive aerial and ground-based explosive devices","construct aerial and ground-based explosive devices","produce aerial and ground-based explosive devices","produce bombs","build aerial and ground-based explosive devices","construct bombs","conceive bombs","build bombs"],"nl":["bommen assembleren"],"es":["producir bombas","fabricar bombas","ensamblar bombas"]},"description":{"en-us":{"literal":"Tighten pierced and threaded plugs into the base of aerial bombs. Slip metal sleeves around the projectile, and pack the product in metal containers together with additional identification data.","mimetype":"plain/text"},"en":{"literal":"Tighten pierced and threaded plugs into the base of aerial bombs. Slip metal sleeves around the projectile, and pack the product in metal containers together with additional identification data.","mimetype":"plain/text"}},"status":"released","_links":{"self":{"href":"https://ec.europa.eu/esco/api/resource/skill?uri=http://data.europa.eu/esco/skill/876b2ab8-fc63-4643-ba12-c952df6a3abd&language=en","uri":"http://data.europa.eu/esco/skill/876b2ab8-fc63-4643-ba12-c952df6a3abd","title":"assemble bombs"},"isTopConceptInScheme":[{"href":"https://ec.europa.eu/esco/api/resource/taxonomy?uri=http://data.europa.eu/esco/concept-scheme/skills&language=en","uri":"http://data.europa.eu/esco/concept-scheme/skills","title":"ESCO skills"},{"href":"https://ec.europa.eu/esco/api/resource/taxonomy?uri=http://data.europa.eu/esco/concept-scheme/member-skills&language=en","uri":"http://data.europa.eu/esco/concept-scheme/member-skills","title":"ESCO member skills"}],"isInScheme":[{"href":"https://ec.europa.eu/esco/api/resource/taxonomy?uri=http://data.europa.eu/esco/concept-scheme/skills&language=en","uri":"http://data.europa.eu/esco/concept-scheme/skills","title":"ESCO skills"},{"href":"https://ec.europa.eu/esco/api/resource/taxonomy?uri=http://data.europa.eu/esco/concept-scheme/member-skills&language=en","uri":"http://data.europa.eu/esco/concept-scheme/member-skills","title":"ESCO member skills"}],"hasSkillType":[{"href":"https://ec.europa.eu/esco/api/resource/concept?uri=http://data.europa.eu/esco/skill-type/skill&language=en","uri":"http://data.europa.eu/esco/skill-type/skill","title":"skill"}],"hasReuseLevel":[{"href":"https://ec.europa.eu/esco/api/resource/concept?uri=http://data.europa.eu/esco/skill-reuse-level/occupation-specific&language=en","uri":"http://data.europa.eu/esco/skill-reuse-level/occupation-specific","title":"occupation specific skills and competences","code":"Level 4"}],"isEssentialForOccupation":[{"href":"https://ec.europa.eu/esco/api/resource/occupation?uri=http://data.europa.eu/esco/occupation/183d60f2-277f-47c8-a8c6-f5c8eedba2b0&language=en","uri":"http://data.europa.eu/esco/occupation/183d60f2-277f-47c8-a8c6-f5c8eedba2b0","title":"ammunition assembler"}]},"_embedded":{}},{"className":"Skill","classId":"http://data.europa.eu/esco/model#Skill","uri":"http://data.europa.eu/esco/skill/435f167a-bb04-4bed-9167-94712ce01020","title":"supervise the management of an establishment","referenceLanguage":["en"],"preferredLabel":{"no":"overvåke styring av en virksomhet","de":"Leitung einer Betriebsstätte beaufsichtigen","en-us":"supervise the management of an establishment","fi":"valvoa yrityksen hoitoa","pt":"supervisionar a gestão de um estabelecimento","bg":"упражняване на надзор върху управлението на организация","lt":"prižiūrėti įstaigos valdymą","lv":"uzraudzīt iestādes pārvaldību","hr":"nadzirati upravljanje ustanovom","fr":"superviser la gestion d’un établissement","hu":"felügyeli a létesítmény irányítását","sk":"vykonávať dohľad pri riadení zariadenia","sl":"nadzirati upravljanje organizacije","ga":"maoirseacht a dhéanamh ar lucht bainistíochta gnólachta","sv":"leda ett driftställe","el":"εποπτεία της διαχείρισης οργανισμού","mt":"superviżjoni tal-qasam tal-immaniġġjar ta’ stabbiliment","en":"supervise the management of an establishment","is":"sér um stjórnun stofnunar","it":"supervisionare la gestione di un istituto","es":"supervisar la gestión de un establecimiento","et":"asutuse juhtimist korraldama","cs":"dohlížet na management podniku","ar":"يشرف على إدارة مؤسسة","pl":"nadzorować zarządzanie placówką","da":"supervisere ledelsen af en forretning","ro":"conduce managementul unei instituții","nl":"toezicht houden op het beheer van een zaak"},"alternativeLabel":{"fi":["valvoa toimipisteen toimintaa"],"en":["supervising the management of an establishment -","supervise establishment management","oversee the management of an establishment","direct the management of an establishment"],"nl":["toezicht houden op het beheer van een etablissement"]},"description":{"en-us":{"literal":"Run the management of an establishment and ensure that every need for an smooth running of the operations is looked after.","mimetype":"plain/text"},"en":{"literal":"Run the management of an establishment and ensure that every need for an smooth running of the operations is looked after.","mimetype":"plain/text"}},"status":"released","_links":{"self":{"href":"https://ec.europa.eu/esco/api/resource/skill?uri=http://data.europa.eu/esco/skill/435f167a-bb04-4bed-9167-94712ce01020&language=en","uri":"http://data.europa.eu/esco/skill/435f167a-bb04-4bed-9167-94712ce01020","title":"supervise the management of an establishment"},"isTopConceptInScheme":[{"href":"https://ec.europa.eu/esco/api/resource/taxonomy?uri=http://data.europa.eu/esco/concept-scheme/member-skills&language=en","uri":"http://data.europa.eu/esco/concept-scheme/member-skills","title":"ESCO member skills"},{"href":"https://ec.europa.eu/esco/api/resource/taxonomy?uri=http://data.europa.eu/esco/concept-scheme/skills&language=en","uri":"http://data.europa.eu/esco/concept-scheme/skills","title":"ESCO skills"}],"isInScheme":[{"href":"https://ec.europa.eu/esco/api/resource/taxonomy?uri=http://data.europa.eu/esco/concept-scheme/member-skills&language=en","uri":"http://data.europa.eu/esco/concept-scheme/member-skills","title":"ESCO member skills"},{"href":"https://ec.europa.eu/esco/api/resource/taxonomy?uri=http://data.europa.eu/esco/concept-scheme/skills&language=en","uri":"http://data.europa.eu/esco/concept-scheme/skills","title":"ESCO skills"}],"hasSkillType":[{"href":"https://ec.europa.eu/esco/api/resource/concept?uri=http://data.europa.eu/esco/skill-type/skill&language=en","uri":"http://data.europa.eu/esco/skill-type/skill","title":"skill"}],"hasReuseLevel":[{"href":"https://ec.europa.eu/esco/api/resource/concept?uri=http://data.europa.eu/esco/skill-reuse-level/sector-specific&language=en","uri":"http://data.europa.eu/esco/skill-reuse-level/sector-specific","title":"sector specific skills and competences","code":"Level 3"}],"isEssentialForOccupation":[{"href":"https://ec.europa.eu/esco/api/resource/occupation?uri=http://data.europa.eu/esco/occupation/080fc550-b7ca-4576-aaf5-06fffbede994&language=en","uri":"http://data.europa.eu/esco/occupation/080fc550-b7ca-4576-aaf5-06fffbede994","title":"spa manager"},{"href":"https://ec.europa.eu/esco/api/resource/occupation?uri=http://data.europa.eu/esco/occupation/dd25a2b0-add0-4ae2-bd85-bb644e0d0c39&language=en","uri":"http://data.europa.eu/esco/occupation/dd25a2b0-add0-4ae2-bd85-bb644e0d0c39","title":"call centre manager"},{"href":"https://ec.europa.eu/esco/api/resource/occupation?uri=http://data.europa.eu/esco/occupation/5c9dea76-c7da-4e58-857c-fc3cbe7b960a&language=en","uri":"http://data.europa.eu/esco/occupation/5c9dea76-c7da-4e58-857c-fc3cbe7b960a","title":"garage manager"},{"href":"https://ec.europa.eu/esco/api/resource/occupation?uri=http://data.europa.eu/esco/occupation/33e3a746-f209-4a1a-96df-301505531cb2&language=en","uri":"http://data.europa.eu/esco/occupation/33e3a746-f209-4a1a-96df-301505531cb2","title":"beauty salon manager"},{"href":"https://ec.europa.eu/esco/api/resource/occupation?uri=http://data.europa.eu/esco/occupation/bcc2c1db-f969-4355-bebf-4878ff6c2a94&language=en","uri":"http://data.europa.eu/esco/occupation/bcc2c1db-f969-4355-bebf-4878ff6c2a94","title":"service manager"},{"href":"https://ec.europa.eu/esco/api/resource/occupation?uri=http://data.europa.eu/esco/occupation/4ae470fc-bcf8-4704-abd5-e086ebb1552c&language=en","uri":"http://data.europa.eu/esco/occupation/4ae470fc-bcf8-4704-abd5-e086ebb1552c","title":"membership manager"},{"href":"https://ec.europa.eu/esco/api/resource/occupation?uri=http://data.europa.eu/esco/occupation/44cd9d91-5552-4735-86b8-4b2c5d39efc8&language=en","uri":"http://data.europa.eu/esco/occupation/44cd9d91-5552-4735-86b8-4b2c5d39efc8","title":"laundry and dry cleaning manager"},{"href":"https://ec.europa.eu/esco/api/resource/occupation?uri=http://data.europa.eu/esco/occupation/725090a7-9943-4dae-8079-a6999d21ddba&language=en","uri":"http://data.europa.eu/esco/occupation/725090a7-9943-4dae-8079-a6999d21ddba","title":"client relations manager"}],"isOptionalForOccupation":[{"href":"https://ec.europa.eu/esco/api/resource/occupation?uri=http://data.europa.eu/esco/occupation/771955d9-e988-47f3-b60f-207adb2cd571&language=en","uri":"http://data.europa.eu/esco/occupation/771955d9-e988-47f3-b60f-207adb2cd571","title":"recreational facilities manager"}]},"_embedded":{}},{"className":"Skill","classId":"http://data.europa.eu/esco/model#Skill","uri":"http://data.europa.eu/esco/skill/1f2f1169-5e58-4320-ac82-bc6ffbb17693","title":"monitor larval development","referenceLanguage":["en"],"preferredLabel":{"de":"Larvenentwicklung überwachen","no":"overvåke larveutvikling","en-us":"monitor larval development","fi":"valvoa toukkien kehitystä","pt":"monitorizar o desenvolvimento das larvas","bg":"наблюдаване на развитието на личинките","lt":"stebėti lervų vystymąsi","lv":"uzraudzīt kāpuru attīstību","hr":"pratiti razvoj ličinki","fr":"surveiller le développement de larves","hu":"figyelemmel kíséri a lárvafejlődést","sk":"monitorovať vývin larvy","sl":"spremljati razvoj ličink","ga":"monatóireacht a dhéanamh ar fhorbairt larbhaí","sv":"övervaka larvutvecklingen","mt":"monitoraġġ tal-iżvilupp tal-larvi","el":"παρακολούθηση της εξέλιξης των προνυμφών","en":"monitor larval development","is":"fylgist með þroska lirfa","it":"controllare lo sviluppo delle larve","es":"controlar el desarrollo larvario","et":"vastsete arengut seirama","cs":"monitorovat vývoj larev","ar":"يراقب نمو اليرقات","pl":"monitorować rozwój larw","ro":"monitorizează dezvoltarea larvelor","da":"overvåge larveudvikling","nl":"ontwikkeling van larven volgen"},"alternativeLabel":{"en":["assessing larval development","larval development assessing","assess larval development","monitoring larval development","larval development monitoring"],"nl":["ontwikkeling van larven controleren","ontwikkeling van larven monitoren"],"es":["analizar el desarrollo larvario","observar el desarrollo larvario","inspeccionar el desarrollo larvario"]},"description":{"en-us":{"literal":"Observe appearance and actions of larvae in order to detect diseases; administer correct medication dose to food and water as instructed by supervisor.","mimetype":"plain/text"},"en":{"literal":"Observe appearance and actions of larvae in order to detect diseases; administer correct medication dose to food and water as instructed by supervisor.","mimetype":"plain/text"}},"status":"released","_links":{"self":{"href":"https://ec.europa.eu/esco/api/resource/skill?uri=http://data.europa.eu/esco/skill/1f2f1169-5e58-4320-ac82-bc6ffbb17693&language=en","uri":"http://data.europa.eu/esco/skill/1f2f1169-5e58-4320-ac82-bc6ffbb17693","title":"monitor larval development"},"isTopConceptInScheme":[{"href":"https://ec.europa.eu/esco/api/resource/taxonomy?uri=http://data.europa.eu/esco/concept-scheme/skills&language=en","uri":"http://data.europa.eu/esco/concept-scheme/skills","title":"ESCO skills"},{"href":"https://ec.europa.eu/esco/api/resource/taxonomy?uri=http://data.europa.eu/esco/concept-scheme/member-skills&language=en","uri":"http://data.europa.eu/esco/concept-scheme/member-skills","title":"ESCO member skills"}],"isInScheme":[{"href":"https://ec.europa.eu/esco/api/resource/taxonomy?uri=http://data.europa.eu/esco/concept-scheme/skills&language=en","uri":"http://data.europa.eu/esco/concept-scheme/skills","title":"ESCO skills"},{"href":"https://ec.europa.eu/esco/api/resource/taxonomy?uri=http://data.europa.eu/esco/concept-scheme/member-skills&language=en","uri":"http://data.europa.eu/esco/concept-scheme/member-skills","title":"ESCO member skills"}],"hasSkillType":[{"href":"https://ec.europa.eu/esco/api/resource/concept?uri=http://data.europa.eu/esco/skill-type/skill&language=en","uri":"http://data.europa.eu/esco/skill-type/skill","title":"skill"}],"hasReuseLevel":[{"href":"https://ec.europa.eu/esco/api/resource/concept?uri=http://data.europa.eu/esco/skill-reuse-level/occupation-specific&language=en","uri":"http://data.europa.eu/esco/skill-reuse-level/occupation-specific","title":"occupation specific skills and competences","code":"Level 4"}],"isEssentialForOccupation":[{"href":"https://ec.europa.eu/esco/api/resource/occupation?uri=http://data.europa.eu/esco/occupation/a8c7004a-e59c-4a4d-9092-2cb4533ffe58&language=en","uri":"http://data.europa.eu/esco/occupation/a8c7004a-e59c-4a4d-9092-2cb4533ffe58","title":"aquaculture hatchery worker"}]},"_embedded":{}},{"className":"Skill","classId":"http://data.europa.eu/esco/model#Skill","uri":"http://data.europa.eu/esco/skill/aa3b806d-1ea6-49f9-ae8b-b30bb66f3b36","title":"animal positions","referenceLanguage":["en"],"preferredLabel":{"de":"Körperhaltungen von Tieren","no":"dyreposisjoner","en-us":"animal positions","fi":"eläinten asennot ja liikkumistavat","pt":"posturas dos animais","bg":"позициониране на животните","lt":"gyvūnų laikysena","hr":"stavovi životinja","lv":"dzīvnieku pozas","fr":"postures animales","hu":"az állatok testhelyzetei","sk":"pozície zvierat","sl":"drže živali","ga":"suíomhanna ainmhithe","sv":"djurs kroppsställningar","mt":"pożizzjonijiet tal-annimali","el":"θέσεις των ζώων","en":"animal positions","is":"stöður dýra","it":"posizioni animali","es":"posiciones de los animales","et":"loomade asendid","cs":"pozice zvířat","ar":"أوضاع الحيوانات","pl":"postawy ciał zwierząt","da":"dyrepositioner","ro":"pozițiile animalelor","nl":"houdingen van dieren"},"alternativeLabel":{"bg":["животинско позициониране"],"sl":["položaji živali"],"en":["animal position","position of animal","animal stance","animal posture","animal deportment"],"hr":["položaji životinja"],"fr":["positions des animaux"],"hu":["az állatok testtartásai"],"es":["actitud de los animales","posturas de los animales"]},"description":{"en-us":{"literal":"Possess information on the various positions animals take in a natural environment and in different circumstances. Not only the anatomy and figure of the animal is important, but especially the natural way of standing and moving.","mimetype":"plain/text"},"en":{"literal":"Possess information on the various positions animals take in a natural environment and in different circumstances. Not only the anatomy and figure of the animal is important, but especially the natural way of standing and moving.","mimetype":"plain/text"}},"status":"released","_links":{"self":{"href":"https://ec.europa.eu/esco/api/resource/skill?uri=http://data.europa.eu/esco/skill/aa3b806d-1ea6-49f9-ae8b-b30bb66f3b36&language=en","uri":"http://data.europa.eu/esco/skill/aa3b806d-1ea6-49f9-ae8b-b30bb66f3b36","title":"animal positions"},"isTopConceptInScheme":[{"href":"https://ec.europa.eu/esco/api/resource/taxonomy?uri=http://data.europa.eu/esco/concept-scheme/skills&language=en","uri":"http://data.europa.eu/esco/concept-scheme/skills","title":"ESCO skills"},{"href":"https://ec.europa.eu/esco/api/resource/taxonomy?uri=http://data.europa.eu/esco/concept-scheme/member-skills&language=en","uri":"http://data.europa.eu/esco/concept-scheme/member-skills","title":"ESCO member skills"}],"isInScheme":[{"href":"https://ec.europa.eu/esco/api/resource/taxonomy?uri=http://data.europa.eu/esco/concept-scheme/skills&language=en","uri":"http://data.europa.eu/esco/concept-scheme/skills","title":"ESCO skills"},{"href":"https://ec.europa.eu/esco/api/resource/taxonomy?uri=http://data.europa.eu/esco/concept-scheme/member-skills&language=en","uri":"http://data.europa.eu/esco/concept-scheme/member-skills","title":"ESCO member skills"}],"hasSkillType":[{"href":"https://ec.europa.eu/esco/api/resource/concept?uri=http://data.europa.eu/esco/skill-type/knowledge&language=en","uri":"http://data.europa.eu/esco/skill-type/knowledge","title":"knowledge"}],"hasReuseLevel":[{"href":"https://ec.europa.eu/esco/api/resource/concept?uri=http://data.europa.eu/esco/skill-reuse-level/occupation-specific&language=en","uri":"http://data.europa.eu/esco/skill-reuse-level/occupation-specific","title":"occupation specific skills and competences","code":"Level 4"}],"isEssentialForOccupation":[{"href":"https://ec.europa.eu/esco/api/resource/occupation?uri=http://data.europa.eu/esco/occupation/a78d8e2b-fe31-447f-8694-38ed7198d143&language=en","uri":"http://data.europa.eu/esco/occupation/a78d8e2b-fe31-447f-8694-38ed7198d143","title":"taxidermist"}]},"_embedded":{}},{"className":"Skill","classId":"http://data.europa.eu/esco/model#Skill","uri":"http://data.europa.eu/esco/skill/8e58bdac-83de-4297-a5e6-3dd6c803dea0","title":"clean animal body parts","referenceLanguage":["en"],"preferredLabel":{"de":"Teile von Tierkörpern reinigen","no":"rense dyrekroppsdeler","en-us":"clean animal body parts","fi":"puhdistaa eläimen ruumiinosia","pt":"limpar partes de animais","bg":"почистване на анатомични части на животни","lt":"valyti gyvūnų kūno dalis","lv":"tīrīt dzīvnieku ķermeņa daļas","hr":"čistiti dijelove tijela životinja","fr":"nettoyer des parties d’animaux","hu":"megtisztítja az állati testrészeket","sk":"čistiť časti tiel zvierat","sl":"čistiti dele teles živali","ga":"baill choirp ainmhithe a ghlanadh","sv":"rengöra delar av djurkroppar","mt":"tindif tal-partijiet tal-ġisem tal-annimali","el":"καθαρισμός των μερών του σώματος του ζώου","en":"clean animal body parts","is":"hreinsar dýraskrokkshluta","it":"pulire parti del corpo di animali","es":"limpiar partes de animales","et":"looma kehaosi puhastama","cs":"čistit části těl zvířat","ar":"ينظف أعضاء أجسام الحيوانات","pl":"czyścić części ciała zwierząt","ro":"curăță părți ale corpului animalelor","da":"rense dyredele","nl":"dierlijke lichaamsdelen schoonmaken"},"alternativeLabel":{"bg":["почистване на части от животински трупове","почистване на части на тялото на животни"],"en":["clean an animals body part","clean parts of animal body","wash animal body parts","cleaning animal body parts","sterilize animal body parts","disinfect animal body parts","cleanse animal body parts"],"es":["asear animales","lavar partes de animales","desinfectar partes de animales"]},"description":{"en-us":{"literal":"Clean various body parts of animals for the preparation and tanning of animal skins. Clean body parts such as skin, skeleton, antlers or horns by using cleaning techniques, according to the animal species.","mimetype":"plain/text"},"en":{"literal":"Clean various body parts of animals for the preparation and tanning of animal skins. Clean body parts such as skin, skeleton, antlers or horns by using cleaning techniques, according to the animal species.","mimetype":"plain/text"}},"status":"released","_links":{"self":{"href":"https://ec.europa.eu/esco/api/resource/skill?uri=http://data.europa.eu/esco/skill/8e58bdac-83de-4297-a5e6-3dd6c803dea0&language=en","uri":"http://data.europa.eu/esco/skill/8e58bdac-83de-4297-a5e6-3dd6c803dea0","title":"clean animal body parts"},"isTopConceptInScheme":[{"href":"https://ec.europa.eu/esco/api/resource/taxonomy?uri=http://data.europa.eu/esco/concept-scheme/member-skills&language=en","uri":"http://data.europa.eu/esco/concept-scheme/member-skills","title":"ESCO member skills"},{"href":"https://ec.europa.eu/esco/api/resource/taxonomy?uri=http://data.europa.eu/esco/concept-scheme/skills&language=en","uri":"http://data.europa.eu/esco/concept-scheme/skills","title":"ESCO skills"}],"isInScheme":[{"href":"https://ec.europa.eu/esco/api/resource/taxonomy?uri=http://data.europa.eu/esco/concept-scheme/member-skills&language=en","uri":"http://data.europa.eu/esco/concept-scheme/member-skills","title":"ESCO member skills"},{"href":"https://ec.europa.eu/esco/api/resource/taxonomy?uri=http://data.europa.eu/esco/concept-scheme/skills&language=en","uri":"http://data.europa.eu/esco/concept-scheme/skills","title":"ESCO skills"}],"hasSkillType":[{"href":"https://ec.europa.eu/esco/api/resource/concept?uri=http://data.europa.eu/esco/skill-type/skill&language=en","uri":"http://data.europa.eu/esco/skill-type/skill","title":"skill"}],"hasReuseLevel":[{"href":"https://ec.europa.eu/esco/api/resource/concept?uri=http://data.europa.eu/esco/skill-reuse-level/occupation-specific&language=en","uri":"http://data.europa.eu/esco/skill-reuse-level/occupation-specific","title":"occupation specific skills and competences","code":"Level 4"}],"isEssentialForOccupation":[{"href":"https://ec.europa.eu/esco/api/resource/occupation?uri=http://data.europa.eu/esco/occupation/a78d8e2b-fe31-447f-8694-38ed7198d143&language=en","uri":"http://data.europa.eu/esco/occupation/a78d8e2b-fe31-447f-8694-38ed7198d143","title":"taxidermist"}]},"_embedded":{}},{"className":"Skill","classId":"http://data.europa.eu/esco/model#Skill","uri":"http://data.europa.eu/esco/skill/3b71c178-e24d-4209-8dee-30c084a776f4","title":"plan spa services","referenceLanguage":["en"],"preferredLabel":{"de":"Wellness-Dienstleistungen planen","no":"planlegge spatjenester","en-us":"plan spa services","fi":"suunnitella kylpyläpalveluja","pt":"planear serviços de spa","bg":"планиране на спа услуги","lt":"planuoti SPA paslaugas","hr":"planirati usluge toplica","lv":"plānot spa pakalpojumus","fr":"planifier le fonctionnement de services de spa","hu":"fürdőszolgáltatásokat tervez","sk":"plánovať kúpeľné služby","sl":"načrtovati storitve zdravilišč in centrov dobrega počutja","ga":"seirbhísí spá a phleanáil","sv":"planera spatjänster","el":"σχεδιασμός υπηρεσιών σπα","mt":"ippjanar tas-servizzi tal-ispas","en":"plan spa services","is":"gerir áætlanir um þjónustu heilsulindar","it":"pianificare i servizi termali","es":"planificar los servicios de un balneario","et":"spaateenuseid planeerima","cs":"plánovat lázeňské služby","ar":"يضع خطط خدمات المنتجع الصحي","pl":"opracowywać plany usług świadczonych w spa","da":"planlægge spavirksomhed","ro":"planifică servicii de spa","nl":"diensten in wellnesscentra plannen"},"alternativeLabel":{"fi":["suunnitella kylpyläpalveluita"],"el":["σχεδιασμός υπηρεσιών αναζωογονητικών θεραπειών"],"en":["plan services for spa","plan spa service","plan spa activities","planning spa services","schedule spa services","organise spa activities","schedule spa activities","organise spa services"],"nl":["diensten in spa's plannen"],"es":["planificar los servicios de un centro de aguas termales","planificar los servicios de un spa"]},"description":{"en-us":{"literal":"Direct diverse spa services and programs according to company or facility quality standards and guidelines.","mimetype":"plain/text"},"en":{"literal":"Direct diverse spa services and programs according to company or facility quality standards and guidelines.","mimetype":"plain/text"}},"status":"released","_links":{"self":{"href":"https://ec.europa.eu/esco/api/resource/skill?uri=http://data.europa.eu/esco/skill/3b71c178-e24d-4209-8dee-30c084a776f4&language=en","uri":"http://data.europa.eu/esco/skill/3b71c178-e24d-4209-8dee-30c084a776f4","title":"plan spa services"},"isTopConceptInScheme":[{"href":"https://ec.europa.eu/esco/api/resource/taxonomy?uri=http://data.europa.eu/esco/concept-scheme/skills&language=en","uri":"http://data.europa.eu/esco/concept-scheme/skills","title":"ESCO skills"},{"href":"https://ec.europa.eu/esco/api/resource/taxonomy?uri=http://data.europa.eu/esco/concept-scheme/member-skills&language=en","uri":"http://data.europa.eu/esco/concept-scheme/member-skills","title":"ESCO member skills"}],"isInScheme":[{"href":"https://ec.europa.eu/esco/api/resource/taxonomy?uri=http://data.europa.eu/esco/concept-scheme/skills&language=en","uri":"http://data.europa.eu/esco/concept-scheme/skills","title":"ESCO skills"},{"href":"https://ec.europa.eu/esco/api/resource/taxonomy?uri=http://data.europa.eu/esco/concept-scheme/member-skills&language=en","uri":"http://data.europa.eu/esco/concept-scheme/member-skills","title":"ESCO member skills"}],"hasSkillType":[{"href":"https://ec.europa.eu/esco/api/resource/concept?uri=http://data.europa.eu/esco/skill-type/skill&language=en","uri":"http://data.europa.eu/esco/skill-type/skill","title":"skill"}],"hasReuseLevel":[{"href":"https://ec.europa.eu/esco/api/resource/concept?uri=http://data.europa.eu/esco/skill-reuse-level/sector-specific&language=en","uri":"http://data.europa.eu/esco/skill-reuse-level/sector-specific","title":"sector specific skills and competences","code":"Level 3"}],"isEssentialForOccupation":[{"href":"https://ec.europa.eu/esco/api/resource/occupation?uri=http://data.europa.eu/esco/occupation/080fc550-b7ca-4576-aaf5-06fffbede994&language=en","uri":"http://data.europa.eu/esco/occupation/080fc550-b7ca-4576-aaf5-06fffbede994","title":"spa manager"}],"isOptionalForOccupation":[{"href":"https://ec.europa.eu/esco/api/resource/occupation?uri=http://data.europa.eu/esco/occupation/bcc2c1db-f969-4355-bebf-4878ff6c2a94&language=en","uri":"http://data.europa.eu/esco/occupation/bcc2c1db-f969-4355-bebf-4878ff6c2a94","title":"service manager"},{"href":"https://ec.europa.eu/esco/api/resource/occupation?uri=http://data.europa.eu/esco/occupation/2d5a50c6-0bf4-45c3-805c-44d1bf1e3d12&language=en","uri":"http://data.europa.eu/esco/occupation/2d5a50c6-0bf4-45c3-805c-44d1bf1e3d12","title":"spa attendant"}]},"_embedded":{}},{"className":"Skill","classId":"http://data.europa.eu/esco/model#Skill","uri":"http://data.europa.eu/esco/skill/05e975d0-bbdb-4822-8da9-3153bfcfb52b","title":"eating disorders","referenceLanguage":["en"],"preferredLabel":{"de":"Essstörungen","no":"spiseforstyrrelser","fi":"syömishäiriöt","en-us":"eating disorders","pt":"distúrbios alimentares","bg":"хранителни разстройства","lt":"valgymo sutrikimai","lv":"ēšanas traucējumi","hr":"poremećaji prehrane","fr":"troubles de l’alimentation","hu":"étkezési zavarok","sk":"poruchy príjmu potravy","sl":"motnje hranjenja","ga":"neamhoird itheacháin","sv":"ätstörningar","el":"διατροφικές διαταραχές","mt":"anomaliji fit-teħid tal-ikel","en":"eating disorders","is":"átraskanir","it":"disturbi alimentari","es":"trastornos de la alimentación","et":"söömishäired","cs":"poruchy příjmu potravy","ar":"اضطرابات الأكل","pl":"zaburzenia odżywiania","ro":"tulburări de alimentație","da":"spiseforstyrrelser","nl":"eetstoornissen"},"alternativeLabel":{"en":["eating disorder","types of eating disorders","anorexia, bulimia and binge-eating disorders"],"hr":["poremećaji u prehrani"],"fr":["troubles alimentaires"],"es":["tipos de trastornos de la alimentación","trastornos de la conducta alimentaria","trastornos alimenticios","anorexia, bulimia e hiperfagia"]},"description":{"en-us":{"literal":"The various types, pathophysiology and psychology of eating disorders such as anorexia, bulimia, binge-eating disorders and how they can be treated.","mimetype":"plain/text"},"en":{"literal":"The various types, pathophysiology and psychology of eating disorders such as anorexia, bulimia, binge-eating disorders and how they can be treated.","mimetype":"plain/text"}},"status":"released","_links":{"self":{"href":"https://ec.europa.eu/esco/api/resource/skill?uri=http://data.europa.eu/esco/skill/05e975d0-bbdb-4822-8da9-3153bfcfb52b&language=en","uri":"http://data.europa.eu/esco/skill/05e975d0-bbdb-4822-8da9-3153bfcfb52b","title":"eating disorders"},"isTopConceptInScheme":[{"href":"https://ec.europa.eu/esco/api/resource/taxonomy?uri=http://data.europa.eu/esco/concept-scheme/skills&language=en","uri":"http://data.europa.eu/esco/concept-scheme/skills","title":"ESCO skills"},{"href":"https://ec.europa.eu/esco/api/resource/taxonomy?uri=http://data.europa.eu/esco/concept-scheme/member-skills&language=en","uri":"http://data.europa.eu/esco/concept-scheme/member-skills","title":"ESCO member skills"}],"isInScheme":[{"href":"https://ec.europa.eu/esco/api/resource/taxonomy?uri=http://data.europa.eu/esco/concept-scheme/skills&language=en","uri":"http://data.europa.eu/esco/concept-scheme/skills","title":"ESCO skills"},{"href":"https://ec.europa.eu/esco/api/resource/taxonomy?uri=http://data.europa.eu/esco/concept-scheme/member-skills&language=en","uri":"http://data.europa.eu/esco/concept-scheme/member-skills","title":"ESCO member skills"}],"hasSkillType":[{"href":"https://ec.europa.eu/esco/api/resource/concept?uri=http://data.europa.eu/esco/skill-type/knowledge&language=en","uri":"http://data.europa.eu/esco/skill-type/knowledge","title":"knowledge"}],"hasReuseLevel":[{"href":"https://ec.europa.eu/esco/api/resource/concept?uri=http://data.europa.eu/esco/skill-reuse-level/sector-specific&language=en","uri":"http://data.europa.eu/esco/skill-reuse-level/sector-specific","title":"sector specific skills and competences","code":"Level 3"}],"isEssentialForOccupation":[{"href":"https://ec.europa.eu/esco/api/resource/occupation?uri=http://data.europa.eu/esco/occupation/8a53f8d3-d995-4c7b-a70d-d79f76bdcb3f&language=en","uri":"http://data.europa.eu/esco/occupation/8a53f8d3-d995-4c7b-a70d-d79f76bdcb3f","title":"dietitian"}],"isOptionalForOccupation":[{"href":"https://ec.europa.eu/esco/api/resource/occupation?uri=http://data.europa.eu/esco/occupation/763f82c2-81e3-48d2-9cdf-f532b5016a1f&language=en","uri":"http://data.europa.eu/esco/occupation/763f82c2-81e3-48d2-9cdf-f532b5016a1f","title":"weight loss consultant"},{"href":"https://ec.europa.eu/esco/api/resource/occupation?uri=http://data.europa.eu/esco/occupation/789d9781-8724-4367-936a-3a4cb7c54315&language=en","uri":"http://data.europa.eu/esco/occupation/789d9781-8724-4367-936a-3a4cb7c54315","title":"dance therapist"},{"href":"https://ec.europa.eu/esco/api/resource/occupation?uri=http://data.europa.eu/esco/occupation/f9395e4d-d66f-49ce-a8f5-721991139e79&language=en","uri":"http://data.europa.eu/esco/occupation/f9395e4d-d66f-49ce-a8f5-721991139e79","title":"recreational therapist"}]},"_embedded":{}},{"className":"Skill","classId":"http://data.europa.eu/esco/model#Skill","uri":"http://data.europa.eu/esco/skill/844f46e1-1fe3-4975-a788-54d2b36ed0af","title":"clean sewerage systems","referenceLanguage":["en"],"preferredLabel":{"de":"Kanalisation reinigen","no":"rense kloakksystemer","fi":"puhdistaa viemärijärjestelmiä","en-us":"clean sewerage systems","pt":"limpar sistemas de saneamento básico","bg":"почистване на канализационни системи","lt":"valyti kanalizacijos sistemas","hr":"čistiti kanalizacijske sustave","lv":"tīrīt kanalizācijas sistēmas","fr":"nettoyer des systèmes d’assainissement","hu":"csatornahálózatot tisztít","sk":"čistiť systémy kanalizácie","sl":"čistiti kanalizacijske sisteme","ga":"córais séarachais a ghlanadh","sv":"rengöra avlopp","mt":"tindif tas-sistemi tad-drenaġġ","el":"καθαρισμός συστημάτων αποχέτευσης","en":"clean sewerage systems","is":"hreinsar frárennsliskerfi","it":"pulire gli impianti fognari","es":"limpiar la red de alcantarillado","et":"kanalisatsioonisüsteeme puhastama","cs":"čistit kanalizační síť","ar":"ينظف أنظمة الصرف الصحي","pl":"czyścić systemy kanalizacyjne","ro":"curăță sisteme de colectare și epurare a apelor uzate","da":"rengøre kloaksystemer","nl":"riolering reinigen"},"alternativeLabel":{"de":["Kanalisationsnetze reinigen"],"el":["καθαρισμός αποχετευτικού δικτύου"],"lt":["valyti nuotekų surinkimo sistemas"],"nl":["riolering schoonmaken"],"es":["limpiar sistema de alcantarillado","limpiar alcantarillado"]},"description":{"en-us":{"literal":"Clear out and clean items that block the flow of sewerage in the sewerage system by hand or with a machine.","mimetype":"plain/text"},"en":{"literal":"Clear out and clean items that block the flow of sewerage in the sewerage system by hand or with a machine.","mimetype":"plain/text"}},"status":"released","_links":{"self":{"href":"https://ec.europa.eu/esco/api/resource/skill?uri=http://data.europa.eu/esco/skill/844f46e1-1fe3-4975-a788-54d2b36ed0af&language=en","uri":"http://data.europa.eu/esco/skill/844f46e1-1fe3-4975-a788-54d2b36ed0af","title":"clean sewerage systems"},"isTopConceptInScheme":[{"href":"https://ec.europa.eu/esco/api/resource/taxonomy?uri=http://data.europa.eu/esco/concept-scheme/skills&language=en","uri":"http://data.europa.eu/esco/concept-scheme/skills","title":"ESCO skills"},{"href":"https://ec.europa.eu/esco/api/resource/taxonomy?uri=http://data.europa.eu/esco/concept-scheme/member-skills&language=en","uri":"http://data.europa.eu/esco/concept-scheme/member-skills","title":"ESCO member skills"}],"isInScheme":[{"href":"https://ec.europa.eu/esco/api/resource/taxonomy?uri=http://data.europa.eu/esco/concept-scheme/skills&language=en","uri":"http://data.europa.eu/esco/concept-scheme/skills","title":"ESCO skills"},{"href":"https://ec.europa.eu/esco/api/resource/taxonomy?uri=http://data.europa.eu/esco/concept-scheme/member-skills&language=en","uri":"http://data.europa.eu/esco/concept-scheme/member-skills","title":"ESCO member skills"}],"hasSkillType":[{"href":"https://ec.europa.eu/esco/api/resource/concept?uri=http://data.europa.eu/esco/skill-type/skill&language=en","uri":"http://data.europa.eu/esco/skill-type/skill","title":"skill"}],"hasReuseLevel":[{"href":"https://ec.europa.eu/esco/api/resource/concept?uri=http://data.europa.eu/esco/skill-reuse-level/occupation-specific&language=en","uri":"http://data.europa.eu/esco/skill-reuse-level/occupation-specific","title":"occupation specific skills and competences","code":"Level 4"}],"isEssentialForOccupation":[{"href":"https://ec.europa.eu/esco/api/resource/occupation?uri=http://data.europa.eu/esco/occupation/1f31c047-3d72-45fe-83ff-91bd826913c6&language=en","uri":"http://data.europa.eu/esco/occupation/1f31c047-3d72-45fe-83ff-91bd826913c6","title":"sewerage cleaner"}]},"_embedded":{}},{"className":"Skill","classId":"http://data.europa.eu/esco/model#Skill","uri":"http://data.europa.eu/esco/skill/f06caf0e-acea-48cd-a7c3-eaa8213545cc","title":"operate bullet press","referenceLanguage":["en"],"preferredLabel":{"no":"betjene kulepresse","de":"Geschosspresse bedienen","fi":"käyttää ammuspuristinta","en-us":"operate bullet press","pt":"operar prensa utilizada no fabrico de balas","bg":"боравене с преса за куршуми","lt":"naudoti kulkų presą","hr":"rukovati prešom za metke","lv":"darbināt ložu presi","fr":"utiliser une presse à munitions","hu":"lövedéksajtolót működtet","sk":"obsluhovať lis na výrobu munície","sl":"upravljati stiskalnico krogel","ga":"preas piléar a oibriú","sv":"använda kulpress","mt":"tħaddim tal-magni tal-fonderija tal-balal","el":"χειρισμός του πιεστηρίου σφαιρών","en":"operate bullet press","is":"stjórnar kúlupressu","it":"utilizzare la pressa dei proiettili","es":"manejar prensas de balas","et":"kuulipressi käsitsema","cs":"obsluhovat lis na náboje","ar":"يشغّل مكابس الرصاص","pl":"obsługiwać prasę do wykonywania nabojów","da":"betjene kuglepresse","ro":"operează prese pentru cartușe","nl":"kogelpersen bedienen"},"alternativeLabel":{"en":["work a ammunition fabricator","utilise ammunition fabricator","use ammunition fabricator","utilise a bullet press","run a bullet press","run a ammunition fabricator","use bullet press","work a bullet press"],"hu":["lövedékprést működtet"],"es":["utilizar prensas de balas","manipular prensas de balas","operar prensas de balas"]},"description":{"en-us":{"literal":"Handle the machinery which presses bullets through a lead core according to a uniform size and weight. Manually check the bullets for visual and dimensional characteristics.","mimetype":"plain/text"},"en":{"literal":"Handle the machinery which presses bullets through a lead core according to a uniform size and weight. Manually check the bullets for visual and dimensional characteristics.","mimetype":"plain/text"}},"status":"released","_links":{"self":{"href":"https://ec.europa.eu/esco/api/resource/skill?uri=http://data.europa.eu/esco/skill/f06caf0e-acea-48cd-a7c3-eaa8213545cc&language=en","uri":"http://data.europa.eu/esco/skill/f06caf0e-acea-48cd-a7c3-eaa8213545cc","title":"operate bullet press"},"isTopConceptInScheme":[{"href":"https://ec.europa.eu/esco/api/resource/taxonomy?uri=http://data.europa.eu/esco/concept-scheme/skills&language=en","uri":"http://data.europa.eu/esco/concept-scheme/skills","title":"ESCO skills"},{"href":"https://ec.europa.eu/esco/api/resource/taxonomy?uri=http://data.europa.eu/esco/concept-scheme/member-skills&language=en","uri":"http://data.europa.eu/esco/concept-scheme/member-skills","title":"ESCO member skills"}],"isInScheme":[{"href":"https://ec.europa.eu/esco/api/resource/taxonomy?uri=http://data.europa.eu/esco/concept-scheme/skills&language=en","uri":"http://data.europa.eu/esco/concept-scheme/skills","title":"ESCO skills"},{"href":"https://ec.europa.eu/esco/api/resource/taxonomy?uri=http://data.europa.eu/esco/concept-scheme/member-skills&language=en","uri":"http://data.europa.eu/esco/concept-scheme/member-skills","title":"ESCO member skills"}],"hasSkillType":[{"href":"https://ec.europa.eu/esco/api/resource/concept?uri=http://data.europa.eu/esco/skill-type/skill&language=en","uri":"http://data.europa.eu/esco/skill-type/skill","title":"skill"}],"hasReuseLevel":[{"href":"https://ec.europa.eu/esco/api/resource/concept?uri=http://data.europa.eu/esco/skill-reuse-level/occupation-specific&language=en","uri":"http://data.europa.eu/esco/skill-reuse-level/occupation-specific","title":"occupation specific skills and competences","code":"Level 4"}],"isEssentialForOccupation":[{"href":"https://ec.europa.eu/esco/api/resource/occupation?uri=http://data.europa.eu/esco/occupation/183d60f2-277f-47c8-a8c6-f5c8eedba2b0&language=en","uri":"http://data.europa.eu/esco/occupation/183d60f2-277f-47c8-a8c6-f5c8eedba2b0","title":"ammunition assembler"}]},"_embedded":{}},{"className":"Skill","classId":"http://data.europa.eu/esco/model#Skill","uri":"http://data.europa.eu/esco/skill/8f529a8f-a532-4f0e-a23b-32673c62dc26","title":"coordinate assembling room in footwear manufacturing","referenceLanguage":["en"],"preferredLabel":{"no":"koordinere monteringsrom i fottøyproduksjon","de":"Fertigungsraum in der Produktion von Schuhwerk koordinieren","en-us":"coordinate assembling room in footwear manufacturing","fi":"koordinoida kokoonpanoa jalkineiden valmistuksessa","pt":"coordenar o trabalho na etapa de montagem no fabrico de calçado","bg":"координиране на монтажен цех в обувното производство","lt":"koordinuoti su avalynės gamyba susijusią surinkimo cecho veiklą","hr":"koordinirati prostoriju za sastavljanje u proizvodnji obuće","lv":"koordinēt apavu ražošanas montāžas cehu","fr":"coordonner un atelier d’assemblage dans la production d’articles chaussants","hu":"a cipőgyártás során koordinálja az összeállító helyiségben végzett munkát","sk":"koordinovať dielňu na spájanie vo výrobe obuvi","sl":"koordinirati prostor za sestavljanje pri proizvodnji obutve","ga":"seomra cóimeála a chomhordú do mhonarú coisbhirt","sv":"samordna monteringslokal vid skotillverkning","mt":"koordinazzjoni tal-kamra tal-assemblaġġ fil-manifattura ta’ xedd is-saqajn","el":"συντονισμός των δραστηριοτήτων συναρμολόγησης κατά την κατασκευή υποδημάτων","en":"coordinate assembling room in footwear manufacturing","is":"samræmir samsetningarrými í skófatnaðarframleiðslu","it":"coordinare il reparto montaggio per la fabbricazione di calzature","es":"coordinar la sala de montaje en la fabricación de calzado","et":"jalatsitööstuse koosteruumi tööd koordineerima","cs":"zajišťovat koordinaci v kompletačním úseku v rámci výroby obuvi","ar":"ينظم غرفة تجميع خلال صناعة الأحذية","pl":"koordynować pracę montowni obuwia","da":"koordinere samlerum ved fremstilling af fodtøj","ro":"coordonează hala de asamblare în producția de încălțăminte","nl":"assemblageruimten voor de productie van schoeisel coördineren"},"alternativeLabel":{"fi":["koordinoida kokoonpanoyksikköä jalkineiden valmistuksessa","koordinoida kokoonpanolinjaa jalkineiden valmistuksessa"],"en":["manage footwear assembling room","coordinate assembling room for footwear manufacturing","footwear assembling room coordination","manage assembling room in footwear manufacturing","coordinate footwear assembling room","organize assembling room activities in footwear manufacturing","organise assembling room activities in footwear manufacturing"],"pl":["koordynować pracę w ramach procesu składania produkowanego obuwia"],"es":["coordinar la sala de montaje","coordinar el trabajo de la sala de montaje en la fabricación de calzado"],"nl":["assemblageruimtes voor de productie van schoeisel coördineren"]},"description":{"en-us":{"literal":"Coordinate the flow of materials and footwear components. Manage orders and organize the activity of the assembling room. Distribute machinery, operations and workers. Manage and optimize production and materials. Divide and organize pieces and components according to the footwear model or size and send them directly to the finishing room or to the warehouse. organize in-process quality control.","mimetype":"plain/text"},"en":{"literal":"Coordinate the flow of materials and footwear components. Manage orders and organise the activity of the assembling room. Distribute machinery, operations and workers. Manage and optimise production and materials. Divide and organise pieces and components according to the footwear model or size and send them directly to the finishing room or to the warehouse. Organise in-process quality control.","mimetype":"plain/text"}},"status":"released","_links":{"self":{"href":"https://ec.europa.eu/esco/api/resource/skill?uri=http://data.europa.eu/esco/skill/8f529a8f-a532-4f0e-a23b-32673c62dc26&language=en","uri":"http://data.europa.eu/esco/skill/8f529a8f-a532-4f0e-a23b-32673c62dc26","title":"coordinate assembling room in footwear manufacturing"},"isTopConceptInScheme":[{"href":"https://ec.europa.eu/esco/api/resource/taxonomy?uri=http://data.europa.eu/esco/concept-scheme/member-skills&language=en","uri":"http://data.europa.eu/esco/concept-scheme/member-skills","title":"ESCO member skills"},{"href":"https://ec.europa.eu/esco/api/resource/taxonomy?uri=http://data.europa.eu/esco/concept-scheme/skills&language=en","uri":"http://data.europa.eu/esco/concept-scheme/skills","title":"ESCO skills"}],"isInScheme":[{"href":"https://ec.europa.eu/esco/api/resource/taxonomy?uri=http://data.europa.eu/esco/concept-scheme/member-skills&language=en","uri":"http://data.europa.eu/esco/concept-scheme/member-skills","title":"ESCO member skills"},{"href":"https://ec.europa.eu/esco/api/resource/taxonomy?uri=http://data.europa.eu/esco/concept-scheme/skills&language=en","uri":"http://data.europa.eu/esco/concept-scheme/skills","title":"ESCO skills"}],"hasSkillType":[{"href":"https://ec.europa.eu/esco/api/resource/concept?uri=http://data.europa.eu/esco/skill-type/skill&language=en","uri":"http://data.europa.eu/esco/skill-type/skill","title":"skill"}],"hasReuseLevel":[{"href":"https://ec.europa.eu/esco/api/resource/concept?uri=http://data.europa.eu/esco/skill-reuse-level/sector-specific&language=en","uri":"http://data.europa.eu/esco/skill-reuse-level/sector-specific","title":"sector specific skills and competences","code":"Level 3"}],"isEssentialForOccupation":[{"href":"https://ec.europa.eu/esco/api/resource/occupation?uri=http://data.europa.eu/esco/occupation/95d69048-3a4b-4cce-a155-584aaecfe403&language=en","uri":"http://data.europa.eu/esco/occupation/95d69048-3a4b-4cce-a155-584aaecfe403","title":"footwear assembly supervisor"}],"isOptionalForOccupation":[{"href":"https://ec.europa.eu/esco/api/resource/occupation?uri=http://data.europa.eu/esco/occupation/6482664d-48f4-4ff4-9346-584ac0e2f729&language=en","uri":"http://data.europa.eu/esco/occupation/6482664d-48f4-4ff4-9346-584ac0e2f729","title":"footwear production manager"},{"href":"https://ec.europa.eu/esco/api/resource/occupation?uri=http://data.europa.eu/esco/occupation/a659968d-0804-4357-bc60-735e4d41e65c&language=en","uri":"http://data.europa.eu/esco/occupation/a659968d-0804-4357-bc60-735e4d41e65c","title":"footwear production supervisor"},{"href":"https://ec.europa.eu/esco/api/resource/occupation?uri=http://data.europa.eu/esco/occupation/59dae100-fdfe-44bd-8bd8-a0d3cd813ce4&language=en","uri":"http://data.europa.eu/esco/occupation/59dae100-fdfe-44bd-8bd8-a0d3cd813ce4","title":"footwear production technician"}]},"_embedded":{}},{"className":"Skill","classId":"http://data.europa.eu/esco/model#Skill","uri":"http://data.europa.eu/esco/skill/dfbb53b2-5022-4788-884f-4776a480c96c","title":"perform scripted dialogue","referenceLanguage":["en"],"preferredLabel":{"no":"fremføre skriptet dialog","de":"festgelegte Dialoge spielen","en-us":"perform scripted dialog","fi":"esittää käsikirjoitettua dialogia","pt":"representar diálogos escritos","bg":"изпълняване на диалог по сценарий","lt":"sakyti pagal scenarijų parengtus dialogus","hr":"glumiti prema scenariju","lv":"notēlot uzrakstītu dialogu","fr":"jouer un dialogue scénarisé","hu":"forgatókönyvi párbeszédet ad elő","sk":"predniesť dialóg podľa scenára","sl":"odigrati dialog iz scenarija","ga":"línte a aithris de réir na scripte","sv":"spela upp skriven dialog","el":"ερμηνεία διαλόγου σεναρίου","mt":"twettiq tad-djalogu skont l-iskript","en":"perform scripted dialogue","is":"flytur handritssamtal","it":"recitare il dialogo del copione","es":"interpretar un diálogo escrito","et":"käsikirjas olevat dialoogi etendama","cs":"realizovat dialog podle scénáře","ar":"يؤدي السيناريو","pl":"odgrywać kwestie przewidziane w scenariuszu","da":"gennemføre scriptdialog","ro":"rostește dialogul prevăzut în scenariu","nl":"uitgeschreven dialogen vertolken"},"alternativeLabel":{"en":["interpret scripted dialogue","recite scripted dialogue","performing scripted dialogue","perform scripted dialogues","act out scripted dialogue"],"hu":["forgatókönyvi dialógust ad elő"]},"description":{"en-us":{"literal":"Perform the lines, as written in the script, with animation. Make the character come to life.","mimetype":"plain/text"},"en":{"literal":"Perform the lines, as written in the script, with animation. Make the character come to life.","mimetype":"plain/text"}},"status":"released","_links":{"self":{"href":"https://ec.europa.eu/esco/api/resource/skill?uri=http://data.europa.eu/esco/skill/dfbb53b2-5022-4788-884f-4776a480c96c&language=en","uri":"http://data.europa.eu/esco/skill/dfbb53b2-5022-4788-884f-4776a480c96c","title":"perform scripted dialogue"},"isTopConceptInScheme":[{"href":"https://ec.europa.eu/esco/api/resource/taxonomy?uri=http://data.europa.eu/esco/concept-scheme/member-skills&language=en","uri":"http://data.europa.eu/esco/concept-scheme/member-skills","title":"ESCO member skills"},{"href":"https://ec.europa.eu/esco/api/resource/taxonomy?uri=http://data.europa.eu/esco/concept-scheme/skills&language=en","uri":"http://data.europa.eu/esco/concept-scheme/skills","title":"ESCO skills"}],"isInScheme":[{"href":"https://ec.europa.eu/esco/api/resource/taxonomy?uri=http://data.europa.eu/esco/concept-scheme/member-skills&language=en","uri":"http://data.europa.eu/esco/concept-scheme/member-skills","title":"ESCO member skills"},{"href":"https://ec.europa.eu/esco/api/resource/taxonomy?uri=http://data.europa.eu/esco/concept-scheme/skills&language=en","uri":"http://data.europa.eu/esco/concept-scheme/skills","title":"ESCO skills"}],"hasSkillType":[{"href":"https://ec.europa.eu/esco/api/resource/concept?uri=http://data.europa.eu/esco/skill-type/skill&language=en","uri":"http://data.europa.eu/esco/skill-type/skill","title":"skill"}],"hasReuseLevel":[{"href":"https://ec.europa.eu/esco/api/resource/concept?uri=http://data.europa.eu/esco/skill-reuse-level/cross-sector&language=en","uri":"http://data.europa.eu/esco/skill-reuse-level/cross-sector","title":"cross-sector skills and competences","code":"Level 2"}],"isEssentialForOccupation":[{"href":"https://ec.europa.eu/esco/api/resource/occupation?uri=http://data.europa.eu/esco/occupation/e89e330c-daa3-48f0-b34e-04e3344ea8dc&language=en","uri":"http://data.europa.eu/esco/occupation/e89e330c-daa3-48f0-b34e-04e3344ea8dc","title":"voice-over artist"}],"isOptionalForOccupation":[{"href":"https://ec.europa.eu/esco/api/resource/occupation?uri=http://data.europa.eu/esco/occupation/26171f39-e85a-448f-bd28-a73a5a99927f&language=en","uri":"http://data.europa.eu/esco/occupation/26171f39-e85a-448f-bd28-a73a5a99927f","title":"actor/actress"},{"href":"https://ec.europa.eu/esco/api/resource/occupation?uri=http://data.europa.eu/esco/occupation/1bb7c072-38c8-430a-b943-76bfa312a5f4&language=en","uri":"http://data.europa.eu/esco/occupation/1bb7c072-38c8-430a-b943-76bfa312a5f4","title":"stand-in"}]},"_embedded":{}},{"className":"Skill","classId":"http://data.europa.eu/esco/model#Skill","uri":"http://data.europa.eu/esco/skill/93415e89-f7cc-48cb-939e-18576f21045a","title":"detect flaws in rails","referenceLanguage":["en"],"preferredLabel":{"no":"oppdage feil ved skinner","de":"Schienenfehler ausfindig machen","en-us":"detect flaws in rails","fi":"kartoittaa vikoja raiteista","pt":"detetar falhas nos carris","bg":"откриване на дефекти върху жп релси","lt":"nustatyti geležinkelio defektus","hr":"otkrivati nedostatke na prugama","lv":"noteikt sliežu ceļa bojājumus","fr":"détecter des défauts sur les rails","hu":"feltárja a sínhibákat","sk":"zistiť defekty koľají","sl":"ugotavljati napake na tirnicah","ga":"fabhtanna i ráillí a aimsiú","sv":"upptäcka brister i räls","mt":"sejbien ta’ difetti fil-linji ferrovjarji","el":"εντοπισμός ατελειών σε σιδηροδρομικές γραμμές","en":"detect flaws in rails","is":"greinir galla á teinum","it":"rilevare i difetti delle rotaie","es":"detectar desperfectos en las vías ferroviarias","et":"rööpakahjustusi tuvastama","cs":"zjistit závady na kolejnicích","ar":"يكشف عن العيوب التي تشوب السكك الحديد","pl":"wykrywać wady w szynach","da":"finde skinnefejl","ro":"depistează defecțiuni ale căii de rulare","nl":"gebreken bij sporen opsporen"},"alternativeLabel":{"en":["recognise internal flaws in rails","discover flaws in rails","prevent derailment by identifying internal rail flaws","identify flaws in rails","prevent derailment by identifying internal flaws in rails","prevent derailment through identification of internal rail flaws","prevent derailment through identification of rail flaws","detect internal flaws in rails","reduce chances of derailment by detecting internal flaws in rails","identify internal flaws in rails","recognise flaws in rails","reduce chances of derailment by detecting internal rail flaws"],"ro":["depistează defecțiuni ale șinelor"],"es":["revelar desperfectos en las vías ferroviarias","localizar desperfectos en las vías ferroviarias"]},"description":{"en-us":{"literal":"Detect internal flaws in rails in order to prevent derailments.","mimetype":"plain/text"},"en":{"literal":"Detect internal flaws in rails in order to prevent derailments.","mimetype":"plain/text"}},"status":"released","_links":{"self":{"href":"https://ec.europa.eu/esco/api/resource/skill?uri=http://data.europa.eu/esco/skill/93415e89-f7cc-48cb-939e-18576f21045a&language=en","uri":"http://data.europa.eu/esco/skill/93415e89-f7cc-48cb-939e-18576f21045a","title":"detect flaws in rails"},"isTopConceptInScheme":[{"href":"https://ec.europa.eu/esco/api/resource/taxonomy?uri=http://data.europa.eu/esco/concept-scheme/member-skills&language=en","uri":"http://data.europa.eu/esco/concept-scheme/member-skills","title":"ESCO member skills"},{"href":"https://ec.europa.eu/esco/api/resource/taxonomy?uri=http://data.europa.eu/esco/concept-scheme/skills&language=en","uri":"http://data.europa.eu/esco/concept-scheme/skills","title":"ESCO skills"}],"isInScheme":[{"href":"https://ec.europa.eu/esco/api/resource/taxonomy?uri=http://data.europa.eu/esco/concept-scheme/member-skills&language=en","uri":"http://data.europa.eu/esco/concept-scheme/member-skills","title":"ESCO member skills"},{"href":"https://ec.europa.eu/esco/api/resource/taxonomy?uri=http://data.europa.eu/esco/concept-scheme/skills&language=en","uri":"http://data.europa.eu/esco/concept-scheme/skills","title":"ESCO skills"}],"hasSkillType":[{"href":"https://ec.europa.eu/esco/api/resource/concept?uri=http://data.europa.eu/esco/skill-type/skill&language=en","uri":"http://data.europa.eu/esco/skill-type/skill","title":"skill"}],"hasReuseLevel":[{"href":"https://ec.europa.eu/esco/api/resource/concept?uri=http://data.europa.eu/esco/skill-reuse-level/sector-specific&language=en","uri":"http://data.europa.eu/esco/skill-reuse-level/sector-specific","title":"sector specific skills and competences","code":"Level 3"}],"isEssentialForOccupation":[{"href":"https://ec.europa.eu/esco/api/resource/occupation?uri=http://data.europa.eu/esco/occupation/42e9d1c5-76f1-41ef-996e-38d5ac711a31&language=en","uri":"http://data.europa.eu/esco/occupation/42e9d1c5-76f1-41ef-996e-38d5ac711a31","title":"rolling stock inspector"}],"isOptionalForOccupation":[{"href":"https://ec.europa.eu/esco/api/resource/occupation?uri=http://data.europa.eu/esco/occupation/755c5c5f-2ee3-4487-94db-30ec2ba2e883&language=en","uri":"http://data.europa.eu/esco/occupation/755c5c5f-2ee3-4487-94db-30ec2ba2e883","title":"rail maintenance technician"},{"href":"https://ec.europa.eu/esco/api/resource/occupation?uri=http://data.europa.eu/esco/occupation/511c8e9f-b19e-4ae8-9959-c047e7410441&language=en","uri":"http://data.europa.eu/esco/occupation/511c8e9f-b19e-4ae8-9959-c047e7410441","title":"railway infrastructure inspector"}]},"_embedded":{}},{"className":"Skill","classId":"http://data.europa.eu/esco/model#Skill","uri":"http://data.europa.eu/esco/skill/47f4b291-29c4-4402-8b3b-b23c3116f2b9","title":"coordinate finishing room in footwear manufacturing","referenceLanguage":["en"],"preferredLabel":{"no":"koordinere avslutningsrom i fottøyproduksjon","de":"Packraum in der Produktion von Schuhwerk koordinieren","en-us":"coordinate finishing room in footwear manufacturing","fi":"koordinoida viimeistelyä jalkineiden valmistuksessa","pt":"coordenar o trabalho na etapa de acabamento no fabrico de calçado","bg":"координиране на цех за апретиране в обувното производство","lt":"koordinuoti su avalynės gamyba susijusią apdailos cecho veiklą","hr":"koordinirati prostoriju za završnu obradu u proizvodnji obuće","lv":"koordinēt apavu ražošanas apstrādes cehu","fr":"coordonner un atelier de finition dans la production d’articles chaussants","hu":"a cipőgyártás során koordinálja a kikészítő helyiségben végzett munkát","sk":"koordinovať dielňu na konečnú úpravu vo výrobe obuvi","sl":"koordinirati prostor za dokončno obdelavo pri proizvodnji obutve","ga":"seomra bailchríche a chomhordú do mhonarú coisbhirt","sv":"samordna slutbehandlingslokal vid skotillverkning","el":"συντονισμός των δραστηριοτήτων τελειοποίησης κατά την κατασκευή υποδημάτων","mt":"koordinazzjoni tal-kamra tat-tlestija fil-manifattura ta’ xedd is-saqajn","en":"coordinate finishing room in footwear manufacturing","is":"samræmir frágangsrými í skófatnaðarframleiðslu","it":"coordinare il reparto finissaggio per la fabbricazione di calzature","es":"coordinar la sala de acabado en la fabricación de calzado","et":"jalatsitööstuse viimistlusruumi tööd koordineerima","cs":"zajišťovat koordinaci v úpravně v rámci výroby obuvi","ar":"ينظم غرفة التشطيب في تصنيع الأحذية","pl":"koordynować pracę wykańczalni obuwia","ro":"coordonează hala de finisare în producția de încălțăminte","da":"koordinere færdigbehandlingsrum ved fremstilling af fodtøj","nl":"afwerkruimten voor de productie van schoeisel coördineren"},"alternativeLabel":{"fi":["koordinoida viimeistämöä jalkineiden valmistuksessa","koordinoida viimeistely-yksikköä jalkineiden valmistuksessa"],"en":["coordinate footwear finishing room","organise finishing room activities in footwear manufacturing","coordinate finishing room for footwear manufacturing","manage finishing room in footwear manufacturing","footwear finishing room coordination","organize finishing room activities in footwear manufacturing","manage footwear finishing room"],"pl":["koordynować pracę w ramach procesu wykańczania produkowanego obuwia"],"nl":["afwerkruimtes voor de productie van schoeisel coördineren"],"es":["coordinar la sección de acabado","coordinar el trabajo de la sala de acabado en la fabricación de calzado","coordinar la sección de acabado en la fabricación de zapatos","coordinar el trabajo de la sala de acabado en la fabricación de zapatos","organizar la sección de acabado en la fabricación de calzado"]},"description":{"en-us":{"literal":"Coordinate the flow of materials and footwear components. Manage orders and organize the activity of the finishing room. Distribute machinery, operations and workers. Manage and optimize production and materials. Divide and organize pieces and components according to the footwear model or size and send them directly to the warehouse. organize in-process quality control.","mimetype":"plain/text"},"en":{"literal":"Coordinate the flow of materials and footwear components. Manage orders and organise the activity of the finishing room. Distribute machinery, operations and workers. Manage and optimise production and materials. Divide and organise pieces and components according to the footwear model or size and send them directly to the warehouse. Organise in-process quality control.","mimetype":"plain/text"}},"status":"released","_links":{"self":{"href":"https://ec.europa.eu/esco/api/resource/skill?uri=http://data.europa.eu/esco/skill/47f4b291-29c4-4402-8b3b-b23c3116f2b9&language=en","uri":"http://data.europa.eu/esco/skill/47f4b291-29c4-4402-8b3b-b23c3116f2b9","title":"coordinate finishing room in footwear manufacturing"},"isTopConceptInScheme":[{"href":"https://ec.europa.eu/esco/api/resource/taxonomy?uri=http://data.europa.eu/esco/concept-scheme/skills&language=en","uri":"http://data.europa.eu/esco/concept-scheme/skills","title":"ESCO skills"},{"href":"https://ec.europa.eu/esco/api/resource/taxonomy?uri=http://data.europa.eu/esco/concept-scheme/member-skills&language=en","uri":"http://data.europa.eu/esco/concept-scheme/member-skills","title":"ESCO member skills"}],"isInScheme":[{"href":"https://ec.europa.eu/esco/api/resource/taxonomy?uri=http://data.europa.eu/esco/concept-scheme/skills&language=en","uri":"http://data.europa.eu/esco/concept-scheme/skills","title":"ESCO skills"},{"href":"https://ec.europa.eu/esco/api/resource/taxonomy?uri=http://data.europa.eu/esco/concept-scheme/member-skills&language=en","uri":"http://data.europa.eu/esco/concept-scheme/member-skills","title":"ESCO member skills"}],"hasSkillType":[{"href":"https://ec.europa.eu/esco/api/resource/concept?uri=http://data.europa.eu/esco/skill-type/skill&language=en","uri":"http://data.europa.eu/esco/skill-type/skill","title":"skill"}],"hasReuseLevel":[{"href":"https://ec.europa.eu/esco/api/resource/concept?uri=http://data.europa.eu/esco/skill-reuse-level/sector-specific&language=en","uri":"http://data.europa.eu/esco/skill-reuse-level/sector-specific","title":"sector specific skills and competences","code":"Level 3"}],"isOptionalForOccupation":[{"href":"https://ec.europa.eu/esco/api/resource/occupation?uri=http://data.europa.eu/esco/occupation/a659968d-0804-4357-bc60-735e4d41e65c&language=en","uri":"http://data.europa.eu/esco/occupation/a659968d-0804-4357-bc60-735e4d41e65c","title":"footwear production supervisor"},{"href":"https://ec.europa.eu/esco/api/resource/occupation?uri=http://data.europa.eu/esco/occupation/95d69048-3a4b-4cce-a155-584aaecfe403&language=en","uri":"http://data.europa.eu/esco/occupation/95d69048-3a4b-4cce-a155-584aaecfe403","title":"footwear assembly supervisor"},{"href":"https://ec.europa.eu/esco/api/resource/occupation?uri=http://data.europa.eu/esco/occupation/6482664d-48f4-4ff4-9346-584ac0e2f729&language=en","uri":"http://data.europa.eu/esco/occupation/6482664d-48f4-4ff4-9346-584ac0e2f729","title":"footwear production manager"},{"href":"https://ec.europa.eu/esco/api/resource/occupation?uri=http://data.europa.eu/esco/occupation/59dae100-fdfe-44bd-8bd8-a0d3cd813ce4&language=en","uri":"http://data.europa.eu/esco/occupation/59dae100-fdfe-44bd-8bd8-a0d3cd813ce4","title":"footwear production technician"}]},"_embedded":{}},{"className":"Skill","classId":"http://data.europa.eu/esco/model#Skill","uri":"http://data.europa.eu/esco/skill/942c6ff8-8558-4988-9f8b-d41101f4bb0a","title":"control limestone flow","referenceLanguage":["en"],"preferredLabel":{"no":"kontrollere kalksteinstrøm","de":"Kalksteinfluss steuern","fi":"säädellä kalkkikiven syöttöä","en-us":"control limestone flow","pt":"controlar o fluxo de calcário","bg":"регулиране на потока от варовик","lt":"kontroliuoti klinčių srautą","lv":"kontrolēt kaļķakmens plūsmu","hr":"kontrolirati protok vapnenca","fr":"contrôler un débit de calcaire","hu":"szabályozza a mészkőáramlást","sk":"riadiť prietok vápenca","sl":"nadzorovati pretok apnenca","ga":"sreabhadh aolchloiche a rialú","sv":"kontrollera kalkstensflöde","mt":"kontroll tal-fluss tal-ġir","el":"έλεγχος ροής μαρμαρόσκονης","en":"control limestone flow","is":"stýrir kalksteinaflæði","it":"controllare il flusso di pietra calcarea","es":"controlar el caudal de piedra caliza","et":"lubjakivi voolu juhtima","cs":"regulovat tok vápence","ar":"يتحكم في تدفق خام الحجر الجيري","pl":"kontrolować przepływ wapienia","ro":"controlează fluxul de calcar","da":"styre kalkstensstrøm","nl":"toevoer van kalksteen controleren"},"alternativeLabel":{"en":["managing limestone flow","manage limestone flow","control limestone flow","limestone flow managing","controlling limestone flow","limestone flow controlling"],"nl":["toevoer van kalksteen beheersen"]},"description":{"en-us":{"literal":"Control the flow of limestone by adjusting the scale of flow into the kiln using rheostats.","mimetype":"plain/text"},"en":{"literal":"Control the flow of limestone by adjusting the scale of flow into the kiln using rheostats.","mimetype":"plain/text"}},"status":"released","_links":{"self":{"href":"https://ec.europa.eu/esco/api/resource/skill?uri=http://data.europa.eu/esco/skill/942c6ff8-8558-4988-9f8b-d41101f4bb0a&language=en","uri":"http://data.europa.eu/esco/skill/942c6ff8-8558-4988-9f8b-d41101f4bb0a","title":"control limestone flow"},"isTopConceptInScheme":[{"href":"https://ec.europa.eu/esco/api/resource/taxonomy?uri=http://data.europa.eu/esco/concept-scheme/skills&language=en","uri":"http://data.europa.eu/esco/concept-scheme/skills","title":"ESCO skills"},{"href":"https://ec.europa.eu/esco/api/resource/taxonomy?uri=http://data.europa.eu/esco/concept-scheme/member-skills&language=en","uri":"http://data.europa.eu/esco/concept-scheme/member-skills","title":"ESCO member skills"}],"isInScheme":[{"href":"https://ec.europa.eu/esco/api/resource/taxonomy?uri=http://data.europa.eu/esco/concept-scheme/skills&language=en","uri":"http://data.europa.eu/esco/concept-scheme/skills","title":"ESCO skills"},{"href":"https://ec.europa.eu/esco/api/resource/taxonomy?uri=http://data.europa.eu/esco/concept-scheme/member-skills&language=en","uri":"http://data.europa.eu/esco/concept-scheme/member-skills","title":"ESCO member skills"}],"hasSkillType":[{"href":"https://ec.europa.eu/esco/api/resource/concept?uri=http://data.europa.eu/esco/skill-type/skill&language=en","uri":"http://data.europa.eu/esco/skill-type/skill","title":"skill"}],"hasReuseLevel":[{"href":"https://ec.europa.eu/esco/api/resource/concept?uri=http://data.europa.eu/esco/skill-reuse-level/occupation-specific&language=en","uri":"http://data.europa.eu/esco/skill-reuse-level/occupation-specific","title":"occupation specific skills and competences","code":"Level 4"}],"isEssentialForOccupation":[{"href":"https://ec.europa.eu/esco/api/resource/occupation?uri=http://data.europa.eu/esco/occupation/0d61e7e7-afde-49ca-b554-4633842be030&language=en","uri":"http://data.europa.eu/esco/occupation/0d61e7e7-afde-49ca-b554-4633842be030","title":"lime kiln operator"}]},"_embedded":{}},{"className":"Skill","classId":"http://data.europa.eu/esco/model#Skill","uri":"http://data.europa.eu/esco/skill/6c3d9ae0-b7ea-466e-ae9c-04138a4abbba","title":"climb on railcars","referenceLanguage":["en"],"preferredLabel":{"de":"auf Schienenfahrzeuge klettern","no":"klatre på jernbanevogner","fi":"kiivetä rautatievaunujen päälle","en-us":"climb on railcars","pt":"subir para automotoras","bg":"качване в мотриси","lt":"lipti ant drezinų","lv":"kāpt uz vilcieniem","hr":"penjati se u vagone","fr":"monter sur des wagons","hu":"vonatkocsira felkapaszkodik","sk":"vyliezť na motorový vozeň","sl":"plezati na vagone","ga":"dreapadh ar charranna iarnróid","sv":"kliva upp på motorvagnar","el":"ανάβαση σε αυτοκινητάμαξα","mt":"tixbit fuq il-vetturi ferrovjarji","en":"climb on railcars","is":"klifrar á brautarvagna","it":"salire sulle automotrici","es":"subirse a los vagones","et":"vagunitel ronima","cs":"vylézt na motorový vůz","ar":"يصعد عربات القطار","pl":"wspinać się na wagony","ro":"se urcă în vagoane și pe vagoane","da":"klatre på togvogne","nl":"op treinstellen klimmen"},"alternativeLabel":{"cs":["vylézt na motorový vlak"],"el":["αναρρίχηση σε αυτοκινητάμαξα"],"en":["climb around railcars","climb into railcars","climb into train cars","move physically around the exterior of railcars","clamber around railcars","scale the exteriors of railcars","scale railcar exteriors","physically move around the exterior of railcars","climb on train cars","scale train car exteriors"],"es":["embarcar en los vagones","montarse en los vagones"]},"description":{"en-us":{"literal":"Have the physical abilities to climb on and into railcars following adequate security procedures.","mimetype":"plain/text"},"en":{"literal":"Have the physical abilities to climb on and into railcars following adequate security procedures.","mimetype":"plain/text"}},"status":"released","_links":{"self":{"href":"https://ec.europa.eu/esco/api/resource/skill?uri=http://data.europa.eu/esco/skill/6c3d9ae0-b7ea-466e-ae9c-04138a4abbba&language=en","uri":"http://data.europa.eu/esco/skill/6c3d9ae0-b7ea-466e-ae9c-04138a4abbba","title":"climb on railcars"},"isTopConceptInScheme":[{"href":"https://ec.europa.eu/esco/api/resource/taxonomy?uri=http://data.europa.eu/esco/concept-scheme/skills&language=en","uri":"http://data.europa.eu/esco/concept-scheme/skills","title":"ESCO skills"},{"href":"https://ec.europa.eu/esco/api/resource/taxonomy?uri=http://data.europa.eu/esco/concept-scheme/member-skills&language=en","uri":"http://data.europa.eu/esco/concept-scheme/member-skills","title":"ESCO member skills"}],"isInScheme":[{"href":"https://ec.europa.eu/esco/api/resource/taxonomy?uri=http://data.europa.eu/esco/concept-scheme/skills&language=en","uri":"http://data.europa.eu/esco/concept-scheme/skills","title":"ESCO skills"},{"href":"https://ec.europa.eu/esco/api/resource/taxonomy?uri=http://data.europa.eu/esco/concept-scheme/member-skills&language=en","uri":"http://data.europa.eu/esco/concept-scheme/member-skills","title":"ESCO member skills"}],"hasSkillType":[{"href":"https://ec.europa.eu/esco/api/resource/concept?uri=http://data.europa.eu/esco/skill-type/skill&language=en","uri":"http://data.europa.eu/esco/skill-type/skill","title":"skill"}],"hasReuseLevel":[{"href":"https://ec.europa.eu/esco/api/resource/concept?uri=http://data.europa.eu/esco/skill-reuse-level/sector-specific&language=en","uri":"http://data.europa.eu/esco/skill-reuse-level/sector-specific","title":"sector specific skills and competences","code":"Level 3"}],"isEssentialForOccupation":[{"href":"https://ec.europa.eu/esco/api/resource/occupation?uri=http://data.europa.eu/esco/occupation/92371348-ef8f-41ce-9666-c903b57cc8b4&language=en","uri":"http://data.europa.eu/esco/occupation/92371348-ef8f-41ce-9666-c903b57cc8b4","title":"rail intermodal equipment operator"},{"href":"https://ec.europa.eu/esco/api/resource/occupation?uri=http://data.europa.eu/esco/occupation/b567a979-c556-49fa-8b36-8af6cfe97624&language=en","uri":"http://data.europa.eu/esco/occupation/b567a979-c556-49fa-8b36-8af6cfe97624","title":"stevedore"}]},"_embedded":{}},{"className":"Skill","classId":"http://data.europa.eu/esco/model#Skill","uri":"http://data.europa.eu/esco/skill/9bac4247-8c17-4a1c-9de4-a3fde17881f5","title":"tend lime-kiln","referenceLanguage":["en"],"preferredLabel":{"de":"Kalkofen bedienen","no":"håndtere kalkovn","en-us":"tend lime-kiln","fi":"hoitaa kalkinpolttouunia","pt":"vigiar e controlar o funcionamento da forno de cal","bg":"обслужване на пещ за варовик","lt":"prižiūrėti kalkių degimo krosnį","hr":"rukovati peći za vapnenac","lv":"apkalpot kaļķu cepli","fr":"utiliser un four à chaux","hu":"felügyeli és kiszolgálja a mészégető kemencét","sk":"obsluhovať pec na vápno","sl":"upravljati apnenico","ga":"féachaint i ndiaidh tiníleach","sv":"sköta mesaugn","mt":"tħaddim tal-kalkari tal-ġir","el":"χειρισμός κλιβάνου ασβέστη","en":"tend lime-kiln","is":"sér um kalksteinabrennsluofna","it":"sorvegliare la fornace da calce","es":"ocuparse de hornos de cal","et":"lubjaahjuga töötama","cs":"obsluhovat pec k pálení vápna","ar":"يرعى أفران الجير","pl":"zajmować się piecem wapiennym","ro":"operează cuptoare de var","da":"passe kalkovn","nl":"kalkbranders bedienen"},"alternativeLabel":{"en":["lime-kiln operating","lime-kiln tending","operating lime-kiln","tending lime-kiln","operate lime-kiln"],"ga":["féachaint i ndiaidh áith aoil","féachaint i ndiaidh tornóg aoil"],"nl":["kalkovens bedienen"]},"description":{"en-us":{"literal":"Tend the lime-kiln and related equipment to burn limestone in order to produce carbon dioxide or lime.","mimetype":"plain/text"},"en":{"literal":"Tend the lime-kiln and related equipment to burn limestone in order to produce carbon dioxide or lime.","mimetype":"plain/text"}},"status":"released","_links":{"self":{"href":"https://ec.europa.eu/esco/api/resource/skill?uri=http://data.europa.eu/esco/skill/9bac4247-8c17-4a1c-9de4-a3fde17881f5&language=en","uri":"http://data.europa.eu/esco/skill/9bac4247-8c17-4a1c-9de4-a3fde17881f5","title":"tend lime-kiln"},"isTopConceptInScheme":[{"href":"https://ec.europa.eu/esco/api/resource/taxonomy?uri=http://data.europa.eu/esco/concept-scheme/skills&language=en","uri":"http://data.europa.eu/esco/concept-scheme/skills","title":"ESCO skills"},{"href":"https://ec.europa.eu/esco/api/resource/taxonomy?uri=http://data.europa.eu/esco/concept-scheme/member-skills&language=en","uri":"http://data.europa.eu/esco/concept-scheme/member-skills","title":"ESCO member skills"}],"isInScheme":[{"href":"https://ec.europa.eu/esco/api/resource/taxonomy?uri=http://data.europa.eu/esco/concept-scheme/skills&language=en","uri":"http://data.europa.eu/esco/concept-scheme/skills","title":"ESCO skills"},{"href":"https://ec.europa.eu/esco/api/resource/taxonomy?uri=http://data.europa.eu/esco/concept-scheme/member-skills&language=en","uri":"http://data.europa.eu/esco/concept-scheme/member-skills","title":"ESCO member skills"}],"hasSkillType":[{"href":"https://ec.europa.eu/esco/api/resource/concept?uri=http://data.europa.eu/esco/skill-type/skill&language=en","uri":"http://data.europa.eu/esco/skill-type/skill","title":"skill"}],"hasReuseLevel":[{"href":"https://ec.europa.eu/esco/api/resource/concept?uri=http://data.europa.eu/esco/skill-reuse-level/occupation-specific&language=en","uri":"http://data.europa.eu/esco/skill-reuse-level/occupation-specific","title":"occupation specific skills and competences","code":"Level 4"}],"isEssentialForOccupation":[{"href":"https://ec.europa.eu/esco/api/resource/occupation?uri=http://data.europa.eu/esco/occupation/0d61e7e7-afde-49ca-b554-4633842be030&language=en","uri":"http://data.europa.eu/esco/occupation/0d61e7e7-afde-49ca-b554-4633842be030","title":"lime kiln operator"}]},"_embedded":{}},{"className":"Skill","classId":"http://data.europa.eu/esco/model#Skill","uri":"http://data.europa.eu/esco/skill/0bdc583d-ea16-4183-84e9-2b32f4cf7efa","title":"tend drawing kiln","referenceLanguage":["en"],"preferredLabel":{"de":"Streckofen bedienen","no":"håndtere strekkeovn","fi":"hoitaa tasolasiuunia","en-us":"tend drawing kiln","pt":"vigiar e controlar o funcionamento do poço de estiramento","bg":"обслужване на пещ за плоско листово стъкло","lt":"prižiūrėti stiklo tempimo krosnį","hr":"rukovati staklarskom peći","lv":"apkalpot stikla stiepšanas krāsni","fr":"utiliser un four d’étirage","hu":"felügyeli és kiszolgálja az égetőkemencét","sk":"obsluhovať pec","sl":"upravljati peč za vlečenje","ga":"féachaint i ndiaidh áith tharraingthe","sv":"sköta dragschakt","mt":"tħaddim tal-kalkara tal-infiħ","el":"χειρισμός κλιβάνου σχεδίασης","en":"tend drawing kiln","is":"sér um  dráttarbrennsluofn","it":"sorvegliare il forno fusorio","es":"ocuparse de la cámara de estirado","et":"tõmbeahjuga töötama","cs":"obsluhovat tažnou pec","ar":"يدير أفران الرسم","pl":"zajmować się komorą podmaszynową","ro":"operează cuptoare de fabricare a foilor de sticlă","da":"passe trækkemaskine","nl":"ovens om glas te trekken bedienen"},"alternativeLabel":{"en":["drawing kiln tending","drawing kiln operating","tending of drawing kiln","operate drawing kiln","tending drawing kiln","operating drawing kiln","operating of drawing kiln"]},"description":{"en-us":{"literal":"Tend the drawing kiln in order to draw glass sheets of flat glass according to specified thickness.","mimetype":"plain/text"},"en":{"literal":"Tend the drawing kiln in order to draw glass sheets of flat glass according to specified thickness.","mimetype":"plain/text"}},"status":"released","_links":{"self":{"href":"https://ec.europa.eu/esco/api/resource/skill?uri=http://data.europa.eu/esco/skill/0bdc583d-ea16-4183-84e9-2b32f4cf7efa&language=en","uri":"http://data.europa.eu/esco/skill/0bdc583d-ea16-4183-84e9-2b32f4cf7efa","title":"tend drawing kiln"},"isTopConceptInScheme":[{"href":"https://ec.europa.eu/esco/api/resource/taxonomy?uri=http://data.europa.eu/esco/concept-scheme/skills&language=en","uri":"http://data.europa.eu/esco/concept-scheme/skills","title":"ESCO skills"},{"href":"https://ec.europa.eu/esco/api/resource/taxonomy?uri=http://data.europa.eu/esco/concept-scheme/member-skills&language=en","uri":"http://data.europa.eu/esco/concept-scheme/member-skills","title":"ESCO member skills"}],"isInScheme":[{"href":"https://ec.europa.eu/esco/api/resource/taxonomy?uri=http://data.europa.eu/esco/concept-scheme/skills&language=en","uri":"http://data.europa.eu/esco/concept-scheme/skills","title":"ESCO skills"},{"href":"https://ec.europa.eu/esco/api/resource/taxonomy?uri=http://data.europa.eu/esco/concept-scheme/member-skills&language=en","uri":"http://data.europa.eu/esco/concept-scheme/member-skills","title":"ESCO member skills"}],"hasSkillType":[{"href":"https://ec.europa.eu/esco/api/resource/concept?uri=http://data.europa.eu/esco/skill-type/skill&language=en","uri":"http://data.europa.eu/esco/skill-type/skill","title":"skill"}],"hasReuseLevel":[{"href":"https://ec.europa.eu/esco/api/resource/concept?uri=http://data.europa.eu/esco/skill-reuse-level/sector-specific&language=en","uri":"http://data.europa.eu/esco/skill-reuse-level/sector-specific","title":"sector specific skills and competences","code":"Level 3"}],"isEssentialForOccupation":[{"href":"https://ec.europa.eu/esco/api/resource/occupation?uri=http://data.europa.eu/esco/occupation/49f1e9aa-189b-4417-afaa-373cc4ffeea1&language=en","uri":"http://data.europa.eu/esco/occupation/49f1e9aa-189b-4417-afaa-373cc4ffeea1","title":"drawing kiln operator"}],"isOptionalForOccupation":[{"href":"https://ec.europa.eu/esco/api/resource/occupation?uri=http://data.europa.eu/esco/occupation/2ecbed9c-0143-4cc9-b047-d1746aeec206&language=en","uri":"http://data.europa.eu/esco/occupation/2ecbed9c-0143-4cc9-b047-d1746aeec206","title":"tunnel kiln operator"},{"href":"https://ec.europa.eu/esco/api/resource/occupation?uri=http://data.europa.eu/esco/occupation/0d61e7e7-afde-49ca-b554-4633842be030&language=en","uri":"http://data.europa.eu/esco/occupation/0d61e7e7-afde-49ca-b554-4633842be030","title":"lime kiln operator"}]},"_embedded":{}},{"className":"Skill","classId":"http://data.europa.eu/esco/model#Skill","uri":"http://data.europa.eu/esco/skill/49a5effb-e497-4dba-afb9-c6c354882b22","title":"halal meat","referenceLanguage":["en"],"preferredLabel":{"de":"Halal-Fleisch","no":"halalkjøtt","en-us":"halal meat","fi":"halal-liha","pt":"carne «halal»","bg":"месо халал","lt":"chalalinė mėsa","hr":"halal meso","lv":"halāla gaļa","fr":"viande halal","hu":"halal hús","sk":"halal mäso","sl":"meso halal","ga":"feoil halal","sv":"halalkött","mt":"laħam ħalal","el":"κρέας χαλάλ","en":"halal meat","is":"halal-kjöt","it":"carne halal","es":"carne halal","et":"halal-liha","cs":"halal maso","ar":"لحم حلال","pl":"mięso halal","da":"halalkød","ro":"carne halal","nl":"halalvlees"},"alternativeLabel":{"sv":["halalslaktat kött"],"en":["halal chicken","halal veal","halal lamb","halal beef","halal meats"],"es":["carne de cordero halal","pollo halal","carne de vaca halal"]},"description":{"en-us":{"literal":"The preparation and types of meat consumable according to Islamic laws such as chicken and cow meat. This also includes the preparation and types of meat that are not consumable according to this law, such as pork and certain parts of the animals' bodies like their hindquarters","mimetype":"plain/text"},"en":{"literal":"The preparation and types of meat consumable according to Islamic laws such as chicken and cow meat. This also includes the preparation and types of meat that are not consumable according to this law, such as pork and certain parts of the animals' bodies like their hindquarters","mimetype":"plain/text"}},"status":"released","_links":{"self":{"href":"https://ec.europa.eu/esco/api/resource/skill?uri=http://data.europa.eu/esco/skill/49a5effb-e497-4dba-afb9-c6c354882b22&language=en","uri":"http://data.europa.eu/esco/skill/49a5effb-e497-4dba-afb9-c6c354882b22","title":"halal meat"},"isTopConceptInScheme":[{"href":"https://ec.europa.eu/esco/api/resource/taxonomy?uri=http://data.europa.eu/esco/concept-scheme/member-skills&language=en","uri":"http://data.europa.eu/esco/concept-scheme/member-skills","title":"ESCO member skills"},{"href":"https://ec.europa.eu/esco/api/resource/taxonomy?uri=http://data.europa.eu/esco/concept-scheme/skills&language=en","uri":"http://data.europa.eu/esco/concept-scheme/skills","title":"ESCO skills"}],"isInScheme":[{"href":"https://ec.europa.eu/esco/api/resource/taxonomy?uri=http://data.europa.eu/esco/concept-scheme/member-skills&language=en","uri":"http://data.europa.eu/esco/concept-scheme/member-skills","title":"ESCO member skills"},{"href":"https://ec.europa.eu/esco/api/resource/taxonomy?uri=http://data.europa.eu/esco/concept-scheme/skills&language=en","uri":"http://data.europa.eu/esco/concept-scheme/skills","title":"ESCO skills"}],"hasSkillType":[{"href":"https://ec.europa.eu/esco/api/resource/concept?uri=http://data.europa.eu/esco/skill-type/knowledge&language=en","uri":"http://data.europa.eu/esco/skill-type/knowledge","title":"knowledge"}],"hasReuseLevel":[{"href":"https://ec.europa.eu/esco/api/resource/concept?uri=http://data.europa.eu/esco/skill-reuse-level/sector-specific&language=en","uri":"http://data.europa.eu/esco/skill-reuse-level/sector-specific","title":"sector specific skills and competences","code":"Level 3"}],"isEssentialForOccupation":[{"href":"https://ec.europa.eu/esco/api/resource/occupation?uri=http://data.europa.eu/esco/occupation/48b336d2-7ffb-49a3-a010-444b68ddd12d&language=en","uri":"http://data.europa.eu/esco/occupation/48b336d2-7ffb-49a3-a010-444b68ddd12d","title":"halal butcher"},{"href":"https://ec.europa.eu/esco/api/resource/occupation?uri=http://data.europa.eu/esco/occupation/f1783e61-38b7-468e-b495-9c3c92f5ab0d&language=en","uri":"http://data.europa.eu/esco/occupation/f1783e61-38b7-468e-b495-9c3c92f5ab0d","title":"halal slaughterer"}]},"_embedded":{}},{"className":"Skill","classId":"http://data.europa.eu/esco/model#Skill","uri":"http://data.europa.eu/esco/skill/f3227dab-52a8-4628-a5e3-2cc283d77eaf","title":"officiate weddings","referenceLanguage":["en"],"preferredLabel":{"de":"Trauungen vornehmen","no":"forrette bryllup","en-us":"officiate weddings","fi":"vihkiä avioliittoon","pt":"celebrar casamentos","bg":"отслужване на сватби","lt":"vykdyti su santuokos registravimu susijusią veiklą","lv":"slēgt laulību","hr":"obavljati vjenčanja","fr":"célébrer des mariages","hu":"celebrálja a házasságkötést","sk":"sobášiť","sl":"opravljati obrede za sklenitev zakonske zveze","ga":"bheith i bhfeighil bainiseacha","sv":"förrätta vigsel","el":"νόμιμη τέλεση γάμων","mt":"ċelebrazzjoni taż-żwieġ","en":"officiate weddings","is":"framkvæmir giftingarathafnir","it":"officiare i matrimoni","es":"celebrar una boda","et":"abielusid sõlmima","cs":"provádět uzavření sňatku","ar":"يعقد القران","pl":"udzielać ślubów","ro":"oficiază nunți","da":"foretage borgerlige vielser","nl":"huwelijken voltrekken"},"alternativeLabel":{"cs":["oddávat"],"en":["celebrate weddings","carry out nuptials","carry out weddings","lead wedding services","conduct nuptials","conduct weddings","celebrate nuptials","lead nuptials services"],"nl":["huwelijken sluiten"]},"description":{"en-us":{"literal":"Officiate weddings in a manner compliant to traditional and legal regulations, and to the couple's wishes, ensuring that it is official by providing the necessary documentation and witnessing its signing, fulfilling the role of officiator.","mimetype":"plain/text"},"en":{"literal":"Officiate weddings in a manner compliant to traditional and legal regulations, and to the couple's wishes, ensuring that it is official by providing the necessary documentation and witnessing its signing, fulfilling the role of officiator.","mimetype":"plain/text"}},"status":"released","_links":{"self":{"href":"https://ec.europa.eu/esco/api/resource/skill?uri=http://data.europa.eu/esco/skill/f3227dab-52a8-4628-a5e3-2cc283d77eaf&language=en","uri":"http://data.europa.eu/esco/skill/f3227dab-52a8-4628-a5e3-2cc283d77eaf","title":"officiate weddings"},"isTopConceptInScheme":[{"href":"https://ec.europa.eu/esco/api/resource/taxonomy?uri=http://data.europa.eu/esco/concept-scheme/skills&language=en","uri":"http://data.europa.eu/esco/concept-scheme/skills","title":"ESCO skills"},{"href":"https://ec.europa.eu/esco/api/resource/taxonomy?uri=http://data.europa.eu/esco/concept-scheme/member-skills&language=en","uri":"http://data.europa.eu/esco/concept-scheme/member-skills","title":"ESCO member skills"}],"isInScheme":[{"href":"https://ec.europa.eu/esco/api/resource/taxonomy?uri=http://data.europa.eu/esco/concept-scheme/skills&language=en","uri":"http://data.europa.eu/esco/concept-scheme/skills","title":"ESCO skills"},{"href":"https://ec.europa.eu/esco/api/resource/taxonomy?uri=http://data.europa.eu/esco/concept-scheme/member-skills&language=en","uri":"http://data.europa.eu/esco/concept-scheme/member-skills","title":"ESCO member skills"}],"hasSkillType":[{"href":"https://ec.europa.eu/esco/api/resource/concept?uri=http://data.europa.eu/esco/skill-type/skill&language=en","uri":"http://data.europa.eu/esco/skill-type/skill","title":"skill"}],"hasReuseLevel":[{"href":"https://ec.europa.eu/esco/api/resource/concept?uri=http://data.europa.eu/esco/skill-reuse-level/cross-sector&language=en","uri":"http://data.europa.eu/esco/skill-reuse-level/cross-sector","title":"cross-sector skills and competences","code":"Level 2"}],"isEssentialForOccupation":[{"href":"https://ec.europa.eu/esco/api/resource/occupation?uri=http://data.europa.eu/esco/occupation/578470d7-1848-44cd-a769-96cdd64b2c37&language=en","uri":"http://data.europa.eu/esco/occupation/578470d7-1848-44cd-a769-96cdd64b2c37","title":"civil registrar"}],"isOptionalForOccupation":[{"href":"https://ec.europa.eu/esco/api/resource/occupation?uri=http://data.europa.eu/esco/occupation/ed256ed0-0432-4969-8544-3e5e01a517a9&language=en","uri":"http://data.europa.eu/esco/occupation/ed256ed0-0432-4969-8544-3e5e01a517a9","title":"minister of religion"},{"href":"https://ec.europa.eu/esco/api/resource/occupation?uri=http://data.europa.eu/esco/occupation/d21890a3-cbe9-49df-9a19-a4120d866548&language=en","uri":"http://data.europa.eu/esco/occupation/d21890a3-cbe9-49df-9a19-a4120d866548","title":"notary"},{"href":"https://ec.europa.eu/esco/api/resource/occupation?uri=http://data.europa.eu/esco/occupation/f634ce9b-68a5-4a8a-af4a-ed13fc0deba9&language=en","uri":"http://data.europa.eu/esco/occupation/f634ce9b-68a5-4a8a-af4a-ed13fc0deba9","title":"justice of the peace"}]},"_embedded":{}}]}}