{"total":8196,"offset":314,"limit":20,"language":"en","uri":"http://data.europa.eu/esco/concept-scheme/skills","relation":"hasTopConcept","_links":{"self":{"href":"https://ec.europa.eu/esco/api/resource/related?uri=http://data.europa.eu/esco/concept-scheme/skills&relation=hasTopConcept&limit=20&offset=314&language=en&full=true"},"prev":{"href":"https://ec.europa.eu/esco/api/resource/related?uri=http://data.europa.eu/esco/concept-scheme/skills&relation=hasTopConcept&limit=20&offset=313&language=en&full=true"},"next":{"href":"https://ec.europa.eu/esco/api/resource/related?uri=http://data.europa.eu/esco/concept-scheme/skills&relation=hasTopConcept&limit=20&offset=315&language=en&full=true"}},"_embedded":{"hasTopConcept":[{"className":"Skill","classId":"http://data.europa.eu/esco/model#Skill","uri":"http://data.europa.eu/esco/skill/945f9b80-f20e-4d73-81aa-e90d02deb96c","title":"sell snacks","referenceLanguage":["en"],"preferredLabel":{"de":"Snacks verkaufen","no":"selge snacks","fi":"myydä pikkupurtavaa ja virvokkeita","en-us":"sell snacks","pt":"vender snacks","bg":"продаване на закуски","lt":"parduoti užkandžius","hr":"prodavati grickalice","lv":"pārdot uzkodas","fr":"vendre des collations","hu":"snackeket árul","sk":"predávať občerstvenie","sl":"prodajati prigrizke","ga":"sneaiceanna a dhíol","sv":"sälja snacks","el":"πώληση πρόχειρου φαγητού","mt":"bejgħ tal-bukkuni","en":"sell snacks","is":"selur snakk","it":"vendere snack","es":"vender refrigerios y bebidas","et":"suupisteid müüma","cs":"prodávat občerstvení","ar":"يبيع وجبات خفيفة","pl":"sprzedawać przekąski","da":"sælge snacks","ro":"vinde produse alimentare de tip gustări","nl":"versnaperingen verkopen"},"alternativeLabel":{"el":["πώληση σνακ"],"en":["sell snack","selling snacks","sell light meals","sell food and refreshments","sell food and drinks"],"fr":["vendre des en-cas"],"hu":["rágcsálnivalókat árul"],"nl":["snacks verkopen"]},"description":{"en-us":{"literal":"Sell snacks and drinks, such as potato chips, popcorn, ice cream and soft drinks or beer, in cinemas or other entertainment venues.","mimetype":"plain/text"},"en":{"literal":"Sell snacks and drinks, such as potato chips, popcorn, ice cream and soft drinks or beer, in cinemas or other entertainment venues.","mimetype":"plain/text"}},"status":"released","_links":{"self":{"href":"https://ec.europa.eu/esco/api/resource/skill?uri=http://data.europa.eu/esco/skill/945f9b80-f20e-4d73-81aa-e90d02deb96c&language=en","uri":"http://data.europa.eu/esco/skill/945f9b80-f20e-4d73-81aa-e90d02deb96c","title":"sell snacks"},"isTopConceptInScheme":[{"href":"https://ec.europa.eu/esco/api/resource/taxonomy?uri=http://data.europa.eu/esco/concept-scheme/skills&language=en","uri":"http://data.europa.eu/esco/concept-scheme/skills","title":"ESCO skills"},{"href":"https://ec.europa.eu/esco/api/resource/taxonomy?uri=http://data.europa.eu/esco/concept-scheme/member-skills&language=en","uri":"http://data.europa.eu/esco/concept-scheme/member-skills","title":"ESCO member skills"}],"isInScheme":[{"href":"https://ec.europa.eu/esco/api/resource/taxonomy?uri=http://data.europa.eu/esco/concept-scheme/skills&language=en","uri":"http://data.europa.eu/esco/concept-scheme/skills","title":"ESCO skills"},{"href":"https://ec.europa.eu/esco/api/resource/taxonomy?uri=http://data.europa.eu/esco/concept-scheme/member-skills&language=en","uri":"http://data.europa.eu/esco/concept-scheme/member-skills","title":"ESCO member skills"}],"hasSkillType":[{"href":"https://ec.europa.eu/esco/api/resource/concept?uri=http://data.europa.eu/esco/skill-type/skill&language=en","uri":"http://data.europa.eu/esco/skill-type/skill","title":"skill"}],"hasReuseLevel":[{"href":"https://ec.europa.eu/esco/api/resource/concept?uri=http://data.europa.eu/esco/skill-reuse-level/cross-sector&language=en","uri":"http://data.europa.eu/esco/skill-reuse-level/cross-sector","title":"cross-sector skills and competences","code":"Level 2"}],"isOptionalForOccupation":[{"href":"https://ec.europa.eu/esco/api/resource/occupation?uri=http://data.europa.eu/esco/occupation/26087cc4-6226-41b0-9f97-9564ebe90dce&language=en","uri":"http://data.europa.eu/esco/occupation/26087cc4-6226-41b0-9f97-9564ebe90dce","title":"cloak room attendant"},{"href":"https://ec.europa.eu/esco/api/resource/occupation?uri=http://data.europa.eu/esco/occupation/7f346896-a4fb-47a1-9572-13398bc297a6&language=en","uri":"http://data.europa.eu/esco/occupation/7f346896-a4fb-47a1-9572-13398bc297a6","title":"usher"}]},"_embedded":{}},{"className":"Skill","classId":"http://data.europa.eu/esco/model#Skill","uri":"http://data.europa.eu/esco/skill/36ece87e-32bc-4fb5-8773-2aa5160cb93b","title":"manage pension funds","referenceLanguage":["en"],"preferredLabel":{"de":"Versorgungsfonds verwalten","no":"administrere pensjonsmidler","fi":"hallinnoida eläkerahastoja","en-us":"manage pension funds","pt":"gerir fundos de pensões","bg":"управляване на пенсионни фондове","lt":"valdyti pensijų fondus","hr":"upravljati mirovinskim fondovima","lv":"pārvaldīt pensiju fondus","fr":"gérer des fonds de pension","hu":"nyugdíjalapokat kezel","sk":"spravovať dôchodkové fondy","sl":"upravljati pokojninske sklade","ga":"cistí pinsean a bhainistiú","sv":"förvalta pensionsfonder","el":"διαχείριση συνταξιοδοτικών ταμείων","mt":"immaniġġjar tal-fondi ta’ pensjoni","en":"manage pension funds","is":"hefur umsjón með lífeyrissjóðum","it":"gestire i fondi pensione","es":"gestionar fondos de pensiones","et":"pensionifonde haldama","cs":"spravovat penzijní fondy","ar":"يدير صناديق المعاشات التقاعدية","pl":"zarządzać funduszami emerytalnymi","da":"forvalte pensionsmidler","ro":"gestionează fonduri de pensii","nl":"pensioenfondsen beheren"},"alternativeLabel":{"el":["διαχείριση ταμείων συντάξεων"],"en":["manage retirement accounts","manage retirement funds","manage social security funds"]},"description":{"en-us":{"literal":"Manage the sums of money which individuals or organizations pay across a timespan of many years which will ensure they acquire many benefits in retirement. Ensure the amounts paid are correct and that detailed records are kept.","mimetype":"plain/text"},"en":{"literal":"Manage the sums of money which individuals or organisations pay across a timespan of many years which will ensure they acquire many benefits in retirement. Ensure the amounts paid are correct and that detailed records are kept.","mimetype":"plain/text"}},"status":"released","_links":{"self":{"href":"https://ec.europa.eu/esco/api/resource/skill?uri=http://data.europa.eu/esco/skill/36ece87e-32bc-4fb5-8773-2aa5160cb93b&language=en","uri":"http://data.europa.eu/esco/skill/36ece87e-32bc-4fb5-8773-2aa5160cb93b","title":"manage pension funds"},"isTopConceptInScheme":[{"href":"https://ec.europa.eu/esco/api/resource/taxonomy?uri=http://data.europa.eu/esco/concept-scheme/member-skills&language=en","uri":"http://data.europa.eu/esco/concept-scheme/member-skills","title":"ESCO member skills"},{"href":"https://ec.europa.eu/esco/api/resource/taxonomy?uri=http://data.europa.eu/esco/concept-scheme/skills&language=en","uri":"http://data.europa.eu/esco/concept-scheme/skills","title":"ESCO skills"}],"isInScheme":[{"href":"https://ec.europa.eu/esco/api/resource/taxonomy?uri=http://data.europa.eu/esco/concept-scheme/member-skills&language=en","uri":"http://data.europa.eu/esco/concept-scheme/member-skills","title":"ESCO member skills"},{"href":"https://ec.europa.eu/esco/api/resource/taxonomy?uri=http://data.europa.eu/esco/concept-scheme/skills&language=en","uri":"http://data.europa.eu/esco/concept-scheme/skills","title":"ESCO skills"}],"hasSkillType":[{"href":"https://ec.europa.eu/esco/api/resource/concept?uri=http://data.europa.eu/esco/skill-type/skill&language=en","uri":"http://data.europa.eu/esco/skill-type/skill","title":"skill"}],"hasReuseLevel":[{"href":"https://ec.europa.eu/esco/api/resource/concept?uri=http://data.europa.eu/esco/skill-reuse-level/sector-specific&language=en","uri":"http://data.europa.eu/esco/skill-reuse-level/sector-specific","title":"sector specific skills and competences","code":"Level 3"}],"isOptionalForOccupation":[{"href":"https://ec.europa.eu/esco/api/resource/occupation?uri=http://data.europa.eu/esco/occupation/6724e558-2d75-4116-a473-91a4c14d4c69&language=en","uri":"http://data.europa.eu/esco/occupation/6724e558-2d75-4116-a473-91a4c14d4c69","title":"pensions administrator"},{"href":"https://ec.europa.eu/esco/api/resource/occupation?uri=http://data.europa.eu/esco/occupation/f605bcd2-90b6-45a0-a558-d05016d68a77&language=en","uri":"http://data.europa.eu/esco/occupation/f605bcd2-90b6-45a0-a558-d05016d68a77","title":"human resources manager"},{"href":"https://ec.europa.eu/esco/api/resource/occupation?uri=http://data.europa.eu/esco/occupation/21de0f3b-a71a-4263-a9ba-90c5f3721b4d&language=en","uri":"http://data.europa.eu/esco/occupation/21de0f3b-a71a-4263-a9ba-90c5f3721b4d","title":"financial planner"},{"href":"https://ec.europa.eu/esco/api/resource/occupation?uri=http://data.europa.eu/esco/occupation/ceda53cd-3f1f-425b-bd1b-c4fa17254680&language=en","uri":"http://data.europa.eu/esco/occupation/ceda53cd-3f1f-425b-bd1b-c4fa17254680","title":"pension scheme manager"}]},"_embedded":{}},{"className":"Skill","classId":"http://data.europa.eu/esco/model#Skill","uri":"http://data.europa.eu/esco/skill/4579d794-f8ae-4c07-86c4-340829ff4863","title":"promote the conservatory","referenceLanguage":["en"],"preferredLabel":{"no":"promotere konservatorium","de":"das Konservatorium bewerben","fi":"markkinoida konservatoriota","en-us":"promote the conservatory","pt":"promover o conservatório","bg":"популяризиране на консерваторията","lt":"pristatyti ir reklamuoti konservatoriją","hr":"promicati konzervatorij","lv":"popularizēt mākslas skolu","fr":"promouvoir le conservatoire","hu":"népszerűsíti a művészeti iskolát","sk":"propagovať konzervatórium","sl":"promovirati konservatorij","ga":"an ardscoil cheoil a chur chun cinn","sv":"marknadsföra konservatoriet","mt":"promozzjoni tal-konservatorju","el":"προώθηση ωδείου","en":"promote the conservatory","is":"kynnir tónlistarskólann","it":"promuovere il conservatorio","es":"promover el conservatorio","et":"konservatooriumit reklaamima","cs":"propagovat konzervatoř","ar":"يرتقي بمستوى معهد الموسيقى","pl":"promować działalność konserwatorium","ro":"promovează activitatea conservatorului","da":"promovere konservatorium","nl":"conservatorium promoten"},"alternativeLabel":{"sv":["marknadsföra kulturskolan","marknadsföra musikskolan"],"en":["promoting the conservatory","promotes the conservatory","support the conservatory","endorse the conservatory","promote the conservatories","advocate the conservatory","sponsor the conservatory"],"lv":["popularizēt konservatoriju"],"ro":["promovează activitatea conservatorului de muzică"]},"description":{"en-us":{"literal":"Maintain a positive image of the conservatory and use personal network in the best interest of the conservatory, such as establishing valuable artistic and financial connections.","mimetype":"plain/text"},"en":{"literal":"Maintain a positive image of the conservatory and use personal network in the best interest of the conservatory, such as establishing valuable artistic and financial connections.","mimetype":"plain/text"}},"status":"released","_links":{"self":{"href":"https://ec.europa.eu/esco/api/resource/skill?uri=http://data.europa.eu/esco/skill/4579d794-f8ae-4c07-86c4-340829ff4863&language=en","uri":"http://data.europa.eu/esco/skill/4579d794-f8ae-4c07-86c4-340829ff4863","title":"promote the conservatory"},"isTopConceptInScheme":[{"href":"https://ec.europa.eu/esco/api/resource/taxonomy?uri=http://data.europa.eu/esco/concept-scheme/member-skills&language=en","uri":"http://data.europa.eu/esco/concept-scheme/member-skills","title":"ESCO member skills"},{"href":"https://ec.europa.eu/esco/api/resource/taxonomy?uri=http://data.europa.eu/esco/concept-scheme/skills&language=en","uri":"http://data.europa.eu/esco/concept-scheme/skills","title":"ESCO skills"}],"isInScheme":[{"href":"https://ec.europa.eu/esco/api/resource/taxonomy?uri=http://data.europa.eu/esco/concept-scheme/member-skills&language=en","uri":"http://data.europa.eu/esco/concept-scheme/member-skills","title":"ESCO member skills"},{"href":"https://ec.europa.eu/esco/api/resource/taxonomy?uri=http://data.europa.eu/esco/concept-scheme/skills&language=en","uri":"http://data.europa.eu/esco/concept-scheme/skills","title":"ESCO skills"}],"hasSkillType":[{"href":"https://ec.europa.eu/esco/api/resource/concept?uri=http://data.europa.eu/esco/skill-type/skill&language=en","uri":"http://data.europa.eu/esco/skill-type/skill","title":"skill"}],"hasReuseLevel":[{"href":"https://ec.europa.eu/esco/api/resource/concept?uri=http://data.europa.eu/esco/skill-reuse-level/sector-specific&language=en","uri":"http://data.europa.eu/esco/skill-reuse-level/sector-specific","title":"sector specific skills and competences","code":"Level 3"}],"isOptionalForOccupation":[{"href":"https://ec.europa.eu/esco/api/resource/occupation?uri=http://data.europa.eu/esco/occupation/00747307-6341-4266-a061-25416f7c6a96&language=en","uri":"http://data.europa.eu/esco/occupation/00747307-6341-4266-a061-25416f7c6a96","title":"performing arts theatre instructor"},{"href":"https://ec.europa.eu/esco/api/resource/occupation?uri=http://data.europa.eu/esco/occupation/88990bdf-4f6b-4411-82c9-9eecad1db8fb&language=en","uri":"http://data.europa.eu/esco/occupation/88990bdf-4f6b-4411-82c9-9eecad1db8fb","title":"music instructor"},{"href":"https://ec.europa.eu/esco/api/resource/occupation?uri=http://data.europa.eu/esco/occupation/54361270-bc5e-40fb-8f84-a0023a85cdf7&language=en","uri":"http://data.europa.eu/esco/occupation/54361270-bc5e-40fb-8f84-a0023a85cdf7","title":"fine arts instructor"},{"href":"https://ec.europa.eu/esco/api/resource/occupation?uri=http://data.europa.eu/esco/occupation/78ed3811-f421-45e5-9574-31364c76af67&language=en","uri":"http://data.europa.eu/esco/occupation/78ed3811-f421-45e5-9574-31364c76af67","title":"performing arts school dance instructor"}]},"_embedded":{}},{"className":"Skill","classId":"http://data.europa.eu/esco/model#Skill","uri":"http://data.europa.eu/esco/skill/bb127774-3166-4541-ad4c-cc3070fd93c5","title":"handle returns","referenceLanguage":["en"],"preferredLabel":{"no":"håndtere returer","de":"Retouren bearbeiten","fi":"käsitellä palautuksia","en-us":"handle returns","pt":"tratar casos de devoluções","bg":"обработване на връщанията на стоки","lt":"vykdyti prekių grąžinimo procedūras","lv":"pārvaldīt atpakaļatdotās preces","hr":"obrađivati zahtjeve za vraćanje robe","fr":"gérer les retours","hu":"visszaküldéseket kezel","sk":"riadiť vrátenie tovaru","sl":"sprejemati vrnjeno blago","ga":"earraí a thugtar ar ais a bhainistiú","sv":"hantera återlämnanden","mt":"immaniġġar tar-ritorni","el":"χειρισμός επιστροφών","en":"handle returns","is":"sér um vöruskil","it":"gestire i resi","es":"ocuparse de las devoluciones","et":"tagastusi menetlema","cs":"vyřizovat reklamace","ar":"يعالج العوائد","pl":"zajmować się reklamacjami","da":"håndtere tilbageleveringer","ro":"gestionează retururile de produse","nl":"teruggezonden producten afhandelen"},"alternativeLabel":{"fi":["käsitellä palautettuja tuotteita"],"en":["conduct returns","handling a return","handling returns","administer returns","deal with returns","accept returns","handle a return"],"lv":["pārvaldīt atgrieztās preces"],"nl":["teruggebrachte producten afhandelen"],"es":["lllevar las devoluciones","trabajar con las devoluciones"]},"description":{"en-us":{"literal":"Manage goods that have been returned by customers, following the applicable goods return policy.","mimetype":"plain/text"},"en":{"literal":"Manage goods that have been returned by customers, following the applicable goods return policy.","mimetype":"plain/text"}},"status":"released","_links":{"self":{"href":"https://ec.europa.eu/esco/api/resource/skill?uri=http://data.europa.eu/esco/skill/bb127774-3166-4541-ad4c-cc3070fd93c5&language=en","uri":"http://data.europa.eu/esco/skill/bb127774-3166-4541-ad4c-cc3070fd93c5","title":"handle returns"},"isTopConceptInScheme":[{"href":"https://ec.europa.eu/esco/api/resource/taxonomy?uri=http://data.europa.eu/esco/concept-scheme/member-skills&language=en","uri":"http://data.europa.eu/esco/concept-scheme/member-skills","title":"ESCO member skills"},{"href":"https://ec.europa.eu/esco/api/resource/taxonomy?uri=http://data.europa.eu/esco/concept-scheme/skills&language=en","uri":"http://data.europa.eu/esco/concept-scheme/skills","title":"ESCO skills"}],"isInScheme":[{"href":"https://ec.europa.eu/esco/api/resource/taxonomy?uri=http://data.europa.eu/esco/concept-scheme/member-skills&language=en","uri":"http://data.europa.eu/esco/concept-scheme/member-skills","title":"ESCO member skills"},{"href":"https://ec.europa.eu/esco/api/resource/taxonomy?uri=http://data.europa.eu/esco/concept-scheme/skills&language=en","uri":"http://data.europa.eu/esco/concept-scheme/skills","title":"ESCO skills"}],"hasSkillType":[{"href":"https://ec.europa.eu/esco/api/resource/concept?uri=http://data.europa.eu/esco/skill-type/skill&language=en","uri":"http://data.europa.eu/esco/skill-type/skill","title":"skill"}],"hasReuseLevel":[{"href":"https://ec.europa.eu/esco/api/resource/concept?uri=http://data.europa.eu/esco/skill-reuse-level/sector-specific&language=en","uri":"http://data.europa.eu/esco/skill-reuse-level/sector-specific","title":"sector specific skills and competences","code":"Level 3"}],"isOptionalForOccupation":[{"href":"https://ec.europa.eu/esco/api/resource/occupation?uri=http://data.europa.eu/esco/occupation/bea705fe-06ac-4147-b8e0-6e8ac1208d8f&language=en","uri":"http://data.europa.eu/esco/occupation/bea705fe-06ac-4147-b8e0-6e8ac1208d8f","title":"warehouse worker"},{"href":"https://ec.europa.eu/esco/api/resource/occupation?uri=http://data.europa.eu/esco/occupation/d7a9f9e0-e2f5-4804-a0e0-b21ebb1403ee&language=en","uri":"http://data.europa.eu/esco/occupation/d7a9f9e0-e2f5-4804-a0e0-b21ebb1403ee","title":"inventory coordinator"},{"href":"https://ec.europa.eu/esco/api/resource/occupation?uri=http://data.europa.eu/esco/occupation/c8b296be-54ae-48cf-be21-031fa8457937&language=en","uri":"http://data.europa.eu/esco/occupation/c8b296be-54ae-48cf-be21-031fa8457937","title":"supply chain assistant"}]},"_embedded":{}},{"className":"Skill","classId":"http://data.europa.eu/esco/model#Skill","uri":"http://data.europa.eu/esco/skill/b7eabcd9-d1c5-4028-9dcc-57c536d5a2e8","title":"assist in will writing","referenceLanguage":["en"],"preferredLabel":{"no":"bistå med testamentskriving","de":"Unterstützung bei der Abfassung von Testamenten leisten","en-us":"assist in will writing","fi":"avustaa testamentin laatimisessa","pt":"prestar assistência na redação de testamentos","bg":"оказване на съдействие при съставянето на завещания","lt":"padėti surašyti testamentą","lv":"palīdzēt sastādīt testamentu","hr":"pomagati pri pisanju oporuke","fr":"aider à la rédaction d’un testament","hu":"segítséget nyújt végrendelet elkészítéséhez","sk":"pomáhať pri písaní závetu","sl":"pomagati pri pisanju oporok","ga":"cabhrú le huacht a scríobh","sv":"bistå vid upprättande av testamenten","mt":"assistenza fil-kitba tat-testment","el":"βοήθεια για τη σύνταξη διαθήκης","en":"assist in will writing","is":"aðstoðar við skrif erfðaskrár","it":"fornire assistenza per la stesura del testamento","es":"prestar asistencia para hacer testamento","et":"testamendi koostamise küsimuses nõustama","cs":"pomáhat se sepsáním poslední vůle","ar":"يساعد في كتابة الوصايا","pl":"udzielać wsparcia przy sporządzaniu testamentu","da":"bistå i udformning af testamenter","ro":"oferă ajutor pentru scrierea testamentului","nl":"helpen bij het opstellen van testamenten"},"alternativeLabel":{"en":["assist in writing last wishes","assist in dividing inheritance","assist in dividing bequests"],"lv":["palīdzēt uzrakstīt testamentu"],"nl":["bijstaan bij het opstellen van testamenten"]},"description":{"en-us":{"literal":"Help people to write their will in order to define how assets such as estate, businesses, savings and life insurance are divided after the individual has passed away.","mimetype":"plain/text"},"en":{"literal":"Help people to write their will in order to define how assets such as estate, businesses, savings and life insurance are divided after the individual has passed away.","mimetype":"plain/text"}},"status":"released","_links":{"self":{"href":"https://ec.europa.eu/esco/api/resource/skill?uri=http://data.europa.eu/esco/skill/b7eabcd9-d1c5-4028-9dcc-57c536d5a2e8&language=en","uri":"http://data.europa.eu/esco/skill/b7eabcd9-d1c5-4028-9dcc-57c536d5a2e8","title":"assist in will writing"},"isTopConceptInScheme":[{"href":"https://ec.europa.eu/esco/api/resource/taxonomy?uri=http://data.europa.eu/esco/concept-scheme/skills&language=en","uri":"http://data.europa.eu/esco/concept-scheme/skills","title":"ESCO skills"},{"href":"https://ec.europa.eu/esco/api/resource/taxonomy?uri=http://data.europa.eu/esco/concept-scheme/member-skills&language=en","uri":"http://data.europa.eu/esco/concept-scheme/member-skills","title":"ESCO member skills"}],"isInScheme":[{"href":"https://ec.europa.eu/esco/api/resource/taxonomy?uri=http://data.europa.eu/esco/concept-scheme/skills&language=en","uri":"http://data.europa.eu/esco/concept-scheme/skills","title":"ESCO skills"},{"href":"https://ec.europa.eu/esco/api/resource/taxonomy?uri=http://data.europa.eu/esco/concept-scheme/member-skills&language=en","uri":"http://data.europa.eu/esco/concept-scheme/member-skills","title":"ESCO member skills"}],"hasSkillType":[{"href":"https://ec.europa.eu/esco/api/resource/concept?uri=http://data.europa.eu/esco/skill-type/skill&language=en","uri":"http://data.europa.eu/esco/skill-type/skill","title":"skill"}],"hasReuseLevel":[{"href":"https://ec.europa.eu/esco/api/resource/concept?uri=http://data.europa.eu/esco/skill-reuse-level/occupation-specific&language=en","uri":"http://data.europa.eu/esco/skill-reuse-level/occupation-specific","title":"occupation specific skills and competences","code":"Level 4"}],"isOptionalForOccupation":[{"href":"https://ec.europa.eu/esco/api/resource/occupation?uri=http://data.europa.eu/esco/occupation/21de0f3b-a71a-4263-a9ba-90c5f3721b4d&language=en","uri":"http://data.europa.eu/esco/occupation/21de0f3b-a71a-4263-a9ba-90c5f3721b4d","title":"financial planner"}]},"_embedded":{}},{"className":"Skill","classId":"http://data.europa.eu/esco/model#Skill","uri":"http://data.europa.eu/esco/skill/b637d9ad-da31-48ba-a437-c8fefea8666d","title":"schedule fishing","referenceLanguage":["en"],"preferredLabel":{"de":"Zeitplan für das Fischen erstellen","no":"planlegge fiske","en-us":"schedule fishing","fi":"laatia kalastuksen aikatauluja","pt":"calendarizar as atividades da pesca","bg":"планиране на риболовни дейности","lt":"planuoti žvejybos laiką","lv":"sastādīt zvejas grafikus","hr":"izraditi raspored ribolova","fr":"programmer des opérations de pêche","hu":"halászati ütemterveket készít","sk":"naplánovať rybolov","sl":"izdelati časovni načrt za ribolov","ga":"iascaireacht a sceidealú","sv":"schemalägga fiske","el":"προγραμματισμός αλιευτικών δραστηριοτήτων","mt":"skedar tas-sajd","en":"schedule fishing","is":"ákveður tímann fyrir veiðar","it":"programmare la pesca","es":"programar operaciones de pesca","et":"kalapüügi ajakava koostama","cs":"vytvářet časový plán rybolovu","ar":"يجدول الصيد","pl":"planować połowy","ro":"programează activitățile de pescuit","da":"planlægge fiskeri","nl":"visactiviteiten inplannen"},"alternativeLabel":{"bg":["планиране на риболовни операции"],"en":["plan fishing","planning fishing","fishing planning","scheduling fishing","angling planning","planning angling","fishing scheduling","plan angling"],"ro":["planifică activitățile de pescuit"],"es":["preparar operaciones de pesca","planear operaciones de pesca","proyectar operaciones de pesca","planificar operaciones de pesca"]},"description":{"en-us":{"literal":"Design and implement more effective fishing maneuvers; given the meteorological conditions and the extractive system.","mimetype":"plain/text"},"en":{"literal":"Design and implement more effective fishing manoeuvres; given the meteorological conditions and the extractive system.","mimetype":"plain/text"}},"status":"released","_links":{"self":{"href":"https://ec.europa.eu/esco/api/resource/skill?uri=http://data.europa.eu/esco/skill/b637d9ad-da31-48ba-a437-c8fefea8666d&language=en","uri":"http://data.europa.eu/esco/skill/b637d9ad-da31-48ba-a437-c8fefea8666d","title":"schedule fishing"},"isTopConceptInScheme":[{"href":"https://ec.europa.eu/esco/api/resource/taxonomy?uri=http://data.europa.eu/esco/concept-scheme/skills&language=en","uri":"http://data.europa.eu/esco/concept-scheme/skills","title":"ESCO skills"},{"href":"https://ec.europa.eu/esco/api/resource/taxonomy?uri=http://data.europa.eu/esco/concept-scheme/member-skills&language=en","uri":"http://data.europa.eu/esco/concept-scheme/member-skills","title":"ESCO member skills"}],"isInScheme":[{"href":"https://ec.europa.eu/esco/api/resource/taxonomy?uri=http://data.europa.eu/esco/concept-scheme/skills&language=en","uri":"http://data.europa.eu/esco/concept-scheme/skills","title":"ESCO skills"},{"href":"https://ec.europa.eu/esco/api/resource/taxonomy?uri=http://data.europa.eu/esco/concept-scheme/member-skills&language=en","uri":"http://data.europa.eu/esco/concept-scheme/member-skills","title":"ESCO member skills"}],"hasSkillType":[{"href":"https://ec.europa.eu/esco/api/resource/concept?uri=http://data.europa.eu/esco/skill-type/skill&language=en","uri":"http://data.europa.eu/esco/skill-type/skill","title":"skill"}],"hasReuseLevel":[{"href":"https://ec.europa.eu/esco/api/resource/concept?uri=http://data.europa.eu/esco/skill-reuse-level/sector-specific&language=en","uri":"http://data.europa.eu/esco/skill-reuse-level/sector-specific","title":"sector specific skills and competences","code":"Level 3"}],"isEssentialForOccupation":[{"href":"https://ec.europa.eu/esco/api/resource/occupation?uri=http://data.europa.eu/esco/occupation/bcead4e9-3697-4831-b62e-ddb83d7d469d&language=en","uri":"http://data.europa.eu/esco/occupation/bcead4e9-3697-4831-b62e-ddb83d7d469d","title":"fisheries master"},{"href":"https://ec.europa.eu/esco/api/resource/occupation?uri=http://data.europa.eu/esco/occupation/ff63fa99-c634-4e6f-a693-6a49482952e9&language=en","uri":"http://data.europa.eu/esco/occupation/ff63fa99-c634-4e6f-a693-6a49482952e9","title":"fisheries boatmaster"},{"href":"https://ec.europa.eu/esco/api/resource/occupation?uri=http://data.europa.eu/esco/occupation/270528cf-2bf9-463d-aeaa-d169b1f767c1&language=en","uri":"http://data.europa.eu/esco/occupation/270528cf-2bf9-463d-aeaa-d169b1f767c1","title":"fisheries boatman"}]},"_embedded":{}},{"className":"Skill","classId":"http://data.europa.eu/esco/model#Skill","uri":"http://data.europa.eu/esco/skill/d4673a6d-4b7e-439b-81b0-e6d5ee67d396","title":"isometric perspective","referenceLanguage":["en"],"preferredLabel":{"no":"isometrisk perspektiv","de":"isometrische Perspektive","fi":"isometrinen projektio","en-us":"isometric perspective","pt":"perspetiva isométrica","bg":"изометрична перспектива","lt":"izometrinė perspektyva","lv":"izometriskā perspektīva","hr":"izometrijska perspektiva","fr":"perspective isométrique","hu":"izometrikus ábrázolás","sk":"izometrická perspektíva","sl":"izometrična projekcija","ga":"peirspictíocht isiméadrach","sv":"isometriskt perspektiv","mt":"perspettiva isometrika","el":"ισομετρική οπτική","en":"isometric perspective","is":"jafnlengdarsjónarhorn","it":"prospettiva isometrica","es":"perspectiva isométrica","et":"isomeetriline perspektiiv","cs":"izometrie","ar":"منظور متساوي القياس","pl":"perspektywa izometryczna","da":"isometrisk perspektiv","ro":"perspectiva izometrică","nl":"isometrisch perspectief"},"alternativeLabel":{"cs":["izometrická perspektiva"],"en":["isometric graphical representation","isometric view","isometric representation","use of isometric perspective in technical draft","isometric representations in technical and engineering documents","use of isometric perspective in engineering diagrams","use of isometric perspective in technical diagrams","isometric projection","use of isometric perspective in engineering drafts"]},"description":{"en-us":{"literal":"Understand the isometric representation of three dimensional elements in two dimensional technical and engineering drafts for the manufacture, assembly, and maintenance of objects.","mimetype":"plain/text"},"en":{"literal":"Understand the isometric representation of three dimensional elements in two dimensional technical and engineering draughts for the manufacture, assembly, and maintenance of objects.","mimetype":"plain/text"}},"status":"released","_links":{"self":{"href":"https://ec.europa.eu/esco/api/resource/skill?uri=http://data.europa.eu/esco/skill/d4673a6d-4b7e-439b-81b0-e6d5ee67d396&language=en","uri":"http://data.europa.eu/esco/skill/d4673a6d-4b7e-439b-81b0-e6d5ee67d396","title":"isometric perspective"},"isTopConceptInScheme":[{"href":"https://ec.europa.eu/esco/api/resource/taxonomy?uri=http://data.europa.eu/esco/concept-scheme/skills&language=en","uri":"http://data.europa.eu/esco/concept-scheme/skills","title":"ESCO skills"},{"href":"https://ec.europa.eu/esco/api/resource/taxonomy?uri=http://data.europa.eu/esco/concept-scheme/member-skills&language=en","uri":"http://data.europa.eu/esco/concept-scheme/member-skills","title":"ESCO member skills"}],"isInScheme":[{"href":"https://ec.europa.eu/esco/api/resource/taxonomy?uri=http://data.europa.eu/esco/concept-scheme/skills&language=en","uri":"http://data.europa.eu/esco/concept-scheme/skills","title":"ESCO skills"},{"href":"https://ec.europa.eu/esco/api/resource/taxonomy?uri=http://data.europa.eu/esco/concept-scheme/member-skills&language=en","uri":"http://data.europa.eu/esco/concept-scheme/member-skills","title":"ESCO member skills"}],"hasSkillType":[{"href":"https://ec.europa.eu/esco/api/resource/concept?uri=http://data.europa.eu/esco/skill-type/knowledge&language=en","uri":"http://data.europa.eu/esco/skill-type/knowledge","title":"knowledge"}],"hasReuseLevel":[{"href":"https://ec.europa.eu/esco/api/resource/concept?uri=http://data.europa.eu/esco/skill-reuse-level/sector-specific&language=en","uri":"http://data.europa.eu/esco/skill-reuse-level/sector-specific","title":"sector specific skills and competences","code":"Level 3"}],"isEssentialForOccupation":[{"href":"https://ec.europa.eu/esco/api/resource/occupation?uri=http://data.europa.eu/esco/occupation/2ff73126-7aff-4233-9d9c-d8725e1c6822&language=en","uri":"http://data.europa.eu/esco/occupation/2ff73126-7aff-4233-9d9c-d8725e1c6822","title":"pipe welder"},{"href":"https://ec.europa.eu/esco/api/resource/occupation?uri=http://data.europa.eu/esco/occupation/57ac359a-ae52-4aea-bc9c-93af7efa502e&language=en","uri":"http://data.europa.eu/esco/occupation/57ac359a-ae52-4aea-bc9c-93af7efa502e","title":"pipeline engineer"}]},"_embedded":{}},{"className":"Skill","classId":"http://data.europa.eu/esco/model#Skill","uri":"http://data.europa.eu/esco/skill/6e8f6e7d-0194-4adf-a2d1-5ec95dfe6035","title":"create musical structures","referenceLanguage":["en"],"preferredLabel":{"no":"komponere musikk","de":"musikalische Strukturen schaffen","en-us":"create musical structures","fi":"luoda musiikillisia rakenteita","pt":"criar estruturas musicais","bg":"създаване на музикални структури","lt":"kurti muzikines struktūras","hr":"stvarati glazbene strukture","lv":"radīt muzikālās struktūras","fr":"créer des structures musicales","hu":"zenei struktúrákat alkot","sk":"vytvoriť hudobné štruktúry","sl":"ustvarjati glasbene strukture","ga":"struchtúir cheoil a chruthú","sv":"skapa musikaliska strukturer","mt":"ħolqien ta’ strutturi mużikali","el":"δημιουργία μουσικών έργων","en":"create musical structures","is":"býr til tónlistaruppbyggingu","it":"creare strutture musicali","es":"crear estructuras musicales","et":"muusikalisi struktuure looma","cs":"vytvářet hudební struktury","ar":"ينشئ هياكل موسيقية","pl":"tworzyć struktury muzyczne","ro":"creează structuri muzicale","da":"skabe musikstrukturer","nl":"muziekstructuren creëren"},"alternativeLabel":{"en":["develop musical structures","create musical structure","come up with musical structures","make musical structures","creating musical structures","create structures for music","design musical structures"],"nl":["muziekstructuren schrijven"]},"description":{"en-us":{"literal":"Apply aspects of music theory in order to create musical and tonal structures such as harmonies and melodies.","mimetype":"plain/text"},"en":{"literal":"Apply aspects of music theory in order to create musical and tonal structures such as harmonies and melodies.","mimetype":"plain/text"}},"status":"released","_links":{"self":{"href":"https://ec.europa.eu/esco/api/resource/skill?uri=http://data.europa.eu/esco/skill/6e8f6e7d-0194-4adf-a2d1-5ec95dfe6035&language=en","uri":"http://data.europa.eu/esco/skill/6e8f6e7d-0194-4adf-a2d1-5ec95dfe6035","title":"create musical structures"},"isTopConceptInScheme":[{"href":"https://ec.europa.eu/esco/api/resource/taxonomy?uri=http://data.europa.eu/esco/concept-scheme/member-skills&language=en","uri":"http://data.europa.eu/esco/concept-scheme/member-skills","title":"ESCO member skills"},{"href":"https://ec.europa.eu/esco/api/resource/taxonomy?uri=http://data.europa.eu/esco/concept-scheme/skills&language=en","uri":"http://data.europa.eu/esco/concept-scheme/skills","title":"ESCO skills"}],"isInScheme":[{"href":"https://ec.europa.eu/esco/api/resource/taxonomy?uri=http://data.europa.eu/esco/concept-scheme/member-skills&language=en","uri":"http://data.europa.eu/esco/concept-scheme/member-skills","title":"ESCO member skills"},{"href":"https://ec.europa.eu/esco/api/resource/taxonomy?uri=http://data.europa.eu/esco/concept-scheme/skills&language=en","uri":"http://data.europa.eu/esco/concept-scheme/skills","title":"ESCO skills"}],"hasSkillType":[{"href":"https://ec.europa.eu/esco/api/resource/concept?uri=http://data.europa.eu/esco/skill-type/skill&language=en","uri":"http://data.europa.eu/esco/skill-type/skill","title":"skill"}],"hasReuseLevel":[{"href":"https://ec.europa.eu/esco/api/resource/concept?uri=http://data.europa.eu/esco/skill-reuse-level/sector-specific&language=en","uri":"http://data.europa.eu/esco/skill-reuse-level/sector-specific","title":"sector specific skills and competences","code":"Level 3"}],"isEssentialForOccupation":[{"href":"https://ec.europa.eu/esco/api/resource/occupation?uri=http://data.europa.eu/esco/occupation/7dc05fcc-b079-45ed-b5d4-74c75f99976c&language=en","uri":"http://data.europa.eu/esco/occupation/7dc05fcc-b079-45ed-b5d4-74c75f99976c","title":"composer"}],"isOptionalForOccupation":[{"href":"https://ec.europa.eu/esco/api/resource/occupation?uri=http://data.europa.eu/esco/occupation/88990bdf-4f6b-4411-82c9-9eecad1db8fb&language=en","uri":"http://data.europa.eu/esco/occupation/88990bdf-4f6b-4411-82c9-9eecad1db8fb","title":"music instructor"}]},"_embedded":{}},{"className":"Skill","classId":"http://data.europa.eu/esco/model#Skill","uri":"http://data.europa.eu/esco/skill/d66dfb6a-9963-4b4a-840d-ee5ab367167b","title":"beeswax","referenceLanguage":["en"],"preferredLabel":{"no":"bivoks","de":"Bienenwachs","en-us":"beeswax","fi":"mehiläisvaha","pt":"cera de abelhas","bg":"пчелен восък","lt":"bičių vaškas","lv":"bišu vasks","hr":"pčelinji vosak","fr":"cire d’abeille","hu":"méhviasz","sk":"včelí vosk","sl":"čebelji vosek","ga":"céir bheach","sv":"bivax","el":"κηρός μελισσών","mt":"xama’ tan-naħal","en":"beeswax","is":"bývax","it":"cera d’api","es":"cera de abejas","et":"mesilasvaha","cs":"včelí vosk","ar":"شمع العسل","pl":"wosk pszczeli","da":"bivoks","ro":"ceară de albine","nl":"bijenwas"},"alternativeLabel":{"el":["κερί μέλισσας"],"en":["properties of beeswax","natural wax","alba","composition of beeswax","bee wax","wax from bees"],"ro":["proprietățile cerii de albine","ceară naturală","compoziția cerii de albine"]},"description":{"en-us":{"literal":"Beeswax composition which comprises esthers, pigment from pollen and propolis. Beeswax properties such as insolubility in water and natural oxidization.","mimetype":"plain/text"},"en":{"literal":"Beeswax composition which comprises esthers, pigment from pollen and propolis. Beeswax properties such as insolubility in water and natural oxidization.","mimetype":"plain/text"}},"status":"released","_links":{"self":{"href":"https://ec.europa.eu/esco/api/resource/skill?uri=http://data.europa.eu/esco/skill/d66dfb6a-9963-4b4a-840d-ee5ab367167b&language=en","uri":"http://data.europa.eu/esco/skill/d66dfb6a-9963-4b4a-840d-ee5ab367167b","title":"beeswax"},"isTopConceptInScheme":[{"href":"https://ec.europa.eu/esco/api/resource/taxonomy?uri=http://data.europa.eu/esco/concept-scheme/skills&language=en","uri":"http://data.europa.eu/esco/concept-scheme/skills","title":"ESCO skills"},{"href":"https://ec.europa.eu/esco/api/resource/taxonomy?uri=http://data.europa.eu/esco/concept-scheme/member-skills&language=en","uri":"http://data.europa.eu/esco/concept-scheme/member-skills","title":"ESCO member skills"}],"isInScheme":[{"href":"https://ec.europa.eu/esco/api/resource/taxonomy?uri=http://data.europa.eu/esco/concept-scheme/skills&language=en","uri":"http://data.europa.eu/esco/concept-scheme/skills","title":"ESCO skills"},{"href":"https://ec.europa.eu/esco/api/resource/taxonomy?uri=http://data.europa.eu/esco/concept-scheme/member-skills&language=en","uri":"http://data.europa.eu/esco/concept-scheme/member-skills","title":"ESCO member skills"}],"hasSkillType":[{"href":"https://ec.europa.eu/esco/api/resource/concept?uri=http://data.europa.eu/esco/skill-type/knowledge&language=en","uri":"http://data.europa.eu/esco/skill-type/knowledge","title":"knowledge"}],"hasReuseLevel":[{"href":"https://ec.europa.eu/esco/api/resource/concept?uri=http://data.europa.eu/esco/skill-reuse-level/sector-specific&language=en","uri":"http://data.europa.eu/esco/skill-reuse-level/sector-specific","title":"sector specific skills and competences","code":"Level 3"}],"isOptionalForOccupation":[{"href":"https://ec.europa.eu/esco/api/resource/occupation?uri=http://data.europa.eu/esco/occupation/daa6197d-dba6-49b5-8223-b31b7a126e4e&language=en","uri":"http://data.europa.eu/esco/occupation/daa6197d-dba6-49b5-8223-b31b7a126e4e","title":"wax bleacher"},{"href":"https://ec.europa.eu/esco/api/resource/occupation?uri=http://data.europa.eu/esco/occupation/e148e1ed-4f46-40a7-95c9-d6914f664f17&language=en","uri":"http://data.europa.eu/esco/occupation/e148e1ed-4f46-40a7-95c9-d6914f664f17","title":"candle maker"}]},"_embedded":{}},{"className":"Skill","classId":"http://data.europa.eu/esco/model#Skill","uri":"http://data.europa.eu/esco/skill/36570124-e778-4213-862e-c4059eb5c224","title":"assess debtor's financial situation","referenceLanguage":["en"],"preferredLabel":{"de":"finanzielle Lage des Schuldners beurteilen","no":"vurdere debitors finansielle situasjon","en-us":"assess debtor's financial situation","fi":"arvioida velallisen taloudellista tilannetta","pt":"avaliar a situação financeira de devedores","bg":"оценяване на финансовото положение на длъжник","lt":"vertinti skolininko finansinę padėtį","lv":"novērtēt debitora finanšu situāciju","hr":"procjenjivati financijsko stanje dužnika","fr":"évaluer la situation financière d'un débiteur","hu":"értékeli az adós pénzügyi helyzetét","sk":"posúdiť finančnú situáciu dlžníka","sl":"ocenjevati dolžnikovo finančno stanje","ga":"staid airgeadais an fhéichiúnaí a mheasúnú","sv":"bedöma gäldenärens ekonomiska situation","mt":"valutazzjoni tas-sitwazzjoni finanzjarja tad-debituri","el":"αξιολόγηση οικονομικής κατάστασης οφειλέτη","en":"assess debtor's financial situation","is":"metur fjárhagsstöðu skuldunautar","it":"valutare la situazione finanziaria del debitore","es":"evaluar la situación financiera del deudor","et":"võlgniku finantsseisundit hindama","cs":"posuzovat finanční situaci dlužníka","ar":"يقيم حالة المدين المالية","pl":"oceniać sytuację finansową dłużnika","da":"vurdere debitors finansielle situation","ro":"evaluează situația financiară a debitorului","nl":"financiële situatie van schuldenaren beoordelen"},"alternativeLabel":{"sl":["ocenjevati dolžnikov finančni položaj"],"en":["judge debtor's financial situation","appraise debtor's financial situation","check defaulter's financial situation","judge defaulter's financial situation","determine debtor's financial situation","appraise defaulter's financial situation","determine defaulter's financial situation","check debtor's financial situation"],"lv":["novērtēt debitora finansiālo situāciju"],"nl":["financiële situatie van schuldenaren inschatten"]},"description":{"en-us":{"literal":"Assess the defaulter's pecuniary circumstances by evaluating the personal income and expenses, and the balance sheet which includes the value of the house, bank account, car and other assets.","mimetype":"plain/text"},"en":{"literal":"Assess the defaulter's pecuniary circumstances by evaluating the personal income and expenses, and the balance sheet which includes the value of the house, bank account, car and other assets.","mimetype":"plain/text"}},"status":"released","_links":{"self":{"href":"https://ec.europa.eu/esco/api/resource/skill?uri=http://data.europa.eu/esco/skill/36570124-e778-4213-862e-c4059eb5c224&language=en","uri":"http://data.europa.eu/esco/skill/36570124-e778-4213-862e-c4059eb5c224","title":"assess debtor's financial situation"},"isTopConceptInScheme":[{"href":"https://ec.europa.eu/esco/api/resource/taxonomy?uri=http://data.europa.eu/esco/concept-scheme/member-skills&language=en","uri":"http://data.europa.eu/esco/concept-scheme/member-skills","title":"ESCO member skills"},{"href":"https://ec.europa.eu/esco/api/resource/taxonomy?uri=http://data.europa.eu/esco/concept-scheme/skills&language=en","uri":"http://data.europa.eu/esco/concept-scheme/skills","title":"ESCO skills"}],"isInScheme":[{"href":"https://ec.europa.eu/esco/api/resource/taxonomy?uri=http://data.europa.eu/esco/concept-scheme/member-skills&language=en","uri":"http://data.europa.eu/esco/concept-scheme/member-skills","title":"ESCO member skills"},{"href":"https://ec.europa.eu/esco/api/resource/taxonomy?uri=http://data.europa.eu/esco/concept-scheme/skills&language=en","uri":"http://data.europa.eu/esco/concept-scheme/skills","title":"ESCO skills"}],"hasSkillType":[{"href":"https://ec.europa.eu/esco/api/resource/concept?uri=http://data.europa.eu/esco/skill-type/skill&language=en","uri":"http://data.europa.eu/esco/skill-type/skill","title":"skill"}],"hasReuseLevel":[{"href":"https://ec.europa.eu/esco/api/resource/concept?uri=http://data.europa.eu/esco/skill-reuse-level/cross-sector&language=en","uri":"http://data.europa.eu/esco/skill-reuse-level/cross-sector","title":"cross-sector skills and competences","code":"Level 2"}],"isEssentialForOccupation":[{"href":"https://ec.europa.eu/esco/api/resource/occupation?uri=http://data.europa.eu/esco/occupation/1a87e487-6761-4374-b6db-100ac5a9ad5a&language=en","uri":"http://data.europa.eu/esco/occupation/1a87e487-6761-4374-b6db-100ac5a9ad5a","title":"credit adviser"},{"href":"https://ec.europa.eu/esco/api/resource/occupation?uri=http://data.europa.eu/esco/occupation/2339733d-5a37-4031-b587-db28848e4958&language=en","uri":"http://data.europa.eu/esco/occupation/2339733d-5a37-4031-b587-db28848e4958","title":"foreclosure specialist"},{"href":"https://ec.europa.eu/esco/api/resource/occupation?uri=http://data.europa.eu/esco/occupation/4a39fddb-17e7-4431-be03-613edab8d1c8&language=en","uri":"http://data.europa.eu/esco/occupation/4a39fddb-17e7-4431-be03-613edab8d1c8","title":"tax compliance officer"}],"isOptionalForOccupation":[{"href":"https://ec.europa.eu/esco/api/resource/occupation?uri=http://data.europa.eu/esco/occupation/bafbc672-0ad9-41af-9de8-db0c91a24f9b&language=en","uri":"http://data.europa.eu/esco/occupation/bafbc672-0ad9-41af-9de8-db0c91a24f9b","title":"billing clerk"},{"href":"https://ec.europa.eu/esco/api/resource/occupation?uri=http://data.europa.eu/esco/occupation/ab5a5073-453c-4a93-aff7-345a19f8b954&language=en","uri":"http://data.europa.eu/esco/occupation/ab5a5073-453c-4a93-aff7-345a19f8b954","title":"mortgage loan underwriter"},{"href":"https://ec.europa.eu/esco/api/resource/occupation?uri=http://data.europa.eu/esco/occupation/21de0f3b-a71a-4263-a9ba-90c5f3721b4d&language=en","uri":"http://data.europa.eu/esco/occupation/21de0f3b-a71a-4263-a9ba-90c5f3721b4d","title":"financial planner"}]},"_embedded":{}},{"className":"Skill","classId":"http://data.europa.eu/esco/model#Skill","uri":"http://data.europa.eu/esco/skill/f9738fc9-4d67-43e8-bfda-954123e34d42","title":"coordinate security","referenceLanguage":["en"],"preferredLabel":{"de":"Schutz und Sicherheit koordinieren","no":"koordinere sikkerhet","en-us":"coordinate security","fi":"koordinoida turvatoimia","pt":"coordenar segurança","bg":"координиране на мерките по сигурността","lt":"koordinuoti apsaugą","lv":"koordinēt drošības pasākumus","hr":"koordinirati sigurnost","fr":"coordonner la sécurité","hu":"koordinálja a biztonságvédelmet","sk":"koordinovať bezpečnostné opatrenia","sl":"koordinirati varnostne zahteve","ga":"socruithe slándála a chomhordú","sv":"samordna säkerhetsåtgärder","mt":"koordinazzjoni tas-sigurtà","el":"συντονισμός ασφάλειας","en":"coordinate security","is":"samræmir öryggi","it":"coordinare la sicurezza","es":"organizar la seguridad","et":"turvameetmeid koordineerima","cs":"koordinovat bezpečnost","ar":"ينسق الأمن","pl":"koordynować kwestie związane z bezpieczeństwem","ro":"coordonează securitatea","da":"koordinere sikkerhed","nl":"beveiliging coördineren"},"alternativeLabel":{"fi":["hallita turvatoimia"],"sl":["usklajevati varnostne zahteve"],"en":["manage security","organise security","oversee security","coordinating security"],"nl":["veiligheidsmaatregelen coördineren"]},"description":{"en-us":{"literal":"organize the personal, technical and organizational security requirements.","mimetype":"plain/text"},"en":{"literal":"Organise the personal, technical and organizational security requirements.","mimetype":"plain/text"}},"status":"released","_links":{"self":{"href":"https://ec.europa.eu/esco/api/resource/skill?uri=http://data.europa.eu/esco/skill/f9738fc9-4d67-43e8-bfda-954123e34d42&language=en","uri":"http://data.europa.eu/esco/skill/f9738fc9-4d67-43e8-bfda-954123e34d42","title":"coordinate security"},"isTopConceptInScheme":[{"href":"https://ec.europa.eu/esco/api/resource/taxonomy?uri=http://data.europa.eu/esco/concept-scheme/member-skills&language=en","uri":"http://data.europa.eu/esco/concept-scheme/member-skills","title":"ESCO member skills"},{"href":"https://ec.europa.eu/esco/api/resource/taxonomy?uri=http://data.europa.eu/esco/concept-scheme/skills&language=en","uri":"http://data.europa.eu/esco/concept-scheme/skills","title":"ESCO skills"}],"isInScheme":[{"href":"https://ec.europa.eu/esco/api/resource/taxonomy?uri=http://data.europa.eu/esco/concept-scheme/member-skills&language=en","uri":"http://data.europa.eu/esco/concept-scheme/member-skills","title":"ESCO member skills"},{"href":"https://ec.europa.eu/esco/api/resource/taxonomy?uri=http://data.europa.eu/esco/concept-scheme/skills&language=en","uri":"http://data.europa.eu/esco/concept-scheme/skills","title":"ESCO skills"}],"hasSkillType":[{"href":"https://ec.europa.eu/esco/api/resource/concept?uri=http://data.europa.eu/esco/skill-type/skill&language=en","uri":"http://data.europa.eu/esco/skill-type/skill","title":"skill"}],"hasReuseLevel":[{"href":"https://ec.europa.eu/esco/api/resource/concept?uri=http://data.europa.eu/esco/skill-reuse-level/sector-specific&language=en","uri":"http://data.europa.eu/esco/skill-reuse-level/sector-specific","title":"sector specific skills and competences","code":"Level 3"}],"isEssentialForOccupation":[{"href":"https://ec.europa.eu/esco/api/resource/occupation?uri=http://data.europa.eu/esco/occupation/37442765-f7bb-4ccd-9de1-4790296f3d37&language=en","uri":"http://data.europa.eu/esco/occupation/37442765-f7bb-4ccd-9de1-4790296f3d37","title":"security guard supervisor"}],"isOptionalForOccupation":[{"href":"https://ec.europa.eu/esco/api/resource/occupation?uri=http://data.europa.eu/esco/occupation/c66b4569-09aa-4d8d-93d9-ac9b9176655d&language=en","uri":"http://data.europa.eu/esco/occupation/c66b4569-09aa-4d8d-93d9-ac9b9176655d","title":"security consultant"}]},"_embedded":{}},{"className":"Skill","classId":"http://data.europa.eu/esco/model#Skill","uri":"http://data.europa.eu/esco/skill/9bd1ac3d-7656-47dc-83c7-7a5e3d1ea519","title":"conduct participatory research","referenceLanguage":["en"],"preferredLabel":{"de":"partizipative Forschung durchführen","no":"gjennomføre deltakende forskning","fi":"tehdä osallistuvaa tutkimusta","en-us":"conduct participatory research","pt":"conduzir trabalhos de investigação em grupo","bg":"провеждане на изследвания чрез включено наблюдение","lt":"vykdyti dalyvaujamuosius mokslinius tyrimus","hr":"provoditi participativna istraživanja","lv":"veikt līdzdalīgo pētniecību","fr":"mener des recherches collaboratives","hu":"részvételen alapuló kutatást végez","sk":"vykonávať participatívny výskum","sl":"izvajati raziskave z udeležbo","ga":"taighde rannpháirtíochta a dhéanamh","sv":"genomföra deltagande forskning","el":"διενέργεια συμμετοχικής έρευνας","mt":"twettiq tar-riċerka parteċipatorja","en":"conduct participatory research","is":"leiðir þátttökurannsóknir","it":"condurre attività di ricerca partecipativa","es":"realizar investigación participativa","et":"osalusuuringuid tegema","cs":"provádět participační výzkum","ar":"يجري أبحاثاً تشاركية","pl":"przeprowadzać badania udziałowe","ro":"efectuează cercetare participatorie","da":"udføre deltagerbaseret forskning","nl":"participerende observatie uitvoeren"},"alternativeLabel":{"en":["perform participatory research","participatory research","carry out participatory research","run participatory research"],"nl":["participatief onderzoek uitvoeren"]},"description":{"en-us":{"literal":"Participate in the daily operations of a group of people or community in order to uncover the complex workings of the community, their principles, ideas, and beliefs.","mimetype":"plain/text"},"en":{"literal":"Participate in the daily operations of a group of people or community in order to uncover the complex workings of the community, their principles, ideas, and beliefs.","mimetype":"plain/text"}},"status":"released","_links":{"self":{"href":"https://ec.europa.eu/esco/api/resource/skill?uri=http://data.europa.eu/esco/skill/9bd1ac3d-7656-47dc-83c7-7a5e3d1ea519&language=en","uri":"http://data.europa.eu/esco/skill/9bd1ac3d-7656-47dc-83c7-7a5e3d1ea519","title":"conduct participatory research"},"isTopConceptInScheme":[{"href":"https://ec.europa.eu/esco/api/resource/taxonomy?uri=http://data.europa.eu/esco/concept-scheme/member-skills&language=en","uri":"http://data.europa.eu/esco/concept-scheme/member-skills","title":"ESCO member skills"},{"href":"https://ec.europa.eu/esco/api/resource/taxonomy?uri=http://data.europa.eu/esco/concept-scheme/skills&language=en","uri":"http://data.europa.eu/esco/concept-scheme/skills","title":"ESCO skills"}],"isInScheme":[{"href":"https://ec.europa.eu/esco/api/resource/taxonomy?uri=http://data.europa.eu/esco/concept-scheme/member-skills&language=en","uri":"http://data.europa.eu/esco/concept-scheme/member-skills","title":"ESCO member skills"},{"href":"https://ec.europa.eu/esco/api/resource/taxonomy?uri=http://data.europa.eu/esco/concept-scheme/skills&language=en","uri":"http://data.europa.eu/esco/concept-scheme/skills","title":"ESCO skills"}],"hasSkillType":[{"href":"https://ec.europa.eu/esco/api/resource/concept?uri=http://data.europa.eu/esco/skill-type/skill&language=en","uri":"http://data.europa.eu/esco/skill-type/skill","title":"skill"}],"hasReuseLevel":[{"href":"https://ec.europa.eu/esco/api/resource/concept?uri=http://data.europa.eu/esco/skill-reuse-level/occupation-specific&language=en","uri":"http://data.europa.eu/esco/skill-reuse-level/occupation-specific","title":"occupation specific skills and competences","code":"Level 4"}],"isOptionalForOccupation":[{"href":"https://ec.europa.eu/esco/api/resource/occupation?uri=http://data.europa.eu/esco/occupation/acf69cab-8629-45c8-ae10-c8fb15f474b6&language=en","uri":"http://data.europa.eu/esco/occupation/acf69cab-8629-45c8-ae10-c8fb15f474b6","title":"anthropologist"}]},"_embedded":{}},{"className":"Skill","classId":"http://data.europa.eu/esco/model#Skill","uri":"http://data.europa.eu/esco/skill/8520bff0-a5e7-47b2-8208-3d814b6ee3f0","title":"operate screen printing equipment for textiles","referenceLanguage":["en"],"preferredLabel":{"de":"Siebdruckmaschinen für Textilien bedienen","no":"betjene skjermutskriftsutstyr for tekstiler","en-us":"operate screen printing equipment for textiles","fi":"käyttää kaaviopainatusvälineitä tekstiileille","pt":"operar equipamento de serigrafia têxtil","bg":"управляване на филмови печатни машини за текстил","lt":"naudoti tekstilės gaminių fotografinio marginimo įrangą","lv":"darbināt sietspiedes iekārtas tekstilizstrādājumu apdrukāšanai","hr":"rukovati opremom za sitotisak za tekstil","fr":"utiliser des outils de sérigraphie pour les textiles","hu":"a textíliák gyártásához szitanyomó berendezéseket működtet","sk":"obsluhovať sieťotlačové stroje na textílie","sl":"rokovati z opremo za tiskanje na tekstil","ga":"trealamh scagphriontála le haghaidh teicstílí a oibriú","sv":"använda screentrycksutrustning för textilier","el":"χειρισμός εξοπλισμού μεταξοτυπίας για υφάσματα","mt":"tħaddim tat-tagħmir tas-serigrafija għat-tessuti","en":"operate screen printing equipment for textiles","is":"stjórnar sáldprentunarbúnaði fyrir textíl","it":"usare attrezzature per la serigrafia per i tessuti","es":"manejar equipos de serigrafía para tejidos","et":"tekstiilmaterjalide sõeltrükiseadmetega töötama","cs":"obsluhovat sítotiskové zařízení pro textilie","ar":"يشغل معدات الطباعة المسامية على الأنسجة","pl":"obsługiwać sprzęt do sitodruku na materiałach włókienniczych","da":"betjene serigrafiudstyr til tekstiler","ro":"operează echipamente de serigrafie pentru textile","nl":"zeefdrukapparatuur voor textiel bedienen"},"alternativeLabel":{"fi":["käyttää silkkipainovälineitä tekstiileille"],"lt":["naudoti šilkografinės spaudos įrangą tekstilės gaminiams"],"en":["operate screen printing machinery for textiles","operate screen printing equipment for textiles","operate silk screening equipment for textile","tend screen printing machinery","tend screen printing equipment for textile","tend silk screening equipment for textile","operate screen printing machines for textile","tend silk screening equipment"],"es":["operar con equipos de impresión serigráfica para tejidos","utilizar equipos de serigrafía para tejidos","utilizar equipos de serigrafiado para tejidos","operar con equipos de serigrafiado para tejidos","utilizar equipos de impresión serigráfica para tejidos"]},"description":{"en-us":{"literal":"Operate equipment for textile screen printing considering specifications, the type of textile material, and the quantity for production. Foresee the necessary actions for screen and printing in textile.","mimetype":"plain/text"},"en":{"literal":"Operate equipment for textile screen printing considering specifications, the type of textile material, and the quantity for production. Foresee the necessary actions for screen and printing in textile.","mimetype":"plain/text"}},"status":"released","_links":{"self":{"href":"https://ec.europa.eu/esco/api/resource/skill?uri=http://data.europa.eu/esco/skill/8520bff0-a5e7-47b2-8208-3d814b6ee3f0&language=en","uri":"http://data.europa.eu/esco/skill/8520bff0-a5e7-47b2-8208-3d814b6ee3f0","title":"operate screen printing equipment for textiles"},"isTopConceptInScheme":[{"href":"https://ec.europa.eu/esco/api/resource/taxonomy?uri=http://data.europa.eu/esco/concept-scheme/skills&language=en","uri":"http://data.europa.eu/esco/concept-scheme/skills","title":"ESCO skills"},{"href":"https://ec.europa.eu/esco/api/resource/taxonomy?uri=http://data.europa.eu/esco/concept-scheme/member-skills&language=en","uri":"http://data.europa.eu/esco/concept-scheme/member-skills","title":"ESCO member skills"}],"isInScheme":[{"href":"https://ec.europa.eu/esco/api/resource/taxonomy?uri=http://data.europa.eu/esco/concept-scheme/skills&language=en","uri":"http://data.europa.eu/esco/concept-scheme/skills","title":"ESCO skills"},{"href":"https://ec.europa.eu/esco/api/resource/taxonomy?uri=http://data.europa.eu/esco/concept-scheme/member-skills&language=en","uri":"http://data.europa.eu/esco/concept-scheme/member-skills","title":"ESCO member skills"}],"hasSkillType":[{"href":"https://ec.europa.eu/esco/api/resource/concept?uri=http://data.europa.eu/esco/skill-type/skill&language=en","uri":"http://data.europa.eu/esco/skill-type/skill","title":"skill"}],"hasReuseLevel":[{"href":"https://ec.europa.eu/esco/api/resource/concept?uri=http://data.europa.eu/esco/skill-reuse-level/occupation-specific&language=en","uri":"http://data.europa.eu/esco/skill-reuse-level/occupation-specific","title":"occupation specific skills and competences","code":"Level 4"}],"isEssentialForOccupation":[{"href":"https://ec.europa.eu/esco/api/resource/occupation?uri=http://data.europa.eu/esco/occupation/f5596182-70b2-4c18-97ab-f9405bae0385&language=en","uri":"http://data.europa.eu/esco/occupation/f5596182-70b2-4c18-97ab-f9405bae0385","title":"screen making technician"}]},"_embedded":{}},{"className":"Skill","classId":"http://data.europa.eu/esco/model#Skill","uri":"http://data.europa.eu/esco/skill/bbb653b1-677a-4dc2-9504-374cba290bf1","title":"assess vessel capability","referenceLanguage":["en"],"preferredLabel":{"no":"vurdere fartøyets evne","de":"Leistungsfähigkeit eines Schiffs beurteilen","fi":"arvioida aluksen kapasiteetti","en-us":"assess vessel capability","pt":"avaliar a capacidade da embarcação","bg":"оценяване на капацитета на плавателен съд","lt":"įvertinti laivo technines galimybes","lv":"novērtēt kuģu spējas","hr":"ocjenjivati mogućnosti plovila","fr":"évaluer la capacité de navires","hu":"felméri a hajó befogadóképességét","sk":"posúdiť schopnosti plavidla","sl":"ocenjevati zmogljivost plovil","ga":"acmhainn soithí a mheasúnú","sv":"bedöma fartygs duglighet","el":"αξιολόγηση μεταφορικής ικανότητας σκάφους","mt":"valutazzjoni tal-kapaċitajiet tal-bastimenti","en":"assess vessel capability","is":"metur afköst skips","it":"valutare le potenzialità dell'imbarcazione","es":"evaluar la capacidad de los buques","et":"laeva mahutavust hindama","cs":"posuzovat způsobilost plavidel","ar":"يقيّم قدرة السفينة","pl":"oceniać pojemność statku","ro":"determină capacitatea navei","da":"vurdere fartøjers kapacitet","nl":"vermogen van vaartuigen beoordelen"},"alternativeLabel":{"sv":["bedöma fartygs tekniska förmåga"],"en":["appraise vessel capability","determine vessel capacity","undertake an assessment of vessel capacity","analyse vessel capability","determine capacity of vessel","review vessel capability","analyse capability of vessel","assess competence of vessel","review vessel capacity","evaluate vessel capability","evaluate capability of vessel","assess capability of vessel"],"pl":["oceniać pojemność okrętu"],"hu":["felméri a hajó kapacitását"],"nl":["vermogen van schepen beoordelen"],"es":["examinar la capacidad de las embarcaciones","valorar la capacidad de los buques"]},"description":{"en-us":{"literal":"Assess vessel capability utilizing different methods and drawing on information from the deck crew; determine specific measurements and gather data for further calculations on the capability of vessels.","mimetype":"plain/text"},"en":{"literal":"Assess vessel capability utilising different methods and drawing on information from the deck crew; determine specific measurements and gather data for further calculations on the capability of vessels.","mimetype":"plain/text"}},"status":"released","_links":{"self":{"href":"https://ec.europa.eu/esco/api/resource/skill?uri=http://data.europa.eu/esco/skill/bbb653b1-677a-4dc2-9504-374cba290bf1&language=en","uri":"http://data.europa.eu/esco/skill/bbb653b1-677a-4dc2-9504-374cba290bf1","title":"assess vessel capability"},"isTopConceptInScheme":[{"href":"https://ec.europa.eu/esco/api/resource/taxonomy?uri=http://data.europa.eu/esco/concept-scheme/skills&language=en","uri":"http://data.europa.eu/esco/concept-scheme/skills","title":"ESCO skills"},{"href":"https://ec.europa.eu/esco/api/resource/taxonomy?uri=http://data.europa.eu/esco/concept-scheme/member-skills&language=en","uri":"http://data.europa.eu/esco/concept-scheme/member-skills","title":"ESCO member skills"}],"isInScheme":[{"href":"https://ec.europa.eu/esco/api/resource/taxonomy?uri=http://data.europa.eu/esco/concept-scheme/skills&language=en","uri":"http://data.europa.eu/esco/concept-scheme/skills","title":"ESCO skills"},{"href":"https://ec.europa.eu/esco/api/resource/taxonomy?uri=http://data.europa.eu/esco/concept-scheme/member-skills&language=en","uri":"http://data.europa.eu/esco/concept-scheme/member-skills","title":"ESCO member skills"}],"hasSkillType":[{"href":"https://ec.europa.eu/esco/api/resource/concept?uri=http://data.europa.eu/esco/skill-type/skill&language=en","uri":"http://data.europa.eu/esco/skill-type/skill","title":"skill"}],"hasReuseLevel":[{"href":"https://ec.europa.eu/esco/api/resource/concept?uri=http://data.europa.eu/esco/skill-reuse-level/sector-specific&language=en","uri":"http://data.europa.eu/esco/skill-reuse-level/sector-specific","title":"sector specific skills and competences","code":"Level 3"}],"isEssentialForOccupation":[{"href":"https://ec.europa.eu/esco/api/resource/occupation?uri=http://data.europa.eu/esco/occupation/0cd0082a-ca15-4dcd-b352-b7600c916d8e&language=en","uri":"http://data.europa.eu/esco/occupation/0cd0082a-ca15-4dcd-b352-b7600c916d8e","title":"vessel operations coordinator"},{"href":"https://ec.europa.eu/esco/api/resource/occupation?uri=http://data.europa.eu/esco/occupation/384ed128-e86e-4dd8-96ff-b6e6657cb027&language=en","uri":"http://data.europa.eu/esco/occupation/384ed128-e86e-4dd8-96ff-b6e6657cb027","title":"marine surveyor"}]},"_embedded":{}},{"className":"Skill","classId":"http://data.europa.eu/esco/model#Skill","uri":"http://data.europa.eu/esco/skill/aaa5c2f8-a9c5-44f9-8767-f717fbb23d0f","title":"repackage medical equipment after sterilisation","referenceLanguage":["en"],"preferredLabel":{"de":"medizinische Geräte nach der Sterilisation verpacken","no":"pakke inn medisinske utstyr etter sterilisering","en-us":"repackage medical equipment after sterilization","fi":"pakata lääkinnällisiä tarvikkeita steriloinnin jälkeen","pt":"reembalar o equipamento médico após a esterilização","bg":"повторно опаковане на медицинско оборудване след стерилизация","lt":"supakuoti medicinos įrangą po sterilizacijos","lv":"atkārtoti iesaiņot medicīnas iekārtas pēc sterilizācijas","hr":"prepakirati medicinsku opremu nakon sterilizacije","fr":"reconditionner du matériel médical après stérilisation","hu":"sterilizálást követően újracsomagolja az orvosi felszerelést","sk":"repackage medical equipment after sterilisation","sl":"zapakirati medicinsko opremo po sterilizaciji","ga":"trealamh leighis a athphacaistiú tar éis iad a steiriliú","sv":"förpacka medicinsk utrustning efter sterilisering","mt":"imballaġġ mill-ġdid tat-tagħmir mediku wara l-isterilizzazzjoni","el":"επανασυσκευασία του ιατρικού εξοπλισμού μετά την αποστείρωση","en":"repackage medical equipment after sterilisation","is":"pakkar lækningatæki aftur eftir sótthreinsun","it":"riconfezionare le attrezzature mediche dopo la sterilizzazione","es":"reempaquetar los equipos médicos después de ser esterilizados","et":"meditsiinivarustust pärast steriliseerimist uuesti pakendama","cs":"přebalovat lékařské vybavení po sterilizaci","ar":"يعيد تعبئة المعدات الطبية بعد التعقيم","pl":"ponownie pakować sprzęt medyczny po sterylizacji","da":"ompakke medicinsk udstyr efter sterilisering","ro":"reambalează echipamente medicale după sterilizare","nl":"medisch materiaal opnieuw verpakken na sterilisatie"},"alternativeLabel":{"en":["repackage medical devices after sterilisation","repackage sterilised medical equipment","reseal medical equipment after sterilisation"],"es":["reempaquetar los equipos médicos después de la esterilización"]},"description":{"en-us":{"literal":"Re-assemble and package the newly sterilized medical equipment and devices, sealing and labeling them properly for further use.","mimetype":"plain/text"},"en":{"literal":"Re-assemble and package the newly sterilized medical equipment and devices, sealing and labelling them properly for further use.","mimetype":"plain/text"}},"status":"released","_links":{"self":{"href":"https://ec.europa.eu/esco/api/resource/skill?uri=http://data.europa.eu/esco/skill/aaa5c2f8-a9c5-44f9-8767-f717fbb23d0f&language=en","uri":"http://data.europa.eu/esco/skill/aaa5c2f8-a9c5-44f9-8767-f717fbb23d0f","title":"repackage medical equipment after sterilisation"},"isTopConceptInScheme":[{"href":"https://ec.europa.eu/esco/api/resource/taxonomy?uri=http://data.europa.eu/esco/concept-scheme/member-skills&language=en","uri":"http://data.europa.eu/esco/concept-scheme/member-skills","title":"ESCO member skills"},{"href":"https://ec.europa.eu/esco/api/resource/taxonomy?uri=http://data.europa.eu/esco/concept-scheme/skills&language=en","uri":"http://data.europa.eu/esco/concept-scheme/skills","title":"ESCO skills"}],"isInScheme":[{"href":"https://ec.europa.eu/esco/api/resource/taxonomy?uri=http://data.europa.eu/esco/concept-scheme/member-skills&language=en","uri":"http://data.europa.eu/esco/concept-scheme/member-skills","title":"ESCO member skills"},{"href":"https://ec.europa.eu/esco/api/resource/taxonomy?uri=http://data.europa.eu/esco/concept-scheme/skills&language=en","uri":"http://data.europa.eu/esco/concept-scheme/skills","title":"ESCO skills"}],"hasSkillType":[{"href":"https://ec.europa.eu/esco/api/resource/concept?uri=http://data.europa.eu/esco/skill-type/skill&language=en","uri":"http://data.europa.eu/esco/skill-type/skill","title":"skill"}],"hasReuseLevel":[{"href":"https://ec.europa.eu/esco/api/resource/concept?uri=http://data.europa.eu/esco/skill-reuse-level/cross-sector&language=en","uri":"http://data.europa.eu/esco/skill-reuse-level/cross-sector","title":"cross-sector skills and competences","code":"Level 2"}],"isEssentialForOccupation":[{"href":"https://ec.europa.eu/esco/api/resource/occupation?uri=http://data.europa.eu/esco/occupation/24a170fc-be68-43a5-93f1-7a5c31c6062b&language=en","uri":"http://data.europa.eu/esco/occupation/24a170fc-be68-43a5-93f1-7a5c31c6062b","title":"medical device assembler"},{"href":"https://ec.europa.eu/esco/api/resource/occupation?uri=http://data.europa.eu/esco/occupation/7005c266-d1a9-42ac-8c36-b42d5d755463&language=en","uri":"http://data.europa.eu/esco/occupation/7005c266-d1a9-42ac-8c36-b42d5d755463","title":"sterile services technician"}]},"_embedded":{}},{"className":"Skill","classId":"http://data.europa.eu/esco/model#Skill","uri":"http://data.europa.eu/esco/skill/ec8b44f6-e2ef-460a-b964-e66192a278bd","title":"law of obligation","referenceLanguage":["en"],"preferredLabel":{"no":"obligasjonsrett","de":"Schuldrecht","fi":"velvoiteoikeus","en-us":"law of obligation","pt":"direito das obrigações","bg":"облигационно право","lt":"prievolių teisė","hr":"obvezno pravo","lv":"saistību tiesības","fr":"droit des obligations","hu":"kötelmi jog","sk":"záväzkové právo","sl":"obligacijsko pravo","ga":"an dlí maidir le hoibleagáidí","sv":"obligationsrätt","mt":"liġi tal-obbligi","el":"ενοχικό δίκαιο","en":"law of obligation","is":"lög um persónulegar skyldur","it":"istituto dell'obbligazione","es":"Derecho de las obligaciones","et":"võlaõigus","cs":"závazkové právo","ar":"قانون الالتزام","pl":"prawo zobowiązań","ro":"obligativitate","da":"aftaleret","nl":"verbintenissenrecht"},"alternativeLabel":{"en":["rule of obligation","laws of obligations","statute of obligation","regulation of obligation","legislation of obligation","law of obligations","laws of obligation"],"ro":["lege privind obligativitatea","legea obligativității"]},"description":{"en-us":{"literal":"The legal procedures that regulate the rights and duties arising between individuals.","mimetype":"plain/text"},"en":{"literal":"The legal procedures that regulate the rights and duties arising between individuals.","mimetype":"plain/text"}},"status":"released","_links":{"self":{"href":"https://ec.europa.eu/esco/api/resource/skill?uri=http://data.europa.eu/esco/skill/ec8b44f6-e2ef-460a-b964-e66192a278bd&language=en","uri":"http://data.europa.eu/esco/skill/ec8b44f6-e2ef-460a-b964-e66192a278bd","title":"law of obligation"},"isTopConceptInScheme":[{"href":"https://ec.europa.eu/esco/api/resource/taxonomy?uri=http://data.europa.eu/esco/concept-scheme/skills&language=en","uri":"http://data.europa.eu/esco/concept-scheme/skills","title":"ESCO skills"},{"href":"https://ec.europa.eu/esco/api/resource/taxonomy?uri=http://data.europa.eu/esco/concept-scheme/member-skills&language=en","uri":"http://data.europa.eu/esco/concept-scheme/member-skills","title":"ESCO member skills"}],"isInScheme":[{"href":"https://ec.europa.eu/esco/api/resource/taxonomy?uri=http://data.europa.eu/esco/concept-scheme/skills&language=en","uri":"http://data.europa.eu/esco/concept-scheme/skills","title":"ESCO skills"},{"href":"https://ec.europa.eu/esco/api/resource/taxonomy?uri=http://data.europa.eu/esco/concept-scheme/member-skills&language=en","uri":"http://data.europa.eu/esco/concept-scheme/member-skills","title":"ESCO member skills"}],"hasSkillType":[{"href":"https://ec.europa.eu/esco/api/resource/concept?uri=http://data.europa.eu/esco/skill-type/knowledge&language=en","uri":"http://data.europa.eu/esco/skill-type/knowledge","title":"knowledge"}],"hasReuseLevel":[{"href":"https://ec.europa.eu/esco/api/resource/concept?uri=http://data.europa.eu/esco/skill-reuse-level/cross-sector&language=en","uri":"http://data.europa.eu/esco/skill-reuse-level/cross-sector","title":"cross-sector skills and competences","code":"Level 2"}],"isEssentialForOccupation":[{"href":"https://ec.europa.eu/esco/api/resource/occupation?uri=http://data.europa.eu/esco/occupation/bf89925d-00a1-4f94-ab3b-2148c887af33&language=en","uri":"http://data.europa.eu/esco/occupation/bf89925d-00a1-4f94-ab3b-2148c887af33","title":"retail entrepreneur"}],"isOptionalForOccupation":[{"href":"https://ec.europa.eu/esco/api/resource/occupation?uri=http://data.europa.eu/esco/occupation/50a66df6-c141-4b4a-937a-d3bc55737ae3&language=en","uri":"http://data.europa.eu/esco/occupation/50a66df6-c141-4b4a-937a-d3bc55737ae3","title":"debt collector"}]},"_embedded":{}},{"className":"Skill","classId":"http://data.europa.eu/esco/model#Skill","uri":"http://data.europa.eu/esco/skill/f1f5eb7f-1776-456b-83a4-f3e06df2da5a","title":"apply territory planning","referenceLanguage":["en"],"preferredLabel":{"no":"anvende territoriumsplanlegging","de":"Gebietsplanung anwenden","fi":"tehdä alueellisia myyntisuunnitelmia","en-us":"apply territory planning","pt":"planear vendas num território","bg":"прилагане на териториално планиране","lt":"vykdyti teritorijų planavimą","hr":"primjenjivati planiranje teritorija","lv":"izmantot teritorijas plānošanas metodes","fr":"appliquer l'aménagement du territoire","hu":"területtervezést alkalmaz","sk":"uskutočniť plánovanie podľa územia","sl":"načrtovati prodajno ozemlje","ga":"pleanáil críche a chur i bhfeidhm","sv":"planera säljarbetet i försäljningsområde","el":"εφαρμογή σχεδιασμού περιοχών πωλήσεων","mt":"applikazzjoni tal-ippjanar tat-territorju","en":"apply territory planning","is":"notar svæðisbundna markaðsáætlanagerð","it":"pianificare a livello territoriale","es":"aplicar la ordenación territorial","et":"territoriaalset planeerimist tegema","cs":"aplikovat územní plánování","ar":"يطبق تخطيط الأراضي","pl":"stosować zasady planowania terytorialnego","ro":"aplică planificarea teritorială","da":"anvende områdeplanlægning","nl":"planning van het verkoopsgebied toepassen"},"alternativeLabel":{"fi":["tehdä myyntialuetta koskevia suunnitelmia"],"en":["utilise territory planning","employ territory planning","administer territory planning","apply territorial planning","implement territory planning","applying territory planning","applying territorial planning"],"ro":["aplică planificarea spațială"],"es":["establecer la ordenación territorial"]},"description":{"en-us":{"literal":"Plan the most cost-effective coverage of a sales territory with the available sales resources. Take into account prospect numbers, density, and buying patterns.","mimetype":"plain/text"},"en":{"literal":"Plan the most cost-effective coverage of a sales territory with the available sales resources. Take into account prospect numbers, density, and buying patterns.","mimetype":"plain/text"}},"status":"released","_links":{"self":{"href":"https://ec.europa.eu/esco/api/resource/skill?uri=http://data.europa.eu/esco/skill/f1f5eb7f-1776-456b-83a4-f3e06df2da5a&language=en","uri":"http://data.europa.eu/esco/skill/f1f5eb7f-1776-456b-83a4-f3e06df2da5a","title":"apply territory planning"},"isTopConceptInScheme":[{"href":"https://ec.europa.eu/esco/api/resource/taxonomy?uri=http://data.europa.eu/esco/concept-scheme/member-skills&language=en","uri":"http://data.europa.eu/esco/concept-scheme/member-skills","title":"ESCO member skills"},{"href":"https://ec.europa.eu/esco/api/resource/taxonomy?uri=http://data.europa.eu/esco/concept-scheme/skills&language=en","uri":"http://data.europa.eu/esco/concept-scheme/skills","title":"ESCO skills"}],"isInScheme":[{"href":"https://ec.europa.eu/esco/api/resource/taxonomy?uri=http://data.europa.eu/esco/concept-scheme/member-skills&language=en","uri":"http://data.europa.eu/esco/concept-scheme/member-skills","title":"ESCO member skills"},{"href":"https://ec.europa.eu/esco/api/resource/taxonomy?uri=http://data.europa.eu/esco/concept-scheme/skills&language=en","uri":"http://data.europa.eu/esco/concept-scheme/skills","title":"ESCO skills"}],"hasSkillType":[{"href":"https://ec.europa.eu/esco/api/resource/concept?uri=http://data.europa.eu/esco/skill-type/skill&language=en","uri":"http://data.europa.eu/esco/skill-type/skill","title":"skill"}],"hasReuseLevel":[{"href":"https://ec.europa.eu/esco/api/resource/concept?uri=http://data.europa.eu/esco/skill-reuse-level/cross-sector&language=en","uri":"http://data.europa.eu/esco/skill-reuse-level/cross-sector","title":"cross-sector skills and competences","code":"Level 2"}],"isEssentialForOccupation":[{"href":"https://ec.europa.eu/esco/api/resource/occupation?uri=http://data.europa.eu/esco/occupation/3a4c4e33-ee34-4abe-ba5c-26f9037d292f&language=en","uri":"http://data.europa.eu/esco/occupation/3a4c4e33-ee34-4abe-ba5c-26f9037d292f","title":"trade regional manager"},{"href":"https://ec.europa.eu/esco/api/resource/occupation?uri=http://data.europa.eu/esco/occupation/8529edc5-96ad-4cde-b34a-f86ad3753e4d&language=en","uri":"http://data.europa.eu/esco/occupation/8529edc5-96ad-4cde-b34a-f86ad3753e4d","title":"sales engineer"}]},"_embedded":{}},{"className":"Skill","classId":"http://data.europa.eu/esco/model#Skill","uri":"http://data.europa.eu/esco/skill/3e3f2ff8-cf80-4415-ac6a-020d52b175c1","title":"split bricks","referenceLanguage":["en"],"preferredLabel":{"no":"splitte murstein","de":"Ziegelsteine spalten","fi":"halkaista tiiliä","en-us":"split bricks","pt":"partir tijolos","bg":"рязане на тухли","lt":"skaldyti plytas","lv":"sadalīt ķieģeļus","hr":"cijepati opeke","fr":"découper des briques","hu":"téglát hasít","sk":"rozštiepiť tehly","sl":"lomiti zidake","ga":"brící a scoilteadh","sv":"klyva tegelstenar","mt":"qsim tal-brikks","el":"διάσπαση τούβλων","en":"split bricks","is":"klýfur múrsteina","it":"tagliare i mattoni","es":"cortar ladrillos","et":"telliseid poolitama","cs":"rozdělit cihly","ar":"يقسم الطوب","pl":"rozszczepiać cegły","ro":"taie cărămizi","da":"dele mursten","nl":"bakstenen splijten"},"alternativeLabel":{"de":["Backsteine spalten","Ziegel spalten"],"sv":["klyva murstenar"],"en":["trim bricks","splitting of wall bricks","trimming of bricks","split wall bricks","brick trimming, trimming bricks","splitting bricks","brick splitting","wall brick splitting","splitting of bricks","splitting wall bricks"],"es":["cortar ladrillos a medida","modelar ladrillos","dar forma a ladrillos"]},"description":{"en-us":{"literal":"Use the appropriate tools to trim, split and shape bricks for use in walls. Use a mason's hammer for occasional shaping, and a hammer and chisel for larger quantities or when the split has to be especially straight.","mimetype":"plain/text"},"en":{"literal":"Use the appropriate tools to trim, split and shape bricks for use in walls. Use a mason's hammer for occasional shaping, and a hammer and chisel for larger quantities or when the split has to be especially straight.","mimetype":"plain/text"}},"status":"released","_links":{"self":{"href":"https://ec.europa.eu/esco/api/resource/skill?uri=http://data.europa.eu/esco/skill/3e3f2ff8-cf80-4415-ac6a-020d52b175c1&language=en","uri":"http://data.europa.eu/esco/skill/3e3f2ff8-cf80-4415-ac6a-020d52b175c1","title":"split bricks"},"isTopConceptInScheme":[{"href":"https://ec.europa.eu/esco/api/resource/taxonomy?uri=http://data.europa.eu/esco/concept-scheme/skills&language=en","uri":"http://data.europa.eu/esco/concept-scheme/skills","title":"ESCO skills"},{"href":"https://ec.europa.eu/esco/api/resource/taxonomy?uri=http://data.europa.eu/esco/concept-scheme/member-skills&language=en","uri":"http://data.europa.eu/esco/concept-scheme/member-skills","title":"ESCO member skills"}],"isInScheme":[{"href":"https://ec.europa.eu/esco/api/resource/taxonomy?uri=http://data.europa.eu/esco/concept-scheme/skills&language=en","uri":"http://data.europa.eu/esco/concept-scheme/skills","title":"ESCO skills"},{"href":"https://ec.europa.eu/esco/api/resource/taxonomy?uri=http://data.europa.eu/esco/concept-scheme/member-skills&language=en","uri":"http://data.europa.eu/esco/concept-scheme/member-skills","title":"ESCO member skills"}],"hasSkillType":[{"href":"https://ec.europa.eu/esco/api/resource/concept?uri=http://data.europa.eu/esco/skill-type/skill&language=en","uri":"http://data.europa.eu/esco/skill-type/skill","title":"skill"}],"hasReuseLevel":[{"href":"https://ec.europa.eu/esco/api/resource/concept?uri=http://data.europa.eu/esco/skill-reuse-level/sector-specific&language=en","uri":"http://data.europa.eu/esco/skill-reuse-level/sector-specific","title":"sector specific skills and competences","code":"Level 3"}],"isEssentialForOccupation":[{"href":"https://ec.europa.eu/esco/api/resource/occupation?uri=http://data.europa.eu/esco/occupation/05f321f8-055b-407d-bf19-e0ddabda56b7&language=en","uri":"http://data.europa.eu/esco/occupation/05f321f8-055b-407d-bf19-e0ddabda56b7","title":"bricklayer"}],"isOptionalForOccupation":[{"href":"https://ec.europa.eu/esco/api/resource/occupation?uri=http://data.europa.eu/esco/occupation/046574a1-9bb3-4a80-8a7b-83dc7db1dae2&language=en","uri":"http://data.europa.eu/esco/occupation/046574a1-9bb3-4a80-8a7b-83dc7db1dae2","title":"bricklaying supervisor"}]},"_embedded":{}},{"className":"Skill","classId":"http://data.europa.eu/esco/model#Skill","uri":"http://data.europa.eu/esco/skill/17a0c89d-1c78-4543-a637-ce2a03dbea18","title":"manage insect breeding","referenceLanguage":["en"],"preferredLabel":{"no":"administrere insektavl","de":"Insektenzucht leiten","fi":"vastata hyönteisjalostukseen liittyvistä tehtävistä","en-us":"manage insect breeding","pt":"gerir a criação de insetos","bg":"управляване на развъждането на насекоми","lt":"valdyti vabzdžių veisimą","lv":"vadīt kukaiņu audzēšanu","hr":"voditi uzgoj insekata","fr":"organiser l’élevage d’insectes","hu":"rovartenyésztést végez","sk":"riadiť chov hmyzu","sl":"voditi gojenje žuželk","ga":"pórú feithidí a bhainistiú","sv":"bedriva insektsuppfödning","el":"διαχείριση της εκτροφής εντόμων","mt":"immaniġġjar tat-trobbija tal-insetti","en":"manage insect breeding","is":"stýrir skordýraræktun","it":"gestire l'allevamento di insetti","es":"gestionar la cría de insectos","et":"putukate tõuaretust haldama","cs":"řídit chovu hmyzu","ar":"يشرف على تربية الحشرات","pl":"zarządzać hodowlą owadów","ro":"gestionează creșterea insectelor","da":"drive insektavl","nl":"insectenkweek beheren"},"alternativeLabel":{"en":["managing breeding insects","undertaking breeding of insects","undertake insect breeding","manage breeding insects","insect breeding undertaking","breed insect managing","insect breeding managing","undertaking insect breeding","managing insect breeding","undertake breeding of insects"],"ro":["crește insecte","se ocupă cu creșterea insectelor"],"es":["garantizar la alimentación adecuada de los insectos","elegir el lugar adecuado para la cría de insectos","controlar el crecimiento de la salud de los insectos"]},"description":{"en-us":{"literal":"Manage a suitable environment for insect breeding. Select and prepare the appropriate terrariums for specific kinds of insects. Monitor the insect's growth and health and ensure correct feeding. Identify when the insects are ready for consumption, scientific or other purposes.","mimetype":"plain/text"},"en":{"literal":"Manage a suitable environment for insect breeding. Select and prepare the appropriate terrariums for specific kinds of insects. Monitor the insect's growth and health and ensure correct feeding. Identify when the insects are ready for consumption, scientific or other purposes.","mimetype":"plain/text"}},"status":"released","_links":{"self":{"href":"https://ec.europa.eu/esco/api/resource/skill?uri=http://data.europa.eu/esco/skill/17a0c89d-1c78-4543-a637-ce2a03dbea18&language=en","uri":"http://data.europa.eu/esco/skill/17a0c89d-1c78-4543-a637-ce2a03dbea18","title":"manage insect breeding"},"isTopConceptInScheme":[{"href":"https://ec.europa.eu/esco/api/resource/taxonomy?uri=http://data.europa.eu/esco/concept-scheme/skills&language=en","uri":"http://data.europa.eu/esco/concept-scheme/skills","title":"ESCO skills"},{"href":"https://ec.europa.eu/esco/api/resource/taxonomy?uri=http://data.europa.eu/esco/concept-scheme/member-skills&language=en","uri":"http://data.europa.eu/esco/concept-scheme/member-skills","title":"ESCO member skills"}],"isInScheme":[{"href":"https://ec.europa.eu/esco/api/resource/taxonomy?uri=http://data.europa.eu/esco/concept-scheme/skills&language=en","uri":"http://data.europa.eu/esco/concept-scheme/skills","title":"ESCO skills"},{"href":"https://ec.europa.eu/esco/api/resource/taxonomy?uri=http://data.europa.eu/esco/concept-scheme/member-skills&language=en","uri":"http://data.europa.eu/esco/concept-scheme/member-skills","title":"ESCO member skills"}],"hasSkillType":[{"href":"https://ec.europa.eu/esco/api/resource/concept?uri=http://data.europa.eu/esco/skill-type/skill&language=en","uri":"http://data.europa.eu/esco/skill-type/skill","title":"skill"}],"hasReuseLevel":[{"href":"https://ec.europa.eu/esco/api/resource/concept?uri=http://data.europa.eu/esco/skill-reuse-level/occupation-specific&language=en","uri":"http://data.europa.eu/esco/skill-reuse-level/occupation-specific","title":"occupation specific skills and competences","code":"Level 4"}],"isEssentialForOccupation":[{"href":"https://ec.europa.eu/esco/api/resource/occupation?uri=http://data.europa.eu/esco/occupation/026401a9-7d56-4d7b-8052-38985ddbeafa&language=en","uri":"http://data.europa.eu/esco/occupation/026401a9-7d56-4d7b-8052-38985ddbeafa","title":"bee breeder"}]},"_embedded":{}},{"className":"Skill","classId":"http://data.europa.eu/esco/model#Skill","uri":"http://data.europa.eu/esco/skill/a3ff9653-a07e-428b-9ae8-1af2f864cae8","title":"design principles of containment systems","referenceLanguage":["en"],"preferredLabel":{"de":"Grundsätze der Gestaltung von Gehegen","no":"designprinsipper knyttet til beholdersystemer","fi":"suojarakennusten suunnitteluperiaatteet","en-us":"design principles of containment systems","pt":"princípios de conceção dos sistemas de confinamento","bg":"принципи за проектиране на садкови системи","lt":"gyvūnų talpyklų sistemų projektavimo principai","hr":"načela projektiranja uzgojnih sustava","lv":"turēšanas sistēmu projektēšanas principi","fr":"principes de conception de systèmes de confinement","hu":"az állattartási rendszerek tervezési alapelvei","sk":"zásady navrhovania chovných priestorov","sl":"načela zasnove zaprtih sistemov","ga":"prionsabail dearaidh a bhaineann le córais choimeádta","sv":"designprinciper för inneslutningssystem","mt":"prinċipji tad-disinn tas-sistemi ta’ konteniment","el":"αρχές σχεδιασμού συστημάτων απομόνωσης","en":"design principles of containment systems","is":"grundvallaratriði hönnunar á afmörkunarkerfum","it":"principi di progettazione di sistemi di contenimento","es":"principios del diseño de sistemas de contención de acuicultura","et":"hoidlate kujunduspõhimõtted","cs":"konstrukční zásady zadržovacích systémů","ar":"يصمم مبادئ أنظمة الاحتواء","pl":"zasady projektowania systemów zamkniętych","da":"principper for design af indeslutningssystemer","ro":"principii de proiectare a sistemelor de adăpostire a animalelor","nl":"ontwerpbeginselen van inperkingssystemen"},"alternativeLabel":{"sv":["konstruktionsprinciper för inneslutningssystem"],"fi":["eristysjärjestelmien suunnitteluperiaatteet"],"sl":["načela projektiranja zaprtih sistemov"],"en":["design of ponds","design of pens","range of design principles of containment systems","design of cages","scope of design principles of containment systems","design of tanks","basis of design principles of containment systems","design of nets"],"hr":["načela oblikovanja uzgojnih sustava"],"da":["designprincipper for indeslutningssystemer"],"ro":["proiectare de bazine","proiectare de cuști","proiectare de cotețe","proiectare de plase"],"nl":["ontwerpbeginselen van insluitingssystemen","ontwerpprincipes van inperkingssystemen","ontwerpprincipes van insluitingssystemen"],"es":["diseño de estanques de acuicultura","principios básicos del diseño de sistemas de contención","diseño de cercados de acuicultura","diseño de piletas de acuicultura","diseño de sistemas de contención de acuicultura"]},"description":{"en-us":{"literal":"The design elements of different containment systems, such as cages, pens, nets, ponds and tanks.","mimetype":"plain/text"},"en":{"literal":"The design elements of different containment systems, such as cages, pens, nets, ponds and tanks.","mimetype":"plain/text"}},"status":"released","_links":{"self":{"href":"https://ec.europa.eu/esco/api/resource/skill?uri=http://data.europa.eu/esco/skill/a3ff9653-a07e-428b-9ae8-1af2f864cae8&language=en","uri":"http://data.europa.eu/esco/skill/a3ff9653-a07e-428b-9ae8-1af2f864cae8","title":"design principles of containment systems"},"isTopConceptInScheme":[{"href":"https://ec.europa.eu/esco/api/resource/taxonomy?uri=http://data.europa.eu/esco/concept-scheme/member-skills&language=en","uri":"http://data.europa.eu/esco/concept-scheme/member-skills","title":"ESCO member skills"},{"href":"https://ec.europa.eu/esco/api/resource/taxonomy?uri=http://data.europa.eu/esco/concept-scheme/skills&language=en","uri":"http://data.europa.eu/esco/concept-scheme/skills","title":"ESCO skills"}],"isInScheme":[{"href":"https://ec.europa.eu/esco/api/resource/taxonomy?uri=http://data.europa.eu/esco/concept-scheme/member-skills&language=en","uri":"http://data.europa.eu/esco/concept-scheme/member-skills","title":"ESCO member skills"},{"href":"https://ec.europa.eu/esco/api/resource/taxonomy?uri=http://data.europa.eu/esco/concept-scheme/skills&language=en","uri":"http://data.europa.eu/esco/concept-scheme/skills","title":"ESCO skills"}],"hasSkillType":[{"href":"https://ec.europa.eu/esco/api/resource/concept?uri=http://data.europa.eu/esco/skill-type/knowledge&language=en","uri":"http://data.europa.eu/esco/skill-type/knowledge","title":"knowledge"}],"hasReuseLevel":[{"href":"https://ec.europa.eu/esco/api/resource/concept?uri=http://data.europa.eu/esco/skill-reuse-level/sector-specific&language=en","uri":"http://data.europa.eu/esco/skill-reuse-level/sector-specific","title":"sector specific skills and competences","code":"Level 3"}],"isEssentialForOccupation":[{"href":"https://ec.europa.eu/esco/api/resource/occupation?uri=http://data.europa.eu/esco/occupation/ac036ea7-883a-4265-96d5-c02bbe6667e1&language=en","uri":"http://data.europa.eu/esco/occupation/ac036ea7-883a-4265-96d5-c02bbe6667e1","title":"aquaculture site supervisor"},{"href":"https://ec.europa.eu/esco/api/resource/occupation?uri=http://data.europa.eu/esco/occupation/d4709722-6f17-4bec-a5f4-1b660e6b28b1&language=en","uri":"http://data.europa.eu/esco/occupation/d4709722-6f17-4bec-a5f4-1b660e6b28b1","title":"aquaculture mooring manager"},{"href":"https://ec.europa.eu/esco/api/resource/occupation?uri=http://data.europa.eu/esco/occupation/5945cba8-19a4-4632-8a8f-4186e2bad1a3&language=en","uri":"http://data.europa.eu/esco/occupation/5945cba8-19a4-4632-8a8f-4186e2bad1a3","title":"aquaculture production manager"}]},"_embedded":{}}]}}