{"total":8196,"offset":254,"limit":20,"language":"en","uri":"http://data.europa.eu/esco/concept-scheme/skills","relation":"hasTopConcept","_links":{"self":{"href":"https://ec.europa.eu/esco/api/resource/related?uri=http://data.europa.eu/esco/concept-scheme/skills&relation=hasTopConcept&limit=20&offset=254&language=en&full=true"},"prev":{"href":"https://ec.europa.eu/esco/api/resource/related?uri=http://data.europa.eu/esco/concept-scheme/skills&relation=hasTopConcept&limit=20&offset=253&language=en&full=true"},"next":{"href":"https://ec.europa.eu/esco/api/resource/related?uri=http://data.europa.eu/esco/concept-scheme/skills&relation=hasTopConcept&limit=20&offset=255&language=en&full=true"}},"_embedded":{"hasTopConcept":[{"className":"Skill","classId":"http://data.europa.eu/esco/model#Skill","uri":"http://data.europa.eu/esco/skill/edd5d32c-1188-4cb3-aa54-ebb9640147dd","title":"tend agitation machine","referenceLanguage":["en"],"preferredLabel":{"no":"håndtere agitasjonsmaskin","de":"Rührmaschine beaufsichtigen","fi":"hoitaa sekoituskonetta","en-us":"tend agitation machine","pt":"utilizar agitadores","bg":"управляване на машина за разклащане","lt":"prižiūrėti maišymo mašinas","hr":"posluživati stroj za miješanje","lv":"apkalpot maisīšanas iekārtu","fr":"utiliser des agitateurs","hu":"keverőgépet kezel","sk":"obsluhovať miešací stroj","sl":"oskrbovati mešalnik","ga":"féachaint i ndiaidh meaisín suaite","sv":"sköta omrörningsmaskin","el":"χειρισμός της μηχανής ανάδευσης","mt":"tħaddim tal-magni tal-aġitazzjoni","en":"tend agitation machine","is":"gætir hristara","it":"essere addetto alla macchina di agitazione","es":"ocuparse del agitador","et":"segamisseadmega töötama","cs":"obsluhovat agitátor","ar":"يرعى آلة الثوران","pl":"zajmować się maszyną do bełtania","da":"passe omrøringsmaskine","ro":"supraveghează mașina pentru agitare","nl":"agitatiemachines bedienen"},"alternativeLabel":{"en":["mind agitation machines","tend an agitation machine","watch agitation machines","tend agitation machines","look after agitation machines","take care of agitation machines"],"ro":["supraveghează agitatorul"],"nl":["agitatiemachines onderhouden"],"es":["manejar el agitador","encargarse del agitador"]},"description":{"en-us":{"literal":"Tend agitation machine ensuring that there is a uniform agitation of the batch.","mimetype":"plain/text"},"en":{"literal":"Tend agitation machine ensuring that there is a uniform agitation of the batch.","mimetype":"plain/text"}},"status":"released","_links":{"self":{"href":"https://ec.europa.eu/esco/api/resource/skill?uri=http://data.europa.eu/esco/skill/edd5d32c-1188-4cb3-aa54-ebb9640147dd&language=en","uri":"http://data.europa.eu/esco/skill/edd5d32c-1188-4cb3-aa54-ebb9640147dd","title":"tend agitation machine"},"isTopConceptInScheme":[{"href":"https://ec.europa.eu/esco/api/resource/taxonomy?uri=http://data.europa.eu/esco/concept-scheme/skills&language=en","uri":"http://data.europa.eu/esco/concept-scheme/skills","title":"ESCO skills"},{"href":"https://ec.europa.eu/esco/api/resource/taxonomy?uri=http://data.europa.eu/esco/concept-scheme/member-skills&language=en","uri":"http://data.europa.eu/esco/concept-scheme/member-skills","title":"ESCO member skills"}],"isInScheme":[{"href":"https://ec.europa.eu/esco/api/resource/taxonomy?uri=http://data.europa.eu/esco/concept-scheme/skills&language=en","uri":"http://data.europa.eu/esco/concept-scheme/skills","title":"ESCO skills"},{"href":"https://ec.europa.eu/esco/api/resource/taxonomy?uri=http://data.europa.eu/esco/concept-scheme/member-skills&language=en","uri":"http://data.europa.eu/esco/concept-scheme/member-skills","title":"ESCO member skills"}],"hasSkillType":[{"href":"https://ec.europa.eu/esco/api/resource/concept?uri=http://data.europa.eu/esco/skill-type/skill&language=en","uri":"http://data.europa.eu/esco/skill-type/skill","title":"skill"}],"hasReuseLevel":[{"href":"https://ec.europa.eu/esco/api/resource/concept?uri=http://data.europa.eu/esco/skill-reuse-level/sector-specific&language=en","uri":"http://data.europa.eu/esco/skill-reuse-level/sector-specific","title":"sector specific skills and competences","code":"Level 3"}],"isEssentialForOccupation":[{"href":"https://ec.europa.eu/esco/api/resource/occupation?uri=http://data.europa.eu/esco/occupation/30cdbb0a-4f62-4d0e-811c-72e3f95d017b&language=en","uri":"http://data.europa.eu/esco/occupation/30cdbb0a-4f62-4d0e-811c-72e3f95d017b","title":"nitrator operator"},{"href":"https://ec.europa.eu/esco/api/resource/occupation?uri=http://data.europa.eu/esco/occupation/7309ab2d-e2ba-4ccb-b658-6b0a8bd8c4eb&language=en","uri":"http://data.europa.eu/esco/occupation/7309ab2d-e2ba-4ccb-b658-6b0a8bd8c4eb","title":"malt kiln operator"},{"href":"https://ec.europa.eu/esco/api/resource/occupation?uri=http://data.europa.eu/esco/occupation/9ae8251e-cb8e-4324-9d77-d967d43e6b46&language=en","uri":"http://data.europa.eu/esco/occupation/9ae8251e-cb8e-4324-9d77-d967d43e6b46","title":"fat-purification worker"},{"href":"https://ec.europa.eu/esco/api/resource/occupation?uri=http://data.europa.eu/esco/occupation/ab9e06c8-e0fc-4c1b-afa2-61421592f1a5&language=en","uri":"http://data.europa.eu/esco/occupation/ab9e06c8-e0fc-4c1b-afa2-61421592f1a5","title":"germination operator"},{"href":"https://ec.europa.eu/esco/api/resource/occupation?uri=http://data.europa.eu/esco/occupation/39e06c20-d262-44f9-a6a8-a0f3ba9e887c&language=en","uri":"http://data.europa.eu/esco/occupation/39e06c20-d262-44f9-a6a8-a0f3ba9e887c","title":"soap maker"}],"isOptionalForOccupation":[{"href":"https://ec.europa.eu/esco/api/resource/occupation?uri=http://data.europa.eu/esco/occupation/bfdc096e-e450-424d-9340-46968047ed68&language=en","uri":"http://data.europa.eu/esco/occupation/bfdc096e-e450-424d-9340-46968047ed68","title":"nitroglycerin neutraliser"},{"href":"https://ec.europa.eu/esco/api/resource/occupation?uri=http://data.europa.eu/esco/occupation/41535a7d-f2ed-4937-9b7e-3b14c8c755b3&language=en","uri":"http://data.europa.eu/esco/occupation/41535a7d-f2ed-4937-9b7e-3b14c8c755b3","title":"bleacher operator"}]},"_embedded":{}},{"className":"Skill","classId":"http://data.europa.eu/esco/model#Skill","uri":"http://data.europa.eu/esco/skill/58c089ab-338b-4e4c-8117-7c1fcc89af69","title":"manage donated goods in second-hand shop","referenceLanguage":["en"],"preferredLabel":{"de":"gespendete Waren in einem Secondhandladen verwalten","no":"administrere donerte varer i bruktbutikk","en-us":"manage donated goods in second-hand shop","fi":"hoitaa lahjoitettuja tavaroita osto- ja myyntiliikkeessä","pt":"gerir a doação de produtos em lojas de segunda mão","bg":"администриране на дарените стоки в магазин за стоки втора употреба","lt":"tvarkyti padovanotas prekes komiso parduotuvėje","hr":"upravljati darovanom robom u trgovini rabljene robe","lv":"pārvaldīt ziedotās preces lietoto preču veikalā","fr":"gérer les biens confiés à un magasin d'occasion","hu":"használtcikkboltban adományozott javakat kezel","sk":"spravovať darovaný tovar v obchode s použitým tovarom","sl":"upravljati podarjeno blago v trgovini z rabljenimi izdelki","ga":"earraí bronnta i siopa earraí athláimhe a bhainistiú","sv":"hantera skänkta varor i second hand-butik","el":"διαχείριση προϊόντων που δωρίζονται σε κατάστημα μεταχειρισμένων ειδών","mt":"immaniġġjar tal-oġġetti mogħtija bħala donazzjoni fil-ħwienet tal-oġġetti użati","en":"manage donated goods in second-hand shop","is":"sér um gefnar vörur í verslun með notaðar vörur","it":"gestire gli articoli donati nel negozio di seconda mano","es":"gestionar los artículos donados a una tienda de segunda mano","et":"kasutatud asjade kaupluses annetatud asju haldama","cs":"zpracovávat darované zboží v obchodech s použitým zbožím","ar":"يدير السلع المتبرع بها في محلات بيع البضائع المستعملة","pl":"zarządzać towarami ofiarowanymi w sklepie z towarami używanymi","da":"administrere donerede varer i genbrugsbutik","ro":"se ocupă cu sortarea și stocarea articolelor donate într-un magazin second-hand","nl":"geschonken goederen in tweedehandswinkels beheren"},"alternativeLabel":{"sv":["hantera donerade varor i second hand-butik"],"fi":["hoitaa lahjoitettuja tavaroita kirpputorilla"],"lt":["tvarkyti padovanotas prekes dėvėtų drabužių parduotuvėje","tvarkyti padovanotas prekes naudotų prekių parduotuvėje"],"en":["maintain  donated goods in second-hand shop","managing donated goods in second-hand shop","manage donated goods in second-hand shops","regulate  donated goods in second-hand shop","managing donated goods in second-hand shops","oversee  donated goods in second-hand shop","supervise  donated goods in second-hand shop"],"hu":["használtcikküzletben adományozott javakat kezel"],"ro":["gestionează stocurile de articole donate într-un magazin second-hand"],"nl":["geschonken goederen in kringloopwinkels beheren"]},"description":{"en-us":{"literal":"Coordinate the donated goods in a second-hand store; select appropriate items for recycling or sale.","mimetype":"plain/text"},"en":{"literal":"Coordinate the donated goods in a second-hand store; select appropriate items for recycling or sale.","mimetype":"plain/text"}},"status":"released","_links":{"self":{"href":"https://ec.europa.eu/esco/api/resource/skill?uri=http://data.europa.eu/esco/skill/58c089ab-338b-4e4c-8117-7c1fcc89af69&language=en","uri":"http://data.europa.eu/esco/skill/58c089ab-338b-4e4c-8117-7c1fcc89af69","title":"manage donated goods in second-hand shop"},"isTopConceptInScheme":[{"href":"https://ec.europa.eu/esco/api/resource/taxonomy?uri=http://data.europa.eu/esco/concept-scheme/skills&language=en","uri":"http://data.europa.eu/esco/concept-scheme/skills","title":"ESCO skills"},{"href":"https://ec.europa.eu/esco/api/resource/taxonomy?uri=http://data.europa.eu/esco/concept-scheme/member-skills&language=en","uri":"http://data.europa.eu/esco/concept-scheme/member-skills","title":"ESCO member skills"}],"isInScheme":[{"href":"https://ec.europa.eu/esco/api/resource/taxonomy?uri=http://data.europa.eu/esco/concept-scheme/skills&language=en","uri":"http://data.europa.eu/esco/concept-scheme/skills","title":"ESCO skills"},{"href":"https://ec.europa.eu/esco/api/resource/taxonomy?uri=http://data.europa.eu/esco/concept-scheme/member-skills&language=en","uri":"http://data.europa.eu/esco/concept-scheme/member-skills","title":"ESCO member skills"}],"hasSkillType":[{"href":"https://ec.europa.eu/esco/api/resource/concept?uri=http://data.europa.eu/esco/skill-type/skill&language=en","uri":"http://data.europa.eu/esco/skill-type/skill","title":"skill"}],"hasReuseLevel":[{"href":"https://ec.europa.eu/esco/api/resource/concept?uri=http://data.europa.eu/esco/skill-reuse-level/occupation-specific&language=en","uri":"http://data.europa.eu/esco/skill-reuse-level/occupation-specific","title":"occupation specific skills and competences","code":"Level 4"}],"isEssentialForOccupation":[{"href":"https://ec.europa.eu/esco/api/resource/occupation?uri=http://data.europa.eu/esco/occupation/f70e5875-df7e-40be-a315-3ac1c9d36d64&language=en","uri":"http://data.europa.eu/esco/occupation/f70e5875-df7e-40be-a315-3ac1c9d36d64","title":"second-hand shop manager"}]},"_embedded":{}},{"className":"Skill","classId":"http://data.europa.eu/esco/model#Skill","uri":"http://data.europa.eu/esco/skill/4da0e0d2-21e8-4018-98ac-2d1637e2f362","title":"process of animal fat purification","referenceLanguage":["en"],"preferredLabel":{"no":"prosessen som innebærer animalsk fettrensing","de":"Verfahren zur Reinigung tierischer Fette","en-us":"process of animal fat purification","fi":"eläinrasvan puhdistusprosessi","pt":"processo de purificação das gorduras animais","bg":"пречистване на животински мазнини","lt":"gyvulinės kilmės riebalų gryninimas","lv":"dzīvnieku tauku attīrīšanas process","hr":"postupak pročišćivanja životinjskih masti","fr":"procédé de purification de graisses animales","hu":"állatizsír‑tisztítás folyamata","sk":"proces purifikácie živočíšnych tukov","sl":"postopek prečiščevanja živalskih maščob","ga":"próiseas íonghlanta saille ainmhithe","sv":"reningsprocess för animaliskt fett","el":"διεργασία καθαρισμού του ζωικού λίπους","mt":"proċess tal-purifikazzjoni tax-xaħam tal-annimali","en":"process of animal fat purification","is":"ferli við hreinsun dýrafitu","it":"processo di purificazione del grasso animale","es":"proceso de purificación de grasas animales","et":"loomse rasva puhastamise protsess","cs":"proces přečišťování živočišných tuků","ar":"عملية تنقية الدهون الحيوانية","pl":"proces oczyszczania tłuszczu zwierzęcego","ro":"procedeu de purificare a grăsimilor animale","da":"proces for rensning af animalsk fedt","nl":"proces voor de zuivering van dierlijk vet"},"alternativeLabel":{"en":["process of animal fat purification","process of animal fat purifications","mechanism of animal fat purification","processes of animal fat purification"],"es":["purificación de grasas animales","proceso de purificación de grasas de origen animal","purificación de grasas de origen animal"]},"description":{"en-us":{"literal":"Process of animal fat purification whereby animal fats are processed by repeated melting over water or bleaching by chemicals for the removal of small solid particles.","mimetype":"plain/text"},"en":{"literal":"Process of animal fat purification whereby animal fats are processed by repeated melting over water or bleaching by chemicals for the removal of small solid particles.","mimetype":"plain/text"}},"status":"released","_links":{"self":{"href":"https://ec.europa.eu/esco/api/resource/skill?uri=http://data.europa.eu/esco/skill/4da0e0d2-21e8-4018-98ac-2d1637e2f362&language=en","uri":"http://data.europa.eu/esco/skill/4da0e0d2-21e8-4018-98ac-2d1637e2f362","title":"process of animal fat purification"},"isTopConceptInScheme":[{"href":"https://ec.europa.eu/esco/api/resource/taxonomy?uri=http://data.europa.eu/esco/concept-scheme/skills&language=en","uri":"http://data.europa.eu/esco/concept-scheme/skills","title":"ESCO skills"},{"href":"https://ec.europa.eu/esco/api/resource/taxonomy?uri=http://data.europa.eu/esco/concept-scheme/member-skills&language=en","uri":"http://data.europa.eu/esco/concept-scheme/member-skills","title":"ESCO member skills"}],"isInScheme":[{"href":"https://ec.europa.eu/esco/api/resource/taxonomy?uri=http://data.europa.eu/esco/concept-scheme/skills&language=en","uri":"http://data.europa.eu/esco/concept-scheme/skills","title":"ESCO skills"},{"href":"https://ec.europa.eu/esco/api/resource/taxonomy?uri=http://data.europa.eu/esco/concept-scheme/member-skills&language=en","uri":"http://data.europa.eu/esco/concept-scheme/member-skills","title":"ESCO member skills"}],"hasSkillType":[{"href":"https://ec.europa.eu/esco/api/resource/concept?uri=http://data.europa.eu/esco/skill-type/knowledge&language=en","uri":"http://data.europa.eu/esco/skill-type/knowledge","title":"knowledge"}],"hasReuseLevel":[{"href":"https://ec.europa.eu/esco/api/resource/concept?uri=http://data.europa.eu/esco/skill-reuse-level/occupation-specific&language=en","uri":"http://data.europa.eu/esco/skill-reuse-level/occupation-specific","title":"occupation specific skills and competences","code":"Level 4"}],"isEssentialForOccupation":[{"href":"https://ec.europa.eu/esco/api/resource/occupation?uri=http://data.europa.eu/esco/occupation/9ae8251e-cb8e-4324-9d77-d967d43e6b46&language=en","uri":"http://data.europa.eu/esco/occupation/9ae8251e-cb8e-4324-9d77-d967d43e6b46","title":"fat-purification worker"}]},"_embedded":{}},{"className":"Skill","classId":"http://data.europa.eu/esco/model#Skill","uri":"http://data.europa.eu/esco/skill/4959d8c3-40dd-404d-9b29-ec7501bf5c39","title":"watch scenes","referenceLanguage":["en"],"preferredLabel":{"no":"se utdrag","de":"Szenen ansehen","en-us":"watch scenes","fi":"katsoa kohtauksia","pt":"visualizar cenas de filmes","bg":"гледане на заснетите сцени","lt":"peržiūrėti scenas","lv":"skatīties ainas","hr":"gledati scene","fr":"visionner des scènes","hu":"jeleneteket néz","sk":"sledovať scény","sl":"gledati prizore","ga":"amharc ar radhairc","sv":"titta på scener","el":"παρακολούθηση σκηνών","mt":"osservazzjoni tax-xeni","en":"watch scenes","is":"horfir á atriði","it":"guardare le scene","es":"visualizar escenas","et":"stseene vaatama","cs":"sledovat scény","ar":"يتفرج على المشاهد","pl":"oglądać nakręcone sceny","ro":"vizionează scene","da":"se scener","nl":"scènes bekijken"},"alternativeLabel":{"en":["screen scenes","review scenes","watch scene","watching scenes","view scenes","see scenes"],"nl":["kijken naar scènes"]},"description":{"en-us":{"literal":"Watch raw scenes and shots after shooting to ensure quality. Decide which shots will be used and what needs to be edited.","mimetype":"plain/text"},"en":{"literal":"Watch raw scenes and shots after shooting to ensure quality. Decide which shots will be used and what needs to be edited.","mimetype":"plain/text"}},"status":"released","_links":{"self":{"href":"https://ec.europa.eu/esco/api/resource/skill?uri=http://data.europa.eu/esco/skill/4959d8c3-40dd-404d-9b29-ec7501bf5c39&language=en","uri":"http://data.europa.eu/esco/skill/4959d8c3-40dd-404d-9b29-ec7501bf5c39","title":"watch scenes"},"isTopConceptInScheme":[{"href":"https://ec.europa.eu/esco/api/resource/taxonomy?uri=http://data.europa.eu/esco/concept-scheme/member-skills&language=en","uri":"http://data.europa.eu/esco/concept-scheme/member-skills","title":"ESCO member skills"},{"href":"https://ec.europa.eu/esco/api/resource/taxonomy?uri=http://data.europa.eu/esco/concept-scheme/skills&language=en","uri":"http://data.europa.eu/esco/concept-scheme/skills","title":"ESCO skills"}],"isInScheme":[{"href":"https://ec.europa.eu/esco/api/resource/taxonomy?uri=http://data.europa.eu/esco/concept-scheme/member-skills&language=en","uri":"http://data.europa.eu/esco/concept-scheme/member-skills","title":"ESCO member skills"},{"href":"https://ec.europa.eu/esco/api/resource/taxonomy?uri=http://data.europa.eu/esco/concept-scheme/skills&language=en","uri":"http://data.europa.eu/esco/concept-scheme/skills","title":"ESCO skills"}],"hasSkillType":[{"href":"https://ec.europa.eu/esco/api/resource/concept?uri=http://data.europa.eu/esco/skill-type/skill&language=en","uri":"http://data.europa.eu/esco/skill-type/skill","title":"skill"}],"hasReuseLevel":[{"href":"https://ec.europa.eu/esco/api/resource/concept?uri=http://data.europa.eu/esco/skill-reuse-level/sector-specific&language=en","uri":"http://data.europa.eu/esco/skill-reuse-level/sector-specific","title":"sector specific skills and competences","code":"Level 3"}],"isEssentialForOccupation":[{"href":"https://ec.europa.eu/esco/api/resource/occupation?uri=http://data.europa.eu/esco/occupation/ac734172-ae9a-41ab-80a0-a7b33694e027&language=en","uri":"http://data.europa.eu/esco/occupation/ac734172-ae9a-41ab-80a0-a7b33694e027","title":"video and motion picture editor"},{"href":"https://ec.europa.eu/esco/api/resource/occupation?uri=http://data.europa.eu/esco/occupation/6ba25e0f-7fb8-4879-a1f9-d4f8945966be&language=en","uri":"http://data.europa.eu/esco/occupation/6ba25e0f-7fb8-4879-a1f9-d4f8945966be","title":"director of photography"},{"href":"https://ec.europa.eu/esco/api/resource/occupation?uri=http://data.europa.eu/esco/occupation/1a7fb683-6544-4442-b54c-ec72ef468ff0&language=en","uri":"http://data.europa.eu/esco/occupation/1a7fb683-6544-4442-b54c-ec72ef468ff0","title":"video and motion picture director"}],"isOptionalForOccupation":[{"href":"https://ec.europa.eu/esco/api/resource/occupation?uri=http://data.europa.eu/esco/occupation/99b096eb-a628-4e69-a79b-0563f2ed1b93&language=en","uri":"http://data.europa.eu/esco/occupation/99b096eb-a628-4e69-a79b-0563f2ed1b93","title":"script supervisor"}]},"_embedded":{}},{"className":"Skill","classId":"http://data.europa.eu/esco/model#Skill","uri":"http://data.europa.eu/esco/skill/dde5de4c-9693-4284-9a7d-deb28c300701","title":"complete evaluation forms of calls","referenceLanguage":["en"],"preferredLabel":{"no":"fylle ut evalueringsskjemaer for samtaler","de":"Bewertungsformulare für Telefongespräche ausfüllen","en-us":"complete evaluation forms of calls","fi":"täyttää soittojen arviointilomakkeita","pt":"preencher formulários de avaliação de chamadas","bg":"попълване на формуляри за оценка на офертите","lt":"užpildyti skambučių vertinimo formas","hr":"popunjavati obrasce za evaluaciju ponuda","lv":"aizpildīt zvanu novērtējuma veidlapas","fr":"remplir des formulaires d'évaluation des appels","hu":"kitölti a hívások kiértékelő lapját","sk":"vypĺňať hodnotiace formuláre týkajúce sa volaní","sl":"izpolnjevati obrazce za ocenjevanje klicev","ga":"foirmeacha meastóireachta ar ghlaonna a chomhlánú","sv":"ta fram bedömningsformulär för samtal","mt":"ikkompletar tal-formoli tal-evalwazzjoni tat-telefonati","el":"συμπλήρωση δελτίων αξιολόγησης κλήσεων","en":"complete evaluation forms of calls","is":"fyllir út matseyðublað um símhringingar","it":"completare le schede di valutazione delle chiamate","es":"completar un formulario de evaluación de las llamadas","et":"kõnehindamisvorme täitma","cs":"vyplňovat formuláře k hodnocení hovorů","ar":"يكمل نماذج تقييم المكالمات","pl":"wypełniać formularze oceny zgłoszeń","da":"udfylde evalueringsformularer om opkald","ro":"completează fișe de evaluare a apelurilor","nl":"evaluatieformulieren van oproepen invullen"},"alternativeLabel":{"fi":["täyttää puhelujen arviointilomakkeita"],"el":["συμπλήρωση εντύπων αξιολόγησης κλήσεων"],"en":["carry out evaluation forms of calls","complete an evaluation form of a call","completing evaluation forms of calls","complete the evaluation forms of calls","achieve evaluation forms of calls","accomplish evaluation forms of calls","finish evaluation forms of calls"],"es":["finalizar un formulario de evaluación de las llamadas","llenar un formulario de evaluación de las llamadas"]},"description":{"en-us":{"literal":"Make up evaluation forms of calls; cover subjects such as client services, risk management, legal compliance, etc.","mimetype":"plain/text"},"en":{"literal":"Make up evaluation forms of calls; cover subjects such as client services, risk management, legal compliance, etc.","mimetype":"plain/text"}},"status":"released","_links":{"self":{"href":"https://ec.europa.eu/esco/api/resource/skill?uri=http://data.europa.eu/esco/skill/dde5de4c-9693-4284-9a7d-deb28c300701&language=en","uri":"http://data.europa.eu/esco/skill/dde5de4c-9693-4284-9a7d-deb28c300701","title":"complete evaluation forms of calls"},"isTopConceptInScheme":[{"href":"https://ec.europa.eu/esco/api/resource/taxonomy?uri=http://data.europa.eu/esco/concept-scheme/skills&language=en","uri":"http://data.europa.eu/esco/concept-scheme/skills","title":"ESCO skills"},{"href":"https://ec.europa.eu/esco/api/resource/taxonomy?uri=http://data.europa.eu/esco/concept-scheme/member-skills&language=en","uri":"http://data.europa.eu/esco/concept-scheme/member-skills","title":"ESCO member skills"}],"isInScheme":[{"href":"https://ec.europa.eu/esco/api/resource/taxonomy?uri=http://data.europa.eu/esco/concept-scheme/skills&language=en","uri":"http://data.europa.eu/esco/concept-scheme/skills","title":"ESCO skills"},{"href":"https://ec.europa.eu/esco/api/resource/taxonomy?uri=http://data.europa.eu/esco/concept-scheme/member-skills&language=en","uri":"http://data.europa.eu/esco/concept-scheme/member-skills","title":"ESCO member skills"}],"hasSkillType":[{"href":"https://ec.europa.eu/esco/api/resource/concept?uri=http://data.europa.eu/esco/skill-type/skill&language=en","uri":"http://data.europa.eu/esco/skill-type/skill","title":"skill"}],"hasReuseLevel":[{"href":"https://ec.europa.eu/esco/api/resource/concept?uri=http://data.europa.eu/esco/skill-reuse-level/occupation-specific&language=en","uri":"http://data.europa.eu/esco/skill-reuse-level/occupation-specific","title":"occupation specific skills and competences","code":"Level 4"}],"isEssentialForOccupation":[{"href":"https://ec.europa.eu/esco/api/resource/occupation?uri=http://data.europa.eu/esco/occupation/30ca97f4-a4fd-4189-a781-ac08f6b09b78&language=en","uri":"http://data.europa.eu/esco/occupation/30ca97f4-a4fd-4189-a781-ac08f6b09b78","title":"call centre analyst"}]},"_embedded":{}},{"className":"Skill","classId":"http://data.europa.eu/esco/model#Skill","uri":"http://data.europa.eu/esco/skill/3f116c02-abdc-4c10-ac94-13325c50590e","title":"record license plates of violators","referenceLanguage":["en"],"preferredLabel":{"de":"Autokennzeichen von Regelverletzern aufzeichnen","no":"registrere nummerskilt til overtredere","en-us":"record license plates of violators","fi":"kirjata ylös rikkeentekijöiden rekisterikilpien numeroita","pt":"registar chapas de matrícula de infratores","bg":"записване на регистрационните номера на нарушители","lt":"registruoti pažeidėjų registracijos numerius","lv":"pierakstīt likumpārkāpēju automobiļu reģistrācijas numurus","hr":"bilježiti registarske pločice počinitelja prekršaja","fr":"enregistrer les plaques d’immatriculation de contrevenants","hu":"feljegyzi a szabálysértők rendszámát","sk":"zapisovať štátne poznávacie značky vodičov porušujúcich predpisy","sl":"zapisovati registrske tablice kršiteljev","ga":"uimhirphlátaí sáraitheoirí a thaifeadadh","sv":"anteckna lagöverträdares registreringsnummer","mt":"żamma tar-rekords tal-pjanċi tar-reġistrazzjoni tal-persuni li jwettqu kontravvenzjonijiet fit-toroq","el":"καταγραφή πινακίδων κυκλοφορίας παραβατών","en":"record license plates of violators","is":"skráir niður númeraplötur lögbrjóta","it":"annotare i numeri di targa dei trasgressori","es":"registrar las matrículas de los vehículos que infringen las normas de tráfico","et":"liikluseeskirjade rikkujate numbrimärke registreerima","cs":"zapisovat poznávací značky porušovatelů předpisů","ar":"يدون لوحات الترخيص للمخلين بالقانون","pl":"zapisywać numery tablic rejestracyjnych osób naruszających przepisy","ro":"înregistrează plăcuțele de înmatriculare ale autorilor infracțiunilor","da":"registrere lovovertræderes nummerplader","nl":"nummerplaten van overtreders registreren"},"alternativeLabel":{"en":["record license plate of violators","register license plates of violators","keep track of license plates of violators","document license plates of violators","record license plate of violator","log license plates of violators","record violator's license plate"],"nl":["nummerplaten van overtreders noteren"]},"description":{"en-us":{"literal":"Write down license numbers of vehicles of drivers who disregard traffic lights who violate traffic laws in any way. Report the infractions to the appropriate authorities.","mimetype":"plain/text"},"en":{"literal":"Write down license numbers of vehicles of drivers who disregard traffic lights who violate traffic laws in any way. Report the infractions to the appropriate authorities.","mimetype":"plain/text"}},"status":"released","_links":{"self":{"href":"https://ec.europa.eu/esco/api/resource/skill?uri=http://data.europa.eu/esco/skill/3f116c02-abdc-4c10-ac94-13325c50590e&language=en","uri":"http://data.europa.eu/esco/skill/3f116c02-abdc-4c10-ac94-13325c50590e","title":"record license plates of violators"},"isTopConceptInScheme":[{"href":"https://ec.europa.eu/esco/api/resource/taxonomy?uri=http://data.europa.eu/esco/concept-scheme/member-skills&language=en","uri":"http://data.europa.eu/esco/concept-scheme/member-skills","title":"ESCO member skills"},{"href":"https://ec.europa.eu/esco/api/resource/taxonomy?uri=http://data.europa.eu/esco/concept-scheme/skills&language=en","uri":"http://data.europa.eu/esco/concept-scheme/skills","title":"ESCO skills"}],"isInScheme":[{"href":"https://ec.europa.eu/esco/api/resource/taxonomy?uri=http://data.europa.eu/esco/concept-scheme/member-skills&language=en","uri":"http://data.europa.eu/esco/concept-scheme/member-skills","title":"ESCO member skills"},{"href":"https://ec.europa.eu/esco/api/resource/taxonomy?uri=http://data.europa.eu/esco/concept-scheme/skills&language=en","uri":"http://data.europa.eu/esco/concept-scheme/skills","title":"ESCO skills"}],"hasSkillType":[{"href":"https://ec.europa.eu/esco/api/resource/concept?uri=http://data.europa.eu/esco/skill-type/skill&language=en","uri":"http://data.europa.eu/esco/skill-type/skill","title":"skill"}],"hasReuseLevel":[{"href":"https://ec.europa.eu/esco/api/resource/concept?uri=http://data.europa.eu/esco/skill-reuse-level/sector-specific&language=en","uri":"http://data.europa.eu/esco/skill-reuse-level/sector-specific","title":"sector specific skills and competences","code":"Level 3"}],"isOptionalForOccupation":[{"href":"https://ec.europa.eu/esco/api/resource/occupation?uri=http://data.europa.eu/esco/occupation/12da0bb1-26c8-46eb-9476-797f4f1c441e&language=en","uri":"http://data.europa.eu/esco/occupation/12da0bb1-26c8-46eb-9476-797f4f1c441e","title":"crossing guard"},{"href":"https://ec.europa.eu/esco/api/resource/occupation?uri=http://data.europa.eu/esco/occupation/b8b98b65-7db2-43f8-8ac4-2f1903984e7b&language=en","uri":"http://data.europa.eu/esco/occupation/b8b98b65-7db2-43f8-8ac4-2f1903984e7b","title":"civil enforcement officer"}]},"_embedded":{}},{"className":"Skill","classId":"http://data.europa.eu/esco/model#Skill","uri":"http://data.europa.eu/esco/skill/544ba15f-0719-45cf-bcf2-6453052e2647","title":"prepare patients for assessments","referenceLanguage":["en"],"preferredLabel":{"de":"Patienten auf Begutachtungen vorbereiten","no":"klargjøre pasienter for vurderinger","en-us":"prepare patients for assessments","fi":"valmistella potilaita arviointia varten","pt":"preparar doentes para exame auditivo","bg":"подготвяне на пациенти за преглед","lt":"paruošti pacientus apžiūrai","hr":"pripremati pacijente za preglede","lv":"sagatavot pacientus izmeklēšanai","fr":"préparer des patients pour des examens","hu":"előkészíti a betegeket a vizsgálatra","sk":"pripravovať pacientov na vyšetrenie","sl":"pripravljati paciente za preglede","ga":"othair a ullmhú le haghaidh measúnuithe","sv":"förbereda patienter för bedömning","el":"προετοιμασία ασθενών για εξετάσεις","mt":"tħejjija tal-pazjenti għall-valutazzjonijiet","en":"prepare patients for assessments","is":"undirbýr sjúklinga fyrir mat","it":"preparare i pazienti per le visite","es":"preparar a los pacientes para la consulta","et":"patsiente nende olukorra hindamiseks ette valmistama","cs":"připravovat pacienty na vyšetření","ar":"يهيئ المرضى لعمليات التقييم","pl":"przygotowywać pacjentów do badania","da":"klargøre patienter til undersøgelse","ro":"pregătește pacienții pentru consult","nl":"patiënten gereedmaken voor testen"},"alternativeLabel":{"en":["develop patients for assessments","arrange patients for assessments","prepare a patient for assessments","provide patients for assessments","prepare a patient for an assessment","preparing patients for assessments","plan patients for assessments"],"nl":["patiënten voorbereiden op testen"]},"description":{"en-us":{"literal":"Prepare audiologist patients for assessment and consultation; prepare medical equipment and hearing tests.","mimetype":"plain/text"},"en":{"literal":"Prepare audiologist patients for assessment and consultation; prepare medical equipment and hearing tests.","mimetype":"plain/text"}},"status":"released","_links":{"self":{"href":"https://ec.europa.eu/esco/api/resource/skill?uri=http://data.europa.eu/esco/skill/544ba15f-0719-45cf-bcf2-6453052e2647&language=en","uri":"http://data.europa.eu/esco/skill/544ba15f-0719-45cf-bcf2-6453052e2647","title":"prepare patients for assessments"},"isTopConceptInScheme":[{"href":"https://ec.europa.eu/esco/api/resource/taxonomy?uri=http://data.europa.eu/esco/concept-scheme/skills&language=en","uri":"http://data.europa.eu/esco/concept-scheme/skills","title":"ESCO skills"},{"href":"https://ec.europa.eu/esco/api/resource/taxonomy?uri=http://data.europa.eu/esco/concept-scheme/member-skills&language=en","uri":"http://data.europa.eu/esco/concept-scheme/member-skills","title":"ESCO member skills"}],"isInScheme":[{"href":"https://ec.europa.eu/esco/api/resource/taxonomy?uri=http://data.europa.eu/esco/concept-scheme/skills&language=en","uri":"http://data.europa.eu/esco/concept-scheme/skills","title":"ESCO skills"},{"href":"https://ec.europa.eu/esco/api/resource/taxonomy?uri=http://data.europa.eu/esco/concept-scheme/member-skills&language=en","uri":"http://data.europa.eu/esco/concept-scheme/member-skills","title":"ESCO member skills"}],"hasSkillType":[{"href":"https://ec.europa.eu/esco/api/resource/concept?uri=http://data.europa.eu/esco/skill-type/skill&language=en","uri":"http://data.europa.eu/esco/skill-type/skill","title":"skill"}],"hasReuseLevel":[{"href":"https://ec.europa.eu/esco/api/resource/concept?uri=http://data.europa.eu/esco/skill-reuse-level/occupation-specific&language=en","uri":"http://data.europa.eu/esco/skill-reuse-level/occupation-specific","title":"occupation specific skills and competences","code":"Level 4"}],"isOptionalForOccupation":[{"href":"https://ec.europa.eu/esco/api/resource/occupation?uri=http://data.europa.eu/esco/occupation/521bbfd5-c179-46e3-879b-e74bd6db367c&language=en","uri":"http://data.europa.eu/esco/occupation/521bbfd5-c179-46e3-879b-e74bd6db367c","title":"audiology technician"}]},"_embedded":{}},{"className":"Skill","classId":"http://data.europa.eu/esco/model#Skill","uri":"http://data.europa.eu/esco/skill/7036f99c-7a1d-4bf6-b3c1-9778b6c657f9","title":"estimate needs of artistic production","referenceLanguage":["en"],"preferredLabel":{"de":"den Bedarf für künstlerische Produktionen einschätzen","no":"estimere behov for kunstnerisk produksjon","fi":"arvioida taiteellisen tuotannon tarpeita","en-us":"estimate needs of artistic production","pt":"estimar os elementos necessários para a produção artística","bg":"оценяване на нуждите от артистични продукции","lt":"įvertinti meninės produkcijos poreikius","hr":"procjenjivati potrebe umjetničke produkcije","lv":"noteikt mākslas pasākuma producēšanas vajadzības","fr":"estimer les besoins d'une production artistique","hu":"becslést készít a művészeti produkció erőforrás‑szükségletéről","sk":"odhadnúť potreby umeleckej produkcie","sl":"ocenjevati potrebe umetniške produkcije","ga":"riachtanais an léirithe ealaíne a mheas","sv":"bedöma behoven vid konstnärlig produktion","mt":"stimar tal-ħtiġijiet tal-produzzjonijiet artistiċi","el":"εκτίμηση των αναγκών της καλλιτεχνικής παραγωγής","en":"estimate needs of artistic production","is":"metur þarfir listrænnar framleiðslu","it":"stimare le esigenze della produzione artistica","es":"estimar los requisitos de una producción artística","et":"kunstilise produktsiooni vajadusi prognoosima","cs":"odhadnout potřeby umělecké produkce","ar":"يقدر احتياجات الإنتاج الفني","pl":"oceniać potrzeby związane z produkcją artystyczną","ro":"estimează nevoile producției artistice","da":"estimere behovet for kunstnerisk produktion","nl":"behoeften van een artistieke productie inschatten"},"alternativeLabel":{"en":["estimate needs for artistic production","estimate artistic production needs","analyse and estimate the production needs","foresee artistic production requirements"],"nl":["behoeftes van een artistieke productie inschatten"]},"description":{"en-us":{"literal":"analyze, estimate and list the production needs.","mimetype":"plain/text"},"en":{"literal":"Analyse, estimate and list the production needs.","mimetype":"plain/text"}},"status":"released","_links":{"self":{"href":"https://ec.europa.eu/esco/api/resource/skill?uri=http://data.europa.eu/esco/skill/7036f99c-7a1d-4bf6-b3c1-9778b6c657f9&language=en","uri":"http://data.europa.eu/esco/skill/7036f99c-7a1d-4bf6-b3c1-9778b6c657f9","title":"estimate needs of artistic production"},"isTopConceptInScheme":[{"href":"https://ec.europa.eu/esco/api/resource/taxonomy?uri=http://data.europa.eu/esco/concept-scheme/skills&language=en","uri":"http://data.europa.eu/esco/concept-scheme/skills","title":"ESCO skills"},{"href":"https://ec.europa.eu/esco/api/resource/taxonomy?uri=http://data.europa.eu/esco/concept-scheme/member-skills&language=en","uri":"http://data.europa.eu/esco/concept-scheme/member-skills","title":"ESCO member skills"}],"isInScheme":[{"href":"https://ec.europa.eu/esco/api/resource/taxonomy?uri=http://data.europa.eu/esco/concept-scheme/skills&language=en","uri":"http://data.europa.eu/esco/concept-scheme/skills","title":"ESCO skills"},{"href":"https://ec.europa.eu/esco/api/resource/taxonomy?uri=http://data.europa.eu/esco/concept-scheme/member-skills&language=en","uri":"http://data.europa.eu/esco/concept-scheme/member-skills","title":"ESCO member skills"}],"hasSkillType":[{"href":"https://ec.europa.eu/esco/api/resource/concept?uri=http://data.europa.eu/esco/skill-type/skill&language=en","uri":"http://data.europa.eu/esco/skill-type/skill","title":"skill"}],"hasReuseLevel":[{"href":"https://ec.europa.eu/esco/api/resource/concept?uri=http://data.europa.eu/esco/skill-reuse-level/cross-sector&language=en","uri":"http://data.europa.eu/esco/skill-reuse-level/cross-sector","title":"cross-sector skills and competences","code":"Level 2"}],"isEssentialForOccupation":[{"href":"https://ec.europa.eu/esco/api/resource/occupation?uri=http://data.europa.eu/esco/occupation/03632d98-0ae3-4dd2-941c-3b48de9a0219&language=en","uri":"http://data.europa.eu/esco/occupation/03632d98-0ae3-4dd2-941c-3b48de9a0219","title":"performance production manager"}],"isOptionalForOccupation":[{"href":"https://ec.europa.eu/esco/api/resource/occupation?uri=http://data.europa.eu/esco/occupation/6066ed14-ace3-4352-b656-2b621fd7bc88&language=en","uri":"http://data.europa.eu/esco/occupation/6066ed14-ace3-4352-b656-2b621fd7bc88","title":"cultural facilities manager"}]},"_embedded":{}},{"className":"Skill","classId":"http://data.europa.eu/esco/model#Skill","uri":"http://data.europa.eu/esco/skill/c5111560-0140-48bc-8475-0638a8cc852f","title":"develop recreation programmes","referenceLanguage":["en"],"preferredLabel":{"no":"utvikle rekreasjonsprogrammer","de":"Erholungsprogramme entwickeln","fi":"laatia virkistysohjelmia","en-us":"develop recreation programs","pt":"desenvolver programas recreativos","bg":"разработване на програми за отдих","lt":"kurti rekreacinės veiklos programas","hr":"razvijati rekreacijske programe","lv":"izstrādāt atpūtas programmas","fr":"élaborer des programmes récréatifs","hu":"szabadidős programokat dolgoz ki","sk":"pripravovať rekreačné programy","sl":"oblikovati programe za rekreacijo","ga":"cláir chaithimh aimsire a fhorbairt","sv":"utarbeta fritidsprogram","el":"εκπόνηση προγραμμάτων αναψυχής","mt":"żvilupp ta’ programmi rikreattivi","en":"develop recreation programmes","is":"þróar tómstundaáætlanir","it":"sviluppare i programmi ricreativi","es":"elaborar programas de ocio","et":"ajaviiteprogramme välja töötama","cs":"rozvíjet rekreační programy","ar":"يطور برامج ترفيهية","pl":"opracowywać programy rekreacyjne","da":"udvikle rekreationsprogrammer","ro":"elaborează programe recreative","nl":"recreatieprogramma’s ontwikkelen"},"alternativeLabel":{"fi":["kehittää virkistävää ohjelmaa"],"sl":["razvijati programe za rekreacijo"],"en":["lead recreation programmes","operate recreation activities","lead recreation activities","establish recreation activities","operate recreation programmes","undertake recreation programmes","establish recreation programmes","undertake recreation activities"]},"description":{"en-us":{"literal":"Develop plans and policies which aim to provide the desired recreation activities to a target group or in a community.","mimetype":"plain/text"},"en":{"literal":"Develop plans and policies which aim to provide the desired recreation activities to a target group or in a community.","mimetype":"plain/text"}},"status":"released","_links":{"self":{"href":"https://ec.europa.eu/esco/api/resource/skill?uri=http://data.europa.eu/esco/skill/c5111560-0140-48bc-8475-0638a8cc852f&language=en","uri":"http://data.europa.eu/esco/skill/c5111560-0140-48bc-8475-0638a8cc852f","title":"develop recreation programmes"},"isTopConceptInScheme":[{"href":"https://ec.europa.eu/esco/api/resource/taxonomy?uri=http://data.europa.eu/esco/concept-scheme/skills&language=en","uri":"http://data.europa.eu/esco/concept-scheme/skills","title":"ESCO skills"},{"href":"https://ec.europa.eu/esco/api/resource/taxonomy?uri=http://data.europa.eu/esco/concept-scheme/member-skills&language=en","uri":"http://data.europa.eu/esco/concept-scheme/member-skills","title":"ESCO member skills"}],"isInScheme":[{"href":"https://ec.europa.eu/esco/api/resource/taxonomy?uri=http://data.europa.eu/esco/concept-scheme/skills&language=en","uri":"http://data.europa.eu/esco/concept-scheme/skills","title":"ESCO skills"},{"href":"https://ec.europa.eu/esco/api/resource/taxonomy?uri=http://data.europa.eu/esco/concept-scheme/member-skills&language=en","uri":"http://data.europa.eu/esco/concept-scheme/member-skills","title":"ESCO member skills"}],"hasSkillType":[{"href":"https://ec.europa.eu/esco/api/resource/concept?uri=http://data.europa.eu/esco/skill-type/skill&language=en","uri":"http://data.europa.eu/esco/skill-type/skill","title":"skill"}],"hasReuseLevel":[{"href":"https://ec.europa.eu/esco/api/resource/concept?uri=http://data.europa.eu/esco/skill-reuse-level/sector-specific&language=en","uri":"http://data.europa.eu/esco/skill-reuse-level/sector-specific","title":"sector specific skills and competences","code":"Level 3"}],"isEssentialForOccupation":[{"href":"https://ec.europa.eu/esco/api/resource/occupation?uri=http://data.europa.eu/esco/occupation/55f001af-fa48-4c0c-a7e5-fc69babe3d45&language=en","uri":"http://data.europa.eu/esco/occupation/55f001af-fa48-4c0c-a7e5-fc69babe3d45","title":"botanist"},{"href":"https://ec.europa.eu/esco/api/resource/occupation?uri=http://data.europa.eu/esco/occupation/1c948509-4015-40b0-b380-105fc85782a5&language=en","uri":"http://data.europa.eu/esco/occupation/1c948509-4015-40b0-b380-105fc85782a5","title":"zoo curator"},{"href":"https://ec.europa.eu/esco/api/resource/occupation?uri=http://data.europa.eu/esco/occupation/771955d9-e988-47f3-b60f-207adb2cd571&language=en","uri":"http://data.europa.eu/esco/occupation/771955d9-e988-47f3-b60f-207adb2cd571","title":"recreational facilities manager"},{"href":"https://ec.europa.eu/esco/api/resource/occupation?uri=http://data.europa.eu/esco/occupation/33e3a746-f209-4a1a-96df-301505531cb2&language=en","uri":"http://data.europa.eu/esco/occupation/33e3a746-f209-4a1a-96df-301505531cb2","title":"beauty salon manager"},{"href":"https://ec.europa.eu/esco/api/resource/occupation?uri=http://data.europa.eu/esco/occupation/7b629a14-09d0-417e-8181-7683923b4e5e&language=en","uri":"http://data.europa.eu/esco/occupation/7b629a14-09d0-417e-8181-7683923b4e5e","title":"sports programme coordinator"},{"href":"https://ec.europa.eu/esco/api/resource/occupation?uri=http://data.europa.eu/esco/occupation/080fc550-b7ca-4576-aaf5-06fffbede994&language=en","uri":"http://data.europa.eu/esco/occupation/080fc550-b7ca-4576-aaf5-06fffbede994","title":"spa manager"},{"href":"https://ec.europa.eu/esco/api/resource/occupation?uri=http://data.europa.eu/esco/occupation/fdf7b000-d923-4086-9660-eb8ee5e77ef0&language=en","uri":"http://data.europa.eu/esco/occupation/fdf7b000-d923-4086-9660-eb8ee5e77ef0","title":"recreation policy officer"}],"isOptionalForOccupation":[{"href":"https://ec.europa.eu/esco/api/resource/occupation?uri=http://data.europa.eu/esco/occupation/bcc2c1db-f969-4355-bebf-4878ff6c2a94&language=en","uri":"http://data.europa.eu/esco/occupation/bcc2c1db-f969-4355-bebf-4878ff6c2a94","title":"service manager"},{"href":"https://ec.europa.eu/esco/api/resource/occupation?uri=http://data.europa.eu/esco/occupation/146f2c99-3f8b-4856-95ba-3ecfea681809&language=en","uri":"http://data.europa.eu/esco/occupation/146f2c99-3f8b-4856-95ba-3ecfea681809","title":"gambling manager"},{"href":"https://ec.europa.eu/esco/api/resource/occupation?uri=http://data.europa.eu/esco/occupation/234be692-befb-41df-bdf0-e1b2f4eaf5e7&language=en","uri":"http://data.europa.eu/esco/occupation/234be692-befb-41df-bdf0-e1b2f4eaf5e7","title":"activity leader"}]},"_embedded":{}},{"className":"Skill","classId":"http://data.europa.eu/esco/model#Skill","uri":"http://data.europa.eu/esco/skill/130cff37-c18c-4425-83bd-941918f2239c","title":"finish animal structure","referenceLanguage":["en"],"preferredLabel":{"de":"geformten Tierkörper vollenden","no":"ferdigstille dyrestruktur","en-us":"finish animal structure","fi":"viimeistellä eläimen rakenne","pt":"fazer acabamentos na estrutura do animal","bg":"довършване на структурата на животно","lt":"atlikti baigiamuosius gyvūno sandarą atspindinčių modelių gamybos darbus","lv":"veikt dzīvnieku konstrukcijas apdari","hr":"dovršiti strukturu životinje","fr":"faire la finition d’une structure d’animal","hu":"rögzíti a többi részt az állat vázához","sk":"vykonať konečnú úpravu modelu zvieraťa","sl":"zaključiti strukturo živali","ga":"struchtúr ainmhí a chríochnú","sv":"färdigställa struktur för djurkropp","el":"τελειοποίηση του σκελετού του ζώου","mt":"tlestija ta’ strutturi tal-annimali","en":"finish animal structure","is":"leggur lokahönd á formgerð dýra","it":"completare struttura animale","es":"terminar estructuras de animales","et":"loomamaketti viimistlema","cs":"provádět dokončovací práce při vytváření modelů zvířat","ar":"ينهي الهياكل الحيوانية","pl":"wykańczać struktury zwierzęce","da":"overfladebehandle dyrefigur","ro":"finisează structura animalului","nl":"dierlijke structuren afwerken"},"alternativeLabel":{"bg":["довършване на животинска форма","довършване на животинска структура"],"en":["finalise animal structures","terminate animal structures","finish animal structures","complete animal structures","finish an animal structure"],"lv":["pabeigt izbāzeņu apdari"],"es":["completar estructuras de animales","encargarse del acabado de estructuras de animales"]},"description":{"en-us":{"literal":"Finish the animals structure by attaching other parts and accessories to the structure, such as a nose, ears, eyes or tail. For bigger animals, glue also the skin to the structure of the animal.","mimetype":"plain/text"},"en":{"literal":"Finish the animals structure by attaching other parts and accessories to the structure, such as a nose, ears, eyes or tail. For bigger animals, glue also the skin to the structure of the animal.","mimetype":"plain/text"}},"status":"released","_links":{"self":{"href":"https://ec.europa.eu/esco/api/resource/skill?uri=http://data.europa.eu/esco/skill/130cff37-c18c-4425-83bd-941918f2239c&language=en","uri":"http://data.europa.eu/esco/skill/130cff37-c18c-4425-83bd-941918f2239c","title":"finish animal structure"},"isTopConceptInScheme":[{"href":"https://ec.europa.eu/esco/api/resource/taxonomy?uri=http://data.europa.eu/esco/concept-scheme/member-skills&language=en","uri":"http://data.europa.eu/esco/concept-scheme/member-skills","title":"ESCO member skills"},{"href":"https://ec.europa.eu/esco/api/resource/taxonomy?uri=http://data.europa.eu/esco/concept-scheme/skills&language=en","uri":"http://data.europa.eu/esco/concept-scheme/skills","title":"ESCO skills"}],"isInScheme":[{"href":"https://ec.europa.eu/esco/api/resource/taxonomy?uri=http://data.europa.eu/esco/concept-scheme/member-skills&language=en","uri":"http://data.europa.eu/esco/concept-scheme/member-skills","title":"ESCO member skills"},{"href":"https://ec.europa.eu/esco/api/resource/taxonomy?uri=http://data.europa.eu/esco/concept-scheme/skills&language=en","uri":"http://data.europa.eu/esco/concept-scheme/skills","title":"ESCO skills"}],"hasSkillType":[{"href":"https://ec.europa.eu/esco/api/resource/concept?uri=http://data.europa.eu/esco/skill-type/skill&language=en","uri":"http://data.europa.eu/esco/skill-type/skill","title":"skill"}],"hasReuseLevel":[{"href":"https://ec.europa.eu/esco/api/resource/concept?uri=http://data.europa.eu/esco/skill-reuse-level/occupation-specific&language=en","uri":"http://data.europa.eu/esco/skill-reuse-level/occupation-specific","title":"occupation specific skills and competences","code":"Level 4"}],"isEssentialForOccupation":[{"href":"https://ec.europa.eu/esco/api/resource/occupation?uri=http://data.europa.eu/esco/occupation/a78d8e2b-fe31-447f-8694-38ed7198d143&language=en","uri":"http://data.europa.eu/esco/occupation/a78d8e2b-fe31-447f-8694-38ed7198d143","title":"taxidermist"}]},"_embedded":{}},{"className":"Skill","classId":"http://data.europa.eu/esco/model#Skill","uri":"http://data.europa.eu/esco/skill/a487b459-92be-4946-825e-4a8b7fd2930e","title":"provide membership service","referenceLanguage":["en"],"preferredLabel":{"de":"Dienstleistungen für Mitglieder erbringen","no":"levere kundeservice til medlemmer","fi":"tarjota jäsenpalveluja","en-us":"provide membership service","pt":"fornecer apoio em matéria de adesões e prestação de serviços a membros filiados","bg":"предоставяне на услуги, свързани с членството","lt":"teikti paslaugas nariams","lv":"apkalpot organizācijas biedrus","hr":"pružati usluge za članove","fr":"proposer un service d'adhésion","hu":"tagsági szolgáltatást nyújt","sk":"poskytovať služby členskej základne","sl":"zagotavljati storitve za člane","ga":"seirbhís a chur ar fáil do bhaill","sv":"tillhandahålla medlemstjänster","mt":"forniment tas-servizzi ta’ sħubija","el":"παροχή υπηρεσιών διαχείρισης μελών","en":"provide membership service","is":"veitir þjónustu til aðildarfélaga","it":"fornire assistenza agli iscritti","es":"ofrecer servicios a los miembros","et":"liikmeid teenindama","cs":"poskytovat členské služby","ar":"يقدم خدمة الأعضاء","pl":"świadczyć usługi na rzecz członków","da":"yde medlemskabstjenester","ro":"oferă servicii membrilor","nl":"klantenservice bieden"},"alternativeLabel":{"en":["contribute to member services","furnish membership services","contribute to membership services","administer member services","arrange member services","administer membership services","furnish member services","arrange membership services"]},"description":{"en-us":{"literal":"Ensure good service for all members by monitoring the mail box on a regular basis, by resolving membership issues that arise and by advising members on benefits and renewals.","mimetype":"plain/text"},"en":{"literal":"Ensure good service for all members by monitoring the mail box on a regular basis, by resolving membership issues that arise and by advising members on benefits and renewals.","mimetype":"plain/text"}},"status":"released","_links":{"self":{"href":"https://ec.europa.eu/esco/api/resource/skill?uri=http://data.europa.eu/esco/skill/a487b459-92be-4946-825e-4a8b7fd2930e&language=en","uri":"http://data.europa.eu/esco/skill/a487b459-92be-4946-825e-4a8b7fd2930e","title":"provide membership service"},"isTopConceptInScheme":[{"href":"https://ec.europa.eu/esco/api/resource/taxonomy?uri=http://data.europa.eu/esco/concept-scheme/skills&language=en","uri":"http://data.europa.eu/esco/concept-scheme/skills","title":"ESCO skills"},{"href":"https://ec.europa.eu/esco/api/resource/taxonomy?uri=http://data.europa.eu/esco/concept-scheme/member-skills&language=en","uri":"http://data.europa.eu/esco/concept-scheme/member-skills","title":"ESCO member skills"}],"isInScheme":[{"href":"https://ec.europa.eu/esco/api/resource/taxonomy?uri=http://data.europa.eu/esco/concept-scheme/skills&language=en","uri":"http://data.europa.eu/esco/concept-scheme/skills","title":"ESCO skills"},{"href":"https://ec.europa.eu/esco/api/resource/taxonomy?uri=http://data.europa.eu/esco/concept-scheme/member-skills&language=en","uri":"http://data.europa.eu/esco/concept-scheme/member-skills","title":"ESCO member skills"}],"hasSkillType":[{"href":"https://ec.europa.eu/esco/api/resource/concept?uri=http://data.europa.eu/esco/skill-type/skill&language=en","uri":"http://data.europa.eu/esco/skill-type/skill","title":"skill"}],"hasReuseLevel":[{"href":"https://ec.europa.eu/esco/api/resource/concept?uri=http://data.europa.eu/esco/skill-reuse-level/sector-specific&language=en","uri":"http://data.europa.eu/esco/skill-reuse-level/sector-specific","title":"sector specific skills and competences","code":"Level 3"}],"isEssentialForOccupation":[{"href":"https://ec.europa.eu/esco/api/resource/occupation?uri=http://data.europa.eu/esco/occupation/0a3c2d5b-e1f9-4200-9288-62bf3fed3310&language=en","uri":"http://data.europa.eu/esco/occupation/0a3c2d5b-e1f9-4200-9288-62bf3fed3310","title":"membership administrator"},{"href":"https://ec.europa.eu/esco/api/resource/occupation?uri=http://data.europa.eu/esco/occupation/4ae470fc-bcf8-4704-abd5-e086ebb1552c&language=en","uri":"http://data.europa.eu/esco/occupation/4ae470fc-bcf8-4704-abd5-e086ebb1552c","title":"membership manager"}],"isOptionalForOccupation":[{"href":"https://ec.europa.eu/esco/api/resource/occupation?uri=http://data.europa.eu/esco/occupation/bcc2c1db-f969-4355-bebf-4878ff6c2a94&language=en","uri":"http://data.europa.eu/esco/occupation/bcc2c1db-f969-4355-bebf-4878ff6c2a94","title":"service manager"}]},"_embedded":{}},{"className":"Skill","classId":"http://data.europa.eu/esco/model#Skill","uri":"http://data.europa.eu/esco/skill/68d5d7e2-1e9e-4b2b-bce9-ff6c687e4f45","title":"develop sewerage networks","referenceLanguage":["en"],"preferredLabel":{"no":"utvikle kloakknettverk","de":"Kanalisationsnetze entwerfen","en-us":"develop sewerage networks","fi":"kehittää viemäriverkostoja","pt":"desenvolver redes de esgotos","bg":"разработване на канализационни мрежи","lt":"plėtoti nuotekų tinklus","hr":"razvijati kanalizacijske mreže","lv":"projektēt kanalizācijas sistēmas","fr":"créer des réseaux d’assainissement","hu":"csatornahálózatot alakít ki","sk":"vytvárať kanalizačné siete","sl":"razvijati kanalizacijske sisteme","ga":"córais séarachais a fhorbairt","sv":"utveckla avloppssystem","mt":"żvilupp ta’ netwerks tad-drenaġġ","el":"ανάπτυξη δικτύων υπονόμων","en":"develop sewerage networks","is":"þróar frárennslisnet","it":"potenziare reti fognarie","es":"construir alcantarillados","et":"kanalisatsioonivõrke arendama","cs":"vytvářet kanalizační sítě","ar":"يطور شبكات الصرف الصحي","pl":"opracowywać sieci kanalizacyjne","da":"udvikle kloaknet","ro":"proiectează sisteme de colectare și epurare a apelor uzate","nl":"rioleringsnetwerken ontwikkelen"},"alternativeLabel":{"en":["sewerage network creating","sewerage networks developing","sewerage network developing","creating sewerage networks","sewerage networks creating","developing sewerage networks","create sewerage networks"],"es":["planificar redes alcantarillado","desarrollar sistemas de alcantarillado","construir redes de alcantarillado"]},"description":{"en-us":{"literal":"Develop systems and methods of construction and installation of waste water transportation and treatment equipment, which is used to transport waste water from residences and facilities through water treatment facilities, or through other sewerage systems, to ensure proper disposal or reuse. Develop such systems with environmental and sustainability concerns in mind.","mimetype":"plain/text"},"en":{"literal":"Develop systems and methods of construction and installation of waste water transportation and treatment equipment, which is used to transport waste water from residences and facilities through water treatment facilities, or through other sewerage systems, to ensure proper disposal or reuse. Develop such systems with environmental and sustainability concerns in mind.","mimetype":"plain/text"}},"status":"released","_links":{"self":{"href":"https://ec.europa.eu/esco/api/resource/skill?uri=http://data.europa.eu/esco/skill/68d5d7e2-1e9e-4b2b-bce9-ff6c687e4f45&language=en","uri":"http://data.europa.eu/esco/skill/68d5d7e2-1e9e-4b2b-bce9-ff6c687e4f45","title":"develop sewerage networks"},"isTopConceptInScheme":[{"href":"https://ec.europa.eu/esco/api/resource/taxonomy?uri=http://data.europa.eu/esco/concept-scheme/member-skills&language=en","uri":"http://data.europa.eu/esco/concept-scheme/member-skills","title":"ESCO member skills"},{"href":"https://ec.europa.eu/esco/api/resource/taxonomy?uri=http://data.europa.eu/esco/concept-scheme/skills&language=en","uri":"http://data.europa.eu/esco/concept-scheme/skills","title":"ESCO skills"}],"isInScheme":[{"href":"https://ec.europa.eu/esco/api/resource/taxonomy?uri=http://data.europa.eu/esco/concept-scheme/member-skills&language=en","uri":"http://data.europa.eu/esco/concept-scheme/member-skills","title":"ESCO member skills"},{"href":"https://ec.europa.eu/esco/api/resource/taxonomy?uri=http://data.europa.eu/esco/concept-scheme/skills&language=en","uri":"http://data.europa.eu/esco/concept-scheme/skills","title":"ESCO skills"}],"hasSkillType":[{"href":"https://ec.europa.eu/esco/api/resource/concept?uri=http://data.europa.eu/esco/skill-type/skill&language=en","uri":"http://data.europa.eu/esco/skill-type/skill","title":"skill"}],"hasReuseLevel":[{"href":"https://ec.europa.eu/esco/api/resource/concept?uri=http://data.europa.eu/esco/skill-reuse-level/sector-specific&language=en","uri":"http://data.europa.eu/esco/skill-reuse-level/sector-specific","title":"sector specific skills and competences","code":"Level 3"}],"isEssentialForOccupation":[{"href":"https://ec.europa.eu/esco/api/resource/occupation?uri=http://data.europa.eu/esco/occupation/9740933e-e04a-41f6-af1f-a6d58c7eb0ec&language=en","uri":"http://data.europa.eu/esco/occupation/9740933e-e04a-41f6-af1f-a6d58c7eb0ec","title":"wastewater engineer"}],"isOptionalForOccupation":[{"href":"https://ec.europa.eu/esco/api/resource/occupation?uri=http://data.europa.eu/esco/occupation/6426ada1-4d8c-4612-99e3-91bc569805ee&language=en","uri":"http://data.europa.eu/esco/occupation/6426ada1-4d8c-4612-99e3-91bc569805ee","title":"manufacturing manager"},{"href":"https://ec.europa.eu/esco/api/resource/occupation?uri=http://data.europa.eu/esco/occupation/9deee896-be9b-4aac-b55e-ceff1a7a843a&language=en","uri":"http://data.europa.eu/esco/occupation/9deee896-be9b-4aac-b55e-ceff1a7a843a","title":"sewerage systems manager"},{"href":"https://ec.europa.eu/esco/api/resource/occupation?uri=http://data.europa.eu/esco/occupation/fcf9024e-277c-43c7-8ec8-8903e5c9c576&language=en","uri":"http://data.europa.eu/esco/occupation/fcf9024e-277c-43c7-8ec8-8903e5c9c576","title":"water engineer"}]},"_embedded":{}},{"className":"Skill","classId":"http://data.europa.eu/esco/model#Skill","uri":"http://data.europa.eu/esco/skill/23a3d985-7945-465f-bb32-7af25cd065df","title":"detect finger prints","referenceLanguage":["en"],"preferredLabel":{"de":"Fingerabdrücke nachweisen","no":"finne fingeravtrykk","en-us":"detect finger prints","fi":"havaita sormenjälkiä","pt":"recolher impressões digitais","bg":"откриване на пръстови отпечатъци","lt":"aptikti pirštų atspaudus","hr":"otkrivati otiske prstiju","lv":"atklāt pirkstu nospiedumus","fr":"relever des empreintes digitales","hu":"ujjlenyomatokat derít fel","sk":"hľadať odtlačky prstov","sl":"odkrivati prstne odtise","ga":"méarlorga a bhrath","sv":"upptäcka fingeravtryck","mt":"identifikazzjoni tal-marki tas-swaba’","el":"ανίχνευση δακτυλικών αποτυπωμάτων","en":"detect finger prints","is":"tekur fingraför","it":"rilevare le impronte digitali","es":"encontrar huellas dactilares","et":"sõrmejälgi avastama","cs":"hledat otisky prstů","ar":"يكتشف بصمات الأصابع","pl":"wykrywać odciski palców","ro":"identifică amprente digitale","da":"finde fingeraftryk","nl":"vingerafdrukken verzamelen"},"alternativeLabel":{"bg":["откриване на дактилоскопични отпечатъци"],"el":["εντοπισμός δακτυλικών αποτυπωμάτων"],"en":["detect finger print","find finger prints","locate finger prints","investigate finger print","identify finger prints","investigate finger prints"],"nl":["vingerafdrukken detecteren"]},"description":{"en-us":{"literal":"Detect the presence of finger prints on a crime scene using the appropriate materials, and recording them in order to obtain evidence for the investigation of the events which have occurred on the scene.","mimetype":"plain/text"},"en":{"literal":"Detect the presence of finger prints on a crime scene using the appropriate materials, and recording them in order to obtain evidence for the investigation of the events which have occurred on the scene.","mimetype":"plain/text"}},"status":"released","_links":{"self":{"href":"https://ec.europa.eu/esco/api/resource/skill?uri=http://data.europa.eu/esco/skill/23a3d985-7945-465f-bb32-7af25cd065df&language=en","uri":"http://data.europa.eu/esco/skill/23a3d985-7945-465f-bb32-7af25cd065df","title":"detect finger prints"},"isTopConceptInScheme":[{"href":"https://ec.europa.eu/esco/api/resource/taxonomy?uri=http://data.europa.eu/esco/concept-scheme/skills&language=en","uri":"http://data.europa.eu/esco/concept-scheme/skills","title":"ESCO skills"},{"href":"https://ec.europa.eu/esco/api/resource/taxonomy?uri=http://data.europa.eu/esco/concept-scheme/member-skills&language=en","uri":"http://data.europa.eu/esco/concept-scheme/member-skills","title":"ESCO member skills"}],"isInScheme":[{"href":"https://ec.europa.eu/esco/api/resource/taxonomy?uri=http://data.europa.eu/esco/concept-scheme/skills&language=en","uri":"http://data.europa.eu/esco/concept-scheme/skills","title":"ESCO skills"},{"href":"https://ec.europa.eu/esco/api/resource/taxonomy?uri=http://data.europa.eu/esco/concept-scheme/member-skills&language=en","uri":"http://data.europa.eu/esco/concept-scheme/member-skills","title":"ESCO member skills"}],"hasSkillType":[{"href":"https://ec.europa.eu/esco/api/resource/concept?uri=http://data.europa.eu/esco/skill-type/skill&language=en","uri":"http://data.europa.eu/esco/skill-type/skill","title":"skill"}],"hasReuseLevel":[{"href":"https://ec.europa.eu/esco/api/resource/concept?uri=http://data.europa.eu/esco/skill-reuse-level/occupation-specific&language=en","uri":"http://data.europa.eu/esco/skill-reuse-level/occupation-specific","title":"occupation specific skills and competences","code":"Level 4"}],"isOptionalForOccupation":[{"href":"https://ec.europa.eu/esco/api/resource/occupation?uri=http://data.europa.eu/esco/occupation/3cee6bea-4a19-4511-9bbb-fdf820857555&language=en","uri":"http://data.europa.eu/esco/occupation/3cee6bea-4a19-4511-9bbb-fdf820857555","title":"criminal investigator"}]},"_embedded":{}},{"className":"Skill","classId":"http://data.europa.eu/esco/model#Skill","uri":"http://data.europa.eu/esco/skill/430c57a4-72d0-498f-8895-8f7a6c489cea","title":"operate photoreactors","referenceLanguage":["en"],"preferredLabel":{"no":"betjene fotoreaktorer","de":"Fotoreaktoren bedienen","fi":"käyttää fotokemiallisia puhdistuslaitteita","en-us":"operate photoreactors","pt":"operar fotoreatores","bg":"работене с фотореактори","lt":"valdyti fotocheminius reaktorius","lv":"darbināt fotoreaktorus","hr":"rukovati fotoreaktorima","fr":"utiliser des photoréacteurs","hu":"fotoreaktorokat üzemeltet","sk":"obsluhovať fotoreaktory","sl":"upravljati fotoreaktorje","ga":"fótai-imoibritheoirí a oibriú","sv":"sköta fotoreaktorer","mt":"tħaddim tal-fotoreatturi","el":"χειρισμός φωτοαντιδραστήρων","en":"operate photoreactors","is":"stjórnar ljósefnatönkum","it":"utilizzare i fotoreattori","es":"manejar fotorreactores","et":"fotoreaktoritega töötama","cs":"obsluhovat fotoreaktory","ar":"يشغل المفاعلات الضوئية","pl":"obsługiwać fotoreaktory","ro":"utilizează fotoreactoare","da":"betjene fotoreaktorer","nl":"fotoreactoren bedienen"},"alternativeLabel":{"de":["Photoreaktoren bedienen"],"sv":["sköta ljusreaktorer"],"en":["using photoreactors","operating photoreactors","photoreactors using","photoreactors operating"],"ro":["manevrează fotoreactoare"],"nl":["fotoreactoren gebruiken"],"es":["manipular fotorreactores","manejar reactores fotoquímicos","operar fotorreactores"]},"description":{"en-us":{"literal":"Operate photoreactors under supervision.","mimetype":"plain/text"},"en":{"literal":"Operate photoreactors under supervision.","mimetype":"plain/text"}},"status":"released","_links":{"self":{"href":"https://ec.europa.eu/esco/api/resource/skill?uri=http://data.europa.eu/esco/skill/430c57a4-72d0-498f-8895-8f7a6c489cea&language=en","uri":"http://data.europa.eu/esco/skill/430c57a4-72d0-498f-8895-8f7a6c489cea","title":"operate photoreactors"},"isTopConceptInScheme":[{"href":"https://ec.europa.eu/esco/api/resource/taxonomy?uri=http://data.europa.eu/esco/concept-scheme/skills&language=en","uri":"http://data.europa.eu/esco/concept-scheme/skills","title":"ESCO skills"},{"href":"https://ec.europa.eu/esco/api/resource/taxonomy?uri=http://data.europa.eu/esco/concept-scheme/member-skills&language=en","uri":"http://data.europa.eu/esco/concept-scheme/member-skills","title":"ESCO member skills"}],"isInScheme":[{"href":"https://ec.europa.eu/esco/api/resource/taxonomy?uri=http://data.europa.eu/esco/concept-scheme/skills&language=en","uri":"http://data.europa.eu/esco/concept-scheme/skills","title":"ESCO skills"},{"href":"https://ec.europa.eu/esco/api/resource/taxonomy?uri=http://data.europa.eu/esco/concept-scheme/member-skills&language=en","uri":"http://data.europa.eu/esco/concept-scheme/member-skills","title":"ESCO member skills"}],"hasSkillType":[{"href":"https://ec.europa.eu/esco/api/resource/concept?uri=http://data.europa.eu/esco/skill-type/skill&language=en","uri":"http://data.europa.eu/esco/skill-type/skill","title":"skill"}],"hasReuseLevel":[{"href":"https://ec.europa.eu/esco/api/resource/concept?uri=http://data.europa.eu/esco/skill-reuse-level/occupation-specific&language=en","uri":"http://data.europa.eu/esco/skill-reuse-level/occupation-specific","title":"occupation specific skills and competences","code":"Level 4"}],"isEssentialForOccupation":[{"href":"https://ec.europa.eu/esco/api/resource/occupation?uri=http://data.europa.eu/esco/occupation/a8c7004a-e59c-4a4d-9092-2cb4533ffe58&language=en","uri":"http://data.europa.eu/esco/occupation/a8c7004a-e59c-4a4d-9092-2cb4533ffe58","title":"aquaculture hatchery worker"}]},"_embedded":{}},{"className":"Skill","classId":"http://data.europa.eu/esco/model#Skill","uri":"http://data.europa.eu/esco/skill/6d35de4c-96d0-4598-b9ad-8b0e766919ca","title":"create base for products","referenceLanguage":["en"],"preferredLabel":{"no":"skape utgangspunkt for produkter","de":"Sockel für Produkte bauen","en-us":"create base for products","fi":"valmistaa tuotteiden jalusta","pt":"criar bases para produtos","bg":"създаване на постамент за продукти","lt":"kurti gaminių pagrindus","lv":"izgatavot produktu pamatni","hr":"izrađivati postolja za proizvode","fr":"créer une base pour un produit","hu":"termékekhez alapzatot készít","sk":"vyrábať podstavce na výrobky","sl":"izdelati podstavek za proizvode","ga":"seastán a chruthú do tháirgí","sv":"tillverka en bas för produkter","el":"δημιουργία βάσης για τα προϊόντα","mt":"ħolqien ta’ bażi għall-prodotti","en":"create base for products","is":"skapar undirstöðu fyrir vöru","it":"creare la base per prodotti","es":"construir una base para los productos","et":"tootealust valmistama","cs":"vytvářet podstavce pro produkty","ar":"يضع قاعدة للمنتجات","pl":"tworzyć podesty dla produktów","da":"skabe sokler til produkter","ro":"creează suporturi pentru produse","nl":"basis voor producten maken"},"alternativeLabel":{"bg":["създаване на поставка за продукти","създаване на пиедестал за продукти"],"en":["make base for products","produce base for products","construct base for products","create a base for products","build base for products","creating a base for products"],"pl":["tworzyć podstawy dla produktów"],"fr":["créer un socle pour un produit"],"es":["armar una base para los productos","fabricar una base para los productos","crear una base para los productos"]},"description":{"en-us":{"literal":"Manufacture the base or pedestal for a product so it can be mounted on top of it so the product can maintain its position and is easier to place.","mimetype":"plain/text"},"en":{"literal":"Manufacture the base or pedestal for a product so it can be mounted on top of it so the product can maintain its position and is easier to place.","mimetype":"plain/text"}},"status":"released","_links":{"self":{"href":"https://ec.europa.eu/esco/api/resource/skill?uri=http://data.europa.eu/esco/skill/6d35de4c-96d0-4598-b9ad-8b0e766919ca&language=en","uri":"http://data.europa.eu/esco/skill/6d35de4c-96d0-4598-b9ad-8b0e766919ca","title":"create base for products"},"isTopConceptInScheme":[{"href":"https://ec.europa.eu/esco/api/resource/taxonomy?uri=http://data.europa.eu/esco/concept-scheme/member-skills&language=en","uri":"http://data.europa.eu/esco/concept-scheme/member-skills","title":"ESCO member skills"},{"href":"https://ec.europa.eu/esco/api/resource/taxonomy?uri=http://data.europa.eu/esco/concept-scheme/skills&language=en","uri":"http://data.europa.eu/esco/concept-scheme/skills","title":"ESCO skills"}],"isInScheme":[{"href":"https://ec.europa.eu/esco/api/resource/taxonomy?uri=http://data.europa.eu/esco/concept-scheme/member-skills&language=en","uri":"http://data.europa.eu/esco/concept-scheme/member-skills","title":"ESCO member skills"},{"href":"https://ec.europa.eu/esco/api/resource/taxonomy?uri=http://data.europa.eu/esco/concept-scheme/skills&language=en","uri":"http://data.europa.eu/esco/concept-scheme/skills","title":"ESCO skills"}],"hasSkillType":[{"href":"https://ec.europa.eu/esco/api/resource/concept?uri=http://data.europa.eu/esco/skill-type/skill&language=en","uri":"http://data.europa.eu/esco/skill-type/skill","title":"skill"}],"hasReuseLevel":[{"href":"https://ec.europa.eu/esco/api/resource/concept?uri=http://data.europa.eu/esco/skill-reuse-level/occupation-specific&language=en","uri":"http://data.europa.eu/esco/skill-reuse-level/occupation-specific","title":"occupation specific skills and competences","code":"Level 4"}],"isOptionalForOccupation":[{"href":"https://ec.europa.eu/esco/api/resource/occupation?uri=http://data.europa.eu/esco/occupation/a78d8e2b-fe31-447f-8694-38ed7198d143&language=en","uri":"http://data.europa.eu/esco/occupation/a78d8e2b-fe31-447f-8694-38ed7198d143","title":"taxidermist"}]},"_embedded":{}},{"className":"Skill","classId":"http://data.europa.eu/esco/model#Skill","uri":"http://data.europa.eu/esco/skill/e517f098-dce4-4ecd-9371-499936c0f947","title":"promote recreation activities","referenceLanguage":["en"],"preferredLabel":{"no":"fremme rekreasjonsaktiviteter","de":"Freizeitaktivitäten fördern","fi":"edistää virkistystoimintaa","en-us":"promote recreation activities","pt":"promover atividades recreativas","bg":"насърчаване на дейностите за отдих","lt":"skatinti vykdyti rekreacinę veiklą","lv":"popularizēt atpūtas darbības","hr":"promovirati rekreativne aktivnosti","fr":"promouvoir des activités récréatives","hu":"szabadidős tevékenységeket népszerűsít","sk":"podporovať rekreačné činnosti","sl":"spodbujati rekreacijske dejavnosti","ga":"gníomhaíochtaí caithimh aimsire a chur chun cinn","sv":"främja fritidsverksamhet","mt":"promozzjoni tal-attivitajiet rikreattivi","el":"προώθηση δραστηριοτήτων ψυχαγωγίας","en":"promote recreation activities","is":"stuðlar að tómstundastarfi","it":"promuovere le attività ricreative","es":"promover actividades de ocio","et":"vabaajategevust edendama","cs":"podporovat volnočasové činnosti","ar":"يعزز الأنشطة الترفيهية","pl":"promować działania rekreacyjne","ro":"promovează activități recreative","da":"fremme rekreative aktiviteter","nl":"recreatieve activiteiten promoten"},"alternativeLabel":{"en":["boost recreation activities","stimulate recreation activities","advocate recreational programmes","boost recreational programmes","stimulate recreational programmes","encourage recreation activities","advocate recreation activities","encourage recreational programmes"]},"description":{"en-us":{"literal":"Promote the implementation of recreation programs in a community, as well as recreation services provided by an organization or institution.","mimetype":"plain/text"},"en":{"literal":"Promote the implementation of recreation programs in a community, as well as recreation services provided by an organisation or institution.","mimetype":"plain/text"}},"status":"released","_links":{"self":{"href":"https://ec.europa.eu/esco/api/resource/skill?uri=http://data.europa.eu/esco/skill/e517f098-dce4-4ecd-9371-499936c0f947&language=en","uri":"http://data.europa.eu/esco/skill/e517f098-dce4-4ecd-9371-499936c0f947","title":"promote recreation activities"},"isTopConceptInScheme":[{"href":"https://ec.europa.eu/esco/api/resource/taxonomy?uri=http://data.europa.eu/esco/concept-scheme/member-skills&language=en","uri":"http://data.europa.eu/esco/concept-scheme/member-skills","title":"ESCO member skills"},{"href":"https://ec.europa.eu/esco/api/resource/taxonomy?uri=http://data.europa.eu/esco/concept-scheme/skills&language=en","uri":"http://data.europa.eu/esco/concept-scheme/skills","title":"ESCO skills"}],"isInScheme":[{"href":"https://ec.europa.eu/esco/api/resource/taxonomy?uri=http://data.europa.eu/esco/concept-scheme/member-skills&language=en","uri":"http://data.europa.eu/esco/concept-scheme/member-skills","title":"ESCO member skills"},{"href":"https://ec.europa.eu/esco/api/resource/taxonomy?uri=http://data.europa.eu/esco/concept-scheme/skills&language=en","uri":"http://data.europa.eu/esco/concept-scheme/skills","title":"ESCO skills"}],"hasSkillType":[{"href":"https://ec.europa.eu/esco/api/resource/concept?uri=http://data.europa.eu/esco/skill-type/skill&language=en","uri":"http://data.europa.eu/esco/skill-type/skill","title":"skill"}],"hasReuseLevel":[{"href":"https://ec.europa.eu/esco/api/resource/concept?uri=http://data.europa.eu/esco/skill-reuse-level/sector-specific&language=en","uri":"http://data.europa.eu/esco/skill-reuse-level/sector-specific","title":"sector specific skills and competences","code":"Level 3"}],"isEssentialForOccupation":[{"href":"https://ec.europa.eu/esco/api/resource/occupation?uri=http://data.europa.eu/esco/occupation/fdf7b000-d923-4086-9660-eb8ee5e77ef0&language=en","uri":"http://data.europa.eu/esco/occupation/fdf7b000-d923-4086-9660-eb8ee5e77ef0","title":"recreation policy officer"},{"href":"https://ec.europa.eu/esco/api/resource/occupation?uri=http://data.europa.eu/esco/occupation/33e3a746-f209-4a1a-96df-301505531cb2&language=en","uri":"http://data.europa.eu/esco/occupation/33e3a746-f209-4a1a-96df-301505531cb2","title":"beauty salon manager"},{"href":"https://ec.europa.eu/esco/api/resource/occupation?uri=http://data.europa.eu/esco/occupation/771955d9-e988-47f3-b60f-207adb2cd571&language=en","uri":"http://data.europa.eu/esco/occupation/771955d9-e988-47f3-b60f-207adb2cd571","title":"recreational facilities manager"},{"href":"https://ec.europa.eu/esco/api/resource/occupation?uri=http://data.europa.eu/esco/occupation/080fc550-b7ca-4576-aaf5-06fffbede994&language=en","uri":"http://data.europa.eu/esco/occupation/080fc550-b7ca-4576-aaf5-06fffbede994","title":"spa manager"},{"href":"https://ec.europa.eu/esco/api/resource/occupation?uri=http://data.europa.eu/esco/occupation/1c948509-4015-40b0-b380-105fc85782a5&language=en","uri":"http://data.europa.eu/esco/occupation/1c948509-4015-40b0-b380-105fc85782a5","title":"zoo curator"},{"href":"https://ec.europa.eu/esco/api/resource/occupation?uri=http://data.europa.eu/esco/occupation/55f001af-fa48-4c0c-a7e5-fc69babe3d45&language=en","uri":"http://data.europa.eu/esco/occupation/55f001af-fa48-4c0c-a7e5-fc69babe3d45","title":"botanist"},{"href":"https://ec.europa.eu/esco/api/resource/occupation?uri=http://data.europa.eu/esco/occupation/7b629a14-09d0-417e-8181-7683923b4e5e&language=en","uri":"http://data.europa.eu/esco/occupation/7b629a14-09d0-417e-8181-7683923b4e5e","title":"sports programme coordinator"}],"isOptionalForOccupation":[{"href":"https://ec.europa.eu/esco/api/resource/occupation?uri=http://data.europa.eu/esco/occupation/612430b3-dd43-4786-b823-0466c4953f66&language=en","uri":"http://data.europa.eu/esco/occupation/612430b3-dd43-4786-b823-0466c4953f66","title":"ticket issuing clerk"},{"href":"https://ec.europa.eu/esco/api/resource/occupation?uri=http://data.europa.eu/esco/occupation/547b304b-9a72-4717-9b24-b7046df5f64e&language=en","uri":"http://data.europa.eu/esco/occupation/547b304b-9a72-4717-9b24-b7046df5f64e","title":"specialised seller"},{"href":"https://ec.europa.eu/esco/api/resource/occupation?uri=http://data.europa.eu/esco/occupation/49ca9fe4-4513-4657-b27f-eaad11e6158a&language=en","uri":"http://data.europa.eu/esco/occupation/49ca9fe4-4513-4657-b27f-eaad11e6158a","title":"lottery manager"},{"href":"https://ec.europa.eu/esco/api/resource/occupation?uri=http://data.europa.eu/esco/occupation/146f2c99-3f8b-4856-95ba-3ecfea681809&language=en","uri":"http://data.europa.eu/esco/occupation/146f2c99-3f8b-4856-95ba-3ecfea681809","title":"gambling manager"},{"href":"https://ec.europa.eu/esco/api/resource/occupation?uri=http://data.europa.eu/esco/occupation/bcc2c1db-f969-4355-bebf-4878ff6c2a94&language=en","uri":"http://data.europa.eu/esco/occupation/bcc2c1db-f969-4355-bebf-4878ff6c2a94","title":"service manager"},{"href":"https://ec.europa.eu/esco/api/resource/occupation?uri=http://data.europa.eu/esco/occupation/b476f45f-2c79-44d5-a4d7-fa357aa83074&language=en","uri":"http://data.europa.eu/esco/occupation/b476f45f-2c79-44d5-a4d7-fa357aa83074","title":"guide"},{"href":"https://ec.europa.eu/esco/api/resource/occupation?uri=http://data.europa.eu/esco/occupation/26105840-8abb-4f91-a888-1211cb798b0b&language=en","uri":"http://data.europa.eu/esco/occupation/26105840-8abb-4f91-a888-1211cb798b0b","title":"park guide"},{"href":"https://ec.europa.eu/esco/api/resource/occupation?uri=http://data.europa.eu/esco/occupation/234be692-befb-41df-bdf0-e1b2f4eaf5e7&language=en","uri":"http://data.europa.eu/esco/occupation/234be692-befb-41df-bdf0-e1b2f4eaf5e7","title":"activity leader"}]},"_embedded":{}},{"className":"Skill","classId":"http://data.europa.eu/esco/model#Skill","uri":"http://data.europa.eu/esco/skill/5b42856c-30d8-4735-9e1a-9f19a8d7a0e7","title":"types of cartridges","referenceLanguage":["en"],"preferredLabel":{"de":"Patronentypen","no":"kassettyper","fi":"patruunatyypit","en-us":"types of cartridges","pt":"types of cartridges","bg":"видове патрони","lt":"šovinių rūšys","hr":"vrste patrona","lv":"patronu veidi","fr":"types de cartouches","hu":"tölténytípusok","sk":"druhy kaziet","sl":"vrste nabojev","ga":"cineálacha cartús","sv":"patrontyper","el":"είδη φυσιγγίων","mt":"tipi ta’ skrataċ","en":"types of cartridges","is":"tegundir hylkja","it":"tipi di cartucce","es":"tipos de cartuchos","et":"padrunite tüübid","cs":"typy nábojů","ar":"أنواع الخراطيش","pl":"rodzaje nabojów","da":"patrontyper","ro":"tipuri de cartușe","nl":"soorten patronen"},"alternativeLabel":{"en":["brands of bullets","calibre of bullets","makes of bullets","makes of cartridges","categories of cartridges","variety of cartridges","categories of bullets","brands of cartridges","variety of bullets","calibre of cartridges"],"hu":["patrontípusok"],"da":["typer af patroner"],"nl":["soorten cartridges"]},"description":{"en-us":{"literal":"Field of information wich distinguishes different types of cartridges based on size, shape, ignition type and the propellant. An example is the change in the diameter of the bullet, or caliber.","mimetype":"plain/text"},"en":{"literal":"Field of information wich distinguishes different types of cartridges based on size, shape, ignition type and the propellant. An example is the change in the diameter of the bullet, or caliber.","mimetype":"plain/text"}},"status":"released","_links":{"self":{"href":"https://ec.europa.eu/esco/api/resource/skill?uri=http://data.europa.eu/esco/skill/5b42856c-30d8-4735-9e1a-9f19a8d7a0e7&language=en","uri":"http://data.europa.eu/esco/skill/5b42856c-30d8-4735-9e1a-9f19a8d7a0e7","title":"types of cartridges"},"isTopConceptInScheme":[{"href":"https://ec.europa.eu/esco/api/resource/taxonomy?uri=http://data.europa.eu/esco/concept-scheme/skills&language=en","uri":"http://data.europa.eu/esco/concept-scheme/skills","title":"ESCO skills"},{"href":"https://ec.europa.eu/esco/api/resource/taxonomy?uri=http://data.europa.eu/esco/concept-scheme/member-skills&language=en","uri":"http://data.europa.eu/esco/concept-scheme/member-skills","title":"ESCO member skills"}],"isInScheme":[{"href":"https://ec.europa.eu/esco/api/resource/taxonomy?uri=http://data.europa.eu/esco/concept-scheme/skills&language=en","uri":"http://data.europa.eu/esco/concept-scheme/skills","title":"ESCO skills"},{"href":"https://ec.europa.eu/esco/api/resource/taxonomy?uri=http://data.europa.eu/esco/concept-scheme/member-skills&language=en","uri":"http://data.europa.eu/esco/concept-scheme/member-skills","title":"ESCO member skills"}],"hasSkillType":[{"href":"https://ec.europa.eu/esco/api/resource/concept?uri=http://data.europa.eu/esco/skill-type/knowledge&language=en","uri":"http://data.europa.eu/esco/skill-type/knowledge","title":"knowledge"}],"hasReuseLevel":[{"href":"https://ec.europa.eu/esco/api/resource/concept?uri=http://data.europa.eu/esco/skill-reuse-level/occupation-specific&language=en","uri":"http://data.europa.eu/esco/skill-reuse-level/occupation-specific","title":"occupation specific skills and competences","code":"Level 4"}],"isEssentialForOccupation":[{"href":"https://ec.europa.eu/esco/api/resource/occupation?uri=http://data.europa.eu/esco/occupation/183d60f2-277f-47c8-a8c6-f5c8eedba2b0&language=en","uri":"http://data.europa.eu/esco/occupation/183d60f2-277f-47c8-a8c6-f5c8eedba2b0","title":"ammunition assembler"}]},"_embedded":{}},{"className":"Skill","classId":"http://data.europa.eu/esco/model#Skill","uri":"http://data.europa.eu/esco/skill/b4a2b029-bf54-4ea2-9750-65c8ad79beeb","title":"finish shells","referenceLanguage":["en"],"preferredLabel":{"de":"Granaten fertigstellen","no":"ferdigstille skjell","fi":"viimeistellä kuoria","en-us":"finish shells","pt":"fazer o acabamento de cartuchos","bg":"завършване на снаряди","lt":"atlikti baigiamuosius sviedinių gamybos darbus","hr":"završno obrađivati čahure","lv":"apstrādāt čaulas","fr":"faire la finition d'obus","hu":"elvégzi az utolsó simításokat a robbanólövedéken","sk":"vykonať konečnú úpravu nábojníc","sl":"izvajati zaključno obdelavo nabojev","ga":"sliogáin a bhailchríochnú","sv":"färdigställa granater","mt":"tlestija tal-iskrataċ u tal-balal","el":"τελειοποίηση των περιβλημάτων","en":"finish shells","is":"gengur frá skeljum","it":"finire i gusci","es":"realizar el acabado de casquillos","et":"kestasid viimistlema","cs":"zajistit povrchovou úpravu nábojnic","ar":"ينتهي القذائف","pl":"wykańczać pociski","da":"færdiggøre patronhylstre","ro":"finisează proiectile","nl":"omhulsels afwerken"},"alternativeLabel":{"en":["carry out shell construction","carry out basic structural frameworks construction","perform shell construction","accomplish shell construction","complete shells","complete basic structural frameworks","accomplish basic structural frameworks construction","perform basic structural frameworks construction"],"ro":["finisează obuze"],"es":["fabricar armazones","encargarse del acabado de estructuras laminares"]},"description":{"en-us":{"literal":"gage finished shells by using acceptance jigs. Use a stamping press to record the shell data on the cartridge as well as on the projectile. Finalize the tubes by dipping them in molted parrafin and packing the tubes in crates.","mimetype":"plain/text"},"en":{"literal":"Gauge finished shells by using acceptance jigs. Use a stamping press to record the shell data on the cartridge as well as on the projectile. Finalize the tubes by dipping them in molted parrafin and packing the tubes in crates.","mimetype":"plain/text"}},"status":"released","_links":{"self":{"href":"https://ec.europa.eu/esco/api/resource/skill?uri=http://data.europa.eu/esco/skill/b4a2b029-bf54-4ea2-9750-65c8ad79beeb&language=en","uri":"http://data.europa.eu/esco/skill/b4a2b029-bf54-4ea2-9750-65c8ad79beeb","title":"finish shells"},"isTopConceptInScheme":[{"href":"https://ec.europa.eu/esco/api/resource/taxonomy?uri=http://data.europa.eu/esco/concept-scheme/member-skills&language=en","uri":"http://data.europa.eu/esco/concept-scheme/member-skills","title":"ESCO member skills"},{"href":"https://ec.europa.eu/esco/api/resource/taxonomy?uri=http://data.europa.eu/esco/concept-scheme/skills&language=en","uri":"http://data.europa.eu/esco/concept-scheme/skills","title":"ESCO skills"}],"isInScheme":[{"href":"https://ec.europa.eu/esco/api/resource/taxonomy?uri=http://data.europa.eu/esco/concept-scheme/member-skills&language=en","uri":"http://data.europa.eu/esco/concept-scheme/member-skills","title":"ESCO member skills"},{"href":"https://ec.europa.eu/esco/api/resource/taxonomy?uri=http://data.europa.eu/esco/concept-scheme/skills&language=en","uri":"http://data.europa.eu/esco/concept-scheme/skills","title":"ESCO skills"}],"hasSkillType":[{"href":"https://ec.europa.eu/esco/api/resource/concept?uri=http://data.europa.eu/esco/skill-type/skill&language=en","uri":"http://data.europa.eu/esco/skill-type/skill","title":"skill"}],"hasReuseLevel":[{"href":"https://ec.europa.eu/esco/api/resource/concept?uri=http://data.europa.eu/esco/skill-reuse-level/occupation-specific&language=en","uri":"http://data.europa.eu/esco/skill-reuse-level/occupation-specific","title":"occupation specific skills and competences","code":"Level 4"}],"isEssentialForOccupation":[{"href":"https://ec.europa.eu/esco/api/resource/occupation?uri=http://data.europa.eu/esco/occupation/183d60f2-277f-47c8-a8c6-f5c8eedba2b0&language=en","uri":"http://data.europa.eu/esco/occupation/183d60f2-277f-47c8-a8c6-f5c8eedba2b0","title":"ammunition assembler"}]},"_embedded":{}},{"className":"Skill","classId":"http://data.europa.eu/esco/model#Skill","uri":"http://data.europa.eu/esco/skill/17e18610-3f53-48e8-8d6d-4c9e9cd71f93","title":"types of propellants","referenceLanguage":["en"],"preferredLabel":{"no":"drivmiddeltyper","de":"Treibladungsarten","en-us":"types of propellants","fi":"ponneainetyypit","pt":"tipos de propulsores","bg":"видове метателни взривни вещества","lt":"propelentų rūšys","hr":"vrste raspršivača","lv":"propelentu veidi","fr":"types de propulseurs","hu":"hajtógáztípusok","sk":"druhy palív","sl":"vrste potisnih polnitev","ga":"cineálacha tiomántán","sv":"drivmedelstyper","mt":"tipi ta’ propellanti","el":"είδη προωστικών υλών","en":"types of propellants","is":"tegundir drifefna","it":"tipi di propellenti","es":"tipos de propulsantes","et":"püssirohu liigid","cs":"typy hnacích látek","ar":"أنواع وقود الدفع","pl":"rodzaje materiałów miotających","da":"drivmiddeltyper","ro":"tipuri de încărcătură de propulsie","nl":"soorten drijfgas"},"alternativeLabel":{"de":["Arten von Treibladungen"],"en":["varieties of propellants","categories of propellants","categories of fuel","brands of fuel","fuel formats","propellant formats","brands of propellants","varieties of fuel"],"nl":["soorten stuwstoffen"]},"description":{"en-us":{"literal":"Field of information which distinguishes different types of propellants such as black gunpowder to forms of smokeless powder derived from nitrocellulose. These create an expanding gas which makes the bullet accelerate from the barrel. Other differences emerge from the expansion rate, size and shape of the powder.","mimetype":"plain/text"},"en":{"literal":"Field of information which distinguishes different types of propellants such as black gunpowder to forms of smokeless powder derived from nitrocellulose. These create an expanding gas which makes the bullet accelerate from the barrel. Other differences emerge from the expansion rate, size and shape of the powder.","mimetype":"plain/text"}},"status":"released","_links":{"self":{"href":"https://ec.europa.eu/esco/api/resource/skill?uri=http://data.europa.eu/esco/skill/17e18610-3f53-48e8-8d6d-4c9e9cd71f93&language=en","uri":"http://data.europa.eu/esco/skill/17e18610-3f53-48e8-8d6d-4c9e9cd71f93","title":"types of propellants"},"isTopConceptInScheme":[{"href":"https://ec.europa.eu/esco/api/resource/taxonomy?uri=http://data.europa.eu/esco/concept-scheme/skills&language=en","uri":"http://data.europa.eu/esco/concept-scheme/skills","title":"ESCO skills"},{"href":"https://ec.europa.eu/esco/api/resource/taxonomy?uri=http://data.europa.eu/esco/concept-scheme/member-skills&language=en","uri":"http://data.europa.eu/esco/concept-scheme/member-skills","title":"ESCO member skills"}],"isInScheme":[{"href":"https://ec.europa.eu/esco/api/resource/taxonomy?uri=http://data.europa.eu/esco/concept-scheme/skills&language=en","uri":"http://data.europa.eu/esco/concept-scheme/skills","title":"ESCO skills"},{"href":"https://ec.europa.eu/esco/api/resource/taxonomy?uri=http://data.europa.eu/esco/concept-scheme/member-skills&language=en","uri":"http://data.europa.eu/esco/concept-scheme/member-skills","title":"ESCO member skills"}],"hasSkillType":[{"href":"https://ec.europa.eu/esco/api/resource/concept?uri=http://data.europa.eu/esco/skill-type/knowledge&language=en","uri":"http://data.europa.eu/esco/skill-type/knowledge","title":"knowledge"}],"hasReuseLevel":[{"href":"https://ec.europa.eu/esco/api/resource/concept?uri=http://data.europa.eu/esco/skill-reuse-level/occupation-specific&language=en","uri":"http://data.europa.eu/esco/skill-reuse-level/occupation-specific","title":"occupation specific skills and competences","code":"Level 4"}],"isEssentialForOccupation":[{"href":"https://ec.europa.eu/esco/api/resource/occupation?uri=http://data.europa.eu/esco/occupation/183d60f2-277f-47c8-a8c6-f5c8eedba2b0&language=en","uri":"http://data.europa.eu/esco/occupation/183d60f2-277f-47c8-a8c6-f5c8eedba2b0","title":"ammunition assembler"}]},"_embedded":{}},{"className":"Skill","classId":"http://data.europa.eu/esco/model#Skill","uri":"http://data.europa.eu/esco/skill/650f4fed-b22f-4b39-b2df-c7064fb26085","title":"create animal structure","referenceLanguage":["en"],"preferredLabel":{"no":"skape dyrestruktur","de":"Tierkörper formen","fi":"luoda eläimen rakenne","en-us":"create animal structure","pt":"criar a estrutura do animal","bg":"създаване на структурата на животно","lt":"kurti gyvūno sandarą atspindinčius modelius","lv":"atveidot dzīvnieku uzbūvi","hr":"izraditi strukturu životinje","fr":"créer une structure d’animal","hu":"kialakítja az állat vázát","sk":"vytvárať modely zvieraťa","sl":"ustvarjati strukturo živali","ga":"struchtúr ainmhí a chruthú","sv":"bygga upp struktur för djurkropp","el":"δημιουργία σκελετού ζώου","mt":"ħolqien ta’ strutturi tal-annimali","en":"create animal structure","is":"skapar formgerð dýra","it":"creare struttura animale","es":"fabricar la estructura del esqueleto animal","et":"loomamaketti valmistama","cs":"vytvářet modely zvířat","ar":"ينشئ هياكل حيوانية","pl":"tworzyć struktury zwierzęce","da":"skabe dyrefigur","ro":"creează structura animalului","nl":"dierlijke structuren maken"},"alternativeLabel":{"bg":["създаване на животинска структура","създаване на животинска форма"],"en":["create animal structures","construct animal structure","produce animal structure","make animal structure","build animal structure","create an animal structure"],"es":["elaborar los moldes de los animales","preparar las formas de los animales"]},"description":{"en-us":{"literal":"Manufacture the form of the animal and mount the bones to form the animal's structure using wires, cotton and clay. For a larger animals, use also a mold, metal structure or sculpture to form the animal, and place it in the correct position.","mimetype":"plain/text"},"en":{"literal":"Manufacture the form of the animal and mount the bones to form the animal's structure using wires, cotton and clay. For a larger animals, use also a mould, metal structure or sculpture to form the animal, and place it in the correct position.","mimetype":"plain/text"}},"status":"released","_links":{"self":{"href":"https://ec.europa.eu/esco/api/resource/skill?uri=http://data.europa.eu/esco/skill/650f4fed-b22f-4b39-b2df-c7064fb26085&language=en","uri":"http://data.europa.eu/esco/skill/650f4fed-b22f-4b39-b2df-c7064fb26085","title":"create animal structure"},"isTopConceptInScheme":[{"href":"https://ec.europa.eu/esco/api/resource/taxonomy?uri=http://data.europa.eu/esco/concept-scheme/skills&language=en","uri":"http://data.europa.eu/esco/concept-scheme/skills","title":"ESCO skills"},{"href":"https://ec.europa.eu/esco/api/resource/taxonomy?uri=http://data.europa.eu/esco/concept-scheme/member-skills&language=en","uri":"http://data.europa.eu/esco/concept-scheme/member-skills","title":"ESCO member skills"}],"isInScheme":[{"href":"https://ec.europa.eu/esco/api/resource/taxonomy?uri=http://data.europa.eu/esco/concept-scheme/skills&language=en","uri":"http://data.europa.eu/esco/concept-scheme/skills","title":"ESCO skills"},{"href":"https://ec.europa.eu/esco/api/resource/taxonomy?uri=http://data.europa.eu/esco/concept-scheme/member-skills&language=en","uri":"http://data.europa.eu/esco/concept-scheme/member-skills","title":"ESCO member skills"}],"hasSkillType":[{"href":"https://ec.europa.eu/esco/api/resource/concept?uri=http://data.europa.eu/esco/skill-type/skill&language=en","uri":"http://data.europa.eu/esco/skill-type/skill","title":"skill"}],"hasReuseLevel":[{"href":"https://ec.europa.eu/esco/api/resource/concept?uri=http://data.europa.eu/esco/skill-reuse-level/occupation-specific&language=en","uri":"http://data.europa.eu/esco/skill-reuse-level/occupation-specific","title":"occupation specific skills and competences","code":"Level 4"}],"isEssentialForOccupation":[{"href":"https://ec.europa.eu/esco/api/resource/occupation?uri=http://data.europa.eu/esco/occupation/a78d8e2b-fe31-447f-8694-38ed7198d143&language=en","uri":"http://data.europa.eu/esco/occupation/a78d8e2b-fe31-447f-8694-38ed7198d143","title":"taxidermist"}]},"_embedded":{}}]}}