{"total":8196,"offset":258,"limit":20,"language":"en","uri":"http://data.europa.eu/esco/concept-scheme/skills","relation":"hasTopConcept","_links":{"self":{"href":"https://ec.europa.eu/esco/api/resource/related?uri=http://data.europa.eu/esco/concept-scheme/skills&relation=hasTopConcept&limit=20&offset=258&language=en&full=true"},"prev":{"href":"https://ec.europa.eu/esco/api/resource/related?uri=http://data.europa.eu/esco/concept-scheme/skills&relation=hasTopConcept&limit=20&offset=257&language=en&full=true"},"next":{"href":"https://ec.europa.eu/esco/api/resource/related?uri=http://data.europa.eu/esco/concept-scheme/skills&relation=hasTopConcept&limit=20&offset=259&language=en&full=true"}},"_embedded":{"hasTopConcept":[{"className":"Skill","classId":"http://data.europa.eu/esco/model#Skill","uri":"http://data.europa.eu/esco/skill/44aa1660-a4ad-48c1-ae3b-cdfd57e25c90","title":"saw off filament mandrel pins","referenceLanguage":["en"],"preferredLabel":{"no":"sage av filamentspindelpinner","de":"Filament-Gewindedornverbundsstift absägen","en-us":"saw off filament mandrel pins","fi":"sahata filamenttityökappaleen kiinnitystapit","pt":"serrar pinos do mandril para remover a peça","bg":"отрязване на щифтовете, крепящи влакнестата заготовка към барабана","lt":"nupjauti gijų ritinio šerdies smaigus","hr":"rezati niti s klinova vretena","lv":"nozāģēt pavediena tapņa tapas","fr":"couper les broches fixant une pièce en filament sur un mandrin","hu":"eltávolítja a szálas tokmánytüskéket","sk":"odrezať kolíky na vretene s vláknom","sl":"žagati nastavke za vlakna s trna","ga":"pionnaí filiméadacha mandraile a shábhadh","sv":"såga av cylinderpluggar från fibrer","el":"πριόνισμα των ακίδων του βοηθητικού άξονα/νήματος","mt":"issegar tal-labar tal-mandrin tat-torn bil-filamenti","en":"saw off filament mandrel pins","is":"sagar af þráðpinna rennivölu","it":"tagliare i perni che bloccano il pezzo in lavorazione sul mandrino","es":"serruchar ejes del mandril de filamento","et":"kiuddetaili hoidvaid spindliosi maha saagima","cs":"odpilovat části vlákna, kterými je zpracovávaný kus přichycen k upínacímu trnu","ar":"يتأكد من وجود دبابيس العمود السلكي","pl":"odpiłowywać czopy trzpienia od włókna","da":"afsave filamentpins i mandril","ro":"taie acele care fixează filamentul în mandrină","nl":"pinnen op de opspandoorn afzagen"},"alternativeLabel":{"en":["sawing off filament mandrel pins","removing filament mandrel pins","sawing filament mandrel pins off","filament mandrel pin removing","remove filament mandrel pins"],"nl":["pinnen op de opspandoorn om het filament op zijn plaats te houden afzagen"]},"description":{"en-us":{"literal":"After the filament workpiece has been removed from the winding machine, saw off the pins that keep the workpiece in place on the mandrel in order to facilitate removal of the workpiece.","mimetype":"plain/text"},"en":{"literal":"After the filament workpiece has been removed from the winding machine, saw off the pins that keep the workpiece in place on the mandrel in order to facilitate removal of the workpiece.","mimetype":"plain/text"}},"status":"released","_links":{"self":{"href":"https://ec.europa.eu/esco/api/resource/skill?uri=http://data.europa.eu/esco/skill/44aa1660-a4ad-48c1-ae3b-cdfd57e25c90&language=en","uri":"http://data.europa.eu/esco/skill/44aa1660-a4ad-48c1-ae3b-cdfd57e25c90","title":"saw off filament mandrel pins"},"isTopConceptInScheme":[{"href":"https://ec.europa.eu/esco/api/resource/taxonomy?uri=http://data.europa.eu/esco/concept-scheme/member-skills&language=en","uri":"http://data.europa.eu/esco/concept-scheme/member-skills","title":"ESCO member skills"},{"href":"https://ec.europa.eu/esco/api/resource/taxonomy?uri=http://data.europa.eu/esco/concept-scheme/skills&language=en","uri":"http://data.europa.eu/esco/concept-scheme/skills","title":"ESCO skills"}],"isInScheme":[{"href":"https://ec.europa.eu/esco/api/resource/taxonomy?uri=http://data.europa.eu/esco/concept-scheme/member-skills&language=en","uri":"http://data.europa.eu/esco/concept-scheme/member-skills","title":"ESCO member skills"},{"href":"https://ec.europa.eu/esco/api/resource/taxonomy?uri=http://data.europa.eu/esco/concept-scheme/skills&language=en","uri":"http://data.europa.eu/esco/concept-scheme/skills","title":"ESCO skills"}],"hasSkillType":[{"href":"https://ec.europa.eu/esco/api/resource/concept?uri=http://data.europa.eu/esco/skill-type/skill&language=en","uri":"http://data.europa.eu/esco/skill-type/skill","title":"skill"}],"hasReuseLevel":[{"href":"https://ec.europa.eu/esco/api/resource/concept?uri=http://data.europa.eu/esco/skill-reuse-level/occupation-specific&language=en","uri":"http://data.europa.eu/esco/skill-reuse-level/occupation-specific","title":"occupation specific skills and competences","code":"Level 4"}],"isOptionalForOccupation":[{"href":"https://ec.europa.eu/esco/api/resource/occupation?uri=http://data.europa.eu/esco/occupation/88b21b2f-350c-4f41-9680-a53f8ea708ed&language=en","uri":"http://data.europa.eu/esco/occupation/88b21b2f-350c-4f41-9680-a53f8ea708ed","title":"filament winding operator"}]},"_embedded":{}},{"className":"Skill","classId":"http://data.europa.eu/esco/model#Skill","uri":"http://data.europa.eu/esco/skill/80e257a9-5725-4faf-ba94-d1675ccc878d","title":"keep track of wooden elements","referenceLanguage":["en"],"preferredLabel":{"de":"den Überblick über Holzelemente behalten","no":"holde styr på treelementer","en-us":"keep track of wooden elements","fi":"pitää kirjaa puuelementeistä","pt":"manter um plano dos elementos de madeira","bg":"следене на ориентацията и последователността на сглобяване на дървени елементи","lt":"prižiūrėti medinių detalių naudojimą","hr":"pratiti drvne elemente","lv":"sekot koka elementu izmantošanai","fr":"assurer la traçabilité d'éléments en bois","hu":"nyomon követi a fa építőelemeket","sk":"mať prehľad o drevených prvkoch","sl":"slediti lesenim elementom","ga":"úsáid codanna adhmaid a bhainistiú","sv":"hålla koll på byggdelar av trä","mt":"identifikazzjoni tal-elementi tal-injam","el":"παρακολούθηση ξύλινων στοιχείων","en":"keep track of wooden elements","is":"heldur skrá yfir timburhluti","it":"ordinare gli elementi in legno secondo il piano di costruzione","es":"clasificar elementos de madera","et":"puitelementide üle arvestust pidama","cs":"evidovat dřevěné prvky","ar":"يتتبع العناصر الخشبية","pl":"monitorować proces obróbki elementów drewnianych","da":"holde styr på træelementer","ro":"ține evidența elementelor din lemn","nl":"houten elementen bijhouden"},"alternativeLabel":{"de":["Übersicht über Holzelemente behalten"],"en":["tracking of wooden elements","keep a  track of wooden elements","mark timber elements for assembly","keep a  track of timber elements","mark wood elements for assembly","identify timber elements for assembly","keeping track of timber elements","tracking of timber elements","identify wood elements for assembly","keeping track of wooden elements"],"nl":["houten elementen opvolgen"],"es":["marcar elementos de madera","ordenar elementos de madera","identificar materiales de madera"]},"description":{"en-us":{"literal":"Order wooden elements to be used for a workpiece in a logical way. Clearly identify the elements and how they will be joined together, using symbols drawn onto the wood or another system.","mimetype":"plain/text"},"en":{"literal":"Order wooden elements to be used for a workpiece in a logical way. Clearly identify the elements and how they will be joined together, using symbols drawn onto the wood or another system.","mimetype":"plain/text"}},"status":"released","_links":{"self":{"href":"https://ec.europa.eu/esco/api/resource/skill?uri=http://data.europa.eu/esco/skill/80e257a9-5725-4faf-ba94-d1675ccc878d&language=en","uri":"http://data.europa.eu/esco/skill/80e257a9-5725-4faf-ba94-d1675ccc878d","title":"keep track of wooden elements"},"isTopConceptInScheme":[{"href":"https://ec.europa.eu/esco/api/resource/taxonomy?uri=http://data.europa.eu/esco/concept-scheme/skills&language=en","uri":"http://data.europa.eu/esco/concept-scheme/skills","title":"ESCO skills"},{"href":"https://ec.europa.eu/esco/api/resource/taxonomy?uri=http://data.europa.eu/esco/concept-scheme/member-skills&language=en","uri":"http://data.europa.eu/esco/concept-scheme/member-skills","title":"ESCO member skills"}],"isInScheme":[{"href":"https://ec.europa.eu/esco/api/resource/taxonomy?uri=http://data.europa.eu/esco/concept-scheme/skills&language=en","uri":"http://data.europa.eu/esco/concept-scheme/skills","title":"ESCO skills"},{"href":"https://ec.europa.eu/esco/api/resource/taxonomy?uri=http://data.europa.eu/esco/concept-scheme/member-skills&language=en","uri":"http://data.europa.eu/esco/concept-scheme/member-skills","title":"ESCO member skills"}],"hasSkillType":[{"href":"https://ec.europa.eu/esco/api/resource/concept?uri=http://data.europa.eu/esco/skill-type/skill&language=en","uri":"http://data.europa.eu/esco/skill-type/skill","title":"skill"}],"hasReuseLevel":[{"href":"https://ec.europa.eu/esco/api/resource/concept?uri=http://data.europa.eu/esco/skill-reuse-level/sector-specific&language=en","uri":"http://data.europa.eu/esco/skill-reuse-level/sector-specific","title":"sector specific skills and competences","code":"Level 3"}],"isEssentialForOccupation":[{"href":"https://ec.europa.eu/esco/api/resource/occupation?uri=http://data.europa.eu/esco/occupation/2a22ff9e-de3b-408d-b312-5034896cc4f4&language=en","uri":"http://data.europa.eu/esco/occupation/2a22ff9e-de3b-408d-b312-5034896cc4f4","title":"carpenter"}],"isOptionalForOccupation":[{"href":"https://ec.europa.eu/esco/api/resource/occupation?uri=http://data.europa.eu/esco/occupation/87580fa5-39d2-4b7e-9274-b744e684f17c&language=en","uri":"http://data.europa.eu/esco/occupation/87580fa5-39d2-4b7e-9274-b744e684f17c","title":"carpenter supervisor"}]},"_embedded":{}},{"className":"Skill","classId":"http://data.europa.eu/esco/model#Skill","uri":"http://data.europa.eu/esco/skill/0c1bbbd7-7827-4594-9254-a4b91cb8163f","title":"conduct financial surveys","referenceLanguage":["en"],"preferredLabel":{"no":"gjennomføre finansielle undersøkelser","de":"Finanzerhebungen durchführen","fi":"suorittaa taloudellisia tutkimuksia","en-us":"conduct financial surveys","pt":"realizar inquéritos financeiros","bg":"провеждане на финансови проучвания","lt":"vykdyti finansines apklausas","lv":"veikt finanšu pārskatu","hr":"provoditi financijske ankete","fr":"mener des enquêtes financières","hu":"pénzügyi felmérést végez","sk":"vykonávať finančné prieskumy","sl":"izvajati finančne raziskave","ga":"suirbhéanna airgeadais a dhéanamh","sv":"genomföra finansiella undersökningar","mt":"twettiq tal-istħarriġ finanzjarju","el":"διεξαγωγή χρηματοπιστωτικών ερευνών","en":"conduct financial surveys","is":"leiðir fjármálakannanir","it":"svolgere le indagini finanziarie","es":"realizar estudios financieros","et":"finantsuuringuid tegema","cs":"provádět finanční průzkumy","ar":"يجري الدراسات المالية","pl":"przeprowadzać badania finansowe","ro":"efectuează sondaje financiare","da":"gennemføre finansielle undersøgelser","nl":"financiële onderzoeken uitvoeren"},"alternativeLabel":{"el":["διεξαγωγή χρηματοπιστωτικών επισκοπήσεων"],"en":["implement financial surveys","carry out financial surveys","execute financial surveys"],"nl":["financiële enquêtes uitvoeren"]},"description":{"en-us":{"literal":"Conduct the procedures of a financial survey from the initial formulation and compilation of the questions, identifying the target audience, managing the survey method and operations, managing the processing of acquired data, to analyzing the results.","mimetype":"plain/text"},"en":{"literal":"Conduct the procedures of a financial survey from the initial formulation and compilation of the questions, identifying the target audience, managing the survey method and operations, managing the processing of acquired data, to analysing the results.","mimetype":"plain/text"}},"status":"released","_links":{"self":{"href":"https://ec.europa.eu/esco/api/resource/skill?uri=http://data.europa.eu/esco/skill/0c1bbbd7-7827-4594-9254-a4b91cb8163f&language=en","uri":"http://data.europa.eu/esco/skill/0c1bbbd7-7827-4594-9254-a4b91cb8163f","title":"conduct financial surveys"},"isTopConceptInScheme":[{"href":"https://ec.europa.eu/esco/api/resource/taxonomy?uri=http://data.europa.eu/esco/concept-scheme/member-skills&language=en","uri":"http://data.europa.eu/esco/concept-scheme/member-skills","title":"ESCO member skills"},{"href":"https://ec.europa.eu/esco/api/resource/taxonomy?uri=http://data.europa.eu/esco/concept-scheme/skills&language=en","uri":"http://data.europa.eu/esco/concept-scheme/skills","title":"ESCO skills"}],"isInScheme":[{"href":"https://ec.europa.eu/esco/api/resource/taxonomy?uri=http://data.europa.eu/esco/concept-scheme/member-skills&language=en","uri":"http://data.europa.eu/esco/concept-scheme/member-skills","title":"ESCO member skills"},{"href":"https://ec.europa.eu/esco/api/resource/taxonomy?uri=http://data.europa.eu/esco/concept-scheme/skills&language=en","uri":"http://data.europa.eu/esco/concept-scheme/skills","title":"ESCO skills"}],"hasSkillType":[{"href":"https://ec.europa.eu/esco/api/resource/concept?uri=http://data.europa.eu/esco/skill-type/skill&language=en","uri":"http://data.europa.eu/esco/skill-type/skill","title":"skill"}],"hasReuseLevel":[{"href":"https://ec.europa.eu/esco/api/resource/concept?uri=http://data.europa.eu/esco/skill-reuse-level/sector-specific&language=en","uri":"http://data.europa.eu/esco/skill-reuse-level/sector-specific","title":"sector specific skills and competences","code":"Level 3"}],"isEssentialForOccupation":[{"href":"https://ec.europa.eu/esco/api/resource/occupation?uri=http://data.europa.eu/esco/occupation/7bcafcd7-3f35-4a72-849c-c92b334927fd&language=en","uri":"http://data.europa.eu/esco/occupation/7bcafcd7-3f35-4a72-849c-c92b334927fd","title":"insurance risk consultant"}],"isOptionalForOccupation":[{"href":"https://ec.europa.eu/esco/api/resource/occupation?uri=http://data.europa.eu/esco/occupation/d2e63d7e-2605-4af1-bb7d-b1ed9ad08825&language=en","uri":"http://data.europa.eu/esco/occupation/d2e63d7e-2605-4af1-bb7d-b1ed9ad08825","title":"statistical assistant"}]},"_embedded":{}},{"className":"Skill","classId":"http://data.europa.eu/esco/model#Skill","uri":"http://data.europa.eu/esco/skill/acf62e14-76eb-4ada-bb09-7570006f4d59","title":"deliver aquatic products to customer specifications","referenceLanguage":["en"],"preferredLabel":{"de":"Aquatik-Produkte nach Kundenspezifikationen liefern","no":"levere akvatiske produkter i henhold til kundens spesifikasjoner","fi":"tuottaa asiakkaan määritelmien mukaisia vesiviljelytuotteita","en-us":"deliver aquatic products to customer specifications","pt":"fornecer produtos aquáticos de acordo com especificações dos clientes","bg":"привеждане на продуктите от водни организми в съответствие с потребителските спецификации","lt":"tiekti akvakultūros produktus pagal klientų specifikacijas","lv":"piegādāt ūdensdzīvnieku izcelsmes produktus atbilstoši pircēja specifikācijām","hr":"dostaviti akvatičke proizvode u skladu sa specifikacijama klijenta","fr":"livrer des produits aquatiques conformément aux spécifications d’un client","hu":"az ügyfél igényeinek megfelelő halászati termékeket szállít","sk":"zabezpečiť produkty vodného prostredia podľa špecifikácie zákazníka","sl":"dobavljati proizvode vodnega izvora v skladu s specifikacijami stranke","ga":"táirgí uisceacha a sholáthar de réir sonraíochtaí custaiméirí","sv":"leverera akvatiska produkter enligt kundspecifikationer","mt":"kunsinna tal-prodotti akkwatiċi skont l-ispeċifikazzjonijiet tal-klijenti","el":"διάθεση υδρόβιων προϊόντων σύμφωνα με τις προδιαγραφές του πελάτη","en":"deliver aquatic products to customer specifications","is":"afhendir lagarafurðir í samræmi við óskir viðskiptavina","it":"fornire i prodotti acquatici secondo le specifiche del cliente","es":"proporcionar productos acuáticos de acuerdo con las especificaciones del cliente","et":"vesiviljelustooteid kliendi spetsifikatsioonide kohaselt tarnima","cs":"dodávat produkty z vodních organismů podle požadavků zákazníka","ar":"يوصل المنتجات المائية لمواصفات العملاء","pl":"dostarczać produkty akwakultury według specyfikacji klienta","ro":"livrează produse acvatice conform specificațiilor clienților","da":"levere akvatiske produkter efter kundespecifikationer","nl":"aquatische producten leveren volgens specificaties van de klant"},"alternativeLabel":{"en":["supply aquaculture products to customer specifications","delivering aquatic products to customer specifications","supplying aquaculture products to customer specifications","supplying aquatic products to customer specifications","aquatic products delivering to customer specifications","delivering aquaculture products to customer specifications","deliver aquaculture products to customer specifications","supply aquatic products to customer specifications","aquatic products supplying to customer specifications"],"es":["suministrar productos acuáticos de acuerdo con las especificaciones del cliente","proveer productos acuáticos de acuerdo con las especificaciones del cliente","entregar productos acuáticos de acuerdo con las especificaciones del cliente"]},"description":{"en-us":{"literal":"Deliver aquatic products to customer specifications, with full understanding of customer requirements.","mimetype":"plain/text"},"en":{"literal":"Deliver aquatic products to customer specifications, with full understanding of customer requirements.","mimetype":"plain/text"}},"status":"released","_links":{"self":{"href":"https://ec.europa.eu/esco/api/resource/skill?uri=http://data.europa.eu/esco/skill/acf62e14-76eb-4ada-bb09-7570006f4d59&language=en","uri":"http://data.europa.eu/esco/skill/acf62e14-76eb-4ada-bb09-7570006f4d59","title":"deliver aquatic products to customer specifications"},"isTopConceptInScheme":[{"href":"https://ec.europa.eu/esco/api/resource/taxonomy?uri=http://data.europa.eu/esco/concept-scheme/member-skills&language=en","uri":"http://data.europa.eu/esco/concept-scheme/member-skills","title":"ESCO member skills"},{"href":"https://ec.europa.eu/esco/api/resource/taxonomy?uri=http://data.europa.eu/esco/concept-scheme/skills&language=en","uri":"http://data.europa.eu/esco/concept-scheme/skills","title":"ESCO skills"}],"isInScheme":[{"href":"https://ec.europa.eu/esco/api/resource/taxonomy?uri=http://data.europa.eu/esco/concept-scheme/member-skills&language=en","uri":"http://data.europa.eu/esco/concept-scheme/member-skills","title":"ESCO member skills"},{"href":"https://ec.europa.eu/esco/api/resource/taxonomy?uri=http://data.europa.eu/esco/concept-scheme/skills&language=en","uri":"http://data.europa.eu/esco/concept-scheme/skills","title":"ESCO skills"}],"hasSkillType":[{"href":"https://ec.europa.eu/esco/api/resource/concept?uri=http://data.europa.eu/esco/skill-type/skill&language=en","uri":"http://data.europa.eu/esco/skill-type/skill","title":"skill"}],"hasReuseLevel":[{"href":"https://ec.europa.eu/esco/api/resource/concept?uri=http://data.europa.eu/esco/skill-reuse-level/sector-specific&language=en","uri":"http://data.europa.eu/esco/skill-reuse-level/sector-specific","title":"sector specific skills and competences","code":"Level 3"}],"isEssentialForOccupation":[{"href":"https://ec.europa.eu/esco/api/resource/occupation?uri=http://data.europa.eu/esco/occupation/5945cba8-19a4-4632-8a8f-4186e2bad1a3&language=en","uri":"http://data.europa.eu/esco/occupation/5945cba8-19a4-4632-8a8f-4186e2bad1a3","title":"aquaculture production manager"},{"href":"https://ec.europa.eu/esco/api/resource/occupation?uri=http://data.europa.eu/esco/occupation/02bd7cac-8263-4425-b03d-19001ffe8787&language=en","uri":"http://data.europa.eu/esco/occupation/02bd7cac-8263-4425-b03d-19001ffe8787","title":"aquaculture hatchery manager"}]},"_embedded":{}},{"className":"Skill","classId":"http://data.europa.eu/esco/model#Skill","uri":"http://data.europa.eu/esco/skill/e8459f6a-20b6-47d4-8c94-63ed354fc2d0","title":"conduct regular aviation research","referenceLanguage":["en"],"preferredLabel":{"de":"regelmäßige Luftfahrtforschung betreiben","no":"gjennomføre regelmessig luftfartsforskning","fi":"tehdä säännöllistä ilmailututkimusta","en-us":"conduct regular aviation research","pt":"estudar regularmente os desenvolvimentos no setor da aviação","bg":"провеждане на редовни изследвания в областта на въздухоплаването","lt":"reguliariai atlikti aviacijos sektoriaus tyrimus","lv":"regulāri veikt pētījumus par aviācijas nozari","hr":"provoditi redovita istraživanja u zrakoplovstvu","fr":"effectuer des recherches régulières sur l'aéronautique","hu":"rendszeresen repüléssel kapcsolatos kutatást végez","sk":"vykonávať pravidelný letecký výskum","sl":"redno izvajati raziskave na področju letalstva","ga":"taighde eitlíochta a dhéanamh go rialta","sv":"undersöka nyheter inom luftsfartsområdet med jämna mellanrum","mt":"twettiq tar-riċerka regolari tal-avjazzjoni","el":"διενέργεια τακτικών ερευνών στον αεροπορικό τομέα","en":"conduct regular aviation research","is":"leiðir reglubundna flugrannsókn","it":"effettuare ricerche regolari in materia di aviazione","es":"realizar de forma regular investigaciones sobre aviación","et":"korralisi lennundusuuringuid tegema","cs":"provádět pravidelný informační průzkum v oblasti letectví","ar":"يجري بحوث الطيران العادية","pl":"przeprowadzać regularne badania lotnicze","da":"gennemføre regelmæssige undersøgelser af luftfart","ro":"desfășoară periodic activități de cercetare în domeniul aeronautic","nl":"regelmatig luchtvaartonderzoek uitvoeren"},"alternativeLabel":{"en":["stay up-to-date with aviation developments","undertake aviation research regularly","conduct aviation research on a regular basis","undertake regular aviation research","keep up-to-date with developments in aviation","conduct aviation research regularly","keep up-to-date with aviation developments","maintain up-to-date knowledge of aviation topics","perform regular aviation research","stay up-to-date with developments in aviation"],"es":["llevar a cabo periódicamente investigaciones sobre aviación","hacer investigación sobre la aviación de forma regular"]},"description":{"en-us":{"literal":"Conduct research on a regular basis in order to stay up-to-date with aviation safety standards and procedures. Investigate new technologies and materials that may improve the efficiency of service delivery.","mimetype":"plain/text"},"en":{"literal":"Conduct research on a regular basis in order to stay up-to-date with aviation safety standards and procedures. Investigate new technologies and materials that may improve the efficiency of service delivery.","mimetype":"plain/text"}},"status":"released","_links":{"self":{"href":"https://ec.europa.eu/esco/api/resource/skill?uri=http://data.europa.eu/esco/skill/e8459f6a-20b6-47d4-8c94-63ed354fc2d0&language=en","uri":"http://data.europa.eu/esco/skill/e8459f6a-20b6-47d4-8c94-63ed354fc2d0","title":"conduct regular aviation research"},"isTopConceptInScheme":[{"href":"https://ec.europa.eu/esco/api/resource/taxonomy?uri=http://data.europa.eu/esco/concept-scheme/member-skills&language=en","uri":"http://data.europa.eu/esco/concept-scheme/member-skills","title":"ESCO member skills"},{"href":"https://ec.europa.eu/esco/api/resource/taxonomy?uri=http://data.europa.eu/esco/concept-scheme/skills&language=en","uri":"http://data.europa.eu/esco/concept-scheme/skills","title":"ESCO skills"}],"isInScheme":[{"href":"https://ec.europa.eu/esco/api/resource/taxonomy?uri=http://data.europa.eu/esco/concept-scheme/member-skills&language=en","uri":"http://data.europa.eu/esco/concept-scheme/member-skills","title":"ESCO member skills"},{"href":"https://ec.europa.eu/esco/api/resource/taxonomy?uri=http://data.europa.eu/esco/concept-scheme/skills&language=en","uri":"http://data.europa.eu/esco/concept-scheme/skills","title":"ESCO skills"}],"hasSkillType":[{"href":"https://ec.europa.eu/esco/api/resource/concept?uri=http://data.europa.eu/esco/skill-type/skill&language=en","uri":"http://data.europa.eu/esco/skill-type/skill","title":"skill"}],"hasReuseLevel":[{"href":"https://ec.europa.eu/esco/api/resource/concept?uri=http://data.europa.eu/esco/skill-reuse-level/sector-specific&language=en","uri":"http://data.europa.eu/esco/skill-reuse-level/sector-specific","title":"sector specific skills and competences","code":"Level 3"}],"isEssentialForOccupation":[{"href":"https://ec.europa.eu/esco/api/resource/occupation?uri=http://data.europa.eu/esco/occupation/b0473a10-e3de-480c-a841-171f2356a074&language=en","uri":"http://data.europa.eu/esco/occupation/b0473a10-e3de-480c-a841-171f2356a074","title":"aviation inspector"},{"href":"https://ec.europa.eu/esco/api/resource/occupation?uri=http://data.europa.eu/esco/occupation/44ec4c04-c2d4-4b92-bb27-e56f5b096d97&language=en","uri":"http://data.europa.eu/esco/occupation/44ec4c04-c2d4-4b92-bb27-e56f5b096d97","title":"airside safety manager"}]},"_embedded":{}},{"className":"Skill","classId":"http://data.europa.eu/esco/model#Skill","uri":"http://data.europa.eu/esco/skill/b1f71e6b-5811-4a1f-99d5-4836971388b8","title":"approve the design of aircraft parking areas","referenceLanguage":["en"],"preferredLabel":{"de":"Gestaltung von Parkflächen für Luftfahrzeuge genehmigen","no":"godkjenne utformingen av flyoppstillingsplasser","en-us":"approve the design of aircraft parking areas","fi":"hyväksyä ilma-alusten seisonta-alueita koskeva suunnitelma","pt":"aprovar a conceção de áreas de estacionamento de aeronaves","bg":"одобряване на проектите за перони за въздухоплавателни средства","lt":"tvirtinti orlaivių stovėjimo vietų projektus","hr":"odobravati projektiranje parkirališta za zrakoplove","lv":"apstiprināt gaisa kuģu novietņu projektu","fr":"approuver la conception d’aires de stationnement d’avions","hu":"jóváhagyja a repülőgépek parkolóterületének kivitelezését","sk":"schváliť návrh parkovacích plôch pre lietadlá","sl":"potrjevati načrte parkirnih prostorov za zrakoplove","ga":"dearadh na limistéar páirceála aerárthaí a fhormheas","sv":"godkänna utformning av parkeringsområden för luftfartyg","mt":"approvazzjoni tad-disinn taż-żoni ta’ parkeġġ tal-inġenji tal-ajru","el":"έγκριση του σχεδιασμού περιοχών στάθμευσης αεροσκαφών","en":"approve the design of aircraft parking areas","is":"samþykkir hönnun svæðis fyrir loftfarsstæði","it":"approvare la progettazione di aree di parcheggio degli aeromobili","es":"aprobar el diseño de las áreas de estacionamiento de las aeronaves","et":"õhusõidukite parkimisalade lahendusi heaks kiitma","cs":"schvalovat plán parkování pro letadla","ar":"يوافق على تصميم مناطق وقوف الطائرات","pl":"zatwierdzać projekt miejsc postojowych samolotów","ro":"aprobă proiectul zonelor de parcare pentru aeronave","da":"godkende udformningen af parkeringsområder til luftfartøjer","nl":"ontwerp van vliegtuigparkeerplaatsen goedkeuren"},"alternativeLabel":{"cs":["schvalovat plán parkovacích stanovišť pro letadla"],"sv":["godkänna utformning av parkeringsytor för luftfartyg"],"sl":["odobriti zasnovo območja za parkiranje zrakoplovov"],"en":["approve aircraft parking facility designs","approve aircraft parking area designs","make decisions on the appropriateness of designs for aircraft parking facilities","assess the design of aircraft parking areas","assess the design of aircraft parking facilities","make decisions on the suitability of designs for aircraft parking areas","approve the design of aircraft parking facilities","make decisions on the appropriateness of designs for aircraft parking areas","make decisions on the suitability of designs for aircraft parking facilities"],"pl":["zatwierdzać projekt miejsc postojowych statków powietrznych"],"es":["autorizar el diseño de las zonas de estacionamiento de aeronaves","dar el visto bueno al diseño de las áreas de estacionamiento de aviones"]},"description":{"en-us":{"literal":"Approve the design of aircraft parking areas.","mimetype":"plain/text"},"en":{"literal":"Approve the design of aircraft parking areas.","mimetype":"plain/text"}},"status":"released","_links":{"self":{"href":"https://ec.europa.eu/esco/api/resource/skill?uri=http://data.europa.eu/esco/skill/b1f71e6b-5811-4a1f-99d5-4836971388b8&language=en","uri":"http://data.europa.eu/esco/skill/b1f71e6b-5811-4a1f-99d5-4836971388b8","title":"approve the design of aircraft parking areas"},"isTopConceptInScheme":[{"href":"https://ec.europa.eu/esco/api/resource/taxonomy?uri=http://data.europa.eu/esco/concept-scheme/skills&language=en","uri":"http://data.europa.eu/esco/concept-scheme/skills","title":"ESCO skills"},{"href":"https://ec.europa.eu/esco/api/resource/taxonomy?uri=http://data.europa.eu/esco/concept-scheme/member-skills&language=en","uri":"http://data.europa.eu/esco/concept-scheme/member-skills","title":"ESCO member skills"}],"isInScheme":[{"href":"https://ec.europa.eu/esco/api/resource/taxonomy?uri=http://data.europa.eu/esco/concept-scheme/skills&language=en","uri":"http://data.europa.eu/esco/concept-scheme/skills","title":"ESCO skills"},{"href":"https://ec.europa.eu/esco/api/resource/taxonomy?uri=http://data.europa.eu/esco/concept-scheme/member-skills&language=en","uri":"http://data.europa.eu/esco/concept-scheme/member-skills","title":"ESCO member skills"}],"hasSkillType":[{"href":"https://ec.europa.eu/esco/api/resource/concept?uri=http://data.europa.eu/esco/skill-type/skill&language=en","uri":"http://data.europa.eu/esco/skill-type/skill","title":"skill"}],"hasReuseLevel":[{"href":"https://ec.europa.eu/esco/api/resource/concept?uri=http://data.europa.eu/esco/skill-reuse-level/occupation-specific&language=en","uri":"http://data.europa.eu/esco/skill-reuse-level/occupation-specific","title":"occupation specific skills and competences","code":"Level 4"}],"isEssentialForOccupation":[{"href":"https://ec.europa.eu/esco/api/resource/occupation?uri=http://data.europa.eu/esco/occupation/44ec4c04-c2d4-4b92-bb27-e56f5b096d97&language=en","uri":"http://data.europa.eu/esco/occupation/44ec4c04-c2d4-4b92-bb27-e56f5b096d97","title":"airside safety manager"}]},"_embedded":{}},{"className":"Skill","classId":"http://data.europa.eu/esco/model#Skill","uri":"http://data.europa.eu/esco/skill/72a109e1-df31-4f08-81d1-2baef60dac74","title":"coordinate closing room in footwear manufacturing","referenceLanguage":["en"],"preferredLabel":{"no":"koordinere stengerom i fottøyproduksjon","de":"Stepperei in der Produktion von Schuhwerk koordinieren","fi":"koordinoida ompelimoa jalkineiden valmistuksessa","en-us":"coordinate closing room in footwear manufacturing","pt":"coordenar o trabalho na etapa de costura e pesponto no fabrico de calçado","bg":"координиране на шивашки цех в обувното производство","lt":"koordinuoti su avalynės gamyba susijusią siuvimo cecho veiklą","hr":"koordinirati prostoriju za dovršavanje u proizvodnji obuće","lv":"koordinēt apavu ražošanas aizdares cehu","fr":"coordonner un atelier de fermeture dans la production d’articles chaussants","hu":"a cipőgyártás során koordinálja a befejező helyiségben végzett munkát","sk":"koordinovať dielňu na šitie vo výrobe obuvi","sl":"koordinirati prostor za zapiranje pri proizvodnji obutve","ga":"seomra dúnta a chomhordú do mhonarú coisbhirt","sv":"samordna sömnadslokal vid skotillverkning","el":"συντονισμός των δραστηριοτήτων συρραφής κατά την κατασκευή υποδημάτων","mt":"koordinazzjoni tal-kamra tal-għeluq fil-manifattura ta’ xedd is-saqajn","en":"coordinate closing room in footwear manufacturing","is":"samræmir lokunarrými í skófatnaðarframleiðslu","it":"coordinare il reparto di preparazione al montaggio per la fabbricazione di calzature","es":"coordinar la sala de aparado en la fabricación de calzado","et":"jalatsitööstuse jalatsipealsete valmistamisruumi tööd koordineerima","cs":"zajišťovat koordinaci v šicím úseku v rámci výroby obuvi","ar":"ينظم غرفة الغلق في صناعة الأحذية","pl":"koordynować pracę zszywalni obuwia","ro":"coordonează hala de asamblare a părții superioare în producția de încălțăminte","da":"koordinere afslutningsrum ved fremstilling af fodtøj","nl":"bevestigingsruimten voor de productie van schoeisel coördineren"},"alternativeLabel":{"fi":["koordinoida neulomoa jalkineiden valmistuksessa"],"en":["organize closing room activities in footwear manufacturing","organise closing room activities in footwear manufacturing","manage closing room in footwear manufacturing","manage footwear closing room","coordinate footwear closing room","coordinate closing room for footwear manufacturing","footwear closing room coordination"],"pl":["koordynować pracę w ramach procesu zszywania produkowanego obuwia"],"nl":["bevestigingsruimtes voor de productie van schoeisel coördineren"],"es":["organizar la sección de aparado en la fabricación de calzado","coordinar el trabajo de la sala de aparado en la fabricación de zapatos","coordinar la sección de aparado","coordinar el trabajo de la sala de cierre en la fabricación de calzado","coordinar la sala de cierre en la fabricación de zapatos"]},"description":{"en-us":{"literal":"Coordinate the flow of materials and footwear components. Manage orders and organize the activity of the closing room. Distribute machinery, operations and workers. Manage and optimize production and materials. Divide and organize pieces and components according to the footwear model or size and send them directly to the assembling room or to the warehouse. organize in-process quality control.","mimetype":"plain/text"},"en":{"literal":"Coordinate the flow of materials and footwear components. Manage orders and organise the activity of the closing room. Distribute machinery, operations and workers. Manage and optimise production and materials. Divide and organise pieces and components according to the footwear model or size and send them directly to the assembling room or to the warehouse. Organise in-process quality control.","mimetype":"plain/text"}},"status":"released","_links":{"self":{"href":"https://ec.europa.eu/esco/api/resource/skill?uri=http://data.europa.eu/esco/skill/72a109e1-df31-4f08-81d1-2baef60dac74&language=en","uri":"http://data.europa.eu/esco/skill/72a109e1-df31-4f08-81d1-2baef60dac74","title":"coordinate closing room in footwear manufacturing"},"isTopConceptInScheme":[{"href":"https://ec.europa.eu/esco/api/resource/taxonomy?uri=http://data.europa.eu/esco/concept-scheme/member-skills&language=en","uri":"http://data.europa.eu/esco/concept-scheme/member-skills","title":"ESCO member skills"},{"href":"https://ec.europa.eu/esco/api/resource/taxonomy?uri=http://data.europa.eu/esco/concept-scheme/skills&language=en","uri":"http://data.europa.eu/esco/concept-scheme/skills","title":"ESCO skills"}],"isInScheme":[{"href":"https://ec.europa.eu/esco/api/resource/taxonomy?uri=http://data.europa.eu/esco/concept-scheme/member-skills&language=en","uri":"http://data.europa.eu/esco/concept-scheme/member-skills","title":"ESCO member skills"},{"href":"https://ec.europa.eu/esco/api/resource/taxonomy?uri=http://data.europa.eu/esco/concept-scheme/skills&language=en","uri":"http://data.europa.eu/esco/concept-scheme/skills","title":"ESCO skills"}],"hasSkillType":[{"href":"https://ec.europa.eu/esco/api/resource/concept?uri=http://data.europa.eu/esco/skill-type/skill&language=en","uri":"http://data.europa.eu/esco/skill-type/skill","title":"skill"}],"hasReuseLevel":[{"href":"https://ec.europa.eu/esco/api/resource/concept?uri=http://data.europa.eu/esco/skill-reuse-level/sector-specific&language=en","uri":"http://data.europa.eu/esco/skill-reuse-level/sector-specific","title":"sector specific skills and competences","code":"Level 3"}],"isOptionalForOccupation":[{"href":"https://ec.europa.eu/esco/api/resource/occupation?uri=http://data.europa.eu/esco/occupation/a659968d-0804-4357-bc60-735e4d41e65c&language=en","uri":"http://data.europa.eu/esco/occupation/a659968d-0804-4357-bc60-735e4d41e65c","title":"footwear production supervisor"},{"href":"https://ec.europa.eu/esco/api/resource/occupation?uri=http://data.europa.eu/esco/occupation/95d69048-3a4b-4cce-a155-584aaecfe403&language=en","uri":"http://data.europa.eu/esco/occupation/95d69048-3a4b-4cce-a155-584aaecfe403","title":"footwear assembly supervisor"},{"href":"https://ec.europa.eu/esco/api/resource/occupation?uri=http://data.europa.eu/esco/occupation/6482664d-48f4-4ff4-9346-584ac0e2f729&language=en","uri":"http://data.europa.eu/esco/occupation/6482664d-48f4-4ff4-9346-584ac0e2f729","title":"footwear production manager"},{"href":"https://ec.europa.eu/esco/api/resource/occupation?uri=http://data.europa.eu/esco/occupation/59dae100-fdfe-44bd-8bd8-a0d3cd813ce4&language=en","uri":"http://data.europa.eu/esco/occupation/59dae100-fdfe-44bd-8bd8-a0d3cd813ce4","title":"footwear production technician"}]},"_embedded":{}},{"className":"Skill","classId":"http://data.europa.eu/esco/model#Skill","uri":"http://data.europa.eu/esco/skill/c4ebdb98-0849-4159-826e-13b1a07aadc4","title":"maneuver stone blocks","referenceLanguage":["en"],"preferredLabel":{"de":"Steinblöcke manövrieren","no":"manøvrere steinblokker","en-us":"maneuver stone blocks","fi":"liikutella kivilohkareita","pt":"manobrar blocos de pedra","bg":"боравене с каменни блокове","lt":"perkelti akmens luitus","lv":"pārvietot akmens blokus","hr":"rukovati kamenim blokovima","fr":"manipuler des blocs de pierre","hu":"kőblokkokat mozgat","sk":"manipulovať s kamennými blokmi","sl":"nameščati kamnite bloke","ga":"bloic chloiche a ionramháil","sv":"hantera stenblock","el":"χειρισμός ογκόλιθων","mt":"manuvrar tal-blokok tal-ġebel","en":"maneuver stone blocks","is":"flytur steinblokkir til","it":"movimentare blocchi di pietra","es":"manipular bloques de piedra","et":"kiviplokke liigutama","cs":"přemísťovat kamenné bloky","ar":"يناور كتل الحجر","pl":"manipulować blokami kamiennymi","ro":"manevrează blocuri de piatră","da":"manøvrere stenblokke","nl":"steenblokken verplaatsen"},"alternativeLabel":{"en":["positioning stone blocks","manoeuvring stone block","stone blocks manoeuvring","manoeuvre stone block","position stone blocks","stone block positioning","manoeuvring stone blocks"],"nl":["stenen blokken verplaatsen","steenblokken manoeuvreren","stenen blokken manoeuvreren"]},"description":{"en-us":{"literal":"Maneuver the blocks of stone, placing them in the correct position in the machine bed using electric hoist, wooden blocks and wedges.","mimetype":"plain/text"},"en":{"literal":"Maneuver the blocks of stone, placing them in the correct position in the machine bed using electric hoist, wooden blocks and wedges.","mimetype":"plain/text"}},"status":"released","_links":{"self":{"href":"https://ec.europa.eu/esco/api/resource/skill?uri=http://data.europa.eu/esco/skill/c4ebdb98-0849-4159-826e-13b1a07aadc4&language=en","uri":"http://data.europa.eu/esco/skill/c4ebdb98-0849-4159-826e-13b1a07aadc4","title":"maneuver stone blocks"},"isTopConceptInScheme":[{"href":"https://ec.europa.eu/esco/api/resource/taxonomy?uri=http://data.europa.eu/esco/concept-scheme/member-skills&language=en","uri":"http://data.europa.eu/esco/concept-scheme/member-skills","title":"ESCO member skills"},{"href":"https://ec.europa.eu/esco/api/resource/taxonomy?uri=http://data.europa.eu/esco/concept-scheme/skills&language=en","uri":"http://data.europa.eu/esco/concept-scheme/skills","title":"ESCO skills"}],"isInScheme":[{"href":"https://ec.europa.eu/esco/api/resource/taxonomy?uri=http://data.europa.eu/esco/concept-scheme/member-skills&language=en","uri":"http://data.europa.eu/esco/concept-scheme/member-skills","title":"ESCO member skills"},{"href":"https://ec.europa.eu/esco/api/resource/taxonomy?uri=http://data.europa.eu/esco/concept-scheme/skills&language=en","uri":"http://data.europa.eu/esco/concept-scheme/skills","title":"ESCO skills"}],"hasSkillType":[{"href":"https://ec.europa.eu/esco/api/resource/concept?uri=http://data.europa.eu/esco/skill-type/skill&language=en","uri":"http://data.europa.eu/esco/skill-type/skill","title":"skill"}],"hasReuseLevel":[{"href":"https://ec.europa.eu/esco/api/resource/concept?uri=http://data.europa.eu/esco/skill-reuse-level/sector-specific&language=en","uri":"http://data.europa.eu/esco/skill-reuse-level/sector-specific","title":"sector specific skills and competences","code":"Level 3"}],"isEssentialForOccupation":[{"href":"https://ec.europa.eu/esco/api/resource/occupation?uri=http://data.europa.eu/esco/occupation/610bee9f-d7f0-4b18-918e-f2a4a91f8912&language=en","uri":"http://data.europa.eu/esco/occupation/610bee9f-d7f0-4b18-918e-f2a4a91f8912","title":"stone driller"},{"href":"https://ec.europa.eu/esco/api/resource/occupation?uri=http://data.europa.eu/esco/occupation/bcb7efae-2374-4ea7-a8e7-a77e4c6ecfc8&language=en","uri":"http://data.europa.eu/esco/occupation/bcb7efae-2374-4ea7-a8e7-a77e4c6ecfc8","title":"mineral crushing operator"},{"href":"https://ec.europa.eu/esco/api/resource/occupation?uri=http://data.europa.eu/esco/occupation/3e9c6f2a-dc20-4366-aeb9-99dffd635b4c&language=en","uri":"http://data.europa.eu/esco/occupation/3e9c6f2a-dc20-4366-aeb9-99dffd635b4c","title":"stone planer"},{"href":"https://ec.europa.eu/esco/api/resource/occupation?uri=http://data.europa.eu/esco/occupation/a001cf0d-b0eb-420a-a110-9408448ba8b8&language=en","uri":"http://data.europa.eu/esco/occupation/a001cf0d-b0eb-420a-a110-9408448ba8b8","title":"stone splitter"}],"isOptionalForOccupation":[{"href":"https://ec.europa.eu/esco/api/resource/occupation?uri=http://data.europa.eu/esco/occupation/0d61e7e7-afde-49ca-b554-4633842be030&language=en","uri":"http://data.europa.eu/esco/occupation/0d61e7e7-afde-49ca-b554-4633842be030","title":"lime kiln operator"}]},"_embedded":{}},{"className":"Skill","classId":"http://data.europa.eu/esco/model#Skill","uri":"http://data.europa.eu/esco/skill/0f040ee7-075c-4986-9a6c-d20f846d69d6","title":"rail construction engineering","referenceLanguage":["en"],"preferredLabel":{"no":"skinnekonstruksjonsteknikk","de":"Gleisbautechnik","fi":"raiderakentamisen tekniikka","en-us":"rail construction engineering","pt":"engenharia ferroviária","bg":"железопътно строителство","lt":"geležinkelių statybos inžinerija","lv":"dzelzceļu inženierbūvniecība","hr":"izgradnja željeznica","fr":"ingénierie de la construction des voies ferrées","hu":"vasútépítő-mérnöki munka","sk":"stavebné Inžinierstvo pri výstavbe železníc","sl":"projektiranje in gradnja železnic","ga":"innealtóireacht tógáil iarnróid","sv":"byggnadsteknik för järnväg","el":"μηχανική κατασκευής σιδηροδρόμων","mt":"inġinerija tal-kostruzzjoni ferrovjarja","en":"rail construction engineering","is":"byggingarfræði járnbrautarteina","it":"tecniche della costruzione ferroviaria","es":"ingeniería de construcción de vías férreas","et":"raudtee-ehitus","cs":"inženýring stavby železničních tratí","ar":"هندسة إنشاء السكك الحديد","pl":"inżynieria budowy obiektów kolejowych","da":"jernbaneteknologi","ro":"inginerie feroviară","nl":"spoorbouwtechniek"},"alternativeLabel":{"en":["specialist rail construction engineering","engineering for the construction of railways","railway construction engineering","specialist railroad construction engineering","construction engineering for railways","engineering for the construction of railroads","construction engineering for railroads","specialist railway construction engineering","railroad construction engineering"],"ro":["ingineria construcțiilor feroviare"],"es":["ingeniería de construcción ferroviaria"],"et":["raudteede ehitus"]},"description":{"en-us":{"literal":"Thoroughly understand the nature of rail construction engineering; understand safety requirements and related security standards and procedures, to ensure that designs optimize constructability and maintainability.","mimetype":"plain/text"},"en":{"literal":"Thoroughly understand the nature of rail construction engineering; understand safety requirements and related security standards and procedures, to ensure that designs optimise constructability and maintainability.","mimetype":"plain/text"}},"status":"released","_links":{"self":{"href":"https://ec.europa.eu/esco/api/resource/skill?uri=http://data.europa.eu/esco/skill/0f040ee7-075c-4986-9a6c-d20f846d69d6&language=en","uri":"http://data.europa.eu/esco/skill/0f040ee7-075c-4986-9a6c-d20f846d69d6","title":"rail construction engineering"},"isTopConceptInScheme":[{"href":"https://ec.europa.eu/esco/api/resource/taxonomy?uri=http://data.europa.eu/esco/concept-scheme/skills&language=en","uri":"http://data.europa.eu/esco/concept-scheme/skills","title":"ESCO skills"},{"href":"https://ec.europa.eu/esco/api/resource/taxonomy?uri=http://data.europa.eu/esco/concept-scheme/member-skills&language=en","uri":"http://data.europa.eu/esco/concept-scheme/member-skills","title":"ESCO member skills"}],"isInScheme":[{"href":"https://ec.europa.eu/esco/api/resource/taxonomy?uri=http://data.europa.eu/esco/concept-scheme/skills&language=en","uri":"http://data.europa.eu/esco/concept-scheme/skills","title":"ESCO skills"},{"href":"https://ec.europa.eu/esco/api/resource/taxonomy?uri=http://data.europa.eu/esco/concept-scheme/member-skills&language=en","uri":"http://data.europa.eu/esco/concept-scheme/member-skills","title":"ESCO member skills"}],"hasSkillType":[{"href":"https://ec.europa.eu/esco/api/resource/concept?uri=http://data.europa.eu/esco/skill-type/knowledge&language=en","uri":"http://data.europa.eu/esco/skill-type/knowledge","title":"knowledge"}],"hasReuseLevel":[{"href":"https://ec.europa.eu/esco/api/resource/concept?uri=http://data.europa.eu/esco/skill-reuse-level/sector-specific&language=en","uri":"http://data.europa.eu/esco/skill-reuse-level/sector-specific","title":"sector specific skills and competences","code":"Level 3"}],"isEssentialForOccupation":[{"href":"https://ec.europa.eu/esco/api/resource/occupation?uri=http://data.europa.eu/esco/occupation/3f3748a7-4bb3-40b4-9ae3-1c5040c70f52&language=en","uri":"http://data.europa.eu/esco/occupation/3f3748a7-4bb3-40b4-9ae3-1c5040c70f52","title":"rail project engineer"}],"isOptionalForOccupation":[{"href":"https://ec.europa.eu/esco/api/resource/occupation?uri=http://data.europa.eu/esco/occupation/511c8e9f-b19e-4ae8-9959-c047e7410441&language=en","uri":"http://data.europa.eu/esco/occupation/511c8e9f-b19e-4ae8-9959-c047e7410441","title":"railway infrastructure inspector"}]},"_embedded":{}},{"className":"Skill","classId":"http://data.europa.eu/esco/model#Skill","uri":"http://data.europa.eu/esco/skill/9161e2c5-3edc-4b85-acc9-b91c78f4872a","title":"support sport in media","referenceLanguage":["en"],"preferredLabel":{"no":"støtte sport i medier","de":"sich für den Sport in den Medien einsetzen","fi":"tukea urheilua mediassa","en-us":"support sport in media","pt":"apoiar o desporto nos meios de comunicação","bg":"подпомагане на спорта в медиите","lt":"remti sportą žiniasklaidoje","hr":"podupirati sport u medijima","lv":"popularizēt sportu plašsaziņas līdzekļos","fr":"promouvoir le sport dans les médias","hu":"támogatja a sporttevékenységet a médiában","sk":"podporovať šport v médiách","sl":"podpirati šport v medijih","ga":"an spórt a chur chun cinn sna meáin","sv":"ge stöd till idrott i medier","mt":"sostenn għall-isport fil-midja","el":"υποστήριξη του αθλητισμού στα μέσα ενημέρωσης","en":"support sport in media","is":"styður við íþróttum í miðlum","it":"sostenere lo sport nei mezzi di comunicazione","es":"fomentar el deporte en los medios de comunicación","et":"sporti meedias toetama","cs":"podporovat sport v médiích","ar":"يدعم الفعاليات الرياضية عبر وسائل الإعلام","pl":"promować sport w mediach","da":"støtte sport i medierne","ro":"promovează prezența evenimentelor sportive în media","nl":"sport in de media ondersteunen"},"alternativeLabel":{"en":["supporting sport in media","support sports in media","help sport growth through media","develop sport through media"],"nl":["sport via de media ondersteunen","sport via de media promoten"]},"description":{"en-us":{"literal":"Collaborate with the various media outlets to support their work and benefit the popularity of sport and its stakeholders. Be a role model to encourage more people to take up sport","mimetype":"plain/text"},"en":{"literal":"Collaborate with the various media outlets to support their work and benefit the popularity of sport and its stakeholders. Be a role model to encourage more people to take up sport","mimetype":"plain/text"}},"status":"released","_links":{"self":{"href":"https://ec.europa.eu/esco/api/resource/skill?uri=http://data.europa.eu/esco/skill/9161e2c5-3edc-4b85-acc9-b91c78f4872a&language=en","uri":"http://data.europa.eu/esco/skill/9161e2c5-3edc-4b85-acc9-b91c78f4872a","title":"support sport in media"},"isTopConceptInScheme":[{"href":"https://ec.europa.eu/esco/api/resource/taxonomy?uri=http://data.europa.eu/esco/concept-scheme/skills&language=en","uri":"http://data.europa.eu/esco/concept-scheme/skills","title":"ESCO skills"},{"href":"https://ec.europa.eu/esco/api/resource/taxonomy?uri=http://data.europa.eu/esco/concept-scheme/member-skills&language=en","uri":"http://data.europa.eu/esco/concept-scheme/member-skills","title":"ESCO member skills"}],"isInScheme":[{"href":"https://ec.europa.eu/esco/api/resource/taxonomy?uri=http://data.europa.eu/esco/concept-scheme/skills&language=en","uri":"http://data.europa.eu/esco/concept-scheme/skills","title":"ESCO skills"},{"href":"https://ec.europa.eu/esco/api/resource/taxonomy?uri=http://data.europa.eu/esco/concept-scheme/member-skills&language=en","uri":"http://data.europa.eu/esco/concept-scheme/member-skills","title":"ESCO member skills"}],"hasSkillType":[{"href":"https://ec.europa.eu/esco/api/resource/concept?uri=http://data.europa.eu/esco/skill-type/skill&language=en","uri":"http://data.europa.eu/esco/skill-type/skill","title":"skill"}],"hasReuseLevel":[{"href":"https://ec.europa.eu/esco/api/resource/concept?uri=http://data.europa.eu/esco/skill-reuse-level/sector-specific&language=en","uri":"http://data.europa.eu/esco/skill-reuse-level/sector-specific","title":"sector specific skills and competences","code":"Level 3"}],"isOptionalForOccupation":[{"href":"https://ec.europa.eu/esco/api/resource/occupation?uri=http://data.europa.eu/esco/occupation/3e9c1262-4fe2-4eb1-bf94-4fe64498393a&language=en","uri":"http://data.europa.eu/esco/occupation/3e9c1262-4fe2-4eb1-bf94-4fe64498393a","title":"sports coach"},{"href":"https://ec.europa.eu/esco/api/resource/occupation?uri=http://data.europa.eu/esco/occupation/b3086ad2-1f3c-4a60-9bdb-8b4746989d4b&language=en","uri":"http://data.europa.eu/esco/occupation/b3086ad2-1f3c-4a60-9bdb-8b4746989d4b","title":"tennis coach"},{"href":"https://ec.europa.eu/esco/api/resource/occupation?uri=http://data.europa.eu/esco/occupation/11695786-9fb7-4895-b161-0480419107e4&language=en","uri":"http://data.europa.eu/esco/occupation/11695786-9fb7-4895-b161-0480419107e4","title":"sports instructor"}]},"_embedded":{}},{"className":"Skill","classId":"http://data.europa.eu/esco/model#Skill","uri":"http://data.europa.eu/esco/skill/a159badd-6d96-4976-8b92-803da16e38a2","title":"tennis","referenceLanguage":["en"],"preferredLabel":{"no":"tennis","de":"Tennis","en-us":"tennis","fi":"tennis","pt":"ténis","bg":"тенис","lt":"tenisas","hr":"tenis","lv":"teniss","fr":"tennis","hu":"tenisz","sk":"tenis","sl":"tenis","ga":"leadóg","sv":"tennis","mt":"tennis","el":"αντισφαίριση","en":"tennis","is":"tennis","it":"tennis","es":"tenis","et":"tennis","cs":"tenis","ar":"لعبة التنس","pl":"tenis","ro":"tenis","da":"tennis","nl":"tennis"},"alternativeLabel":{"el":["τένις"],"hu":["teniszezés"]},"description":{"en-us":{"literal":"The techniques and rules of tennis such as the different strokes, types of courts and how to play on them, equipment and scoring.","mimetype":"plain/text"},"en":{"literal":"The techniques and rules of tennis such as the different strokes, types of courts and how to play on them, equipment and scoring.","mimetype":"plain/text"}},"status":"released","_links":{"self":{"href":"https://ec.europa.eu/esco/api/resource/skill?uri=http://data.europa.eu/esco/skill/a159badd-6d96-4976-8b92-803da16e38a2&language=en","uri":"http://data.europa.eu/esco/skill/a159badd-6d96-4976-8b92-803da16e38a2","title":"tennis"},"isTopConceptInScheme":[{"href":"https://ec.europa.eu/esco/api/resource/taxonomy?uri=http://data.europa.eu/esco/concept-scheme/member-skills&language=en","uri":"http://data.europa.eu/esco/concept-scheme/member-skills","title":"ESCO member skills"},{"href":"https://ec.europa.eu/esco/api/resource/taxonomy?uri=http://data.europa.eu/esco/concept-scheme/skills&language=en","uri":"http://data.europa.eu/esco/concept-scheme/skills","title":"ESCO skills"}],"isInScheme":[{"href":"https://ec.europa.eu/esco/api/resource/taxonomy?uri=http://data.europa.eu/esco/concept-scheme/member-skills&language=en","uri":"http://data.europa.eu/esco/concept-scheme/member-skills","title":"ESCO member skills"},{"href":"https://ec.europa.eu/esco/api/resource/taxonomy?uri=http://data.europa.eu/esco/concept-scheme/skills&language=en","uri":"http://data.europa.eu/esco/concept-scheme/skills","title":"ESCO skills"}],"hasSkillType":[{"href":"https://ec.europa.eu/esco/api/resource/concept?uri=http://data.europa.eu/esco/skill-type/knowledge&language=en","uri":"http://data.europa.eu/esco/skill-type/knowledge","title":"knowledge"}],"hasReuseLevel":[{"href":"https://ec.europa.eu/esco/api/resource/concept?uri=http://data.europa.eu/esco/skill-reuse-level/occupation-specific&language=en","uri":"http://data.europa.eu/esco/skill-reuse-level/occupation-specific","title":"occupation specific skills and competences","code":"Level 4"}],"isEssentialForOccupation":[{"href":"https://ec.europa.eu/esco/api/resource/occupation?uri=http://data.europa.eu/esco/occupation/b3086ad2-1f3c-4a60-9bdb-8b4746989d4b&language=en","uri":"http://data.europa.eu/esco/occupation/b3086ad2-1f3c-4a60-9bdb-8b4746989d4b","title":"tennis coach"}]},"_embedded":{}},{"className":"Skill","classId":"http://data.europa.eu/esco/model#Skill","uri":"http://data.europa.eu/esco/skill/9077e3a7-f200-41aa-9cc9-f7b68bbd4793","title":"handle hot limestone","referenceLanguage":["en"],"preferredLabel":{"no":"håndtere varm kalkstein","de":"mit heißen Kalkstein umgehen","en-us":"handle hot limestone","fi":"käsitellä kuumaa kalkkikiveä","pt":"manusear calcário quente","bg":"боравене с горещ варовик","lt":"tvarkyti karštas klintis","lv":"rīkoties ar karstu kaļķakmeni","hr":"rukovati s vrućim vapnencem","fr":"manipuler du calcaire chaud","hu":"forró mészkövet kezel","sk":"manipulovať s horúcim vápencom","sl":"ravnati z vročim apnencem","ga":"aolchloch the a láimhseáil","sv":"hantera het kalksten","el":"χειρισμός καυτής μαρμαρόσκονης","mt":"immaniġġar tal-ġir jikwi","en":"handle hot limestone","is":"meðhöndlar heitan kalkstein","it":"maneggiare la pietra calcarea a temperature elevate","es":"manipular piedra caliza caliente","et":"kuuma lupja töötlema","cs":"manipulovat s horkým vápnem","ar":"يجهز عينة من الحجر الجيري الساخن","pl":"obchodzić się z gorącym wapieniem","ro":"manipulează var fierbinte","da":"håndtere varm kalksten","nl":"omgaan met hete kalksteen"},"alternativeLabel":{"en":["manipulate hot limestone","hot limestone handling","handle hot limestone","manipulating hot limestone","hot limestone manipulating","handling hot limestone"],"ro":["manipulează calcar fierbinte"],"nl":["omgaan met verhitte kalksteen","hete kalksteen hanteren","verhitte kalksteen hanteren"]},"description":{"en-us":{"literal":"Handle hot limestone by scooping it using a shovel in order to prepare the samples to be analyzed.","mimetype":"plain/text"},"en":{"literal":"Handle hot limestone by scooping it using a shovel in order to prepare the samples to be analysed.","mimetype":"plain/text"}},"status":"released","_links":{"self":{"href":"https://ec.europa.eu/esco/api/resource/skill?uri=http://data.europa.eu/esco/skill/9077e3a7-f200-41aa-9cc9-f7b68bbd4793&language=en","uri":"http://data.europa.eu/esco/skill/9077e3a7-f200-41aa-9cc9-f7b68bbd4793","title":"handle hot limestone"},"isTopConceptInScheme":[{"href":"https://ec.europa.eu/esco/api/resource/taxonomy?uri=http://data.europa.eu/esco/concept-scheme/skills&language=en","uri":"http://data.europa.eu/esco/concept-scheme/skills","title":"ESCO skills"},{"href":"https://ec.europa.eu/esco/api/resource/taxonomy?uri=http://data.europa.eu/esco/concept-scheme/member-skills&language=en","uri":"http://data.europa.eu/esco/concept-scheme/member-skills","title":"ESCO member skills"}],"isInScheme":[{"href":"https://ec.europa.eu/esco/api/resource/taxonomy?uri=http://data.europa.eu/esco/concept-scheme/skills&language=en","uri":"http://data.europa.eu/esco/concept-scheme/skills","title":"ESCO skills"},{"href":"https://ec.europa.eu/esco/api/resource/taxonomy?uri=http://data.europa.eu/esco/concept-scheme/member-skills&language=en","uri":"http://data.europa.eu/esco/concept-scheme/member-skills","title":"ESCO member skills"}],"hasSkillType":[{"href":"https://ec.europa.eu/esco/api/resource/concept?uri=http://data.europa.eu/esco/skill-type/skill&language=en","uri":"http://data.europa.eu/esco/skill-type/skill","title":"skill"}],"hasReuseLevel":[{"href":"https://ec.europa.eu/esco/api/resource/concept?uri=http://data.europa.eu/esco/skill-reuse-level/occupation-specific&language=en","uri":"http://data.europa.eu/esco/skill-reuse-level/occupation-specific","title":"occupation specific skills and competences","code":"Level 4"}],"isEssentialForOccupation":[{"href":"https://ec.europa.eu/esco/api/resource/occupation?uri=http://data.europa.eu/esco/occupation/0d61e7e7-afde-49ca-b554-4633842be030&language=en","uri":"http://data.europa.eu/esco/occupation/0d61e7e7-afde-49ca-b554-4633842be030","title":"lime kiln operator"}]},"_embedded":{}},{"className":"Skill","classId":"http://data.europa.eu/esco/model#Skill","uri":"http://data.europa.eu/esco/skill/1e48c5d9-b4e2-4069-8ab0-0a2e84e050f5","title":"maintain the production of juveniles at the nursery stage","referenceLanguage":["en"],"preferredLabel":{"no":"vedlikeholde produksjon av yngel på utklekkingsstadiet","de":"die Produktion von Setzlingen in der Jungfischstation aufrechterhalten","en-us":"maintain the production of juveniles at the nursery stage","fi":"huolehtia nuorten yksilöiden jalostuksesta kasvuvaiheessa","pt":"manter a produção de juvenis na fase de viveiro","bg":"поддържане на производството на млади екземпляри на етапа на отглеждане в разсадните басейни","lt":"prižiūrėti jauniklių vystymąsi inkubatoriniame etape","lv":"uzturēt mazuļu audzēšanu inkubācijas periodā","hr":"održavati proizvodnju mlađi","fr":"gérer la production de juvéniles en pépinière","hu":"fenntartja a fiatal egyedek létrehozását az óvodai szakaszban","sk":"zachovať produkciu mladých jedincov vo fáze chovu v odchovni","sl":"ohranjati proizvodnjo mladic v fazi vzgajanja","ga":"táirgeadh óg-iasc san iasclann a chothabháil","sv":"sköta ungdjursproduktionen på yngelavdelning","mt":"żamma tal-produzzjoni tal-ħut li jkun għadu qed jikber fl-istadju tan-nursery","el":"διατήρηση της παραγωγής ιχθυδίων στο στάδιο της εκκόλαψης","en":"maintain the production of juveniles at the nursery stage","is":"viðheldur framleiðslu ungviðis á uppvaxtarstiginu","it":"mantenere la produzione di avannotti nella fase di vivaio","es":"mantener la producción de juveniles en criaderos","et":"kasvatusetapis noorisendite tootmist tagama","cs":"udržovat populaci nedospělých jedinců v odchovném zařízení","ar":"يواصل إعداد النشء في مرحلة الحضانة","pl":"utrzymywać produkcję narybku na etapie wylęgania","da":"vedligeholde produktion i opdrætsfase","ro":"asigură producția de juvenili în etapa de alevinaj","nl":"productie van jonge exemplaren in kweekkamerfase beheren"},"alternativeLabel":{"sl":["ohranjati proizvodnjo mladih rib v fazi vzgajanja","izdelati poslovni načrt za vališča v ribogojstvu"],"en":["ensure the production of juveniles at the nursery stage","ensuring the production of juveniles at the nursery stage","production of juveniles ensuring at the nursery stage","maintaining the production of juveniles at the nursery stage","production of juveniles maintaining at the nursery stage"],"es":["asegurar la producción de juveniles en criaderos","garantizar la producción de juveniles en criaderos"]},"description":{"en-us":{"literal":"Maintain the production of juveniles at the nursery stage using advanced high density production techniques","mimetype":"plain/text"},"en":{"literal":"Maintain the production of juveniles at the nursery stage using advanced high density production techniques","mimetype":"plain/text"}},"status":"released","_links":{"self":{"href":"https://ec.europa.eu/esco/api/resource/skill?uri=http://data.europa.eu/esco/skill/1e48c5d9-b4e2-4069-8ab0-0a2e84e050f5&language=en","uri":"http://data.europa.eu/esco/skill/1e48c5d9-b4e2-4069-8ab0-0a2e84e050f5","title":"maintain the production of juveniles at the nursery stage"},"isTopConceptInScheme":[{"href":"https://ec.europa.eu/esco/api/resource/taxonomy?uri=http://data.europa.eu/esco/concept-scheme/skills&language=en","uri":"http://data.europa.eu/esco/concept-scheme/skills","title":"ESCO skills"},{"href":"https://ec.europa.eu/esco/api/resource/taxonomy?uri=http://data.europa.eu/esco/concept-scheme/member-skills&language=en","uri":"http://data.europa.eu/esco/concept-scheme/member-skills","title":"ESCO member skills"}],"isInScheme":[{"href":"https://ec.europa.eu/esco/api/resource/taxonomy?uri=http://data.europa.eu/esco/concept-scheme/skills&language=en","uri":"http://data.europa.eu/esco/concept-scheme/skills","title":"ESCO skills"},{"href":"https://ec.europa.eu/esco/api/resource/taxonomy?uri=http://data.europa.eu/esco/concept-scheme/member-skills&language=en","uri":"http://data.europa.eu/esco/concept-scheme/member-skills","title":"ESCO member skills"}],"hasSkillType":[{"href":"https://ec.europa.eu/esco/api/resource/concept?uri=http://data.europa.eu/esco/skill-type/skill&language=en","uri":"http://data.europa.eu/esco/skill-type/skill","title":"skill"}],"hasReuseLevel":[{"href":"https://ec.europa.eu/esco/api/resource/concept?uri=http://data.europa.eu/esco/skill-reuse-level/sector-specific&language=en","uri":"http://data.europa.eu/esco/skill-reuse-level/sector-specific","title":"sector specific skills and competences","code":"Level 3"}],"isEssentialForOccupation":[{"href":"https://ec.europa.eu/esco/api/resource/occupation?uri=http://data.europa.eu/esco/occupation/02bd7cac-8263-4425-b03d-19001ffe8787&language=en","uri":"http://data.europa.eu/esco/occupation/02bd7cac-8263-4425-b03d-19001ffe8787","title":"aquaculture hatchery manager"},{"href":"https://ec.europa.eu/esco/api/resource/occupation?uri=http://data.europa.eu/esco/occupation/802d3a2f-b966-42e3-94df-683adfcff20c&language=en","uri":"http://data.europa.eu/esco/occupation/802d3a2f-b966-42e3-94df-683adfcff20c","title":"aquaculture rearing technician"},{"href":"https://ec.europa.eu/esco/api/resource/occupation?uri=http://data.europa.eu/esco/occupation/e93d5c8d-1219-4c11-91d7-9d0ab8d9c08e&language=en","uri":"http://data.europa.eu/esco/occupation/e93d5c8d-1219-4c11-91d7-9d0ab8d9c08e","title":"aquaculture hatchery technician"}]},"_embedded":{}},{"className":"Skill","classId":"http://data.europa.eu/esco/model#Skill","uri":"http://data.europa.eu/esco/skill/1e887ec5-cc41-4517-b3b2-0805ab4293c0","title":"develop measuring equipment","referenceLanguage":["en"],"preferredLabel":{"de":"Messinstrumente entwickeln","no":"utvikle måleutstyr","en-us":"develop measuring equipment","fi":"kehittää mittauslaitteita","pt":"desenvolver equipamento de medição","bg":"разработване на измервателни уреди","lt":"kurti matavimo įrangą","hr":"razvijati mjernu opremu","lv":"izstrādāt mērinstrumentus","fr":"concevoir des instruments de mesure","hu":"mérőberendezéseket fejleszt ki","sk":"vyvinúť meracie zariadenie","sl":"razvijati opremo za merjenje","ga":"trealamh tomhais a fhorbairt","sv":"utveckla mätutrustning","mt":"żvilupp tat-tagħmir tal-kejl","el":"δημιουργία νέου εξοπλισμού μετρήσεων","en":"develop measuring equipment","is":"þróar mælingabúnað","it":"sviluppare apparecchiature di misurazione","es":"desarrollar equipos de medición","et":"mõõteseadmeid välja töötama","cs":"vyvíjet měřící techniku","ar":"يطور أجهزة القياس","pl":"opracowywać przyrządy pomiarowe","ro":"dezvoltă echipament de măsură","da":"udvikle måleudstyr","nl":"meetapparatuur ontwikkelen"},"alternativeLabel":{"bg":["разработване на измервателно оборудване"],"en":["create measuring equipment define measuring equipment","developing measuring equipment","prepare measuring equipment"],"es":["hacer nuevos equipos de medición","desarrollar instrumentos de medición","desarrollar herramientas de medición","elaborar nuevos instrumentos de medición","desarrollar materiales de medición"]},"description":{"en-us":{"literal":"Develop new measuring equipment for quantitatively measurable properties such as length, area, volume, speed, energy, force, and others.","mimetype":"plain/text"},"en":{"literal":"Develop new measuring equipment for quantitatively measurable properties such as length, area, volume, speed, energy, force, and others.","mimetype":"plain/text"}},"status":"released","_links":{"self":{"href":"https://ec.europa.eu/esco/api/resource/skill?uri=http://data.europa.eu/esco/skill/1e887ec5-cc41-4517-b3b2-0805ab4293c0&language=en","uri":"http://data.europa.eu/esco/skill/1e887ec5-cc41-4517-b3b2-0805ab4293c0","title":"develop measuring equipment"},"isTopConceptInScheme":[{"href":"https://ec.europa.eu/esco/api/resource/taxonomy?uri=http://data.europa.eu/esco/concept-scheme/member-skills&language=en","uri":"http://data.europa.eu/esco/concept-scheme/member-skills","title":"ESCO member skills"},{"href":"https://ec.europa.eu/esco/api/resource/taxonomy?uri=http://data.europa.eu/esco/concept-scheme/skills&language=en","uri":"http://data.europa.eu/esco/concept-scheme/skills","title":"ESCO skills"}],"isInScheme":[{"href":"https://ec.europa.eu/esco/api/resource/taxonomy?uri=http://data.europa.eu/esco/concept-scheme/member-skills&language=en","uri":"http://data.europa.eu/esco/concept-scheme/member-skills","title":"ESCO member skills"},{"href":"https://ec.europa.eu/esco/api/resource/taxonomy?uri=http://data.europa.eu/esco/concept-scheme/skills&language=en","uri":"http://data.europa.eu/esco/concept-scheme/skills","title":"ESCO skills"}],"hasSkillType":[{"href":"https://ec.europa.eu/esco/api/resource/concept?uri=http://data.europa.eu/esco/skill-type/skill&language=en","uri":"http://data.europa.eu/esco/skill-type/skill","title":"skill"}],"hasReuseLevel":[{"href":"https://ec.europa.eu/esco/api/resource/concept?uri=http://data.europa.eu/esco/skill-reuse-level/occupation-specific&language=en","uri":"http://data.europa.eu/esco/skill-reuse-level/occupation-specific","title":"occupation specific skills and competences","code":"Level 4"}],"isEssentialForOccupation":[{"href":"https://ec.europa.eu/esco/api/resource/occupation?uri=http://data.europa.eu/esco/occupation/fa5b9075-3796-4e86-be0a-b5e6d725c25a&language=en","uri":"http://data.europa.eu/esco/occupation/fa5b9075-3796-4e86-be0a-b5e6d725c25a","title":"metrologist"}]},"_embedded":{}},{"className":"Skill","classId":"http://data.europa.eu/esco/model#Skill","uri":"http://data.europa.eu/esco/skill/c03a61cc-86b6-477b-a20f-8cc2b4aa7467","title":"cure composite workpiece","referenceLanguage":["en"],"preferredLabel":{"no":"herde gjenstander av komposittmaterialer","de":"Werkstücke aushärten","en-us":"cure composite workpiece","fi":"kuivattaa komposiittityökappale","pt":"proceder à cura de peças compósitas","bg":"втвърдяване на заготовки от композитни материали","lt":"sukietinti kompozitinį ruošinį","lv":"ļaut kompozītmateriālu sagatavei sacietēt","hr":"sušiti proizvod mješavine","fr":"faire sécher une pièce à usiner composite","hu":"kompozit munkadarabokat keményít ki","sk":"vytvrdiť obrobok z kompozitného materiálu","sl":"utrjevati obdelovance iz kompozitnih materialov","ga":"saotharphíosa ilchodach a leasú","sv":"härda sammansatta arbetsobjekt","el":"σκλήρυνση σύνθετου τεμαχίου","mt":"twebbis tat-tagħmir kompożitu","en":"cure composite workpiece","is":"þurrkar samsett verkstykki","it":"polimerizzare  il pezzo in materiale composito","es":"vulcanizar piezas compuestas","et":"töödeldavat komposiitmaterjalist detaili kuivatama","cs":"sušit zpracovávaný díl z kompozitního materiálu","ar":"يعالج قطع العمل المركبة","pl":"utwardzać przedmioty obrabiane z materiałów złożonych","da":"hærde komposit arbejdsemne","ro":"tratează termic piese de lucru din materiale compozite","nl":"samengesteld werkstuk uitharden"},"alternativeLabel":{"en":["allowing composite workpiece to cure","allowing curing of composite workpiece","composite workpiece curing","allow curing of composite workpiece","allow composite workpiece to cure","curing composite workpiece","cure composite workpiece"],"nl":["samengesteld werkstuk laten uitharden"]},"description":{"en-us":{"literal":"Take the necessary steps to let a composite workpiece cure. Switch on heating components like infrared lamps or heated molds, or introduce the workpiece into a curing oven.","mimetype":"plain/text"},"en":{"literal":"Take the necessary steps to let a composite workpiece cure. Switch on heating components like infrared lamps or heated moulds, or introduce the workpiece into a curing oven.","mimetype":"plain/text"}},"status":"released","_links":{"self":{"href":"https://ec.europa.eu/esco/api/resource/skill?uri=http://data.europa.eu/esco/skill/c03a61cc-86b6-477b-a20f-8cc2b4aa7467&language=en","uri":"http://data.europa.eu/esco/skill/c03a61cc-86b6-477b-a20f-8cc2b4aa7467","title":"cure composite workpiece"},"isTopConceptInScheme":[{"href":"https://ec.europa.eu/esco/api/resource/taxonomy?uri=http://data.europa.eu/esco/concept-scheme/member-skills&language=en","uri":"http://data.europa.eu/esco/concept-scheme/member-skills","title":"ESCO member skills"},{"href":"https://ec.europa.eu/esco/api/resource/taxonomy?uri=http://data.europa.eu/esco/concept-scheme/skills&language=en","uri":"http://data.europa.eu/esco/concept-scheme/skills","title":"ESCO skills"}],"isInScheme":[{"href":"https://ec.europa.eu/esco/api/resource/taxonomy?uri=http://data.europa.eu/esco/concept-scheme/member-skills&language=en","uri":"http://data.europa.eu/esco/concept-scheme/member-skills","title":"ESCO member skills"},{"href":"https://ec.europa.eu/esco/api/resource/taxonomy?uri=http://data.europa.eu/esco/concept-scheme/skills&language=en","uri":"http://data.europa.eu/esco/concept-scheme/skills","title":"ESCO skills"}],"hasSkillType":[{"href":"https://ec.europa.eu/esco/api/resource/concept?uri=http://data.europa.eu/esco/skill-type/skill&language=en","uri":"http://data.europa.eu/esco/skill-type/skill","title":"skill"}],"hasReuseLevel":[{"href":"https://ec.europa.eu/esco/api/resource/concept?uri=http://data.europa.eu/esco/skill-reuse-level/occupation-specific&language=en","uri":"http://data.europa.eu/esco/skill-reuse-level/occupation-specific","title":"occupation specific skills and competences","code":"Level 4"}],"isEssentialForOccupation":[{"href":"https://ec.europa.eu/esco/api/resource/occupation?uri=http://data.europa.eu/esco/occupation/88b21b2f-350c-4f41-9680-a53f8ea708ed&language=en","uri":"http://data.europa.eu/esco/occupation/88b21b2f-350c-4f41-9680-a53f8ea708ed","title":"filament winding operator"}]},"_embedded":{}},{"className":"Skill","classId":"http://data.europa.eu/esco/model#Skill","uri":"http://data.europa.eu/esco/skill/24783286-361a-44db-b0f1-aaabe35aef5d","title":"manage wine production","referenceLanguage":["en"],"preferredLabel":{"de":"Weinproduktion leiten","no":"administrere vinproduksjon","fi":"johtaa viinintuotantoa","en-us":"manage wine production","pt":"gerir a produção vitícola","bg":"управляване на производството на вино","lt":"valdyti vyno gamybą","hr":"upravljati proizvodnjom vina","lv":"vadīt vīna ražošanu","fr":"gérer la production de vins","hu":"bortermelést végez","sk":"riadiť produkciu vína","sl":"voditi pridelavo vina","ga":"táirgeadh fíona a bhainistiú","sv":"leda vinproduktionen","mt":"immaniġġjar tal-produzzjoni tal-inbid","el":"διαχείριση της οινοπαραγωγής","en":"manage wine production","is":"stýrir vínframleiðslu","it":"gestire la produzione di vino","es":"gestionar la producción vitícola","et":"veini tootmist haldama","cs":"řídit výrobu vína","ar":"يدير إنتاج النبيذ","pl":"zarządzać produkcją wina","ro":"gestionează producția de vin","da":"lede vinproduktion","nl":"wijnproductie beheren"},"alternativeLabel":{"bg":["управляване на винопроизводството"],"en":["managing production of wine","supervising wine production","wine production managing","supervising production of wine","supervise wine production","wine production supervising","managing wine production"],"ro":["gestionează producția vitivinicolă"],"es":["verificar volúmenes de producción vitivinícola","gestionar la producción de vino","realizar labores de vitivinicultura"]},"description":{"en-us":{"literal":"Manage the wine production and review the production pipeline and volumes.","mimetype":"plain/text"},"en":{"literal":"Manage the wine production and review the production pipeline and volumes.","mimetype":"plain/text"}},"status":"released","_links":{"self":{"href":"https://ec.europa.eu/esco/api/resource/skill?uri=http://data.europa.eu/esco/skill/24783286-361a-44db-b0f1-aaabe35aef5d&language=en","uri":"http://data.europa.eu/esco/skill/24783286-361a-44db-b0f1-aaabe35aef5d","title":"manage wine production"},"isTopConceptInScheme":[{"href":"https://ec.europa.eu/esco/api/resource/taxonomy?uri=http://data.europa.eu/esco/concept-scheme/member-skills&language=en","uri":"http://data.europa.eu/esco/concept-scheme/member-skills","title":"ESCO member skills"},{"href":"https://ec.europa.eu/esco/api/resource/taxonomy?uri=http://data.europa.eu/esco/concept-scheme/skills&language=en","uri":"http://data.europa.eu/esco/concept-scheme/skills","title":"ESCO skills"}],"isInScheme":[{"href":"https://ec.europa.eu/esco/api/resource/taxonomy?uri=http://data.europa.eu/esco/concept-scheme/member-skills&language=en","uri":"http://data.europa.eu/esco/concept-scheme/member-skills","title":"ESCO member skills"},{"href":"https://ec.europa.eu/esco/api/resource/taxonomy?uri=http://data.europa.eu/esco/concept-scheme/skills&language=en","uri":"http://data.europa.eu/esco/concept-scheme/skills","title":"ESCO skills"}],"hasSkillType":[{"href":"https://ec.europa.eu/esco/api/resource/concept?uri=http://data.europa.eu/esco/skill-type/skill&language=en","uri":"http://data.europa.eu/esco/skill-type/skill","title":"skill"}],"hasReuseLevel":[{"href":"https://ec.europa.eu/esco/api/resource/concept?uri=http://data.europa.eu/esco/skill-reuse-level/sector-specific&language=en","uri":"http://data.europa.eu/esco/skill-reuse-level/sector-specific","title":"sector specific skills and competences","code":"Level 3"}],"isEssentialForOccupation":[{"href":"https://ec.europa.eu/esco/api/resource/occupation?uri=http://data.europa.eu/esco/occupation/c56295bb-ef33-4ccd-a929-59e3dd73f876&language=en","uri":"http://data.europa.eu/esco/occupation/c56295bb-ef33-4ccd-a929-59e3dd73f876","title":"vineyard cellar master"},{"href":"https://ec.europa.eu/esco/api/resource/occupation?uri=http://data.europa.eu/esco/occupation/8b304664-ba25-45fe-a5bf-80c727943a86&language=en","uri":"http://data.europa.eu/esco/occupation/8b304664-ba25-45fe-a5bf-80c727943a86","title":"vineyard manager"}]},"_embedded":{}},{"className":"Skill","classId":"http://data.europa.eu/esco/model#Skill","uri":"http://data.europa.eu/esco/skill/e43d0973-e62a-47db-92f9-2beced0c74ad","title":"cut house wrap","referenceLanguage":["en"],"preferredLabel":{"no":"kutte husdekke","de":"Fassadenbahn schneiden","en-us":"cut house wrap","fi":"leikata tuulensuojamuovia","pt":"cortar material de isolamento térmico","bg":"разрязване на паропропускливо фолио","lt":"išpjauti angas pastato apsauginėje statybinėje plėvelėje","hr":"rezati omot za zgrade","lv":"griezt mājai uzklātās celtniecības plēves","fr":"découper une enveloppe respirante","hu":"épületburkot szab ki","sk":"rezať fasádnu fóliu","sl":"izrezovati odprtine v paroprepustni foliji","ga":"cumhdach fritaise a ghearradh","sv":"skära byggnadsskyddsmaterial","el":"κοπή μονωτικής κάλυψης κατοικιών","mt":"tqattigħ tat-tqartis tad-dar","en":"cut house wrap","is":"klippir einangrunarplast fyrir hús","it":"tagliare la guaina di coibentazione per edifici","es":"cortar membrana de paredes exteriores","et":"tuuletõkkekilet lõikama","cs":"vyříznout otvory do fasádní membrány","ar":"يقطع غلاف المنزل","pl":"ciąć warstwy wstępnego krycia","ro":"taie membrană de protecție pentru pereți","da":"tilpasse inddækning","nl":"waterdicht ademend membraan snijden"},"alternativeLabel":{"fi":["leikata tuulensuojalevyjä"],"en":["cutting of housewrap","housewrap cutting","cut weather resistant wrap","cutting of house wrap","cutting housewrap","cut housewrap","cut weather resistant material","cutting house wrap","house wrap cutting","cutting weather resistant wrap","cutting weather resistant material"],"es":["agujerear membrana de paredes exteriores"]},"description":{"en-us":{"literal":"Make incisions in house wrap to insert windows, doors or other objects. Plan the incision first and mark the lines on the wrap. Remove excess material. Tape all seams.","mimetype":"plain/text"},"en":{"literal":"Make incisions in house wrap to insert windows, doors or other objects. Plan the incision first and mark the lines on the wrap. Remove excess material. Tape all seams.","mimetype":"plain/text"}},"status":"released","_links":{"self":{"href":"https://ec.europa.eu/esco/api/resource/skill?uri=http://data.europa.eu/esco/skill/e43d0973-e62a-47db-92f9-2beced0c74ad&language=en","uri":"http://data.europa.eu/esco/skill/e43d0973-e62a-47db-92f9-2beced0c74ad","title":"cut house wrap"},"isTopConceptInScheme":[{"href":"https://ec.europa.eu/esco/api/resource/taxonomy?uri=http://data.europa.eu/esco/concept-scheme/member-skills&language=en","uri":"http://data.europa.eu/esco/concept-scheme/member-skills","title":"ESCO member skills"},{"href":"https://ec.europa.eu/esco/api/resource/taxonomy?uri=http://data.europa.eu/esco/concept-scheme/skills&language=en","uri":"http://data.europa.eu/esco/concept-scheme/skills","title":"ESCO skills"}],"isInScheme":[{"href":"https://ec.europa.eu/esco/api/resource/taxonomy?uri=http://data.europa.eu/esco/concept-scheme/member-skills&language=en","uri":"http://data.europa.eu/esco/concept-scheme/member-skills","title":"ESCO member skills"},{"href":"https://ec.europa.eu/esco/api/resource/taxonomy?uri=http://data.europa.eu/esco/concept-scheme/skills&language=en","uri":"http://data.europa.eu/esco/concept-scheme/skills","title":"ESCO skills"}],"hasSkillType":[{"href":"https://ec.europa.eu/esco/api/resource/concept?uri=http://data.europa.eu/esco/skill-type/skill&language=en","uri":"http://data.europa.eu/esco/skill-type/skill","title":"skill"}],"hasReuseLevel":[{"href":"https://ec.europa.eu/esco/api/resource/concept?uri=http://data.europa.eu/esco/skill-reuse-level/sector-specific&language=en","uri":"http://data.europa.eu/esco/skill-reuse-level/sector-specific","title":"sector specific skills and competences","code":"Level 3"}],"isEssentialForOccupation":[{"href":"https://ec.europa.eu/esco/api/resource/occupation?uri=http://data.europa.eu/esco/occupation/0b5e4142-90ad-48a6-8407-ed47b2664954&language=en","uri":"http://data.europa.eu/esco/occupation/0b5e4142-90ad-48a6-8407-ed47b2664954","title":"door installer"},{"href":"https://ec.europa.eu/esco/api/resource/occupation?uri=http://data.europa.eu/esco/occupation/353a22a7-1c55-410c-a7a7-c531692b5e50&language=en","uri":"http://data.europa.eu/esco/occupation/353a22a7-1c55-410c-a7a7-c531692b5e50","title":"window installer"}]},"_embedded":{}},{"className":"Skill","classId":"http://data.europa.eu/esco/model#Skill","uri":"http://data.europa.eu/esco/skill/32a18bcb-6991-49ed-a96e-a88dae6bf127","title":"install sill pan","referenceLanguage":["en"],"preferredLabel":{"no":"montere utvendige vinduskarmer","de":"Tropfkante anbringen","fi":"asentaa ikkunapeltejä","en-us":"install sill pan","pt":"instalar pingadeiras","bg":"монтиране на подпрозоречни дренажни подложки","lt":"įrengti palangių lovelius","lv":"uzstādīt palodžu lāseņus","hr":"postavljati prozorske daske","fr":"installer un appui de fenêtre","hu":"ablakpárkány alatti nedvességkivezető elemet szerel fel","sk":"montovať odvodňovacie parapetné prvky","sl":"nameščati okenske police","ga":"panna faoi leac fuinneoige a shuiteáil","sv":"installera underbleck","mt":"installazzjoni ta’ sistemi ta’ sollijiet","el":"εγκατάσταση συστημάτων υδρορροής παραθύρων","en":"install sill pan","is":"setur upp sylluvatnsbretti","it":"installare le scossaline per finestre","es":"instalar umbrales de charola","et":"ülevoolukaussi paigaldama","cs":"instalovat parapety","ar":"يركب عتبة للوقاية من الأتربة","pl":"montować odbieralniki parapetowe","ro":"montează glafuri","da":"montere sålbænke","nl":"afvoerbak onder vensterbank installeren"},"alternativeLabel":{"de":["Wassernase anbringen"],"en":["installation of windowsill pan","installing cill pan","install windowsill pan","installation of sill pan","cill pan installation","installing windowsill pan","sill pan installation","install cill pan","installation of cill pan","installing sill pan","windowsill pan installation"],"nl":["afvoerbak onder vensterbank plaatsen"],"es":["colocar umbrales de charola"]},"description":{"en-us":{"literal":"Install different types of sill pans, systems that sit underneath the window sill to collect any excess moisture or fluids and convey it outside as to prevent moisture damage to the window or adjacent structures.","mimetype":"plain/text"},"en":{"literal":"Install different types of sill pans, systems that sit underneath the window sill to collect any excess moisture or fluids and convey it outside as to prevent moisture damage to the window or adjacent structures.","mimetype":"plain/text"}},"status":"released","_links":{"self":{"href":"https://ec.europa.eu/esco/api/resource/skill?uri=http://data.europa.eu/esco/skill/32a18bcb-6991-49ed-a96e-a88dae6bf127&language=en","uri":"http://data.europa.eu/esco/skill/32a18bcb-6991-49ed-a96e-a88dae6bf127","title":"install sill pan"},"isTopConceptInScheme":[{"href":"https://ec.europa.eu/esco/api/resource/taxonomy?uri=http://data.europa.eu/esco/concept-scheme/member-skills&language=en","uri":"http://data.europa.eu/esco/concept-scheme/member-skills","title":"ESCO member skills"},{"href":"https://ec.europa.eu/esco/api/resource/taxonomy?uri=http://data.europa.eu/esco/concept-scheme/skills&language=en","uri":"http://data.europa.eu/esco/concept-scheme/skills","title":"ESCO skills"}],"isInScheme":[{"href":"https://ec.europa.eu/esco/api/resource/taxonomy?uri=http://data.europa.eu/esco/concept-scheme/member-skills&language=en","uri":"http://data.europa.eu/esco/concept-scheme/member-skills","title":"ESCO member skills"},{"href":"https://ec.europa.eu/esco/api/resource/taxonomy?uri=http://data.europa.eu/esco/concept-scheme/skills&language=en","uri":"http://data.europa.eu/esco/concept-scheme/skills","title":"ESCO skills"}],"hasSkillType":[{"href":"https://ec.europa.eu/esco/api/resource/concept?uri=http://data.europa.eu/esco/skill-type/skill&language=en","uri":"http://data.europa.eu/esco/skill-type/skill","title":"skill"}],"hasReuseLevel":[{"href":"https://ec.europa.eu/esco/api/resource/concept?uri=http://data.europa.eu/esco/skill-reuse-level/sector-specific&language=en","uri":"http://data.europa.eu/esco/skill-reuse-level/sector-specific","title":"sector specific skills and competences","code":"Level 3"}],"isEssentialForOccupation":[{"href":"https://ec.europa.eu/esco/api/resource/occupation?uri=http://data.europa.eu/esco/occupation/353a22a7-1c55-410c-a7a7-c531692b5e50&language=en","uri":"http://data.europa.eu/esco/occupation/353a22a7-1c55-410c-a7a7-c531692b5e50","title":"window installer"}],"isOptionalForOccupation":[{"href":"https://ec.europa.eu/esco/api/resource/occupation?uri=http://data.europa.eu/esco/occupation/5f9e0588-e819-42f7-9975-f53198666c07&language=en","uri":"http://data.europa.eu/esco/occupation/5f9e0588-e819-42f7-9975-f53198666c07","title":"plate glass installer"},{"href":"https://ec.europa.eu/esco/api/resource/occupation?uri=http://data.europa.eu/esco/occupation/ceb9910a-1174-4926-82c9-5afee2bd3702&language=en","uri":"http://data.europa.eu/esco/occupation/ceb9910a-1174-4926-82c9-5afee2bd3702","title":"glass installation supervisor"},{"href":"https://ec.europa.eu/esco/api/resource/occupation?uri=http://data.europa.eu/esco/occupation/c9f6c245-8c66-4b13-9253-9835194abb23&language=en","uri":"http://data.europa.eu/esco/occupation/c9f6c245-8c66-4b13-9253-9835194abb23","title":"glass beveller"}]},"_embedded":{}},{"className":"Skill","classId":"http://data.europa.eu/esco/model#Skill","uri":"http://data.europa.eu/esco/skill/6e3e5c17-0d46-4376-9928-8dbaaea27164","title":"conserve new media","referenceLanguage":["en"],"preferredLabel":{"de":"neue Medien konservieren","no":"konservere nye medier","fi":"tallettaa uutta mediaa","en-us":"conserve new media","pt":"conservar arquivos eletrónicos","bg":"запазване на нови носители","lt":"išsaugoti naujųjų medijų įrašus","lv":"saglabāt digitālos darbus","hr":"očuvati nove medije","fr":"conserver de nouveaux médias","hu":"megőrzi az új adathordozókat","sk":"uchovávať nové médiá","sl":"shranjevati nove medije","ga":"meáin nua a chaomhnú","sv":"bevara nya medier","el":"διατήρηση νέων μέσων ενημέρωσης","mt":"konservazzjoni tal-midja ġdida","en":"conserve new media","is":"varðveitir nýja miðla","it":"conservare nuovi mezzi di comunicazione","es":"mantener registros de los nuevos medios de comunicación","et":"uut meediat säilitama","cs":"archivovat obsah nových médií","ar":"يُبقي على وسائل الإعلام الجديدة","pl":"zachowywać nowe treści medialne","ro":"stochează și arhivează înregistrări electronice","da":"bevare nye medier","nl":"nieuwe media bewaren"},"alternativeLabel":{"bg":["съхраняване на нови носители"],"sl":["ohranjati nove medije"],"en":["preserve new media","conserving new media","archive new media","maintain new media storage"],"nl":["nieuwe media opslaan"]},"description":{"en-us":{"literal":"Digitally preserve and archive electronic records using up-to-date technology.","mimetype":"plain/text"},"en":{"literal":"Digitally preserve and archive electronic records using up-to-date technology.","mimetype":"plain/text"}},"status":"released","_links":{"self":{"href":"https://ec.europa.eu/esco/api/resource/skill?uri=http://data.europa.eu/esco/skill/6e3e5c17-0d46-4376-9928-8dbaaea27164&language=en","uri":"http://data.europa.eu/esco/skill/6e3e5c17-0d46-4376-9928-8dbaaea27164","title":"conserve new media"},"isTopConceptInScheme":[{"href":"https://ec.europa.eu/esco/api/resource/taxonomy?uri=http://data.europa.eu/esco/concept-scheme/skills&language=en","uri":"http://data.europa.eu/esco/concept-scheme/skills","title":"ESCO skills"},{"href":"https://ec.europa.eu/esco/api/resource/taxonomy?uri=http://data.europa.eu/esco/concept-scheme/member-skills&language=en","uri":"http://data.europa.eu/esco/concept-scheme/member-skills","title":"ESCO member skills"}],"isInScheme":[{"href":"https://ec.europa.eu/esco/api/resource/taxonomy?uri=http://data.europa.eu/esco/concept-scheme/skills&language=en","uri":"http://data.europa.eu/esco/concept-scheme/skills","title":"ESCO skills"},{"href":"https://ec.europa.eu/esco/api/resource/taxonomy?uri=http://data.europa.eu/esco/concept-scheme/member-skills&language=en","uri":"http://data.europa.eu/esco/concept-scheme/member-skills","title":"ESCO member skills"}],"hasSkillType":[{"href":"https://ec.europa.eu/esco/api/resource/concept?uri=http://data.europa.eu/esco/skill-type/skill&language=en","uri":"http://data.europa.eu/esco/skill-type/skill","title":"skill"}],"hasReuseLevel":[{"href":"https://ec.europa.eu/esco/api/resource/concept?uri=http://data.europa.eu/esco/skill-reuse-level/sector-specific&language=en","uri":"http://data.europa.eu/esco/skill-reuse-level/sector-specific","title":"sector specific skills and competences","code":"Level 3"}],"isOptionalForOccupation":[{"href":"https://ec.europa.eu/esco/api/resource/occupation?uri=http://data.europa.eu/esco/occupation/aab8009a-5759-4f52-8865-6cc657b1f099&language=en","uri":"http://data.europa.eu/esco/occupation/aab8009a-5759-4f52-8865-6cc657b1f099","title":"publications coordinator"},{"href":"https://ec.europa.eu/esco/api/resource/occupation?uri=http://data.europa.eu/esco/occupation/e2ad6d3e-1736-466b-a2bf-9823f683c8ab&language=en","uri":"http://data.europa.eu/esco/occupation/e2ad6d3e-1736-466b-a2bf-9823f683c8ab","title":"book publisher"},{"href":"https://ec.europa.eu/esco/api/resource/occupation?uri=http://data.europa.eu/esco/occupation/4bef1707-a251-427e-9d8b-96595ec38d45&language=en","uri":"http://data.europa.eu/esco/occupation/4bef1707-a251-427e-9d8b-96595ec38d45","title":"book editor"}]},"_embedded":{}},{"className":"Skill","classId":"http://data.europa.eu/esco/model#Skill","uri":"http://data.europa.eu/esco/skill/d5464c09-f8b7-44b1-b216-db2bdc80dc17","title":"operate dealership management system","referenceLanguage":["en"],"preferredLabel":{"no":"betjene forhandlerstyringssystem","de":"mit einem Managementsystem für Vertragshändlerbetriebe arbeiten","fi":"käyttää jälleenmyynnin hallintajärjestelmää","en-us":"operate dealership management system","pt":"operar um sistema de gestão de concessionários","bg":"боравене със система за управление на търговски обект","lt":"naudoti prekybinio tarpininkavimo valdymo sistemas","lv":"lietot tirdzniecības uzņēmuma pārvaldības sistēmu","hr":"upravljati sustavom za upravljanje prodajnim mjestom","fr":"utiliser un système de gestion de concession","hu":"forgalmazásirányítási rendszert működtet","sk":"používať systém obchodného riadenia","sl":"upravljati sistem za upravljanje prodajalne avtomobilov","ga":"córas bainistíochta na cuideachta díoltóireachta a oibriú","sv":"använda verksamhetens informationssystem för företagsledning","el":"χειρισμός συστήματος διαχείρισης αντιπροσωπείας","mt":"tħaddim tas-sistemi tal-immaniġġjar tal-bejjiegħa speċjalizzati","en":"operate dealership management system","is":"stýrir umboðsstjórnunarkerfi","it":"far funzionare il sistema informatico di gestione della concessionaria","es":"gestionar el sistema administrativo de un concesionario","et":"müügiesinduse haldussüsteemi kasutama","cs":"provozovat systém řízení obchodních zástupců","ar":"يشغّل نظام إدارة بيع","pl":"obsługiwać systemy zarządzania działalnością dealerską","da":"betjene forhandlerstyringssystem","ro":"gestionează sistemul de management al afacerilor","nl":"beheersysteem voor dealers gebruiken"},"alternativeLabel":{"sv":["använda verksamhetens administrativa informationssystem"],"en":["operate a dealership management system","conduct dealership management system","dealership management system operation","run dealership management system","operating a dealership management system","perform dealership management system","undertake dealership management system"]},"description":{"en-us":{"literal":"Operate and maintain the management information system that caters to the needs of the finance, sales, parts, inventory and administrative aspects of running the business.","mimetype":"plain/text"},"en":{"literal":"Operate and maintain the management information system that caters to the needs of the finance, sales, parts, inventory and administrative aspects of running the business.","mimetype":"plain/text"}},"status":"released","_links":{"self":{"href":"https://ec.europa.eu/esco/api/resource/skill?uri=http://data.europa.eu/esco/skill/d5464c09-f8b7-44b1-b216-db2bdc80dc17&language=en","uri":"http://data.europa.eu/esco/skill/d5464c09-f8b7-44b1-b216-db2bdc80dc17","title":"operate dealership management system"},"isTopConceptInScheme":[{"href":"https://ec.europa.eu/esco/api/resource/taxonomy?uri=http://data.europa.eu/esco/concept-scheme/member-skills&language=en","uri":"http://data.europa.eu/esco/concept-scheme/member-skills","title":"ESCO member skills"},{"href":"https://ec.europa.eu/esco/api/resource/taxonomy?uri=http://data.europa.eu/esco/concept-scheme/skills&language=en","uri":"http://data.europa.eu/esco/concept-scheme/skills","title":"ESCO skills"}],"isInScheme":[{"href":"https://ec.europa.eu/esco/api/resource/taxonomy?uri=http://data.europa.eu/esco/concept-scheme/member-skills&language=en","uri":"http://data.europa.eu/esco/concept-scheme/member-skills","title":"ESCO member skills"},{"href":"https://ec.europa.eu/esco/api/resource/taxonomy?uri=http://data.europa.eu/esco/concept-scheme/skills&language=en","uri":"http://data.europa.eu/esco/concept-scheme/skills","title":"ESCO skills"}],"hasSkillType":[{"href":"https://ec.europa.eu/esco/api/resource/concept?uri=http://data.europa.eu/esco/skill-type/skill&language=en","uri":"http://data.europa.eu/esco/skill-type/skill","title":"skill"}],"hasReuseLevel":[{"href":"https://ec.europa.eu/esco/api/resource/concept?uri=http://data.europa.eu/esco/skill-reuse-level/sector-specific&language=en","uri":"http://data.europa.eu/esco/skill-reuse-level/sector-specific","title":"sector specific skills and competences","code":"Level 3"}],"isEssentialForOccupation":[{"href":"https://ec.europa.eu/esco/api/resource/occupation?uri=http://data.europa.eu/esco/occupation/b21b5952-1658-44f8-b719-e5be7fb39866&language=en","uri":"http://data.europa.eu/esco/occupation/b21b5952-1658-44f8-b719-e5be7fb39866","title":"motor vehicle shop manager"}],"isOptionalForOccupation":[{"href":"https://ec.europa.eu/esco/api/resource/occupation?uri=http://data.europa.eu/esco/occupation/1663e9d9-857b-4efa-9ab6-886c7fc763f6&language=en","uri":"http://data.europa.eu/esco/occupation/1663e9d9-857b-4efa-9ab6-886c7fc763f6","title":"motor vehicle aftersales manager"}]},"_embedded":{}}]}}