{"total":8196,"offset":276,"limit":20,"language":"en","uri":"http://data.europa.eu/esco/concept-scheme/skills","relation":"hasTopConcept","_links":{"self":{"href":"https://ec.europa.eu/esco/api/resource/related?uri=http://data.europa.eu/esco/concept-scheme/skills&relation=hasTopConcept&limit=20&offset=276&language=en&full=true"},"prev":{"href":"https://ec.europa.eu/esco/api/resource/related?uri=http://data.europa.eu/esco/concept-scheme/skills&relation=hasTopConcept&limit=20&offset=275&language=en&full=true"},"next":{"href":"https://ec.europa.eu/esco/api/resource/related?uri=http://data.europa.eu/esco/concept-scheme/skills&relation=hasTopConcept&limit=20&offset=277&language=en&full=true"}},"_embedded":{"hasTopConcept":[{"className":"Skill","classId":"http://data.europa.eu/esco/model#Skill","uri":"http://data.europa.eu/esco/skill/4dc5042a-b2b4-4ad5-a39b-3558b073cec7","title":"use specialised equipment","referenceLanguage":["en"],"preferredLabel":{"no":"bruke spesialisert utstyr","de":"Spezialausrüstung verwenden","fi":"käyttää erikoisvälineitä","en-us":"use specialized  equipment","pt":"utilizar equipamento especializado","bg":"ползване на специализирано оборудване","lt":"naudoti specialiąją įrangą","hr":"upotrebljavati specijaliziranu opremu","lv":"lietot specializētās iekārtas","fr":"utiliser du matériel spécialisé","hu":"speciális berendezést használ","sk":"používať špecializované zariadenia","sl":"uporabljati specializirano opremo","ga":"trealamh speisialaithe a úsáid","sv":"använda specialutrustning","el":"χρήση εξειδικευμένου εξοπλισμού","mt":"użu tat-tagħmir speċjalizzat","en":"use specialised equipment","is":"notar sérhæfðan búnað","it":"utilizzare le attrezzature specialistiche","es":"utilizar equipos especializados","et":"eriseadmeid kasutama","cs":"používat specializované vybavení","ar":"يستخدم المعدات المتخصصة","pl":"posługiwać się sprzętem specjalistycznym","da":"bruge specialudstyr","ro":"utilizează echipamente specializate","nl":"gespecialiseerd materiaal gebruiken"},"alternativeLabel":{"en":["use computer modelling","use specialised production equipment","specialised equipment using","use digital imaging analysis","using specialised equipment","specialised production equipment using","use electron microscope","use specialised equipment","use global positioning systems","use telemetry","using specialised production equipment"],"ga":["saintrealamh a úsáid"],"es":["cooperar equipos especializados","manipular equipos especializados"]},"description":{"en-us":{"literal":"Use specialized equipment such as electron microscope, telemetry, digital imaging analysis, global positioning systems, and computer modeling in studies and analyzes of production methodology.","mimetype":"plain/text"},"en":{"literal":"Use specialised equipment such as electron microscope, telemetry, digital imaging analysis, global positioning systems, and computer modelling in studies and analyses of production methodology.","mimetype":"plain/text"}},"status":"released","_links":{"self":{"href":"https://ec.europa.eu/esco/api/resource/skill?uri=http://data.europa.eu/esco/skill/4dc5042a-b2b4-4ad5-a39b-3558b073cec7&language=en","uri":"http://data.europa.eu/esco/skill/4dc5042a-b2b4-4ad5-a39b-3558b073cec7","title":"use specialised equipment"},"isTopConceptInScheme":[{"href":"https://ec.europa.eu/esco/api/resource/taxonomy?uri=http://data.europa.eu/esco/concept-scheme/skills&language=en","uri":"http://data.europa.eu/esco/concept-scheme/skills","title":"ESCO skills"},{"href":"https://ec.europa.eu/esco/api/resource/taxonomy?uri=http://data.europa.eu/esco/concept-scheme/member-skills&language=en","uri":"http://data.europa.eu/esco/concept-scheme/member-skills","title":"ESCO member skills"}],"isInScheme":[{"href":"https://ec.europa.eu/esco/api/resource/taxonomy?uri=http://data.europa.eu/esco/concept-scheme/skills&language=en","uri":"http://data.europa.eu/esco/concept-scheme/skills","title":"ESCO skills"},{"href":"https://ec.europa.eu/esco/api/resource/taxonomy?uri=http://data.europa.eu/esco/concept-scheme/member-skills&language=en","uri":"http://data.europa.eu/esco/concept-scheme/member-skills","title":"ESCO member skills"}],"hasSkillType":[{"href":"https://ec.europa.eu/esco/api/resource/concept?uri=http://data.europa.eu/esco/skill-type/skill&language=en","uri":"http://data.europa.eu/esco/skill-type/skill","title":"skill"}],"hasReuseLevel":[{"href":"https://ec.europa.eu/esco/api/resource/concept?uri=http://data.europa.eu/esco/skill-reuse-level/sector-specific&language=en","uri":"http://data.europa.eu/esco/skill-reuse-level/sector-specific","title":"sector specific skills and competences","code":"Level 3"}],"isEssentialForOccupation":[{"href":"https://ec.europa.eu/esco/api/resource/occupation?uri=http://data.europa.eu/esco/occupation/8467dda9-34c6-4c6f-aa37-e7bddffac007&language=en","uri":"http://data.europa.eu/esco/occupation/8467dda9-34c6-4c6f-aa37-e7bddffac007","title":"aquatic animal health professional"},{"href":"https://ec.europa.eu/esco/api/resource/occupation?uri=http://data.europa.eu/esco/occupation/68f4fdd9-182c-4c0d-a73d-f767b8a8355e&language=en","uri":"http://data.europa.eu/esco/occupation/68f4fdd9-182c-4c0d-a73d-f767b8a8355e","title":"aquaculture biologist"}],"isOptionalForOccupation":[{"href":"https://ec.europa.eu/esco/api/resource/occupation?uri=http://data.europa.eu/esco/occupation/6729aa5a-285f-4baf-a466-c2ccd2f2d96f&language=en","uri":"http://data.europa.eu/esco/occupation/6729aa5a-285f-4baf-a466-c2ccd2f2d96f","title":"precious stone setter"},{"href":"https://ec.europa.eu/esco/api/resource/occupation?uri=http://data.europa.eu/esco/occupation/73bcde7c-bc34-485d-a7af-7b94fc43f61b&language=en","uri":"http://data.europa.eu/esco/occupation/73bcde7c-bc34-485d-a7af-7b94fc43f61b","title":"precious stone cutter"},{"href":"https://ec.europa.eu/esco/api/resource/occupation?uri=http://data.europa.eu/esco/occupation/eee68e13-8248-43bb-a9fb-959832a6c217&language=en","uri":"http://data.europa.eu/esco/occupation/eee68e13-8248-43bb-a9fb-959832a6c217","title":"biologist"}]},"_embedded":{}},{"className":"Skill","classId":"http://data.europa.eu/esco/model#Skill","uri":"http://data.europa.eu/esco/skill/4cedf3a7-f716-4e23-832d-a2f4f8a1be3e","title":"prepare fish treatment plan","referenceLanguage":["en"],"preferredLabel":{"de":"Fischbehandlungspläne vorbereiten","no":"utarbeide fiskebehandlingsplan","fi":"valmistella kalojen lääkintäsuunnitelmia","en-us":"prepare fish treatment plan","pt":"preparar planos de tratamento de peixes","bg":"подготвяне на план за лечение на рибите","lt":"parengti žuvų gydymo planą","lv":"sagatavot zivju apstrādes plānu","hr":"pripremiti plan liječenja riba","fr":"élaborer un plan de traitement de poissons","hu":"halkezelési tervet készít elő","sk":"vypracovať plán liečby rýb","sl":"pripravljati načrte zdravljenja rib","ga":"plean cóireála éisc a ullmhú","sv":"utarbeta behandlingsplaner för fisk","mt":"tħejjija tal-pjanijiet tat-trattament tal-ħut","el":"κατάρτιση σχεδίου θεραπείας ιχθύων","en":"prepare fish treatment plan","is":"undirbýr fiskmeðferðaráætlun","it":"preparare il piano di trattamento del pesce","es":"preparar planes de tratamiento de peces","et":"kalade ravimise kavasid ette valmistama","cs":"připravovat plán pro léčbu ryb","ar":"يعد خطة معالجة الأسماك","pl":"przygotowywać plan leczenia ryb","da":"udarbejde fiskebehandlingsplan","ro":"pregătește planul de aplicare de tratamente peștelui","nl":"behandelplan voor vis maken"},"alternativeLabel":{"en":["fish treatment plan preparing","developing fish treatment plan","develop fish treatment plan","preparing fish treatment plan","fish treatment plan developing"],"nl":["behandelplan voor vis opstellen"],"es":["gestionar planes de tratamiento de peces","elaborar planes de tratamiento de peces","administrar planes de tratamiento de peces"]},"description":{"en-us":{"literal":"Prepare health treatment plans to meet specific fish disease requirements.","mimetype":"plain/text"},"en":{"literal":"Prepare health treatment plans to meet specific fish disease requirements.","mimetype":"plain/text"}},"status":"released","_links":{"self":{"href":"https://ec.europa.eu/esco/api/resource/skill?uri=http://data.europa.eu/esco/skill/4cedf3a7-f716-4e23-832d-a2f4f8a1be3e&language=en","uri":"http://data.europa.eu/esco/skill/4cedf3a7-f716-4e23-832d-a2f4f8a1be3e","title":"prepare fish treatment plan"},"isTopConceptInScheme":[{"href":"https://ec.europa.eu/esco/api/resource/taxonomy?uri=http://data.europa.eu/esco/concept-scheme/skills&language=en","uri":"http://data.europa.eu/esco/concept-scheme/skills","title":"ESCO skills"},{"href":"https://ec.europa.eu/esco/api/resource/taxonomy?uri=http://data.europa.eu/esco/concept-scheme/member-skills&language=en","uri":"http://data.europa.eu/esco/concept-scheme/member-skills","title":"ESCO member skills"}],"isInScheme":[{"href":"https://ec.europa.eu/esco/api/resource/taxonomy?uri=http://data.europa.eu/esco/concept-scheme/skills&language=en","uri":"http://data.europa.eu/esco/concept-scheme/skills","title":"ESCO skills"},{"href":"https://ec.europa.eu/esco/api/resource/taxonomy?uri=http://data.europa.eu/esco/concept-scheme/member-skills&language=en","uri":"http://data.europa.eu/esco/concept-scheme/member-skills","title":"ESCO member skills"}],"hasSkillType":[{"href":"https://ec.europa.eu/esco/api/resource/concept?uri=http://data.europa.eu/esco/skill-type/skill&language=en","uri":"http://data.europa.eu/esco/skill-type/skill","title":"skill"}],"hasReuseLevel":[{"href":"https://ec.europa.eu/esco/api/resource/concept?uri=http://data.europa.eu/esco/skill-reuse-level/sector-specific&language=en","uri":"http://data.europa.eu/esco/skill-reuse-level/sector-specific","title":"sector specific skills and competences","code":"Level 3"}],"isEssentialForOccupation":[{"href":"https://ec.europa.eu/esco/api/resource/occupation?uri=http://data.europa.eu/esco/occupation/8467dda9-34c6-4c6f-aa37-e7bddffac007&language=en","uri":"http://data.europa.eu/esco/occupation/8467dda9-34c6-4c6f-aa37-e7bddffac007","title":"aquatic animal health professional"}],"isOptionalForOccupation":[{"href":"https://ec.europa.eu/esco/api/resource/occupation?uri=http://data.europa.eu/esco/occupation/68f4fdd9-182c-4c0d-a73d-f767b8a8355e&language=en","uri":"http://data.europa.eu/esco/occupation/68f4fdd9-182c-4c0d-a73d-f767b8a8355e","title":"aquaculture biologist"},{"href":"https://ec.europa.eu/esco/api/resource/occupation?uri=http://data.europa.eu/esco/occupation/eee68e13-8248-43bb-a9fb-959832a6c217&language=en","uri":"http://data.europa.eu/esco/occupation/eee68e13-8248-43bb-a9fb-959832a6c217","title":"biologist"}]},"_embedded":{}},{"className":"Skill","classId":"http://data.europa.eu/esco/model#Skill","uri":"http://data.europa.eu/esco/skill/cd2efd98-b3c7-49bf-841f-e7005dbe472e","title":"facilitate healthcare user's engagement in occupations","referenceLanguage":["en"],"preferredLabel":{"no":"tilrettelegge helsetjenestebrukerens engasjement i yrker","de":"Berufsbeschäftigung von Nutzern/Nutzerinnen des Gesundheitssystems ermöglichen","fi":"helpottaa terveydenhuollon asiakkaan sitoutumista toimintaan","en-us":"facilitate healthcare user's engagement in occupations","pt":"ajudar o paciente a integrar-se em atividades enriquecedoras","bg":"улесняване на професионалното включване на ползвателя на здравни услуги","lt":"palengvinti sveikatos priežiūros paslaugų gavėjų dalyvavimą profesinėje veikloje","hr":"olakšavati bavljenja korisnika usluga zdravstvene zaštite određenim zanimanjima","lv":"veicināt veselības aprūpes pakalpojumu lietotāju profesijas izvēli","fr":"aider le patient à s’engager dans des occupations","hu":"elősegíti az egészségügyi ellátásban részesülők tevékenységekben való részvételét","sk":"facilitate healthcare user's engagement in occupations","sl":"lajšati opravljanje poklicnih dejavnosti uporabnikom zdravstvenih storitev","ga":"úsáideoirí cúraim sláinte a chumasú chun gníomhaíochtaí a chur i gcrích","sv":"underlätta för patienter att sysselsätta sig","el":"διευκόλυνση της ενασχόλησης με δραστηριότητες του χρήστη υγειονομικών υπηρεσιών","mt":"iffaċilitar tal-involviment tal-utenti tal-kura tas-saħħa fl-okkupazzjonijiet","en":"facilitate healthcare user's engagement in occupations","is":"greiðir fyrir skuldbindingu heilbrigðisþjónustuþega í störfum","it":"facilitare il coinvolgimento dell'assistito in attività utili per il conseguimento dei suoi obiettivi","es":"facilitar la participación del usuario de la asistencia social en determinadas ocupaciones","et":"tervishoiuteenuse kasutaja töötegevusse kaasamist lihtsustama","cs":"usnadňovat zapojení příjemce zdravotní péče do pracovního života","ar":"يسهل مشاركة مستخدم الرعاية الصحية في المهن","pl":"zachęcać osobę korzystającą z opieki zdrowotnej do podejmowania określonych rodzajów aktywności","ro":"facilitează identificarea ocupațiilor potrivite de către utilizatorii asistenței medicale","da":"fremme sundhedsbrugeres erhvervsevne","nl":"uitoefening van beroepen vergemakkelijken voor gebruikers van gezondheidszorg"},"alternativeLabel":{"sl":["pomagati pri vključitvi uporabnika zdravstvenih storitev v poklicno dejavnost"],"en":["enable healthcare users to engage in healthy occupations","enable healthcare users to engage in useful occupations","facilitate healthcare users' engagement in useful occupations","improve healthcare user's strategies for engagement in occupations","support healthcare user's engagement in occupations"],"es":["facilitar la participación del paciente en determinadas ocupaciones","promover la participación del paciente en determinadas ocupaciones","promover la participación del usuario de la asistencia social en determinadas ocupaciones"]},"description":{"en-us":{"literal":"Identify meaningful and healthy occupations and strategies in partnership with the healthcare user, to enable him to reach his goals.","mimetype":"plain/text"},"en":{"literal":"Identify meaningful and healthy occupations and strategies in partnership with the healthcare user, to enable him to reach his goals.","mimetype":"plain/text"}},"status":"released","_links":{"self":{"href":"https://ec.europa.eu/esco/api/resource/skill?uri=http://data.europa.eu/esco/skill/cd2efd98-b3c7-49bf-841f-e7005dbe472e&language=en","uri":"http://data.europa.eu/esco/skill/cd2efd98-b3c7-49bf-841f-e7005dbe472e","title":"facilitate healthcare user's engagement in occupations"},"isTopConceptInScheme":[{"href":"https://ec.europa.eu/esco/api/resource/taxonomy?uri=http://data.europa.eu/esco/concept-scheme/member-skills&language=en","uri":"http://data.europa.eu/esco/concept-scheme/member-skills","title":"ESCO member skills"},{"href":"https://ec.europa.eu/esco/api/resource/taxonomy?uri=http://data.europa.eu/esco/concept-scheme/skills&language=en","uri":"http://data.europa.eu/esco/concept-scheme/skills","title":"ESCO skills"}],"isInScheme":[{"href":"https://ec.europa.eu/esco/api/resource/taxonomy?uri=http://data.europa.eu/esco/concept-scheme/member-skills&language=en","uri":"http://data.europa.eu/esco/concept-scheme/member-skills","title":"ESCO member skills"},{"href":"https://ec.europa.eu/esco/api/resource/taxonomy?uri=http://data.europa.eu/esco/concept-scheme/skills&language=en","uri":"http://data.europa.eu/esco/concept-scheme/skills","title":"ESCO skills"}],"hasSkillType":[{"href":"https://ec.europa.eu/esco/api/resource/concept?uri=http://data.europa.eu/esco/skill-type/skill&language=en","uri":"http://data.europa.eu/esco/skill-type/skill","title":"skill"}],"hasReuseLevel":[{"href":"https://ec.europa.eu/esco/api/resource/concept?uri=http://data.europa.eu/esco/skill-reuse-level/sector-specific&language=en","uri":"http://data.europa.eu/esco/skill-reuse-level/sector-specific","title":"sector specific skills and competences","code":"Level 3"}],"isEssentialForOccupation":[{"href":"https://ec.europa.eu/esco/api/resource/occupation?uri=http://data.europa.eu/esco/occupation/33da5532-8c4e-4d1b-b52e-c201ee1bc7ab&language=en","uri":"http://data.europa.eu/esco/occupation/33da5532-8c4e-4d1b-b52e-c201ee1bc7ab","title":"occupational therapist"},{"href":"https://ec.europa.eu/esco/api/resource/occupation?uri=http://data.europa.eu/esco/occupation/82cbe20d-967c-4161-9ecd-eafc724d171c&language=en","uri":"http://data.europa.eu/esco/occupation/82cbe20d-967c-4161-9ecd-eafc724d171c","title":"occupational therapy assistant"}]},"_embedded":{}},{"className":"Skill","classId":"http://data.europa.eu/esco/model#Skill","uri":"http://data.europa.eu/esco/skill/7af90d6c-6f13-41f3-aca2-ef7d3e137f7c","title":"ethnolinguistics","referenceLanguage":["en"],"preferredLabel":{"de":"Ethnolinguistik","no":"etnolingvistikk","fi":"etnolingvistiikka","en-us":"ethnolinguistics","pt":"etnolinguística","bg":"етнолингвистика","lt":"etnolingvistika","lv":"etnolingvistika","hr":"etnolingvistika","fr":"ethnolinguistique","hu":"etnolingvisztika","sk":"etnolingvistika","sl":"etnolingvistika","ga":"eitnitheangeolaíocht","sv":"etnolingvistik","mt":"etnolingwistika","el":"εθνογλωσσολογία","en":"ethnolinguistics","is":"menningarmálvísindi","it":"etnolinguistica","es":"etnolingüística","et":"etnolingvistika","cs":"etnolingvistika","ar":"اللغات العرقية","pl":"etnolingwistyka","da":"etnolingvistik","ro":"etnolingvistică","nl":"etnolinguïstiek"},"alternativeLabel":{"fi":["lingvistinen antropologia","antropologinen kielitiede"],"en":["Ethnolinguistics","ethno-linguistics"],"fr":["anthropolinguistique"],"hu":["antropológiai nyelvészet"],"ro":["politică etnolingvistică"]},"description":{"en-us":{"literal":"The field of linguistics that studies the relation between a language and the culture of the people who speak it.","mimetype":"plain/text"},"en":{"literal":"The field of linguistics that studies the relation between a language and the culture of the people who speak it.","mimetype":"plain/text"}},"status":"released","_links":{"self":{"href":"https://ec.europa.eu/esco/api/resource/skill?uri=http://data.europa.eu/esco/skill/7af90d6c-6f13-41f3-aca2-ef7d3e137f7c&language=en","uri":"http://data.europa.eu/esco/skill/7af90d6c-6f13-41f3-aca2-ef7d3e137f7c","title":"ethnolinguistics"},"isTopConceptInScheme":[{"href":"https://ec.europa.eu/esco/api/resource/taxonomy?uri=http://data.europa.eu/esco/concept-scheme/skills&language=en","uri":"http://data.europa.eu/esco/concept-scheme/skills","title":"ESCO skills"},{"href":"https://ec.europa.eu/esco/api/resource/taxonomy?uri=http://data.europa.eu/esco/concept-scheme/member-skills&language=en","uri":"http://data.europa.eu/esco/concept-scheme/member-skills","title":"ESCO member skills"}],"isInScheme":[{"href":"https://ec.europa.eu/esco/api/resource/taxonomy?uri=http://data.europa.eu/esco/concept-scheme/skills&language=en","uri":"http://data.europa.eu/esco/concept-scheme/skills","title":"ESCO skills"},{"href":"https://ec.europa.eu/esco/api/resource/taxonomy?uri=http://data.europa.eu/esco/concept-scheme/member-skills&language=en","uri":"http://data.europa.eu/esco/concept-scheme/member-skills","title":"ESCO member skills"}],"hasSkillType":[{"href":"https://ec.europa.eu/esco/api/resource/concept?uri=http://data.europa.eu/esco/skill-type/knowledge&language=en","uri":"http://data.europa.eu/esco/skill-type/knowledge","title":"knowledge"}],"hasReuseLevel":[{"href":"https://ec.europa.eu/esco/api/resource/concept?uri=http://data.europa.eu/esco/skill-reuse-level/sector-specific&language=en","uri":"http://data.europa.eu/esco/skill-reuse-level/sector-specific","title":"sector specific skills and competences","code":"Level 3"}],"isOptionalForOccupation":[{"href":"https://ec.europa.eu/esco/api/resource/occupation?uri=http://data.europa.eu/esco/occupation/9711dcfc-d9a8-4fba-9c5e-8428d8bcb53e&language=en","uri":"http://data.europa.eu/esco/occupation/9711dcfc-d9a8-4fba-9c5e-8428d8bcb53e","title":"language school teacher"},{"href":"https://ec.europa.eu/esco/api/resource/occupation?uri=http://data.europa.eu/esco/occupation/c011a88b-95ab-46ad-ad30-539e3fc56092&language=en","uri":"http://data.europa.eu/esco/occupation/c011a88b-95ab-46ad-ad30-539e3fc56092","title":"literature teacher secondary school"},{"href":"https://ec.europa.eu/esco/api/resource/occupation?uri=http://data.europa.eu/esco/occupation/2b6bb2d1-54b0-4feb-8c6c-8ba20adde1df&language=en","uri":"http://data.europa.eu/esco/occupation/2b6bb2d1-54b0-4feb-8c6c-8ba20adde1df","title":"classical languages teacher secondary school"},{"href":"https://ec.europa.eu/esco/api/resource/occupation?uri=http://data.europa.eu/esco/occupation/fbc9ab3e-18f1-4b7b-8cd5-d6374ed5e9a9&language=en","uri":"http://data.europa.eu/esco/occupation/fbc9ab3e-18f1-4b7b-8cd5-d6374ed5e9a9","title":"classical languages lecturer"},{"href":"https://ec.europa.eu/esco/api/resource/occupation?uri=http://data.europa.eu/esco/occupation/fb0c7da2-6d0e-4a3f-be3e-344f58f0e82d&language=en","uri":"http://data.europa.eu/esco/occupation/fb0c7da2-6d0e-4a3f-be3e-344f58f0e82d","title":"modern languages teacher secondary school"},{"href":"https://ec.europa.eu/esco/api/resource/occupation?uri=http://data.europa.eu/esco/occupation/5efb2c08-ba3a-4659-a2e4-1883f54e77b6&language=en","uri":"http://data.europa.eu/esco/occupation/5efb2c08-ba3a-4659-a2e4-1883f54e77b6","title":"secondary school teacher"},{"href":"https://ec.europa.eu/esco/api/resource/occupation?uri=http://data.europa.eu/esco/occupation/be3c021d-bd93-45a0-ad32-e8fa8e0d17ef&language=en","uri":"http://data.europa.eu/esco/occupation/be3c021d-bd93-45a0-ad32-e8fa8e0d17ef","title":"modern languages lecturer"}]},"_embedded":{}},{"className":"Skill","classId":"http://data.europa.eu/esco/model#Skill","uri":"http://data.europa.eu/esco/skill/88ab3a3a-f318-41b3-bdf6-07dc33c75352","title":"electrochemistry","referenceLanguage":["en"],"preferredLabel":{"de":"Elektrochemie","no":"elektrokjemi","en-us":"electrochemistry","fi":"sähkökemia","pt":"eletroquímica","bg":"електрохимия","lt":"elektrochemija","hr":"elektrokemija","lv":"elektroķīmija","fr":"électrochimie","hu":"elektrokémia","sk":"elektrochémia","sl":"elektrokemija","ga":"leictriceimic","sv":"elektrokemi","el":"ηλεκτροχημεία","mt":"elettrokimika","en":"electrochemistry","is":"rafefnafræði","it":"elettrochimica","es":"electroquímica","et":"elektrokeemia","cs":"elektrochemie","ar":"الكيمياء الكهربائية","pl":"elektrochemia","da":"elektrokemi","ro":"electrochimie","nl":"elektrochemie"},"alternativeLabel":{"en":["science of electrochemistry","electro-chemistry","electrical charge chemistry","chemistry of electrical charge","science of electrical charge","electrochemical science"],"es":["campo de la electroquímica","ciencia de la electroquímica"]},"description":{"en-us":{"literal":"Subdiscipline of chemistry that studies the chemical reactions that take place during the interaction of an electrolyte, a chemical substance that works as an ionic conductor, and an electrode, or an electrical conductor. Electrochemistry deals with the electrical charge that moves between the electrolyte and electrodes and studies the interaction between chemical changes and electrical energy. Electrochemistry is famously used in the manufacture of batteries.","mimetype":"plain/text"},"en":{"literal":"Subdiscipline of chemistry that studies the chemical reactions that take place during the interaction of an electrolyte, a chemical substance that works as an ionic conductor, and an electrode, or an electrical conductor. Electrochemistry deals with the electrical charge that moves between the electrolyte and electrodes and studies the interaction between chemical changes and electrical energy. Electrochemistry is famously used in the manufacture of batteries.","mimetype":"plain/text"}},"status":"released","_links":{"self":{"href":"https://ec.europa.eu/esco/api/resource/skill?uri=http://data.europa.eu/esco/skill/88ab3a3a-f318-41b3-bdf6-07dc33c75352&language=en","uri":"http://data.europa.eu/esco/skill/88ab3a3a-f318-41b3-bdf6-07dc33c75352","title":"electrochemistry"},"isTopConceptInScheme":[{"href":"https://ec.europa.eu/esco/api/resource/taxonomy?uri=http://data.europa.eu/esco/concept-scheme/member-skills&language=en","uri":"http://data.europa.eu/esco/concept-scheme/member-skills","title":"ESCO member skills"},{"href":"https://ec.europa.eu/esco/api/resource/taxonomy?uri=http://data.europa.eu/esco/concept-scheme/skills&language=en","uri":"http://data.europa.eu/esco/concept-scheme/skills","title":"ESCO skills"}],"isInScheme":[{"href":"https://ec.europa.eu/esco/api/resource/taxonomy?uri=http://data.europa.eu/esco/concept-scheme/member-skills&language=en","uri":"http://data.europa.eu/esco/concept-scheme/member-skills","title":"ESCO member skills"},{"href":"https://ec.europa.eu/esco/api/resource/taxonomy?uri=http://data.europa.eu/esco/concept-scheme/skills&language=en","uri":"http://data.europa.eu/esco/concept-scheme/skills","title":"ESCO skills"}],"hasSkillType":[{"href":"https://ec.europa.eu/esco/api/resource/concept?uri=http://data.europa.eu/esco/skill-type/knowledge&language=en","uri":"http://data.europa.eu/esco/skill-type/knowledge","title":"knowledge"}],"hasReuseLevel":[{"href":"https://ec.europa.eu/esco/api/resource/concept?uri=http://data.europa.eu/esco/skill-reuse-level/sector-specific&language=en","uri":"http://data.europa.eu/esco/skill-reuse-level/sector-specific","title":"sector specific skills and competences","code":"Level 3"}],"isOptionalForOccupation":[{"href":"https://ec.europa.eu/esco/api/resource/occupation?uri=http://data.europa.eu/esco/occupation/43eb6228-8241-47d6-875e-7ccc214291d5&language=en","uri":"http://data.europa.eu/esco/occupation/43eb6228-8241-47d6-875e-7ccc214291d5","title":"battery test technician"},{"href":"https://ec.europa.eu/esco/api/resource/occupation?uri=http://data.europa.eu/esco/occupation/718bba63-75b7-4b3a-9912-e201b729fe4c&language=en","uri":"http://data.europa.eu/esco/occupation/718bba63-75b7-4b3a-9912-e201b729fe4c","title":"battery assembler"},{"href":"https://ec.europa.eu/esco/api/resource/occupation?uri=http://data.europa.eu/esco/occupation/da00cd76-22fe-450d-aefc-f4e4a3864171&language=en","uri":"http://data.europa.eu/esco/occupation/da00cd76-22fe-450d-aefc-f4e4a3864171","title":"printed circuit board assembler"}]},"_embedded":{}},{"className":"Skill","classId":"http://data.europa.eu/esco/model#Skill","uri":"http://data.europa.eu/esco/skill/35ccdf6c-6928-4ad1-967f-c984134b6bd9","title":"apply colour coats","referenceLanguage":["en"],"preferredLabel":{"no":"påføre fargestrøk","de":"Farbschichten auftragen","fi":"maalata","en-us":"apply color  coats","pt":"aplicar revestimentos de cor","bg":"нанасяне на бои","lt":"padengti dažais","lv":"uzklāt krāsas slāņus","hr":"primjenjivati premaze boje","fr":"appliquer des couches de couleur","hu":"színes bevonatokat alkalmaz","sk":"nanášať farebné nátery","sl":"nanašati barve","ga":"brait datha a chur air","sv":"applicera färglager","el":"εφαρμογή χρωματικής επικάλυψης","mt":"għoti ta’ kisjiet bil-kulur","en":"apply colour coats","is":"notar litalakk","it":"applicare le vernici colorate","es":"aplicar capas de pintura","et":"värviga katma","cs":"nanášet vrstvy barev","ar":"يضع طبقات من الألوان","pl":"lakierować elementy pojazdu","da":"påføre farvelag","ro":"aplică straturi de culoare","nl":"kleurlagen aanbrengen"},"alternativeLabel":{"fi":["levittää maalikerros"],"sl":["barvati"],"en":["utilise colour coats","apply a colour coat","administer colour coats","colour coat application","implement colour coats","applying colour coats","employ colour coats"],"es":["poner capas de pintura","fijar capas de pintura"]},"description":{"en-us":{"literal":"Spray color coats onto vehicle parts, operate painting equipment and leave freshly sprayed vehicles to dry in a temperature-controlled and dust-proof environment.","mimetype":"plain/text"},"en":{"literal":"Spray colour coats onto vehicle parts, operate painting equipment and leave freshly sprayed vehicles to dry in a temperature-controlled and dust-proof environment.","mimetype":"plain/text"}},"status":"released","_links":{"self":{"href":"https://ec.europa.eu/esco/api/resource/skill?uri=http://data.europa.eu/esco/skill/35ccdf6c-6928-4ad1-967f-c984134b6bd9&language=en","uri":"http://data.europa.eu/esco/skill/35ccdf6c-6928-4ad1-967f-c984134b6bd9","title":"apply colour coats"},"isTopConceptInScheme":[{"href":"https://ec.europa.eu/esco/api/resource/taxonomy?uri=http://data.europa.eu/esco/concept-scheme/member-skills&language=en","uri":"http://data.europa.eu/esco/concept-scheme/member-skills","title":"ESCO member skills"},{"href":"https://ec.europa.eu/esco/api/resource/taxonomy?uri=http://data.europa.eu/esco/concept-scheme/skills&language=en","uri":"http://data.europa.eu/esco/concept-scheme/skills","title":"ESCO skills"}],"isInScheme":[{"href":"https://ec.europa.eu/esco/api/resource/taxonomy?uri=http://data.europa.eu/esco/concept-scheme/member-skills&language=en","uri":"http://data.europa.eu/esco/concept-scheme/member-skills","title":"ESCO member skills"},{"href":"https://ec.europa.eu/esco/api/resource/taxonomy?uri=http://data.europa.eu/esco/concept-scheme/skills&language=en","uri":"http://data.europa.eu/esco/concept-scheme/skills","title":"ESCO skills"}],"hasSkillType":[{"href":"https://ec.europa.eu/esco/api/resource/concept?uri=http://data.europa.eu/esco/skill-type/skill&language=en","uri":"http://data.europa.eu/esco/skill-type/skill","title":"skill"}],"hasReuseLevel":[{"href":"https://ec.europa.eu/esco/api/resource/concept?uri=http://data.europa.eu/esco/skill-reuse-level/sector-specific&language=en","uri":"http://data.europa.eu/esco/skill-reuse-level/sector-specific","title":"sector specific skills and competences","code":"Level 3"}],"isEssentialForOccupation":[{"href":"https://ec.europa.eu/esco/api/resource/occupation?uri=http://data.europa.eu/esco/occupation/fb6df00f-4810-442b-8f93-89b9580c7c9f&language=en","uri":"http://data.europa.eu/esco/occupation/fb6df00f-4810-442b-8f93-89b9580c7c9f","title":"furniture finisher"},{"href":"https://ec.europa.eu/esco/api/resource/occupation?uri=http://data.europa.eu/esco/occupation/a784b063-89cf-441b-9624-deed9dbdeae6&language=en","uri":"http://data.europa.eu/esco/occupation/a784b063-89cf-441b-9624-deed9dbdeae6","title":"transport equipment painter"}],"isOptionalForOccupation":[{"href":"https://ec.europa.eu/esco/api/resource/occupation?uri=http://data.europa.eu/esco/occupation/e1416610-ad08-4f37-8b46-9f99632a5c0f&language=en","uri":"http://data.europa.eu/esco/occupation/e1416610-ad08-4f37-8b46-9f99632a5c0f","title":"cabinet maker"}]},"_embedded":{}},{"className":"Skill","classId":"http://data.europa.eu/esco/model#Skill","uri":"http://data.europa.eu/esco/skill/37236b8f-0fdc-43eb-bcd3-f4f11864da5a","title":"supervise artefact movement","referenceLanguage":["en"],"preferredLabel":{"no":"overvåke artefaktforflytning","de":"Transport von Artefakten überwachen","fi":"valvoa museoesineiden siirtämistä","en-us":"supervise artifact  movement","pt":"supervisionar a deslocação de artefactos","bg":"надзор над движението на артефакти","lt":"prižiūrėti artefaktų perkėlimą","lv":"uzraudzīt senlietu pārvietošanu","hr":"nadzirati kretanje artefakta","fr":"superviser le mouvement d'un artefact","hu":"felügyeli a műtárgy mozgatását","sk":"vykonávať dohľad nad pohybom artefaktov","sl":"nadzirati gibanje artefaktov","ga":"maoirseacht a dhéanamh ar ghluaiseacht déantán","sv":"övervaka flyttning av museiföremål","el":"επιτήρηση της μετακίνησης των τεχνουργημάτων","mt":"superviżjoni taċ-ċaqliq tal-artifatti","en":"supervise artefact movement","is":"hefur umsjón með flutningi smíðisgripa","it":"supervisionare gli spostamenti di artefatti","es":"supervisar el desplazamiento de objetos","et":"kunstieseme liigutamist juhendama","cs":"dohlížet na stěhovaní předmětů","ar":"يشرف على الحركة الخادعة","pl":"nadzorować przenoszenie eksponatów","ro":"supervizează mutarea pieselor de muzeu","da":"supervisere flytning af kunstgenstande","nl":"toezicht houden op de verplaatsing van artefacten"},"alternativeLabel":{"en":["supervise movement of artefact","supervise moving of artefacts","control artefact movement","check any movement of artefacts"],"ro":["coordonează mutarea pieselor de muzeu"],"nl":["toezien op de verplaatsing van artefacten"]},"description":{"en-us":{"literal":"Supervise any movement of museum artifacts and ensure their security.","mimetype":"plain/text"},"en":{"literal":"Supervise any movement of museum artefacts and ensure their security.","mimetype":"plain/text"}},"status":"released","_links":{"self":{"href":"https://ec.europa.eu/esco/api/resource/skill?uri=http://data.europa.eu/esco/skill/37236b8f-0fdc-43eb-bcd3-f4f11864da5a&language=en","uri":"http://data.europa.eu/esco/skill/37236b8f-0fdc-43eb-bcd3-f4f11864da5a","title":"supervise artefact movement"},"isTopConceptInScheme":[{"href":"https://ec.europa.eu/esco/api/resource/taxonomy?uri=http://data.europa.eu/esco/concept-scheme/member-skills&language=en","uri":"http://data.europa.eu/esco/concept-scheme/member-skills","title":"ESCO member skills"},{"href":"https://ec.europa.eu/esco/api/resource/taxonomy?uri=http://data.europa.eu/esco/concept-scheme/skills&language=en","uri":"http://data.europa.eu/esco/concept-scheme/skills","title":"ESCO skills"}],"isInScheme":[{"href":"https://ec.europa.eu/esco/api/resource/taxonomy?uri=http://data.europa.eu/esco/concept-scheme/member-skills&language=en","uri":"http://data.europa.eu/esco/concept-scheme/member-skills","title":"ESCO member skills"},{"href":"https://ec.europa.eu/esco/api/resource/taxonomy?uri=http://data.europa.eu/esco/concept-scheme/skills&language=en","uri":"http://data.europa.eu/esco/concept-scheme/skills","title":"ESCO skills"}],"hasSkillType":[{"href":"https://ec.europa.eu/esco/api/resource/concept?uri=http://data.europa.eu/esco/skill-type/skill&language=en","uri":"http://data.europa.eu/esco/skill-type/skill","title":"skill"}],"hasReuseLevel":[{"href":"https://ec.europa.eu/esco/api/resource/concept?uri=http://data.europa.eu/esco/skill-reuse-level/sector-specific&language=en","uri":"http://data.europa.eu/esco/skill-reuse-level/sector-specific","title":"sector specific skills and competences","code":"Level 3"}],"isEssentialForOccupation":[{"href":"https://ec.europa.eu/esco/api/resource/occupation?uri=http://data.europa.eu/esco/occupation/96be6ac3-5932-4bfc-933d-84b267d0d486&language=en","uri":"http://data.europa.eu/esco/occupation/96be6ac3-5932-4bfc-933d-84b267d0d486","title":"collection manager"},{"href":"https://ec.europa.eu/esco/api/resource/occupation?uri=http://data.europa.eu/esco/occupation/8f324afc-6ae8-48f5-af68-0fac08024fd1&language=en","uri":"http://data.europa.eu/esco/occupation/8f324afc-6ae8-48f5-af68-0fac08024fd1","title":"exhibition registrar"},{"href":"https://ec.europa.eu/esco/api/resource/occupation?uri=http://data.europa.eu/esco/occupation/fb022de4-920a-4eb0-80f9-fbb8ecfc36b1&language=en","uri":"http://data.europa.eu/esco/occupation/fb022de4-920a-4eb0-80f9-fbb8ecfc36b1","title":"archive manager"},{"href":"https://ec.europa.eu/esco/api/resource/occupation?uri=http://data.europa.eu/esco/occupation/6040c941-ab83-44b2-84e7-5cbfa1eafcdc&language=en","uri":"http://data.europa.eu/esco/occupation/6040c941-ab83-44b2-84e7-5cbfa1eafcdc","title":"art handler"}]},"_embedded":{}},{"className":"Skill","classId":"http://data.europa.eu/esco/model#Skill","uri":"http://data.europa.eu/esco/skill/32adf439-5bbc-4759-8f05-fbaacdac60a6","title":"handle kitchen equipment according to the requirements","referenceLanguage":["en"],"preferredLabel":{"de":"Küchenausrüstung vorschriftsgemäß handhaben","no":"håndtere kjøkkenutstyr i henhold til kravene","en-us":"handle kitchen equipment according to the requirements","fi":"käsitellä keittiövälineitä vaatimusten mukaisesti","pt":"manusear equipamento de cozinha de acordo com os requisitos aplicáveis","bg":"боравене с кухненско оборудване съгласно изискванията","lt":"prižiūrėti virtuvės įrangą pagal reikalavimus","lv":"lietot virtuves iekārtas atbilstoši prasībām","hr":"rukovati kuhinjskom opremom u skladu sa zahtjevima","fr":"manipuler des ustensiles de cuisine conformément aux exigences","hu":"az előírásoknak megfelelően kezeli a konyhai felszereléseket","sk":"mať na starosti kuchynské vybavenie podľa požiadaviek","sl":"uporabljati kuhinjsko opremo v skladu z zahtevami","ga":"trealamh cistine a láimhseáil de réir na gceanglas","sv":"använda köksutrustning i enlighet med bestämmelser","el":"χειρισμός του εξοπλισμού κουζίνας σύμφωνα με τις απαιτήσεις","mt":"immaniġġar tat-tagħmir tal-kċina skont ir-rekwiżiti","en":"handle kitchen equipment according to the requirements","is":"meðhöndlar eldhúsbúnað í samræmi við kröfur","it":"gestire gli attrezzi da cucina in base alle necessità","es":"manejar equipos de cocina según las exigencias","et":"köögitehnikat vastavalt nõuetele käsitsema","cs":"manipulovat s kuchyňským náčiním dle požadavků","ar":"يتعامل مع معدات المطبخ وفقًا للمتطلبات","pl":"obchodzić się ze sprzętem kuchennym zgodnie z wymogami","da":"håndtere køkkenudstyr efter forskrifterne","ro":"manipulează echipamente de bucătărie în conformitate cu cerințele","nl":"keukenapparatuur volgens voorschrift gebruiken"},"alternativeLabel":{"en":["handle kitchen equipment according to requirements","employ kitchen equipment according to the requirements","administer kitchen equipment according to the requirements","utilise kitchen equipment according to the requirements","use kitchen equipment according to the requirements"],"nl":["keukenapparatuur volgens de voorschriften gebruiken"],"es":["emplear equipos de cocina según las necesidades","utilizar equipos de cocina según las necesidades","manipular equipos de cocina según las exigencias"]},"description":{"en-us":{"literal":"Knowing and handling a variety of kitchen instruments and equipment. Choosing the right tool for the purpose and the raw material. Trim, peel, and slice products with knives, paring tools, or food cutting tools.","mimetype":"plain/text"},"en":{"literal":"Knowing and handling a variety of kitchen instruments and equipment. Choosing the right tool for the purpose and the raw material. Trim, peel, and slice products with knives, paring tools, or food cutting tools.","mimetype":"plain/text"}},"status":"released","_links":{"self":{"href":"https://ec.europa.eu/esco/api/resource/skill?uri=http://data.europa.eu/esco/skill/32adf439-5bbc-4759-8f05-fbaacdac60a6&language=en","uri":"http://data.europa.eu/esco/skill/32adf439-5bbc-4759-8f05-fbaacdac60a6","title":"handle kitchen equipment according to the requirements"},"isTopConceptInScheme":[{"href":"https://ec.europa.eu/esco/api/resource/taxonomy?uri=http://data.europa.eu/esco/concept-scheme/member-skills&language=en","uri":"http://data.europa.eu/esco/concept-scheme/member-skills","title":"ESCO member skills"},{"href":"https://ec.europa.eu/esco/api/resource/taxonomy?uri=http://data.europa.eu/esco/concept-scheme/skills&language=en","uri":"http://data.europa.eu/esco/concept-scheme/skills","title":"ESCO skills"}],"isInScheme":[{"href":"https://ec.europa.eu/esco/api/resource/taxonomy?uri=http://data.europa.eu/esco/concept-scheme/member-skills&language=en","uri":"http://data.europa.eu/esco/concept-scheme/member-skills","title":"ESCO member skills"},{"href":"https://ec.europa.eu/esco/api/resource/taxonomy?uri=http://data.europa.eu/esco/concept-scheme/skills&language=en","uri":"http://data.europa.eu/esco/concept-scheme/skills","title":"ESCO skills"}],"hasSkillType":[{"href":"https://ec.europa.eu/esco/api/resource/concept?uri=http://data.europa.eu/esco/skill-type/skill&language=en","uri":"http://data.europa.eu/esco/skill-type/skill","title":"skill"}],"hasReuseLevel":[{"href":"https://ec.europa.eu/esco/api/resource/concept?uri=http://data.europa.eu/esco/skill-reuse-level/sector-specific&language=en","uri":"http://data.europa.eu/esco/skill-reuse-level/sector-specific","title":"sector specific skills and competences","code":"Level 3"}],"isEssentialForOccupation":[{"href":"https://ec.europa.eu/esco/api/resource/occupation?uri=http://data.europa.eu/esco/occupation/11e6d39e-1295-40e7-8eea-3eb042bc7e34&language=en","uri":"http://data.europa.eu/esco/occupation/11e6d39e-1295-40e7-8eea-3eb042bc7e34","title":"industrial cook"},{"href":"https://ec.europa.eu/esco/api/resource/occupation?uri=http://data.europa.eu/esco/occupation/a256838b-0843-4ad2-a2fb-4531f94e63d8&language=en","uri":"http://data.europa.eu/esco/occupation/a256838b-0843-4ad2-a2fb-4531f94e63d8","title":"private chef"}],"isOptionalForOccupation":[{"href":"https://ec.europa.eu/esco/api/resource/occupation?uri=http://data.europa.eu/esco/occupation/e3dc66de-99c7-4607-a82b-7244036d316d&language=en","uri":"http://data.europa.eu/esco/occupation/e3dc66de-99c7-4607-a82b-7244036d316d","title":"food production operator"}]},"_embedded":{}},{"className":"Skill","classId":"http://data.europa.eu/esco/model#Skill","uri":"http://data.europa.eu/esco/skill/c0b73845-8dee-46e2-af2b-1c07e74d3780","title":"operate hot glue gun","referenceLanguage":["en"],"preferredLabel":{"no":"betjene varmtlimspistol","de":"Heißklebepistole handhaben","fi":"käyttää kuumaliimapistoolia","en-us":"operate hot glue gun","pt":"operar a pistola de cola a quente","bg":"боравене с пистолет за горещо лепене","lt":"valdyti karštų klijų pistoletą","lv":"lietot karstās līmes pistoli","hr":"rukovati pištoljem za toplo lijepljenje","fr":"utiliser un pistolet à colle","hu":"ragasztópisztollyal dolgozik","sk":"obsluhovať tavnú lepiacu pištoľ","sl":"upravljati pištolo za vroče lepljenje","ga":"gunna gliú the a oibriú","sv":"använda varmlimpistol","mt":"tħaddim tal-guns tal-kolla tikwi","el":"χειρισμός του πιστολιού θερμοσυγκόλλησης","en":"operate hot glue gun","is":"beitir límbyssu","it":"azionare una pistola di colla a caldo","es":"manejar pistolas de cola termofusible","et":"kuumliimipüstolit kasutama","cs":"obsluhovat stroj na horké lepidlo","ar":"يشغّل مسدس الغراء الساخن","pl":"obsługiwać pistolet do klejenia na gorąco","da":"betjene varmlimpistol","ro":"operează pistol de lipit la cald","nl":"warmelijmpistool bedienen"},"alternativeLabel":{"fi":["käyttää kuumaliimapuristinta"],"bg":["боравене с пистолет за топло лепене"],"en":["work a electric adhesive machine","work a hot glue gun","utilise hot glue gun","use hot glue gun","run hot glue gun","utilise electric adhesive machine","use electric adhesive machine","run electric adhesive machine"],"nl":["warmelijmpistool hanteren"],"es":["manipular pistolas de cola termofusible","trabajar con pistolas de cola termofusible","utilizar pistolas de cola termofusible"]},"description":{"en-us":{"literal":"Operate the electric machine used to apply hot melt adhesive to join two pieces of material.","mimetype":"plain/text"},"en":{"literal":"Operate the electric machine used to apply hot melt adhesive to join two pieces of material.","mimetype":"plain/text"}},"status":"released","_links":{"self":{"href":"https://ec.europa.eu/esco/api/resource/skill?uri=http://data.europa.eu/esco/skill/c0b73845-8dee-46e2-af2b-1c07e74d3780&language=en","uri":"http://data.europa.eu/esco/skill/c0b73845-8dee-46e2-af2b-1c07e74d3780","title":"operate hot glue gun"},"isTopConceptInScheme":[{"href":"https://ec.europa.eu/esco/api/resource/taxonomy?uri=http://data.europa.eu/esco/concept-scheme/member-skills&language=en","uri":"http://data.europa.eu/esco/concept-scheme/member-skills","title":"ESCO member skills"},{"href":"https://ec.europa.eu/esco/api/resource/taxonomy?uri=http://data.europa.eu/esco/concept-scheme/skills&language=en","uri":"http://data.europa.eu/esco/concept-scheme/skills","title":"ESCO skills"}],"isInScheme":[{"href":"https://ec.europa.eu/esco/api/resource/taxonomy?uri=http://data.europa.eu/esco/concept-scheme/member-skills&language=en","uri":"http://data.europa.eu/esco/concept-scheme/member-skills","title":"ESCO member skills"},{"href":"https://ec.europa.eu/esco/api/resource/taxonomy?uri=http://data.europa.eu/esco/concept-scheme/skills&language=en","uri":"http://data.europa.eu/esco/concept-scheme/skills","title":"ESCO skills"}],"hasSkillType":[{"href":"https://ec.europa.eu/esco/api/resource/concept?uri=http://data.europa.eu/esco/skill-type/skill&language=en","uri":"http://data.europa.eu/esco/skill-type/skill","title":"skill"}],"hasReuseLevel":[{"href":"https://ec.europa.eu/esco/api/resource/concept?uri=http://data.europa.eu/esco/skill-reuse-level/cross-sector&language=en","uri":"http://data.europa.eu/esco/skill-reuse-level/cross-sector","title":"cross-sector skills and competences","code":"Level 2"}],"isEssentialForOccupation":[{"href":"https://ec.europa.eu/esco/api/resource/occupation?uri=http://data.europa.eu/esco/occupation/79f435d0-9bc6-4d25-a26a-acbe16569ebb&language=en","uri":"http://data.europa.eu/esco/occupation/79f435d0-9bc6-4d25-a26a-acbe16569ebb","title":"heating, ventilation, air conditioning (and refrigeration) service engineer"},{"href":"https://ec.europa.eu/esco/api/resource/occupation?uri=http://data.europa.eu/esco/occupation/531e98aa-2a03-489d-b811-ebbb7389864a&language=en","uri":"http://data.europa.eu/esco/occupation/531e98aa-2a03-489d-b811-ebbb7389864a","title":"canvas goods assembler"}],"isOptionalForOccupation":[{"href":"https://ec.europa.eu/esco/api/resource/occupation?uri=http://data.europa.eu/esco/occupation/a4e96a0c-3a49-4cd3-a45c-ff081c28405d&language=en","uri":"http://data.europa.eu/esco/occupation/a4e96a0c-3a49-4cd3-a45c-ff081c28405d","title":"wood caulker"},{"href":"https://ec.europa.eu/esco/api/resource/occupation?uri=http://data.europa.eu/esco/occupation/2be85651-c94a-4531-9df8-3cc56932960e&language=en","uri":"http://data.europa.eu/esco/occupation/2be85651-c94a-4531-9df8-3cc56932960e","title":"heat sealing machine operator"},{"href":"https://ec.europa.eu/esco/api/resource/occupation?uri=http://data.europa.eu/esco/occupation/4a30b421-2fda-42d6-b7e1-1c31753f061d&language=en","uri":"http://data.europa.eu/esco/occupation/4a30b421-2fda-42d6-b7e1-1c31753f061d","title":"insulating tube winder"},{"href":"https://ec.europa.eu/esco/api/resource/occupation?uri=http://data.europa.eu/esco/occupation/48318e0f-b54b-4654-b296-47c8e544da23&language=en","uri":"http://data.europa.eu/esco/occupation/48318e0f-b54b-4654-b296-47c8e544da23","title":"edge bander operator"}]},"_embedded":{}},{"className":"Skill","classId":"http://data.europa.eu/esco/model#Skill","uri":"http://data.europa.eu/esco/skill/2cbb31ac-2403-4c31-90f3-7473623a56fc","title":"investigate occupational injuries","referenceLanguage":["en"],"preferredLabel":{"no":"undersøke yrkesskader","de":"Arbeitsunfälle untersuchen","fi":"tutkia työvammoja","en-us":"investigate occupational injuries","pt":"investigar lesões profissionais","bg":"разследване на професионални травми","lt":"tirti nelaimingus atsitikimus darbe","lv":"izmeklēt nelaimes gadījumus darbā","hr":"istraživati ozljede na radu","fr":"enquêter sur les blessures au travail","hu":"kivizsgálja a munkahelyi baleseteket","sk":"investigate occupational injuries","sl":"preverjati poškodbe pri delu","ga":"díobhálacha ceirde a imscrúdú","sv":"utreda arbetsskador","mt":"investigazzjoni tal-korrimenti okkupazzjonali","el":"διερεύνηση επαγγελματικών τραυματισμών","en":"investigate occupational injuries","is":"rannsakar starfstengd meiðsli","it":"indagare sugli infortuni sul lavoro","es":"investigar los accidentes laborales","et":"tööõnnetuste põhjustatud vigastusi uurima","cs":"vyšetřovat pracovní úrazy","ar":"يحقق في الإصابات المهنية","pl":"badać kwestie związane z urazami zawodowymi","ro":"investighează vătămările ocupaționale","da":"undersøge arbejdsskader","nl":"arbeidsgerelateerde letsels onderzoeken"},"alternativeLabel":{"fi":["tutkia työssä aiheutuneita vammoja"],"sl":["preiskovati poklicne bolezni in poškodbe pri delu"],"en":["assess occupation-related injuries","report cases of occupational illness","investigate an occupational injury","investigate occupation-related illnesses","assess occupational injuries"],"hu":["kivizsgálja a foglalkozási megbetegedéseket"],"nl":["arbeidsongevallen onderzoeken"],"es":["investigar las lesiones sufridas por los empleados en el ámbito laboral","evaluar, gestionar e informar sobre casos de accidentes laborales","investigar las lesiones sufridas en el ámbito laboral","investigar las lesiones provocadas por accidentes laborales"]},"description":{"en-us":{"literal":"Assess, manage, and report cases of occupational illness, disease, or injury, establishing if this is a single case or if there is wider incidence.","mimetype":"plain/text"},"en":{"literal":"Assess, manage, and report cases of occupational illness, disease, or injury, establishing if this is a single case or if there is wider incidence.","mimetype":"plain/text"}},"status":"released","_links":{"self":{"href":"https://ec.europa.eu/esco/api/resource/skill?uri=http://data.europa.eu/esco/skill/2cbb31ac-2403-4c31-90f3-7473623a56fc&language=en","uri":"http://data.europa.eu/esco/skill/2cbb31ac-2403-4c31-90f3-7473623a56fc","title":"investigate occupational injuries"},"isTopConceptInScheme":[{"href":"https://ec.europa.eu/esco/api/resource/taxonomy?uri=http://data.europa.eu/esco/concept-scheme/member-skills&language=en","uri":"http://data.europa.eu/esco/concept-scheme/member-skills","title":"ESCO member skills"},{"href":"https://ec.europa.eu/esco/api/resource/taxonomy?uri=http://data.europa.eu/esco/concept-scheme/skills&language=en","uri":"http://data.europa.eu/esco/concept-scheme/skills","title":"ESCO skills"}],"isInScheme":[{"href":"https://ec.europa.eu/esco/api/resource/taxonomy?uri=http://data.europa.eu/esco/concept-scheme/member-skills&language=en","uri":"http://data.europa.eu/esco/concept-scheme/member-skills","title":"ESCO member skills"},{"href":"https://ec.europa.eu/esco/api/resource/taxonomy?uri=http://data.europa.eu/esco/concept-scheme/skills&language=en","uri":"http://data.europa.eu/esco/concept-scheme/skills","title":"ESCO skills"}],"hasSkillType":[{"href":"https://ec.europa.eu/esco/api/resource/concept?uri=http://data.europa.eu/esco/skill-type/skill&language=en","uri":"http://data.europa.eu/esco/skill-type/skill","title":"skill"}],"hasReuseLevel":[{"href":"https://ec.europa.eu/esco/api/resource/concept?uri=http://data.europa.eu/esco/skill-reuse-level/cross-sector&language=en","uri":"http://data.europa.eu/esco/skill-reuse-level/cross-sector","title":"cross-sector skills and competences","code":"Level 2"}],"isOptionalForOccupation":[{"href":"https://ec.europa.eu/esco/api/resource/occupation?uri=http://data.europa.eu/esco/occupation/a1273779-d2d4-4708-a406-62f7cdd26aab&language=en","uri":"http://data.europa.eu/esco/occupation/a1273779-d2d4-4708-a406-62f7cdd26aab","title":"health and safety engineer"},{"href":"https://ec.europa.eu/esco/api/resource/occupation?uri=http://data.europa.eu/esco/occupation/e91bc34c-0c4f-4ac9-8e2f-8f337d75f9ca&language=en","uri":"http://data.europa.eu/esco/occupation/e91bc34c-0c4f-4ac9-8e2f-8f337d75f9ca","title":"loss adjuster"}]},"_embedded":{}},{"className":"Skill","classId":"http://data.europa.eu/esco/model#Skill","uri":"http://data.europa.eu/esco/skill/298ead56-f11b-4c5d-a4d9-282f7a1489b6","title":"prepare pizza","referenceLanguage":["en"],"preferredLabel":{"no":"tilberede pizza","de":"Pizza zubereiten","en-us":"prepare pizza","fi":"tehdä pizzaa","pt":"preparar pizas","bg":"приготвяне на пица","lt":"paruošti picą","hr":"pripremati pizze","lv":"gatavot picu","fr":"préparer des pizzas","hu":"pizzát készít","sk":"piecť pizzu","sl":"pripravljati pice","ga":"píotsa a ullmhú","sv":"tillaga pizza","el":"παρασκευή πίτσας","mt":"tħejjija tal-pizza","en":"prepare pizza","is":"búa til pítsu","it":"preparare pizze","es":"elaborar pizza","et":"pitsasid valmistama","cs":"připravovat pizzy","ar":"يعدّ البيتزا","pl":"przygotowywać pizzę","da":"tilberede en pizza","ro":"prepară pizza","nl":"pizza's maken"},"alternativeLabel":{"de":["Pizza machen","Pizza vorbereiten"],"fi":["tehdä pitsapohja ja täytteet","valmistaa pitsaa","laittaa pizzaa","valmistaa pizzaa","tehdä pitsaa","tehdä pizzapohja ja täytteet"],"sv":["laga pizza","bereda pizza","tillaga pizzor","tillreda pizza","göra pizza"],"pt":["confecionar pizzas","preparar as bases e o recheio das pizas","preparar as bases e o recheio das pizzas","confecionar pizas","preparar pizzas"],"bg":["приготвянето на пица","приготвяне на пици","правене на пица"],"mt":["tisjir tal-pizza"],"el":["προετοιμασία πίτσας","παρασκευή βάσης και γαρνιτούρας για πίτσα","παρασκευή και ψήσιμο πίτσας"],"lt":["paruošti picas","padaryti picą","iškepti picą"],"en":["create pizza","prepare pizzas","cook and serve pizza","prepared pizza"],"lv":["gatavot un cept picu","cept picu","gatavot picas mīklu un pildījumu"],"is":["útbúa pítsudeig og álegg","búa til pítsu","búa til pítsudeig og álegg","gerð pítsu"],"hr":["pripremiti pizzu","pripremiti pizze","pripremati pizzu","raditi pizzu","raditi pizze","peći pizze","peći pizzu"],"it":["impastare la pizza","preparare le pizze","preparare la pizza","guarnire la pizza","cuocere la pizza"],"fr":["cuisiner des pizzas","confectionner des pizzas","élaborer des pizzas"],"hu":["elkészíti a pizzát","pizzát süt","pizzatésztát készít","pizzatésztát süt"],"es":["preparar pizza","hacer pizza","preparar una pizza","elaborar pizzas"],"et":["pizzasid küpsetama","pitsasid tegema","pizzasid tegema","pitsasid küpsetama","pizzasid valmistama"],"cs":["připravovat těsto na pizzu a zdobit ho","dělat pizzy","péci pizzy","připravovat pizzy"],"sk":["špecializovať sa na pizzu","mať na starosti pečenie pizze","pripravovať pizzu","venovať sa príprave pízz"],"sl":["pripravljati pizze","izvajati pripravo pic","peči pice"],"pl":["przygotowywać ciasto i składniki na pizzę","szykować ciasto i składniki na pizzę","robić pizzę","przyrządzać pizzę"],"ro":["pregătește pizza","coace pizza","prepară pizza"],"da":["tilberede pizzaer","fremstille pizza","lave pizza"],"nl":["pizzadeeg maken","pizzadeeg kneden","als pizzabakker werken","pizza's klaarmaken","pizza's beleggen","als pizzaiolo werken","pizza's bakken"]},"description":{"en-us":{"literal":"Make pizza dough and topping ingredients like cheese, tomato sauce, vegetables and meat and decorate, bake and serve pizzas.","mimetype":"plain/text"},"en":{"literal":"Make pizza dough and topping ingredients like cheese, tomato sauce, vegetables and meat and decorate, bake and serve pizzas.","mimetype":"plain/text"}},"status":"released","_links":{"self":{"href":"https://ec.europa.eu/esco/api/resource/skill?uri=http://data.europa.eu/esco/skill/298ead56-f11b-4c5d-a4d9-282f7a1489b6&language=en","uri":"http://data.europa.eu/esco/skill/298ead56-f11b-4c5d-a4d9-282f7a1489b6","title":"prepare pizza"},"isTopConceptInScheme":[{"href":"https://ec.europa.eu/esco/api/resource/taxonomy?uri=http://data.europa.eu/esco/concept-scheme/skills&language=en","uri":"http://data.europa.eu/esco/concept-scheme/skills","title":"ESCO skills"},{"href":"https://ec.europa.eu/esco/api/resource/taxonomy?uri=http://data.europa.eu/esco/concept-scheme/member-skills&language=en","uri":"http://data.europa.eu/esco/concept-scheme/member-skills","title":"ESCO member skills"}],"isInScheme":[{"href":"https://ec.europa.eu/esco/api/resource/taxonomy?uri=http://data.europa.eu/esco/concept-scheme/skills&language=en","uri":"http://data.europa.eu/esco/concept-scheme/skills","title":"ESCO skills"},{"href":"https://ec.europa.eu/esco/api/resource/taxonomy?uri=http://data.europa.eu/esco/concept-scheme/member-skills&language=en","uri":"http://data.europa.eu/esco/concept-scheme/member-skills","title":"ESCO member skills"}],"hasSkillType":[{"href":"https://ec.europa.eu/esco/api/resource/concept?uri=http://data.europa.eu/esco/skill-type/skill&language=en","uri":"http://data.europa.eu/esco/skill-type/skill","title":"skill"}],"hasReuseLevel":[{"href":"https://ec.europa.eu/esco/api/resource/concept?uri=http://data.europa.eu/esco/skill-reuse-level/sector-specific&language=en","uri":"http://data.europa.eu/esco/skill-reuse-level/sector-specific","title":"sector specific skills and competences","code":"Level 3"}],"isEssentialForOccupation":[{"href":"https://ec.europa.eu/esco/api/resource/occupation?uri=http://data.europa.eu/esco/occupation/a02a1117-212f-4a49-b21a-d3b971e00e48&language=en","uri":"http://data.europa.eu/esco/occupation/a02a1117-212f-4a49-b21a-d3b971e00e48","title":"pizzaiolo"}],"isOptionalForOccupation":[{"href":"https://ec.europa.eu/esco/api/resource/occupation?uri=http://data.europa.eu/esco/occupation/a256838b-0843-4ad2-a2fb-4531f94e63d8&language=en","uri":"http://data.europa.eu/esco/occupation/a256838b-0843-4ad2-a2fb-4531f94e63d8","title":"private chef"}]},"_embedded":{}},{"className":"Skill","classId":"http://data.europa.eu/esco/model#Skill","uri":"http://data.europa.eu/esco/skill/3506c2ba-23ac-4a46-8e42-4ba113ab5907","title":"use traditional stone splitting techniques","referenceLanguage":["en"],"preferredLabel":{"no":"bruke tradisjonelle steinsplittingsteknikker","de":"traditionelle Steinspaltmethoden anwenden","en-us":"use traditional stone splitting techniques","fi":"käyttää perinteisiä kivenhalkaisumenetelmiä","pt":"utilizar técnicas tradicionais de corte da pedra","bg":"използване на традиционни техники за рязане на камъни","lt":"naudoti tradicines akmens skaldymo technikas","lv":"lietot tradicionālās akmens šķelšanas metodes","hr":"upotrebljavati tradicionalne tehnike za cijepanje kamena","fr":"utiliser des techniques traditionnelles pour fendre des pierres","hu":"hagyományos kőhasító technikákat használ","sk":"používať tradičné techniky štiepenia kameňa","sl":"uporabljati tradicionalne tehnike za cepljenje kamna","ga":"teicnící traidisiúnta scoilte cloch a úsáid","sv":"använda traditionella stenklyvningsmetoder","mt":"użu ta’ tekniki tradizzjonali tal-qsim tal-ġebel","el":"χρήση παραδοσιακών τεχνικών διάρρηξης λίθων","en":"use traditional stone splitting techniques","is":"notar hefðbundna steinsplittunartækni","it":"utilizzare le tecniche tradizionali per il taglio della pietra","es":"utilizar técnicas tradicionales para cortar piedra","et":"traditsioonilisi kiviraiumismeetodeid kasutama","cs":"používat tradiční techniky štípání kamene","ar":"يستخدم التقنيات التقليدية لتقسيم الأحجار","pl":"stosować tradycyjne techniki łupania kamienia","ro":"utilizează tehnici tradiționale de tăiat piatră","da":"bruge traditionelle stenhuggerteknikker","nl":"traditionele steenklooftechnieken gebruiken"},"alternativeLabel":{"en":["stone block splitting","using traditional stone splitting techniques","traditional stone splitting technique using","splitting stone blocks","stone blocks splitting"],"nl":["traditionele steenklooftechnieken toepassen","traditionele steensplijttechnieken toepassen","traditionele steensplijttechnieken gebruiken"]},"description":{"en-us":{"literal":"Drill holes in a large stone and insert the plugs and feathers. Strike the plugs several times until a crack appears.","mimetype":"plain/text"},"en":{"literal":"Drill holes in a large stone and insert the plugs and feathers. Strike the plugs several times until a crack appears.","mimetype":"plain/text"}},"status":"released","_links":{"self":{"href":"https://ec.europa.eu/esco/api/resource/skill?uri=http://data.europa.eu/esco/skill/3506c2ba-23ac-4a46-8e42-4ba113ab5907&language=en","uri":"http://data.europa.eu/esco/skill/3506c2ba-23ac-4a46-8e42-4ba113ab5907","title":"use traditional stone splitting techniques"},"isTopConceptInScheme":[{"href":"https://ec.europa.eu/esco/api/resource/taxonomy?uri=http://data.europa.eu/esco/concept-scheme/skills&language=en","uri":"http://data.europa.eu/esco/concept-scheme/skills","title":"ESCO skills"},{"href":"https://ec.europa.eu/esco/api/resource/taxonomy?uri=http://data.europa.eu/esco/concept-scheme/member-skills&language=en","uri":"http://data.europa.eu/esco/concept-scheme/member-skills","title":"ESCO member skills"}],"isInScheme":[{"href":"https://ec.europa.eu/esco/api/resource/taxonomy?uri=http://data.europa.eu/esco/concept-scheme/skills&language=en","uri":"http://data.europa.eu/esco/concept-scheme/skills","title":"ESCO skills"},{"href":"https://ec.europa.eu/esco/api/resource/taxonomy?uri=http://data.europa.eu/esco/concept-scheme/member-skills&language=en","uri":"http://data.europa.eu/esco/concept-scheme/member-skills","title":"ESCO member skills"}],"hasSkillType":[{"href":"https://ec.europa.eu/esco/api/resource/concept?uri=http://data.europa.eu/esco/skill-type/skill&language=en","uri":"http://data.europa.eu/esco/skill-type/skill","title":"skill"}],"hasReuseLevel":[{"href":"https://ec.europa.eu/esco/api/resource/concept?uri=http://data.europa.eu/esco/skill-reuse-level/cross-sector&language=en","uri":"http://data.europa.eu/esco/skill-reuse-level/cross-sector","title":"cross-sector skills and competences","code":"Level 2"}],"isEssentialForOccupation":[{"href":"https://ec.europa.eu/esco/api/resource/occupation?uri=http://data.europa.eu/esco/occupation/3e9c6f2a-dc20-4366-aeb9-99dffd635b4c&language=en","uri":"http://data.europa.eu/esco/occupation/3e9c6f2a-dc20-4366-aeb9-99dffd635b4c","title":"stone planer"}],"isOptionalForOccupation":[{"href":"https://ec.europa.eu/esco/api/resource/occupation?uri=http://data.europa.eu/esco/occupation/f3fc11ca-9a72-40da-bf0f-b2aab7e33079&language=en","uri":"http://data.europa.eu/esco/occupation/f3fc11ca-9a72-40da-bf0f-b2aab7e33079","title":"stonemason"},{"href":"https://ec.europa.eu/esco/api/resource/occupation?uri=http://data.europa.eu/esco/occupation/a001cf0d-b0eb-420a-a110-9408448ba8b8&language=en","uri":"http://data.europa.eu/esco/occupation/a001cf0d-b0eb-420a-a110-9408448ba8b8","title":"stone splitter"}]},"_embedded":{}},{"className":"Skill","classId":"http://data.europa.eu/esco/model#Skill","uri":"http://data.europa.eu/esco/skill/84a67aa9-1d83-4122-a381-cef8c770c8db","title":"vocational rehabilitation","referenceLanguage":["en"],"preferredLabel":{"no":"yrkesrettet rehabilitering","de":"berufliche Rehabilitation","fi":"ammatillinen kuntoutus","en-us":"vocational rehabilitation","pt":"reabilitação profissional","bg":"професионална рехабилитация","lt":"profesinė reabilitacija","lv":"arodrehabilitācija","hr":"profesionalna rehabilitacija","fr":"réinsertion professionnelle","hu":"szakmai rehabilitáció","sk":"pracovná rehabilitácia","sl":"poklicna rehabilitacija","ga":"athshlánú gairme","sv":"arbetsrehabilitering","el":"επαγγελματική αποκατάσταση","mt":"riabilitazzjoni vokazzjonali","en":"vocational rehabilitation","is":"starfsendurhæfing","it":"riabilitazione professionale","es":"rehabilitación profesional","et":"kutserehabilitatsioon","cs":"pracovní rehabilitace","ar":"إعادة التأهيل المهني","pl":"rehabilitacja zawodowa","ro":"reabilitare vocațională","da":"revalidering","nl":"beroepsrevalidatie"},"alternativeLabel":{"de":["berufliche Wiedereingliederung"],"sv":["yrkesinriktad rehabilitering"],"en":["occupational rehabilitation","vocational rehabilitation counselling","vocational rehabilitation services"],"hr":["vokacijska rehabilitacija"],"da":["erhvervsmæssig genoptræning"],"es":["servicios de rehabilitación profesional","asesoramiento para la rehabilitación profesional"]},"description":{"en-us":{"literal":"The rehabilitation process of persons with functional, psychological, developmental, cognitive and emotional impairments or health disabilities to overcome barriers to accessing, maintaining or returning to employment or other useful occupation.","mimetype":"plain/text"},"en":{"literal":"The rehabilitation process of persons with functional, psychological, developmental, cognitive and emotional impairments or health disabilities to overcome barriers to accessing, maintaining or returning to employment or other useful occupation.","mimetype":"plain/text"}},"status":"released","_links":{"self":{"href":"https://ec.europa.eu/esco/api/resource/skill?uri=http://data.europa.eu/esco/skill/84a67aa9-1d83-4122-a381-cef8c770c8db&language=en","uri":"http://data.europa.eu/esco/skill/84a67aa9-1d83-4122-a381-cef8c770c8db","title":"vocational rehabilitation"},"isTopConceptInScheme":[{"href":"https://ec.europa.eu/esco/api/resource/taxonomy?uri=http://data.europa.eu/esco/concept-scheme/skills&language=en","uri":"http://data.europa.eu/esco/concept-scheme/skills","title":"ESCO skills"},{"href":"https://ec.europa.eu/esco/api/resource/taxonomy?uri=http://data.europa.eu/esco/concept-scheme/member-skills&language=en","uri":"http://data.europa.eu/esco/concept-scheme/member-skills","title":"ESCO member skills"}],"isInScheme":[{"href":"https://ec.europa.eu/esco/api/resource/taxonomy?uri=http://data.europa.eu/esco/concept-scheme/skills&language=en","uri":"http://data.europa.eu/esco/concept-scheme/skills","title":"ESCO skills"},{"href":"https://ec.europa.eu/esco/api/resource/taxonomy?uri=http://data.europa.eu/esco/concept-scheme/member-skills&language=en","uri":"http://data.europa.eu/esco/concept-scheme/member-skills","title":"ESCO member skills"}],"hasSkillType":[{"href":"https://ec.europa.eu/esco/api/resource/concept?uri=http://data.europa.eu/esco/skill-type/knowledge&language=en","uri":"http://data.europa.eu/esco/skill-type/knowledge","title":"knowledge"}],"hasReuseLevel":[{"href":"https://ec.europa.eu/esco/api/resource/concept?uri=http://data.europa.eu/esco/skill-reuse-level/sector-specific&language=en","uri":"http://data.europa.eu/esco/skill-reuse-level/sector-specific","title":"sector specific skills and competences","code":"Level 3"}],"isEssentialForOccupation":[{"href":"https://ec.europa.eu/esco/api/resource/occupation?uri=http://data.europa.eu/esco/occupation/82cbe20d-967c-4161-9ecd-eafc724d171c&language=en","uri":"http://data.europa.eu/esco/occupation/82cbe20d-967c-4161-9ecd-eafc724d171c","title":"occupational therapy assistant"},{"href":"https://ec.europa.eu/esco/api/resource/occupation?uri=http://data.europa.eu/esco/occupation/33da5532-8c4e-4d1b-b52e-c201ee1bc7ab&language=en","uri":"http://data.europa.eu/esco/occupation/33da5532-8c4e-4d1b-b52e-c201ee1bc7ab","title":"occupational therapist"}]},"_embedded":{}},{"className":"Skill","classId":"http://data.europa.eu/esco/model#Skill","uri":"http://data.europa.eu/esco/skill/ffef5eb3-a15e-47f5-8c2f-490516c16f6f","title":"remediate healthcare user's occupational performance","referenceLanguage":["en"],"preferredLabel":{"de":"berufliche Leistungsfähigkeit von Nutzern/Nutzerinnen des Gesundheitssystems wiederherstellen","no":"utbedre helsetjenestebrukerens evner til å gjennomføre oppgavene på jobb","en-us":"remediate healthcare user's occupational performance","fi":"palauttaa terveydenhuollon asiakkaan työkyky","pt":"restaurar as capacidades profissionais do paciente","bg":"възстановяване на професионалната ефективност на ползватели на здравни услуги","lt":"atstatyti sveikatos priežiūros paslaugų vartotojo profesinę veiklą","lv":"atjaunot veselības aprūpes pakalpojuma lietotāja gatavību darbam","hr":"povratiti radnu uspješnost korisnika zdravstvene zaštite","fr":"restaurer les capacités professionnelles d’un usager","hu":"javítja az egészségügyi ellátásban részesülők munkahelyi teljesítményét","sk":"remediate healthcare user's occupational performance","sl":"izboljšati poklicno uspešnost uporabnika zdravstvenih storitev","ga":"feidhmíocht saothair úsáideoirí cúraim sláinte a fheabhsú","sv":"förbättra patienters förmåga att utföra aktiviteter","el":"αποκατάσταση της λειτουργικής απόδοσης του χρήστη των υγειονομικών υπηρεσιών","mt":"rimedjar tal-prestazzjoni okkupazzjonali tal-utenti tal-kura tas-saħħa","en":"remediate healthcare user's occupational performance","is":"endurheimtir starfsgetu heilbrigðisþjónustuþega","it":"correggere le prestazioni sul lavoro dell'assistito","es":"restablecer el rendimiento profesional de los usuarios de la asistencia sanitaria","et":"tervishoiuteenuse kasutaja tööalast toimetulekut parandama","cs":"zlepšovat pracovní výkon příjemce zdravotní péče","ar":"يعالج الأداء المهني لمستخدمي الرعاية الصحية","pl":"przywracać zdolność osoby korzystającej z opieki zdrowotnej do wykonywania pracy","da":"forbedre sundhedsbrugers erhvervsevne","ro":"remediază performanța ocupațională a utilizatorului asistenței medicale","nl":"beroepsprestaties van gebruikers van gezondheidszorg herstellen"},"alternativeLabel":{"en":["improve healthcare user's occupational performance","restore healthcare user's occupational performance","restore healthcare user's occupational abilities","remediate health care users' occupational performance","remediate health care user's occupational performance"],"es":["restablecer el rendimiento profesional de los usuarios de los pacientes"]},"description":{"en-us":{"literal":"Remediate or restore the cognitive, sensorimotor, or psychosocial components of the healthcare user`s occupational performance.","mimetype":"plain/text"},"en":{"literal":"Remediate or restore the cognitive, sensorimotor, or psychosocial components of the healthcare user`s occupational performance.","mimetype":"plain/text"}},"status":"released","_links":{"self":{"href":"https://ec.europa.eu/esco/api/resource/skill?uri=http://data.europa.eu/esco/skill/ffef5eb3-a15e-47f5-8c2f-490516c16f6f&language=en","uri":"http://data.europa.eu/esco/skill/ffef5eb3-a15e-47f5-8c2f-490516c16f6f","title":"remediate healthcare user's occupational performance"},"isTopConceptInScheme":[{"href":"https://ec.europa.eu/esco/api/resource/taxonomy?uri=http://data.europa.eu/esco/concept-scheme/member-skills&language=en","uri":"http://data.europa.eu/esco/concept-scheme/member-skills","title":"ESCO member skills"},{"href":"https://ec.europa.eu/esco/api/resource/taxonomy?uri=http://data.europa.eu/esco/concept-scheme/skills&language=en","uri":"http://data.europa.eu/esco/concept-scheme/skills","title":"ESCO skills"}],"isInScheme":[{"href":"https://ec.europa.eu/esco/api/resource/taxonomy?uri=http://data.europa.eu/esco/concept-scheme/member-skills&language=en","uri":"http://data.europa.eu/esco/concept-scheme/member-skills","title":"ESCO member skills"},{"href":"https://ec.europa.eu/esco/api/resource/taxonomy?uri=http://data.europa.eu/esco/concept-scheme/skills&language=en","uri":"http://data.europa.eu/esco/concept-scheme/skills","title":"ESCO skills"}],"hasSkillType":[{"href":"https://ec.europa.eu/esco/api/resource/concept?uri=http://data.europa.eu/esco/skill-type/skill&language=en","uri":"http://data.europa.eu/esco/skill-type/skill","title":"skill"}],"hasReuseLevel":[{"href":"https://ec.europa.eu/esco/api/resource/concept?uri=http://data.europa.eu/esco/skill-reuse-level/sector-specific&language=en","uri":"http://data.europa.eu/esco/skill-reuse-level/sector-specific","title":"sector specific skills and competences","code":"Level 3"}],"isEssentialForOccupation":[{"href":"https://ec.europa.eu/esco/api/resource/occupation?uri=http://data.europa.eu/esco/occupation/82cbe20d-967c-4161-9ecd-eafc724d171c&language=en","uri":"http://data.europa.eu/esco/occupation/82cbe20d-967c-4161-9ecd-eafc724d171c","title":"occupational therapy assistant"},{"href":"https://ec.europa.eu/esco/api/resource/occupation?uri=http://data.europa.eu/esco/occupation/33da5532-8c4e-4d1b-b52e-c201ee1bc7ab&language=en","uri":"http://data.europa.eu/esco/occupation/33da5532-8c4e-4d1b-b52e-c201ee1bc7ab","title":"occupational therapist"}]},"_embedded":{}},{"className":"Skill","classId":"http://data.europa.eu/esco/model#Skill","uri":"http://data.europa.eu/esco/skill/3c1ef982-b91a-47f7-9cab-0bb1b0d50283","title":"provide early intervention therapy to infants","referenceLanguage":["en"],"preferredLabel":{"no":"sørge for tidlig intervensjonsterapi for spedbarn","de":"frühzeitige Behandlung von Kindern bereitstellen","fi":"hoitaa pikkulasten kehityshäiriöitä varhaisvaiheessa","en-us":"provide early intervention therapy to infants","pt":"facultar terapia de intervenção precoce aos lactentes","bg":"предоставяне на ранни терапевтични интервенции за бебета","lt":"teikti ankstyvosios intervencijos gydymą kūdikiams","lv":"veikt zīdaiņu agrīnu ārstēšanu","hr":"pružati ranu intervencijsku terapiju dojenčadi","fr":"fournir un traitement d’intervention précoce aux nourrissons","hu":"kisgyermekeknél korai intervenciós terápiát végez","sk":"provide early intervention therapy to infants","sl":"zagotavljati zgodnjo obravnavo dojenčkom in malim otrokom","ga":"teiripe luath-idirghabhála a sholáthar do naíonáin","sv":"tillhandahålla tidiga behandlingsinsatser för småbarn","mt":"forniment tat-terapija tal-intervent bikri lit-trabi","el":"παροχή έγκαιρης θεραπείας σε βρέφη","en":"provide early intervention therapy to infants","is":"sér fyrir formeðferðarinngripum til ungbarna","it":"fornire una terapia di intervento precoce per i neonati","es":"proporcionar terapia infantil de intervención temprana","et":"väikelapse puhul varajast ravisekkumist tagama","cs":"poskytovat včasnou intervenci u malých dětí","ar":"يقدم تدخلات علاجية مبكرة للأطفال","pl":"świadczyć usługi w zakresie wczesnej terapii interwencyjnej na rzecz niemowląt","da":"sikre tidlig behandling af spædbørn","ro":"administrează terapie de intervenție timpurie la copii","nl":"vroegtijdige interventietherapie aan zuigelingen bieden"},"alternativeLabel":{"cs":["poskytovat včasnou intervenci u kojenců"],"de":["frühzeitige Therapie von Kindern bereitstellen"],"en":["provide early intervention therapies to infants","identify young children with developmental delays","offer early intervention therapy to infants","provide early intervention therapy to young children","provide early intervention therapy to an infant"],"es":["ofrecer terapia infantil de intervención precoz"]},"description":{"en-us":{"literal":"Identify infants and toddlers who suffer from developmental delays, or are at risk, and provide early intervention therapy.","mimetype":"plain/text"},"en":{"literal":"Identify infants and toddlers who suffer from developmental delays, or are at risk, and provide early intervention therapy.","mimetype":"plain/text"}},"status":"released","_links":{"self":{"href":"https://ec.europa.eu/esco/api/resource/skill?uri=http://data.europa.eu/esco/skill/3c1ef982-b91a-47f7-9cab-0bb1b0d50283&language=en","uri":"http://data.europa.eu/esco/skill/3c1ef982-b91a-47f7-9cab-0bb1b0d50283","title":"provide early intervention therapy to infants"},"isTopConceptInScheme":[{"href":"https://ec.europa.eu/esco/api/resource/taxonomy?uri=http://data.europa.eu/esco/concept-scheme/member-skills&language=en","uri":"http://data.europa.eu/esco/concept-scheme/member-skills","title":"ESCO member skills"},{"href":"https://ec.europa.eu/esco/api/resource/taxonomy?uri=http://data.europa.eu/esco/concept-scheme/skills&language=en","uri":"http://data.europa.eu/esco/concept-scheme/skills","title":"ESCO skills"}],"isInScheme":[{"href":"https://ec.europa.eu/esco/api/resource/taxonomy?uri=http://data.europa.eu/esco/concept-scheme/member-skills&language=en","uri":"http://data.europa.eu/esco/concept-scheme/member-skills","title":"ESCO member skills"},{"href":"https://ec.europa.eu/esco/api/resource/taxonomy?uri=http://data.europa.eu/esco/concept-scheme/skills&language=en","uri":"http://data.europa.eu/esco/concept-scheme/skills","title":"ESCO skills"}],"hasSkillType":[{"href":"https://ec.europa.eu/esco/api/resource/concept?uri=http://data.europa.eu/esco/skill-type/skill&language=en","uri":"http://data.europa.eu/esco/skill-type/skill","title":"skill"}],"hasReuseLevel":[{"href":"https://ec.europa.eu/esco/api/resource/concept?uri=http://data.europa.eu/esco/skill-reuse-level/occupation-specific&language=en","uri":"http://data.europa.eu/esco/skill-reuse-level/occupation-specific","title":"occupation specific skills and competences","code":"Level 4"}],"isOptionalForOccupation":[{"href":"https://ec.europa.eu/esco/api/resource/occupation?uri=http://data.europa.eu/esco/occupation/33da5532-8c4e-4d1b-b52e-c201ee1bc7ab&language=en","uri":"http://data.europa.eu/esco/occupation/33da5532-8c4e-4d1b-b52e-c201ee1bc7ab","title":"occupational therapist"}]},"_embedded":{}},{"className":"Skill","classId":"http://data.europa.eu/esco/model#Skill","uri":"http://data.europa.eu/esco/skill/caea6ac9-3972-42c4-9be6-042fe3e426f5","title":"manage archive","referenceLanguage":["en"],"preferredLabel":{"no":"administrere arkiv","de":"Archiv leiten","fi":"hoitaa arkistoa","en-us":"manage archive","pt":"supervisionar os arquivos","bg":"ръководене на архив","lt":"tvarkyti archyvą","lv":"pārvaldīt arhīvu","hr":"nadzirati poslovanje arhiva","fr":"gérer des archives","hu":"archívumot kezel","sk":"spravovať archív","sl":"upravljati arhiv","ga":"cartlann a bhainistiú","sv":"sköta arkiv","mt":"immaniġġjar tal-arkivji","el":"διαχείριση αρχείου","en":"manage archive","is":"hefur umsjón með skjalavistun","it":"gestire un archivio","es":"supervisar el archivo","et":"arhiivi haldama","cs":"řídit archiv","ar":"يدير الأرشيف","pl":"zarządzać archiwum","da":"administrere arkiv","ro":"gestionează arhive","nl":"archieven beheren"},"alternativeLabel":{"en":["coordinate archive","managing archive","manage archives","monitor archive","oversee archive","supervise archive","managing archives"],"hr":["voditi arhiv"],"ga":["arcív a bhainistiú"],"es":["gestionar el archivo","organizar el archivo","administrar el archivo"]},"description":{"en-us":{"literal":"Supervise others to ensure that documents, files, and objects are correctly labeled, stored, and preserved according to archive standards and regulations.","mimetype":"plain/text"},"en":{"literal":"Supervise others to ensure that documents, files, and objects are correctly labelled, stored, and preserved according to archive standards and regulations.","mimetype":"plain/text"}},"status":"released","_links":{"self":{"href":"https://ec.europa.eu/esco/api/resource/skill?uri=http://data.europa.eu/esco/skill/caea6ac9-3972-42c4-9be6-042fe3e426f5&language=en","uri":"http://data.europa.eu/esco/skill/caea6ac9-3972-42c4-9be6-042fe3e426f5","title":"manage archive"},"isTopConceptInScheme":[{"href":"https://ec.europa.eu/esco/api/resource/taxonomy?uri=http://data.europa.eu/esco/concept-scheme/skills&language=en","uri":"http://data.europa.eu/esco/concept-scheme/skills","title":"ESCO skills"},{"href":"https://ec.europa.eu/esco/api/resource/taxonomy?uri=http://data.europa.eu/esco/concept-scheme/member-skills&language=en","uri":"http://data.europa.eu/esco/concept-scheme/member-skills","title":"ESCO member skills"}],"isInScheme":[{"href":"https://ec.europa.eu/esco/api/resource/taxonomy?uri=http://data.europa.eu/esco/concept-scheme/skills&language=en","uri":"http://data.europa.eu/esco/concept-scheme/skills","title":"ESCO skills"},{"href":"https://ec.europa.eu/esco/api/resource/taxonomy?uri=http://data.europa.eu/esco/concept-scheme/member-skills&language=en","uri":"http://data.europa.eu/esco/concept-scheme/member-skills","title":"ESCO member skills"}],"hasSkillType":[{"href":"https://ec.europa.eu/esco/api/resource/concept?uri=http://data.europa.eu/esco/skill-type/skill&language=en","uri":"http://data.europa.eu/esco/skill-type/skill","title":"skill"}],"hasReuseLevel":[{"href":"https://ec.europa.eu/esco/api/resource/concept?uri=http://data.europa.eu/esco/skill-reuse-level/occupation-specific&language=en","uri":"http://data.europa.eu/esco/skill-reuse-level/occupation-specific","title":"occupation specific skills and competences","code":"Level 4"}],"isOptionalForOccupation":[{"href":"https://ec.europa.eu/esco/api/resource/occupation?uri=http://data.europa.eu/esco/occupation/fb022de4-920a-4eb0-80f9-fbb8ecfc36b1&language=en","uri":"http://data.europa.eu/esco/occupation/fb022de4-920a-4eb0-80f9-fbb8ecfc36b1","title":"archive manager"}]},"_embedded":{}},{"className":"Skill","classId":"http://data.europa.eu/esco/model#Skill","uri":"http://data.europa.eu/esco/skill/22b11b01-ccf8-4745-9738-4fc8526ad073","title":"use heat gun","referenceLanguage":["en"],"preferredLabel":{"no":"bruke varmepistol","de":"Heißluftpistole verwenden","fi":"käyttää kuumailmapuhallinta","en-us":"use heat gun","pt":"usar pistola de calor","bg":"използване на пистолет за горещ въздух","lt":"naudoti šilumos pistoletą","lv":"lietot celtniecības fēnu","hr":"upotrebljavati toplinski pištolj","fr":"utiliser un pistolet thermique","hu":"hőlégfúvót használ","sk":"použiť teplovzdušnú pištoľ","sl":"uporabljati toplotno pištolo","ga":"teasghunna a úsáid","sv":"använda värmepistol","el":"χρήση πιστολιών θερμού αέρα","mt":"użu tal-guns tat-trattament bis-sħana","en":"use heat gun","is":"notar hitabyssu","it":"utilizzare una pistola termica","es":"manejar pistola de aire caliente","et":"kuumaõhupüstolit kasutama","cs":"používat horkovzdušnou pistoli","ar":"يستخدم مسدسًا حراريًا","pl":"posługiwać się opalarką","da":"bruge varmepistol","ro":"utilizează pistoale termice","nl":"hittepistool gebruiken"},"alternativeLabel":{"en":["using heat gun","use a heat gun","operate a heat gun","handle a heat gun","apply a heat gun"],"es":["utilizar pistola de aire caliente","operar pistola de aire caliente"]},"description":{"en-us":{"literal":"Use a heat gun to warm up various surfaces such as wood, plastic, or metals to shape them, remove paint or other substances.","mimetype":"plain/text"},"en":{"literal":"Use a heat gun to warm up various surfaces such as wood, plastic, or metals to shape them, remove paint or other substances.","mimetype":"plain/text"}},"status":"released","_links":{"self":{"href":"https://ec.europa.eu/esco/api/resource/skill?uri=http://data.europa.eu/esco/skill/22b11b01-ccf8-4745-9738-4fc8526ad073&language=en","uri":"http://data.europa.eu/esco/skill/22b11b01-ccf8-4745-9738-4fc8526ad073","title":"use heat gun"},"isTopConceptInScheme":[{"href":"https://ec.europa.eu/esco/api/resource/taxonomy?uri=http://data.europa.eu/esco/concept-scheme/skills&language=en","uri":"http://data.europa.eu/esco/concept-scheme/skills","title":"ESCO skills"},{"href":"https://ec.europa.eu/esco/api/resource/taxonomy?uri=http://data.europa.eu/esco/concept-scheme/member-skills&language=en","uri":"http://data.europa.eu/esco/concept-scheme/member-skills","title":"ESCO member skills"}],"isInScheme":[{"href":"https://ec.europa.eu/esco/api/resource/taxonomy?uri=http://data.europa.eu/esco/concept-scheme/skills&language=en","uri":"http://data.europa.eu/esco/concept-scheme/skills","title":"ESCO skills"},{"href":"https://ec.europa.eu/esco/api/resource/taxonomy?uri=http://data.europa.eu/esco/concept-scheme/member-skills&language=en","uri":"http://data.europa.eu/esco/concept-scheme/member-skills","title":"ESCO member skills"}],"hasSkillType":[{"href":"https://ec.europa.eu/esco/api/resource/concept?uri=http://data.europa.eu/esco/skill-type/skill&language=en","uri":"http://data.europa.eu/esco/skill-type/skill","title":"skill"}],"hasReuseLevel":[{"href":"https://ec.europa.eu/esco/api/resource/concept?uri=http://data.europa.eu/esco/skill-reuse-level/sector-specific&language=en","uri":"http://data.europa.eu/esco/skill-reuse-level/sector-specific","title":"sector specific skills and competences","code":"Level 3"}],"isOptionalForOccupation":[{"href":"https://ec.europa.eu/esco/api/resource/occupation?uri=http://data.europa.eu/esco/occupation/e148e1ed-4f46-40a7-95c9-d6914f664f17&language=en","uri":"http://data.europa.eu/esco/occupation/e148e1ed-4f46-40a7-95c9-d6914f664f17","title":"candle maker"},{"href":"https://ec.europa.eu/esco/api/resource/occupation?uri=http://data.europa.eu/esco/occupation/2be85651-c94a-4531-9df8-3cc56932960e&language=en","uri":"http://data.europa.eu/esco/occupation/2be85651-c94a-4531-9df8-3cc56932960e","title":"heat sealing machine operator"},{"href":"https://ec.europa.eu/esco/api/resource/occupation?uri=http://data.europa.eu/esco/occupation/fb6df00f-4810-442b-8f93-89b9580c7c9f&language=en","uri":"http://data.europa.eu/esco/occupation/fb6df00f-4810-442b-8f93-89b9580c7c9f","title":"furniture finisher"}]},"_embedded":{}},{"className":"Skill","classId":"http://data.europa.eu/esco/model#Skill","uri":"http://data.europa.eu/esco/skill/dec2be5b-bfa2-409e-ae3a-7c6aa730a7fb","title":"program artistic productions","referenceLanguage":["en"],"preferredLabel":{"de":"Plan für künstlerische Produktionen aufstellen","no":"programmere kunstneriske produksjoner","fi":"ohjelmoida taiteellisia tuotantoja","en-us":"program artistic productions","pt":"programar produções artísticas","bg":"програмиране на артистични продукции","lt":"programuoti meninę produkciją","hr":"izrađivati program umjetničke izvedbe","lv":"sastādīt māksliniecisko darbu programmu","fr":"programmer des productions artistiques","hu":"meghatározza a művészeti produkció programját","sk":"vypracovať program umeleckých produkcií","sl":"pripravljati program za umetniške produkcije","ga":"léirithe ealaíne a phleanáil","sv":"planera ett program med konstnärliga produktioner","mt":"ipprogrammar tal-produzzjonijiet artistiċi","el":"προγραμματισμός καλλιτεχνικής παραγωγής","en":"program artistic productions","is":"setur upp áætlun fyrir listræna framleiðslu","it":"programmare le produzioni artistiche","es":"programar producciones artísticas","et":"kunstilise produktsiooni programmi koostama","cs":"vytvářet program uměleckých produkcí","ar":"يبرمج الإنتاج الفني","pl":"planować produkcje artystyczne","da":"programsætte kunstneriske produktioner","ro":"programează producții artistice","nl":"artistieke producties programmeren"},"alternativeLabel":{"de":["künstlerische Produktionen planen"],"en":["direct artistic productions","manage artistic productions","programing artistic productions","program artistic production"],"ro":["pregătește stagiunea"]},"description":{"en-us":{"literal":"Put up a complete season planning. Meet all requirements in terms of resources, budget and staff, both overall and per production. Ensure compliance with the limits of personnel required by the business direction.","mimetype":"plain/text"},"en":{"literal":"Put up a complete season planning. Meet all requirements in terms of resources, budget and staff, both overall and per production. Ensure compliance with the limits of personnel required by the business direction.","mimetype":"plain/text"}},"status":"released","_links":{"self":{"href":"https://ec.europa.eu/esco/api/resource/skill?uri=http://data.europa.eu/esco/skill/dec2be5b-bfa2-409e-ae3a-7c6aa730a7fb&language=en","uri":"http://data.europa.eu/esco/skill/dec2be5b-bfa2-409e-ae3a-7c6aa730a7fb","title":"program artistic productions"},"isTopConceptInScheme":[{"href":"https://ec.europa.eu/esco/api/resource/taxonomy?uri=http://data.europa.eu/esco/concept-scheme/skills&language=en","uri":"http://data.europa.eu/esco/concept-scheme/skills","title":"ESCO skills"},{"href":"https://ec.europa.eu/esco/api/resource/taxonomy?uri=http://data.europa.eu/esco/concept-scheme/member-skills&language=en","uri":"http://data.europa.eu/esco/concept-scheme/member-skills","title":"ESCO member skills"}],"isInScheme":[{"href":"https://ec.europa.eu/esco/api/resource/taxonomy?uri=http://data.europa.eu/esco/concept-scheme/skills&language=en","uri":"http://data.europa.eu/esco/concept-scheme/skills","title":"ESCO skills"},{"href":"https://ec.europa.eu/esco/api/resource/taxonomy?uri=http://data.europa.eu/esco/concept-scheme/member-skills&language=en","uri":"http://data.europa.eu/esco/concept-scheme/member-skills","title":"ESCO member skills"}],"hasSkillType":[{"href":"https://ec.europa.eu/esco/api/resource/concept?uri=http://data.europa.eu/esco/skill-type/skill&language=en","uri":"http://data.europa.eu/esco/skill-type/skill","title":"skill"}],"hasReuseLevel":[{"href":"https://ec.europa.eu/esco/api/resource/concept?uri=http://data.europa.eu/esco/skill-reuse-level/occupation-specific&language=en","uri":"http://data.europa.eu/esco/skill-reuse-level/occupation-specific","title":"occupation specific skills and competences","code":"Level 4"}],"isEssentialForOccupation":[{"href":"https://ec.europa.eu/esco/api/resource/occupation?uri=http://data.europa.eu/esco/occupation/35bedc78-1c15-4db7-9c6d-c55e9b5c7b54&language=en","uri":"http://data.europa.eu/esco/occupation/35bedc78-1c15-4db7-9c6d-c55e9b5c7b54","title":"venue programmer"}]},"_embedded":{}},{"className":"Skill","classId":"http://data.europa.eu/esco/model#Skill","uri":"http://data.europa.eu/esco/skill/9fd17276-f2c1-47a3-8a42-808134136630","title":"thermohydraulics","referenceLanguage":["en"],"preferredLabel":{"de":"Thermohydraulik","no":"termohydraulikk","en-us":"thermohydraulics","fi":"termohydrauliikka","pt":"termo-hidráulica","bg":"термохидравлика","lt":"termohidraulika","lv":"termohidrodinamika","hr":"termohidraulika","fr":"thermohydraulique","hu":"termohidraulika","sk":"termohydraulika","sl":"termohidravlika","ga":"teirmihiodrálaic","sv":"termohydraulik","mt":"termoidrawlika","el":"θερμοϋδραυλική","en":"thermohydraulics","is":"vatnsaflsraffræði","it":"termoidraulica","es":"termohidráulica","et":"termohüdraulika","cs":"termohydraulika","ar":"علم السوائل المتحركة الحرارية","pl":"termohydraulika","da":"termohydraulik","ro":"termohidraulică","nl":"thermohydraulica"},"alternativeLabel":{"en":["thermal hydraulics","the study of thermohydraulics","thermohydraulics studies"],"es":["estudio termohidráulico"]},"description":{"en-us":{"literal":"Types of hydraulic flow processes used to move generated heat and the use of this heat to produce electricity.","mimetype":"plain/text"},"en":{"literal":"Types of hydraulic flow processes used to move generated heat and the use of this heat to produce electricity.","mimetype":"plain/text"}},"status":"released","_links":{"self":{"href":"https://ec.europa.eu/esco/api/resource/skill?uri=http://data.europa.eu/esco/skill/9fd17276-f2c1-47a3-8a42-808134136630&language=en","uri":"http://data.europa.eu/esco/skill/9fd17276-f2c1-47a3-8a42-808134136630","title":"thermohydraulics"},"isTopConceptInScheme":[{"href":"https://ec.europa.eu/esco/api/resource/taxonomy?uri=http://data.europa.eu/esco/concept-scheme/skills&language=en","uri":"http://data.europa.eu/esco/concept-scheme/skills","title":"ESCO skills"},{"href":"https://ec.europa.eu/esco/api/resource/taxonomy?uri=http://data.europa.eu/esco/concept-scheme/member-skills&language=en","uri":"http://data.europa.eu/esco/concept-scheme/member-skills","title":"ESCO member skills"}],"isInScheme":[{"href":"https://ec.europa.eu/esco/api/resource/taxonomy?uri=http://data.europa.eu/esco/concept-scheme/skills&language=en","uri":"http://data.europa.eu/esco/concept-scheme/skills","title":"ESCO skills"},{"href":"https://ec.europa.eu/esco/api/resource/taxonomy?uri=http://data.europa.eu/esco/concept-scheme/member-skills&language=en","uri":"http://data.europa.eu/esco/concept-scheme/member-skills","title":"ESCO member skills"}],"hasSkillType":[{"href":"https://ec.europa.eu/esco/api/resource/concept?uri=http://data.europa.eu/esco/skill-type/knowledge&language=en","uri":"http://data.europa.eu/esco/skill-type/knowledge","title":"knowledge"}],"hasReuseLevel":[{"href":"https://ec.europa.eu/esco/api/resource/concept?uri=http://data.europa.eu/esco/skill-reuse-level/sector-specific&language=en","uri":"http://data.europa.eu/esco/skill-reuse-level/sector-specific","title":"sector specific skills and competences","code":"Level 3"}],"isOptionalForOccupation":[{"href":"https://ec.europa.eu/esco/api/resource/occupation?uri=http://data.europa.eu/esco/occupation/a1273779-d2d4-4708-a406-62f7cdd26aab&language=en","uri":"http://data.europa.eu/esco/occupation/a1273779-d2d4-4708-a406-62f7cdd26aab","title":"health and safety engineer"},{"href":"https://ec.europa.eu/esco/api/resource/occupation?uri=http://data.europa.eu/esco/occupation/6fc8f605-98b9-4218-b5e2-91c4c9c55c4d&language=en","uri":"http://data.europa.eu/esco/occupation/6fc8f605-98b9-4218-b5e2-91c4c9c55c4d","title":"design engineer"}]},"_embedded":{}},{"className":"Skill","classId":"http://data.europa.eu/esco/model#Skill","uri":"http://data.europa.eu/esco/skill/b157439a-3b5f-4024-8b58-5b3b0182fb0e","title":"occupational science","referenceLanguage":["en"],"preferredLabel":{"de":"ergotherapeutische Wissenschaft","no":"aktivitetsvitenskap","en-us":"occupational science","fi":"toimintatiede","pt":"ciências do trabalho","bg":"наука за труда","lt":"profesinis mokslas","lv":"zinātne par arodslimībām","hr":"radna znanost","fr":"sciences du travail","hu":"foglalkozástan","sk":"ergoterapia","sl":"okupacijska znanost","ga":"eolaíocht saothair","sv":"arbetsvetenskap","mt":"xjenza okkupazzjonali","el":"επιστήμη της εργασίας","en":"occupational science","is":"vinnuvísindi","it":"scienza del lavoro","es":"ciencia del trabajo","et":"igapäevategevust käsitlevad uuringud","cs":"věda zabývající se každodenními činnostmi","ar":"العلوم المهنية","pl":"nauki z dziedziny działalności zawodowej","ro":"științe ocupaționale","da":"aktivitetsvidenskab","nl":"ergotherapeutische wetenschap"},"alternativeLabel":{"de":["Handlungs- und Betätigungswissenschaft","Betätigungswissenschaft"],"el":["επιστήμη έργου"],"en":["occupational sciences","study of every-day-activity","study of everyday activity","study of humans as occupational beings"],"nl":["occupationele wetenschap"],"es":["ciencia ocupacional","ciencia de la ocupación"]},"description":{"en-us":{"literal":"The study of everyday activity including the behaviors, characteristics, and patterns of behavior and productivity.","mimetype":"plain/text"},"en":{"literal":"The study of everyday activity including the behaviours, characteristics, and patterns of behaviour and productivity.","mimetype":"plain/text"}},"status":"released","_links":{"self":{"href":"https://ec.europa.eu/esco/api/resource/skill?uri=http://data.europa.eu/esco/skill/b157439a-3b5f-4024-8b58-5b3b0182fb0e&language=en","uri":"http://data.europa.eu/esco/skill/b157439a-3b5f-4024-8b58-5b3b0182fb0e","title":"occupational science"},"isTopConceptInScheme":[{"href":"https://ec.europa.eu/esco/api/resource/taxonomy?uri=http://data.europa.eu/esco/concept-scheme/skills&language=en","uri":"http://data.europa.eu/esco/concept-scheme/skills","title":"ESCO skills"},{"href":"https://ec.europa.eu/esco/api/resource/taxonomy?uri=http://data.europa.eu/esco/concept-scheme/member-skills&language=en","uri":"http://data.europa.eu/esco/concept-scheme/member-skills","title":"ESCO member skills"}],"isInScheme":[{"href":"https://ec.europa.eu/esco/api/resource/taxonomy?uri=http://data.europa.eu/esco/concept-scheme/skills&language=en","uri":"http://data.europa.eu/esco/concept-scheme/skills","title":"ESCO skills"},{"href":"https://ec.europa.eu/esco/api/resource/taxonomy?uri=http://data.europa.eu/esco/concept-scheme/member-skills&language=en","uri":"http://data.europa.eu/esco/concept-scheme/member-skills","title":"ESCO member skills"}],"hasSkillType":[{"href":"https://ec.europa.eu/esco/api/resource/concept?uri=http://data.europa.eu/esco/skill-type/knowledge&language=en","uri":"http://data.europa.eu/esco/skill-type/knowledge","title":"knowledge"}],"hasReuseLevel":[{"href":"https://ec.europa.eu/esco/api/resource/concept?uri=http://data.europa.eu/esco/skill-reuse-level/sector-specific&language=en","uri":"http://data.europa.eu/esco/skill-reuse-level/sector-specific","title":"sector specific skills and competences","code":"Level 3"}],"isEssentialForOccupation":[{"href":"https://ec.europa.eu/esco/api/resource/occupation?uri=http://data.europa.eu/esco/occupation/33da5532-8c4e-4d1b-b52e-c201ee1bc7ab&language=en","uri":"http://data.europa.eu/esco/occupation/33da5532-8c4e-4d1b-b52e-c201ee1bc7ab","title":"occupational therapist"},{"href":"https://ec.europa.eu/esco/api/resource/occupation?uri=http://data.europa.eu/esco/occupation/82cbe20d-967c-4161-9ecd-eafc724d171c&language=en","uri":"http://data.europa.eu/esco/occupation/82cbe20d-967c-4161-9ecd-eafc724d171c","title":"occupational therapy assistant"}]},"_embedded":{}}]}}