{"total":8196,"offset":268,"limit":20,"language":"en","uri":"http://data.europa.eu/esco/concept-scheme/skills","relation":"hasTopConcept","_links":{"self":{"href":"https://ec.europa.eu/esco/api/resource/related?uri=http://data.europa.eu/esco/concept-scheme/skills&relation=hasTopConcept&limit=20&offset=268&language=en&full=true"},"prev":{"href":"https://ec.europa.eu/esco/api/resource/related?uri=http://data.europa.eu/esco/concept-scheme/skills&relation=hasTopConcept&limit=20&offset=267&language=en&full=true"},"next":{"href":"https://ec.europa.eu/esco/api/resource/related?uri=http://data.europa.eu/esco/concept-scheme/skills&relation=hasTopConcept&limit=20&offset=269&language=en&full=true"}},"_embedded":{"hasTopConcept":[{"className":"Skill","classId":"http://data.europa.eu/esco/model#Skill","uri":"http://data.europa.eu/esco/skill/d460032f-f49e-4b70-90c2-ba563aee14be","title":"quantum mechanics","referenceLanguage":["en"],"preferredLabel":{"de":"Quantenmechanik","no":"kvantemekanikk","fi":"kvanttimekaniikka","en-us":"quantum mechanics","pt":"mecânica quântica","bg":"квантова механика","lt":"kvantinė mechanika","hr":"kvantna mehanika","lv":"kvantu mehānika","fr":"mécanique quantique","hu":"kvantummechanika","sk":"kvantová mechanika","sl":"kvantna mehanika","ga":"meicnic chandamach","sv":"kvantmekanik","mt":"mekkanika kwantistika","el":"κβαντομηχανική","en":"quantum mechanics","is":"skammtafræði","it":"meccanica quantistica","es":"mecánica cuántica","et":"kvantmehaanika","cs":"kvantová mechanika","ar":"ميكانيكا الكم","pl":"mechanika kwantowa","da":"kvantemekanik","ro":"mecanică cuantică","nl":"kwantummechanica"},"alternativeLabel":{"en":["quantum mechanic studies","the study of quantum mechanics"],"es":["estudios de mecánica cuántica"]},"description":{"en-us":{"literal":"The field of research concerning the study of atoms and photons in order to quantize these particles.","mimetype":"plain/text"},"en":{"literal":"The field of research concerning the study of atoms and photons in order to quantize these particles.","mimetype":"plain/text"}},"status":"released","_links":{"self":{"href":"https://ec.europa.eu/esco/api/resource/skill?uri=http://data.europa.eu/esco/skill/d460032f-f49e-4b70-90c2-ba563aee14be&language=en","uri":"http://data.europa.eu/esco/skill/d460032f-f49e-4b70-90c2-ba563aee14be","title":"quantum mechanics"},"isTopConceptInScheme":[{"href":"https://ec.europa.eu/esco/api/resource/taxonomy?uri=http://data.europa.eu/esco/concept-scheme/member-skills&language=en","uri":"http://data.europa.eu/esco/concept-scheme/member-skills","title":"ESCO member skills"},{"href":"https://ec.europa.eu/esco/api/resource/taxonomy?uri=http://data.europa.eu/esco/concept-scheme/skills&language=en","uri":"http://data.europa.eu/esco/concept-scheme/skills","title":"ESCO skills"}],"isInScheme":[{"href":"https://ec.europa.eu/esco/api/resource/taxonomy?uri=http://data.europa.eu/esco/concept-scheme/member-skills&language=en","uri":"http://data.europa.eu/esco/concept-scheme/member-skills","title":"ESCO member skills"},{"href":"https://ec.europa.eu/esco/api/resource/taxonomy?uri=http://data.europa.eu/esco/concept-scheme/skills&language=en","uri":"http://data.europa.eu/esco/concept-scheme/skills","title":"ESCO skills"}],"hasSkillType":[{"href":"https://ec.europa.eu/esco/api/resource/concept?uri=http://data.europa.eu/esco/skill-type/knowledge&language=en","uri":"http://data.europa.eu/esco/skill-type/knowledge","title":"knowledge"}],"hasReuseLevel":[{"href":"https://ec.europa.eu/esco/api/resource/concept?uri=http://data.europa.eu/esco/skill-reuse-level/sector-specific&language=en","uri":"http://data.europa.eu/esco/skill-reuse-level/sector-specific","title":"sector specific skills and competences","code":"Level 3"}],"isEssentialForOccupation":[{"href":"https://ec.europa.eu/esco/api/resource/occupation?uri=http://data.europa.eu/esco/occupation/bc659adc-f42c-4ef6-89fe-fd030033f446&language=en","uri":"http://data.europa.eu/esco/occupation/bc659adc-f42c-4ef6-89fe-fd030033f446","title":"cosmologist"}],"isOptionalForOccupation":[{"href":"https://ec.europa.eu/esco/api/resource/occupation?uri=http://data.europa.eu/esco/occupation/a9bcc9e0-5be7-47a0-818b-acad10fe90d9&language=en","uri":"http://data.europa.eu/esco/occupation/a9bcc9e0-5be7-47a0-818b-acad10fe90d9","title":"physics technician"},{"href":"https://ec.europa.eu/esco/api/resource/occupation?uri=http://data.europa.eu/esco/occupation/7f2761eb-4edc-48ad-9fbf-eed0a0db9a21&language=en","uri":"http://data.europa.eu/esco/occupation/7f2761eb-4edc-48ad-9fbf-eed0a0db9a21","title":"physicist"}]},"_embedded":{}},{"className":"Skill","classId":"http://data.europa.eu/esco/model#Skill","uri":"http://data.europa.eu/esco/skill/60f2ec1a-9237-4d0e-8c4a-1a3e67a0d83d","title":"define celestial bodies","referenceLanguage":["en"],"preferredLabel":{"de":"Himmelskörper definieren","no":"definere himmellegemer","fi":"määritellä taivaankappaleita","en-us":"define celestial bodies","pt":"definir corpos celestes","bg":"определяне на характеристиките на небесни тела","lt":"apibūdinti dangaus kūnus","hr":"definirati nebeska tijela","lv":"noteikt debess ķermeņus","fr":"définir des corps célestes","hu":"égitesteket határoz meg","sk":"vymedziť nebeské telesá","sl":"določati nebesna telesa","ga":"reanna neimhe a shainiú","sv":"definiera himlakroppar","el":"προσδιορισμός ουράνιων σωμάτων","mt":"definizzjoni tal-oġġetti ċelestjali","en":"define celestial bodies","is":"auðkennir himintungl","it":"definire corpi celesti","es":"delimitar cuerpos celestes","et":"taevakehi määratlema","cs":"definovat nebeská tělesa","ar":"يحدد الأجرام السماوية","pl":"identyfikować ciała niebieskie","ro":"definește corpuri cerești","da":"definere himmellegemer","nl":"hemellichamen definiëren"},"alternativeLabel":{"de":["Gestirne definieren"],"en":["defining celestial body","identify celestial bodies","determine celestial bodies","defining celestial bodies","categorize celestial bodies","define celestial body"],"es":["analizar datos para delimitar cuerpos celestes","analizar datos para identificar cuerpos celestes","identificar cuerpos celestes","identificar las características de los cuerpos celestes"]},"description":{"en-us":{"literal":"analyze data and images to calculate the size, shape, brightness, and motion of celestial bodies.","mimetype":"plain/text"},"en":{"literal":"Analyse data and images to calculate the size, shape, brightness, and motion of celestial bodies.","mimetype":"plain/text"}},"status":"released","_links":{"self":{"href":"https://ec.europa.eu/esco/api/resource/skill?uri=http://data.europa.eu/esco/skill/60f2ec1a-9237-4d0e-8c4a-1a3e67a0d83d&language=en","uri":"http://data.europa.eu/esco/skill/60f2ec1a-9237-4d0e-8c4a-1a3e67a0d83d","title":"define celestial bodies"},"isTopConceptInScheme":[{"href":"https://ec.europa.eu/esco/api/resource/taxonomy?uri=http://data.europa.eu/esco/concept-scheme/skills&language=en","uri":"http://data.europa.eu/esco/concept-scheme/skills","title":"ESCO skills"},{"href":"https://ec.europa.eu/esco/api/resource/taxonomy?uri=http://data.europa.eu/esco/concept-scheme/member-skills&language=en","uri":"http://data.europa.eu/esco/concept-scheme/member-skills","title":"ESCO member skills"}],"isInScheme":[{"href":"https://ec.europa.eu/esco/api/resource/taxonomy?uri=http://data.europa.eu/esco/concept-scheme/skills&language=en","uri":"http://data.europa.eu/esco/concept-scheme/skills","title":"ESCO skills"},{"href":"https://ec.europa.eu/esco/api/resource/taxonomy?uri=http://data.europa.eu/esco/concept-scheme/member-skills&language=en","uri":"http://data.europa.eu/esco/concept-scheme/member-skills","title":"ESCO member skills"}],"hasSkillType":[{"href":"https://ec.europa.eu/esco/api/resource/concept?uri=http://data.europa.eu/esco/skill-type/skill&language=en","uri":"http://data.europa.eu/esco/skill-type/skill","title":"skill"}],"hasReuseLevel":[{"href":"https://ec.europa.eu/esco/api/resource/concept?uri=http://data.europa.eu/esco/skill-reuse-level/sector-specific&language=en","uri":"http://data.europa.eu/esco/skill-reuse-level/sector-specific","title":"sector specific skills and competences","code":"Level 3"}],"isEssentialForOccupation":[{"href":"https://ec.europa.eu/esco/api/resource/occupation?uri=http://data.europa.eu/esco/occupation/bc659adc-f42c-4ef6-89fe-fd030033f446&language=en","uri":"http://data.europa.eu/esco/occupation/bc659adc-f42c-4ef6-89fe-fd030033f446","title":"cosmologist"}],"isOptionalForOccupation":[{"href":"https://ec.europa.eu/esco/api/resource/occupation?uri=http://data.europa.eu/esco/occupation/57a12047-4f1e-40ed-add5-9736923f231b&language=en","uri":"http://data.europa.eu/esco/occupation/57a12047-4f1e-40ed-add5-9736923f231b","title":"astronomer"}]},"_embedded":{}},{"className":"Skill","classId":"http://data.europa.eu/esco/model#Skill","uri":"http://data.europa.eu/esco/skill/ce7c9e97-40e4-497b-a85d-72573a8b9991","title":"hunting truck detector","referenceLanguage":["en"],"preferredLabel":{"de":"Vorrichtung zur Ermittlung des Schlingerns von Drehgestellen","no":"vibreringskjøretøydetektor","fi":"heilahteluliikkeen ilmaisin","en-us":"hunting truck detector","pt":"detetor de oscilação","bg":"детектор за лъкатушене на железопътните талиги","lt":"važiuoklės virpėjimo detektorius","lv":"vagonu svārstību detektors","hr":"uređaj za otkrivanje titranja željezničkih vozila","fr":"détecteur de mouvement de galop des bogies","hu":"vasúti kilengésérzékelő","sk":"detektor kmitania podvozku","sl":"detektor opletanja podstavnih vozičkov","ga":"brathadóir ascalúcháin carráistí traenach","sv":"hjulsvängningssensor","el":"ανιχνευτής πλάγιας ταλάντωσης αμαξοστοιχιών","mt":"tagħmir ta’ detezzjoni taċ-ċaqliq laġenba tal-vaguni","en":"hunting truck detector","is":"skynjari sem nermur kjag í hjólum járnbrautarvagns","it":"rilevatore del moto di serpeggiamento dei veicoli ferroviari","es":"detector de desequilibrio de vagones de ferrocarril","et":"külgliikumist põhjustavate osade detektor","cs":"detektor houpání železničních vozů","ar":"كاشف شاحنات الصيد","pl":"wykrywacz niestateczności wagonów kolejowych","ro":"detector al mișcării de șerpuire a boghiului","da":"hunting truck detector","nl":"detector voor schommelende wagons"},"alternativeLabel":{"de":["Drehgestell-Schlingersensor"],"sv":["hjulsvängningsdetektor"],"fi":["oskilloivia vaunuja tunnistava laite"],"en":["hunting-truck detector","rail wagon hunting monitor","rail carriage hunting monitor","detector of hunting trucks","detector of hunting railway trucks","hunting truck detector","hunting railway truck detector","rail vehicle hunting monitor"],"nl":["detector voor schommelende treinstellen","detector van oscillaties bij treinstellen","sensor voor schommelende treinstellen","detector van oscillaties bij wagons","sensor voor schommelende wagons"]},"description":{"en-us":{"literal":"The hunting truck detector, which detects hunting of rail vehicle trucks, i.e. side-to-side movements which cause harmful impacts of the side of the wheels on the tracks.","mimetype":"plain/text"},"en":{"literal":"The hunting truck detector, which detects hunting of rail vehicle trucks, i.e. side-to-side movements which cause harmful impacts of the side of the wheels on the tracks.","mimetype":"plain/text"}},"status":"released","_links":{"self":{"href":"https://ec.europa.eu/esco/api/resource/skill?uri=http://data.europa.eu/esco/skill/ce7c9e97-40e4-497b-a85d-72573a8b9991&language=en","uri":"http://data.europa.eu/esco/skill/ce7c9e97-40e4-497b-a85d-72573a8b9991","title":"hunting truck detector"},"isTopConceptInScheme":[{"href":"https://ec.europa.eu/esco/api/resource/taxonomy?uri=http://data.europa.eu/esco/concept-scheme/member-skills&language=en","uri":"http://data.europa.eu/esco/concept-scheme/member-skills","title":"ESCO member skills"},{"href":"https://ec.europa.eu/esco/api/resource/taxonomy?uri=http://data.europa.eu/esco/concept-scheme/skills&language=en","uri":"http://data.europa.eu/esco/concept-scheme/skills","title":"ESCO skills"}],"isInScheme":[{"href":"https://ec.europa.eu/esco/api/resource/taxonomy?uri=http://data.europa.eu/esco/concept-scheme/member-skills&language=en","uri":"http://data.europa.eu/esco/concept-scheme/member-skills","title":"ESCO member skills"},{"href":"https://ec.europa.eu/esco/api/resource/taxonomy?uri=http://data.europa.eu/esco/concept-scheme/skills&language=en","uri":"http://data.europa.eu/esco/concept-scheme/skills","title":"ESCO skills"}],"hasSkillType":[{"href":"https://ec.europa.eu/esco/api/resource/concept?uri=http://data.europa.eu/esco/skill-type/knowledge&language=en","uri":"http://data.europa.eu/esco/skill-type/knowledge","title":"knowledge"}],"hasReuseLevel":[{"href":"https://ec.europa.eu/esco/api/resource/concept?uri=http://data.europa.eu/esco/skill-reuse-level/occupation-specific&language=en","uri":"http://data.europa.eu/esco/skill-reuse-level/occupation-specific","title":"occupation specific skills and competences","code":"Level 4"}],"isOptionalForOccupation":[{"href":"https://ec.europa.eu/esco/api/resource/occupation?uri=http://data.europa.eu/esco/occupation/755c5c5f-2ee3-4487-94db-30ec2ba2e883&language=en","uri":"http://data.europa.eu/esco/occupation/755c5c5f-2ee3-4487-94db-30ec2ba2e883","title":"rail maintenance technician"}]},"_embedded":{}},{"className":"Skill","classId":"http://data.europa.eu/esco/model#Skill","uri":"http://data.europa.eu/esco/skill/6e66e6ad-348c-46de-97d8-7cca68940ee4","title":"perform sworn interpretations","referenceLanguage":["en"],"preferredLabel":{"no":"utføre edsvoren tolkning","de":"beeidigtes Dolmetschen betreiben","fi":"suorittaa virallistettuja tulkkauksia","en-us":"perform sworn interpretations","pt":"realizar interpretação juramentada","bg":"осъществяване на устен превод от заклет преводач","lt":"vykdyti vertimo žodžiu veiklą, kuriai reikalingas prisaikdinimas","hr":"usmeno prevoditi u svojstvu sudskog tumača","lv":"veikt zvērinātu mutisko tulkošanu","fr":"effectuer une interprétation assermentée","hu":"hites tolmácsolást végez","sk":"vykonávať úradné tlmočenie","sl":"sodno tolmačiti","ga":"ateangaireacht faoi mhionn a dhéanamh","sv":"utföra auktoriserad tolkning","el":"διενέργεια επίσημων διερμηνειών","mt":"twettiq tal-interpretar bil-ġurament","en":"perform sworn interpretations","is":"framkvæmir tvíhliða túlkun","it":"svolgere servizi di interpretazione giurata","es":"hacer interpretación jurada","et":"suulist vandetõlget tegema","cs":"provádět soudní tlumočení","ar":"ينفذ تفسيرات أداء اليمين","pl":"wykonywać ustne tłumaczenia przysięgłe","da":"udføre autoriseret tolkning","ro":"efectuează interpretări legalizate","nl":"werkzaamheden als beëdigd tolk uitvoeren"},"alternativeLabel":{"en":["conduct sworn interpretations","sworn interpretation","performing sworn interpretation","engage in sworn interpretation","carry out sworn interpretations"],"es":["trabajar como intérprete jurado","realizar interpretación jurada","llevar a cabo interpretación jurada"],"nl":["beëdigd tolken"]},"description":{"en-us":{"literal":"Interpret discussion and legal trials under the oath that the interpreting activities are performed by somebody endorsed by the local or national authorities.","mimetype":"plain/text"},"en":{"literal":"Interpret discussion and legal trials under the oath that the interpreting activities are performed by somebody endorsed by the local or national authorities.","mimetype":"plain/text"}},"status":"released","_links":{"self":{"href":"https://ec.europa.eu/esco/api/resource/skill?uri=http://data.europa.eu/esco/skill/6e66e6ad-348c-46de-97d8-7cca68940ee4&language=en","uri":"http://data.europa.eu/esco/skill/6e66e6ad-348c-46de-97d8-7cca68940ee4","title":"perform sworn interpretations"},"isTopConceptInScheme":[{"href":"https://ec.europa.eu/esco/api/resource/taxonomy?uri=http://data.europa.eu/esco/concept-scheme/member-skills&language=en","uri":"http://data.europa.eu/esco/concept-scheme/member-skills","title":"ESCO member skills"},{"href":"https://ec.europa.eu/esco/api/resource/taxonomy?uri=http://data.europa.eu/esco/concept-scheme/skills&language=en","uri":"http://data.europa.eu/esco/concept-scheme/skills","title":"ESCO skills"}],"isInScheme":[{"href":"https://ec.europa.eu/esco/api/resource/taxonomy?uri=http://data.europa.eu/esco/concept-scheme/member-skills&language=en","uri":"http://data.europa.eu/esco/concept-scheme/member-skills","title":"ESCO member skills"},{"href":"https://ec.europa.eu/esco/api/resource/taxonomy?uri=http://data.europa.eu/esco/concept-scheme/skills&language=en","uri":"http://data.europa.eu/esco/concept-scheme/skills","title":"ESCO skills"}],"hasSkillType":[{"href":"https://ec.europa.eu/esco/api/resource/concept?uri=http://data.europa.eu/esco/skill-type/skill&language=en","uri":"http://data.europa.eu/esco/skill-type/skill","title":"skill"}],"hasReuseLevel":[{"href":"https://ec.europa.eu/esco/api/resource/concept?uri=http://data.europa.eu/esco/skill-reuse-level/occupation-specific&language=en","uri":"http://data.europa.eu/esco/skill-reuse-level/occupation-specific","title":"occupation specific skills and competences","code":"Level 4"}],"isOptionalForOccupation":[{"href":"https://ec.europa.eu/esco/api/resource/occupation?uri=http://data.europa.eu/esco/occupation/23e692a9-a242-4d4f-988f-ed562f757864&language=en","uri":"http://data.europa.eu/esco/occupation/23e692a9-a242-4d4f-988f-ed562f757864","title":"interpreter"}]},"_embedded":{}},{"className":"Skill","classId":"http://data.europa.eu/esco/model#Skill","uri":"http://data.europa.eu/esco/skill/7a6b4664-3c3f-45b2-8d45-8daa2d547e58","title":"cut trees to clear public access","referenceLanguage":["en"],"preferredLabel":{"de":"Bäume fällen, um den öffentlichen Zugang zu ermöglichen","no":"kutte trær for å muliggjøre offentlig tilgang","fi":"leikata kulkua estäviä puita","en-us":"cut trees to clear public access","pt":"cortar árvores para desobstruir os acessos públicos","bg":"рязане на дървета за осигуряване на достъп","lt":"pjauti medžius tvarkant viešąsias erdves","hr":"sječi stabla radi prohodnosti javnih staza i putova","lv":"zāģēt kokus, lai nodrošinātu publisku piekļuvi","fr":"couper des arbres pour ouvrir l’accès au public","hu":"a megközelíthetőség érdekében fákat vág ki","sk":"vypíliť stromy s cieľom zabezpečiť prístup verejnosti","sl":"odstranjevati drevesa za boljši dostop do javnih površin","ga":"crainn a ghearradh chun rochtain an phobail a réiteach","sv":"hugga bort träd för att förbättra allmänhetens tillträde","mt":"qtugħ tas-siġar għall-aċċess pubbliku","el":"κοπή δένδρων ώστε να είναι δυνατή η πρόσβαση του κοινού στην τοποθεσία","en":"cut trees to clear public access","is":"klippir tré til að auka aðgengi","it":"tagliare gli alberi per agevolare l'accesso del pubblico","es":"talar árboles para permitir el paso por lugares públicos","et":"avaliku juurdepääsu tagamiseks puid lõikama","cs":"ořezávat stromy za účelem umožnění veřejného přístupu","ar":"يقطع الأشجار لتسهيل دخول الجمهور","pl":"wycinać drzewa w celu ułatwienia dostępu publicznego","ro":"taie arbori pentru a elibera căile de acces public","da":"beskære træer for at sikre offentlig adgang","nl":"bomen kappen om openbare toegang vrij te maken"},"alternativeLabel":{"en":["cutting trees to clear public access","cut trees to allow public access","tree felling to clear public access","fell trees to clear public access","fell trees to allow public access","tree cutting to clear public access","cutting trees to allow public access","felling trees to clear public access","felling trees to allow public access"],"ro":["tunde arbori"],"es":["talar árboles para posibilitar el paso por lugares públicos","cortar árboles para permitir el paso por lugares públicos"]},"description":{"en-us":{"literal":"Cut trees or parts of trees to clear the public access and electrical cables.","mimetype":"plain/text"},"en":{"literal":"Cut trees or parts of trees to clear the public access and electrical cables.","mimetype":"plain/text"}},"status":"released","_links":{"self":{"href":"https://ec.europa.eu/esco/api/resource/skill?uri=http://data.europa.eu/esco/skill/7a6b4664-3c3f-45b2-8d45-8daa2d547e58&language=en","uri":"http://data.europa.eu/esco/skill/7a6b4664-3c3f-45b2-8d45-8daa2d547e58","title":"cut trees to clear public access"},"isTopConceptInScheme":[{"href":"https://ec.europa.eu/esco/api/resource/taxonomy?uri=http://data.europa.eu/esco/concept-scheme/skills&language=en","uri":"http://data.europa.eu/esco/concept-scheme/skills","title":"ESCO skills"},{"href":"https://ec.europa.eu/esco/api/resource/taxonomy?uri=http://data.europa.eu/esco/concept-scheme/member-skills&language=en","uri":"http://data.europa.eu/esco/concept-scheme/member-skills","title":"ESCO member skills"}],"isInScheme":[{"href":"https://ec.europa.eu/esco/api/resource/taxonomy?uri=http://data.europa.eu/esco/concept-scheme/skills&language=en","uri":"http://data.europa.eu/esco/concept-scheme/skills","title":"ESCO skills"},{"href":"https://ec.europa.eu/esco/api/resource/taxonomy?uri=http://data.europa.eu/esco/concept-scheme/member-skills&language=en","uri":"http://data.europa.eu/esco/concept-scheme/member-skills","title":"ESCO member skills"}],"hasSkillType":[{"href":"https://ec.europa.eu/esco/api/resource/concept?uri=http://data.europa.eu/esco/skill-type/skill&language=en","uri":"http://data.europa.eu/esco/skill-type/skill","title":"skill"}],"hasReuseLevel":[{"href":"https://ec.europa.eu/esco/api/resource/concept?uri=http://data.europa.eu/esco/skill-reuse-level/occupation-specific&language=en","uri":"http://data.europa.eu/esco/skill-reuse-level/occupation-specific","title":"occupation specific skills and competences","code":"Level 4"}],"isOptionalForOccupation":[{"href":"https://ec.europa.eu/esco/api/resource/occupation?uri=http://data.europa.eu/esco/occupation/fa30c1cb-dbc5-409c-8124-7284592b123c&language=en","uri":"http://data.europa.eu/esco/occupation/fa30c1cb-dbc5-409c-8124-7284592b123c","title":"tree surgeon"}]},"_embedded":{}},{"className":"Skill","classId":"http://data.europa.eu/esco/model#Skill","uri":"http://data.europa.eu/esco/skill/0799c35e-8eae-42c8-acb5-61ba6dc37f8f","title":"stock tobacco products machines with materials","referenceLanguage":["en"],"preferredLabel":{"no":"lagre tobakk og tobakksproduktmaskiner","de":"Maschinen zur Herstellung von Tabakprodukten befüllen","en-us":"stock tobacco products machines with materials","fi":"täyttää tupakkatuotekoneita materiaaleilla","pt":"alimentar máquinas de produtos do tabaco","bg":"зареждане на машини за тютюневи изделия с материали за производство","lt":"sudėti medžiagas į tabako produktų gaminimo mašinas","hr":"puniti strojeve za duhanske proizvode materijalom","lv":"uzpildīt tabakas izstrādājumu mašīnas ar izejvielām","fr":"alimenter des machines de produits du tabac","hu":"dohánygyártó gépeket alapanyaggal tölt meg","sk":"naložiť materiál do strojov na tabakové výrobky","sl":"polniti stroje za proizvodnjo tobačnih izdelkov z materialom","ga":"meaisíní táirgí tobac a stocáil le hábhair","sv":"fylla på maskiner för tobakstillverkning med material","mt":"tpoġġija tal-materjali fil-magni tal-prodotti tat-tabakk","el":"ανεφοδιασμός των μηχανημάτων παραγωγής καπνού με υλικά","en":"stock tobacco products machines with materials","is":"birgir tóbaksvöruvélar upp af efni","it":"inserire i prodotti del tabacco nelle macchine con i relativi materiali","es":"colocar materiales en máquinas para fabricar productos del tabaco","et":"tubakatoodete seadmeid materjalidega varustama","cs":"doplňovat materiál do přístrojů na tabákové výrobky","ar":"يخزن المواد في آلات إنتاج منتجات التبغ","pl":"zaopatrywać maszyny do produkcji wyrobów tytoniowych w materiały","ro":"alimentează cu materiale mașinile de fabricat produse din tutun","da":"fylde tobaksproduktmaskiner med materialer","nl":"tabakproductiemachines met materialen bevoorraden"},"alternativeLabel":{"en":["stock of tobacco products machines with materials","provide tobacco products machines with materials","stock tobacco products machinery with materials","stock tobacco products machines with material","supply tobacco products machines with materials","furnish tobacco products machines with materials"],"es":["llenar máquinas para fabricar productos del tabaco"]},"description":{"en-us":{"literal":"Stock machine with materials for production of tobacco products. Take care to provide adequate quantities of paper, filters, glue, and other materials to achieve the daily production plan.","mimetype":"plain/text"},"en":{"literal":"Stock machine with materials for production of tobacco products. Take care to provide adequate quantities of paper, filters, glue, and other materials to achieve the daily production plan.","mimetype":"plain/text"}},"status":"released","_links":{"self":{"href":"https://ec.europa.eu/esco/api/resource/skill?uri=http://data.europa.eu/esco/skill/0799c35e-8eae-42c8-acb5-61ba6dc37f8f&language=en","uri":"http://data.europa.eu/esco/skill/0799c35e-8eae-42c8-acb5-61ba6dc37f8f","title":"stock tobacco products machines with materials"},"isTopConceptInScheme":[{"href":"https://ec.europa.eu/esco/api/resource/taxonomy?uri=http://data.europa.eu/esco/concept-scheme/skills&language=en","uri":"http://data.europa.eu/esco/concept-scheme/skills","title":"ESCO skills"},{"href":"https://ec.europa.eu/esco/api/resource/taxonomy?uri=http://data.europa.eu/esco/concept-scheme/member-skills&language=en","uri":"http://data.europa.eu/esco/concept-scheme/member-skills","title":"ESCO member skills"}],"isInScheme":[{"href":"https://ec.europa.eu/esco/api/resource/taxonomy?uri=http://data.europa.eu/esco/concept-scheme/skills&language=en","uri":"http://data.europa.eu/esco/concept-scheme/skills","title":"ESCO skills"},{"href":"https://ec.europa.eu/esco/api/resource/taxonomy?uri=http://data.europa.eu/esco/concept-scheme/member-skills&language=en","uri":"http://data.europa.eu/esco/concept-scheme/member-skills","title":"ESCO member skills"}],"hasSkillType":[{"href":"https://ec.europa.eu/esco/api/resource/concept?uri=http://data.europa.eu/esco/skill-type/skill&language=en","uri":"http://data.europa.eu/esco/skill-type/skill","title":"skill"}],"hasReuseLevel":[{"href":"https://ec.europa.eu/esco/api/resource/concept?uri=http://data.europa.eu/esco/skill-reuse-level/sector-specific&language=en","uri":"http://data.europa.eu/esco/skill-reuse-level/sector-specific","title":"sector specific skills and competences","code":"Level 3"}],"isEssentialForOccupation":[{"href":"https://ec.europa.eu/esco/api/resource/occupation?uri=http://data.europa.eu/esco/occupation/ecfcf554-254f-4dd7-a20c-b60cc6b16054&language=en","uri":"http://data.europa.eu/esco/occupation/ecfcf554-254f-4dd7-a20c-b60cc6b16054","title":"cigarette making machine operator"},{"href":"https://ec.europa.eu/esco/api/resource/occupation?uri=http://data.europa.eu/esco/occupation/17abb59e-a1f9-4ce8-88b7-569e5413dca9&language=en","uri":"http://data.europa.eu/esco/occupation/17abb59e-a1f9-4ce8-88b7-569e5413dca9","title":"cigar brander"}]},"_embedded":{}},{"className":"Skill","classId":"http://data.europa.eu/esco/model#Skill","uri":"http://data.europa.eu/esco/skill/bad0f996-a299-4631-a7d8-104185b2ef22","title":"perform debates","referenceLanguage":["en"],"preferredLabel":{"de":"Debatten durchführen","no":"gjennomføre debatter","fi":"käydä keskusteluja","en-us":"perform debates","pt":"realizar debates","bg":"дебатиране","lt":"dalyvauti debatuose","lv":"piedalīties debatēs","hr":"sudjelovati u raspravama","fr":"organiser des débats","hu":"vitákat folytat","sk":"viesť diskusie","sl":"sodelovati v razpravah","ga":"díospóireachtaí a dhéanamh","sv":"genomföra debatter","el":"διεξαγωγή συζητήσεων","mt":"twettiq tad-dibattiti","en":"perform debates","is":"heldur kappræður","it":"svolgere i dibattiti","es":"participar en debates","et":"väitlusi pidama","cs":"vést diskuzi","ar":"يجري المناقشات","pl":"brać udział w debatach","da":"lede debatter","ro":"participă la dezbateri","nl":"debatteren"},"alternativeLabel":{"cs":["diskutovat","debatovat"],"fi":["väitellä"],"en":["undertake deliberations","take part in debates","undertake debates","operate deliberations","participate in debates","operate debates","take part in deliberations","participate in deliberations"],"nl":["debatten voeren"]},"description":{"en-us":{"literal":"Construct and present arguments used in a constructive debate and discussion in order to convince the opposing party or a neutral third party of the debater's stance.","mimetype":"plain/text"},"en":{"literal":"Construct and present arguments used in a constructive debate and discussion in order to convince the opposing party or a neutral third party of the debater's stance.","mimetype":"plain/text"}},"status":"released","_links":{"self":{"href":"https://ec.europa.eu/esco/api/resource/skill?uri=http://data.europa.eu/esco/skill/bad0f996-a299-4631-a7d8-104185b2ef22&language=en","uri":"http://data.europa.eu/esco/skill/bad0f996-a299-4631-a7d8-104185b2ef22","title":"perform debates"},"isTopConceptInScheme":[{"href":"https://ec.europa.eu/esco/api/resource/taxonomy?uri=http://data.europa.eu/esco/concept-scheme/member-skills&language=en","uri":"http://data.europa.eu/esco/concept-scheme/member-skills","title":"ESCO member skills"},{"href":"https://ec.europa.eu/esco/api/resource/taxonomy?uri=http://data.europa.eu/esco/concept-scheme/skills&language=en","uri":"http://data.europa.eu/esco/concept-scheme/skills","title":"ESCO skills"}],"isInScheme":[{"href":"https://ec.europa.eu/esco/api/resource/taxonomy?uri=http://data.europa.eu/esco/concept-scheme/member-skills&language=en","uri":"http://data.europa.eu/esco/concept-scheme/member-skills","title":"ESCO member skills"},{"href":"https://ec.europa.eu/esco/api/resource/taxonomy?uri=http://data.europa.eu/esco/concept-scheme/skills&language=en","uri":"http://data.europa.eu/esco/concept-scheme/skills","title":"ESCO skills"}],"hasSkillType":[{"href":"https://ec.europa.eu/esco/api/resource/concept?uri=http://data.europa.eu/esco/skill-type/skill&language=en","uri":"http://data.europa.eu/esco/skill-type/skill","title":"skill"}],"hasReuseLevel":[{"href":"https://ec.europa.eu/esco/api/resource/concept?uri=http://data.europa.eu/esco/skill-reuse-level/sector-specific&language=en","uri":"http://data.europa.eu/esco/skill-reuse-level/sector-specific","title":"sector specific skills and competences","code":"Level 3"}],"isEssentialForOccupation":[{"href":"https://ec.europa.eu/esco/api/resource/occupation?uri=http://data.europa.eu/esco/occupation/5bca96fd-4203-400b-be58-9e9b50bc98da&language=en","uri":"http://data.europa.eu/esco/occupation/5bca96fd-4203-400b-be58-9e9b50bc98da","title":"member of parliament"},{"href":"https://ec.europa.eu/esco/api/resource/occupation?uri=http://data.europa.eu/esco/occupation/d63789ac-74b5-40e3-b890-685513c38e12&language=en","uri":"http://data.europa.eu/esco/occupation/d63789ac-74b5-40e3-b890-685513c38e12","title":"provincial governor"},{"href":"https://ec.europa.eu/esco/api/resource/occupation?uri=http://data.europa.eu/esco/occupation/ed256ed0-0432-4969-8544-3e5e01a517a9&language=en","uri":"http://data.europa.eu/esco/occupation/ed256ed0-0432-4969-8544-3e5e01a517a9","title":"minister of religion"},{"href":"https://ec.europa.eu/esco/api/resource/occupation?uri=http://data.europa.eu/esco/occupation/73c3f018-71ce-4dc1-abdd-14cea7873717&language=en","uri":"http://data.europa.eu/esco/occupation/73c3f018-71ce-4dc1-abdd-14cea7873717","title":"senator"}],"isOptionalForOccupation":[{"href":"https://ec.europa.eu/esco/api/resource/occupation?uri=http://data.europa.eu/esco/occupation/6cee3765-2b3b-48b0-af2b-1eb512d071fd&language=en","uri":"http://data.europa.eu/esco/occupation/6cee3765-2b3b-48b0-af2b-1eb512d071fd","title":"mayor"},{"href":"https://ec.europa.eu/esco/api/resource/occupation?uri=http://data.europa.eu/esco/occupation/404a50e9-61ce-448d-a695-bbfc697a0727&language=en","uri":"http://data.europa.eu/esco/occupation/404a50e9-61ce-448d-a695-bbfc697a0727","title":"government minister"}]},"_embedded":{}},{"className":"Skill","classId":"http://data.europa.eu/esco/model#Skill","uri":"http://data.europa.eu/esco/skill/4bfb06d9-f9a1-4257-a480-976035e566a5","title":"develop weight loss schedule","referenceLanguage":["en"],"preferredLabel":{"de":"Plan für die Gewichtsabnahme entwickeln","no":"utvikle slankeprorgram","fi":"kehittää laihdutussuunnitelma","en-us":"develop weight loss schedule","pt":"desenvolver um programa de emagrecimento","bg":"разработване на програма за отслабване","lt":"sudaryti svorio mažinimo grafiką","hr":"razvijati planove za mršavljenje","lv":"sastādīt svara zaudēšanas grafiku","fr":"élaborer un programme de perte de poids","hu":"fogyókúrát dolgoz ki","sk":"vypracovať režim chudnutia","sl":"pripravljati programe hujšanja","ga":"sceideal cailleadh meáchain a fhorbairt","sv":"utarbeta viktminskningsplan","mt":"żvilupp ta’ skedi tat-tnaqqis fil-piż","el":"κατάρτιση χρονοδιαγράμματος απώλειας βάρους","en":"develop weight loss schedule","is":"þróar þyngdartapsáætlun","it":"elaborare un programma di dimagrimento","es":"elaborar un cronograma para adelgazar","et":"kaalulangetusgraafikuid välja töötama","cs":"připravovat plány na hubnutí","ar":"يضع جدولاً زمنيًا لفقدان الوزن","pl":"opracowywać programy odchudzania","ro":"concepe programe de pierdere în greutate","da":"udvikle vægttabsplan","nl":"schema's voor gewichtsverlies ontwikkelen"},"alternativeLabel":{"sv":["utarbeta bantningsplan"],"fi":["laatia laihdutusaikataulu"],"sl":["pripravljati shujševalne načrte"],"en":["develop weight loss schedules","create weight loss schedule","create weight loss timetable","developing weight loss schedule","generate weight loss schedule"],"pl":["opracowywać plany odchudzania"],"da":["udvikle slankekur"],"es":["elaborar un cronograma para perder peso"]},"description":{"en-us":{"literal":"Draft a weight loss schedule for you client that they have to abide by. Divide the ultimate goal into small goals in order to keep the client motivated and the target reachable.","mimetype":"plain/text"},"en":{"literal":"Draft a weight loss schedule for you client that they have to abide by. Divide the ultimate goal into small goals in order to keep the client motivated and the target reachable.","mimetype":"plain/text"}},"status":"released","_links":{"self":{"href":"https://ec.europa.eu/esco/api/resource/skill?uri=http://data.europa.eu/esco/skill/4bfb06d9-f9a1-4257-a480-976035e566a5&language=en","uri":"http://data.europa.eu/esco/skill/4bfb06d9-f9a1-4257-a480-976035e566a5","title":"develop weight loss schedule"},"isTopConceptInScheme":[{"href":"https://ec.europa.eu/esco/api/resource/taxonomy?uri=http://data.europa.eu/esco/concept-scheme/skills&language=en","uri":"http://data.europa.eu/esco/concept-scheme/skills","title":"ESCO skills"},{"href":"https://ec.europa.eu/esco/api/resource/taxonomy?uri=http://data.europa.eu/esco/concept-scheme/member-skills&language=en","uri":"http://data.europa.eu/esco/concept-scheme/member-skills","title":"ESCO member skills"}],"isInScheme":[{"href":"https://ec.europa.eu/esco/api/resource/taxonomy?uri=http://data.europa.eu/esco/concept-scheme/skills&language=en","uri":"http://data.europa.eu/esco/concept-scheme/skills","title":"ESCO skills"},{"href":"https://ec.europa.eu/esco/api/resource/taxonomy?uri=http://data.europa.eu/esco/concept-scheme/member-skills&language=en","uri":"http://data.europa.eu/esco/concept-scheme/member-skills","title":"ESCO member skills"}],"hasSkillType":[{"href":"https://ec.europa.eu/esco/api/resource/concept?uri=http://data.europa.eu/esco/skill-type/skill&language=en","uri":"http://data.europa.eu/esco/skill-type/skill","title":"skill"}],"hasReuseLevel":[{"href":"https://ec.europa.eu/esco/api/resource/concept?uri=http://data.europa.eu/esco/skill-reuse-level/occupation-specific&language=en","uri":"http://data.europa.eu/esco/skill-reuse-level/occupation-specific","title":"occupation specific skills and competences","code":"Level 4"}],"isEssentialForOccupation":[{"href":"https://ec.europa.eu/esco/api/resource/occupation?uri=http://data.europa.eu/esco/occupation/763f82c2-81e3-48d2-9cdf-f532b5016a1f&language=en","uri":"http://data.europa.eu/esco/occupation/763f82c2-81e3-48d2-9cdf-f532b5016a1f","title":"weight loss consultant"}]},"_embedded":{}},{"className":"Skill","classId":"http://data.europa.eu/esco/model#Skill","uri":"http://data.europa.eu/esco/skill/9436db78-4331-495b-a97d-223fd246de2f","title":"operate telescopes","referenceLanguage":["en"],"preferredLabel":{"no":"betjene teleskoper","de":"Teleskope bedienen","fi":"käyttää kaukoputkia","en-us":"operate telescopes","pt":"operar telescópios","bg":"боравене с телескопи","lt":"naudoti teleskopus","lv":"lietot teleskopus","hr":"rukovati teleskopima","fr":"utiliser un télescope","hu":"teleszkópokat működtet","sk":"obsluhovať teleskopy","sl":"uporabljati teleskope","ga":"teileascóip a oibriú","sv":"använda teleskop","mt":"tħaddim tat-teleskopji","el":"χειρισμός τηλεσκοπίων","en":"operate telescopes","is":"stýrir sjónaukum","it":"utilizzare telescopi","es":"utilizar telescopios","et":"teleskoope kasutama","cs":"obsluhovat teleskopy","ar":"يشغل أجهزة التلسكوب","pl":"obsługiwać teleskopy","ro":"operează telescoape","da":"betjene teleskoper","nl":"telescopen bedienen"},"alternativeLabel":{"fi":["käyttää teleskooppeja"],"en":["operating telescopes","use telescopes","employ telescopes","control telescopes","operate telescope","run telescopes"],"hu":["látcsöveket működtet","messzelátókat működtet"],"es":["manejar telescopios"]},"description":{"en-us":{"literal":"Set up and adjust telescopes in order to look at phenomena and objects outside Earth's atmosphere.","mimetype":"plain/text"},"en":{"literal":"Set up and adjust telescopes in order to look at phenomena and objects outside Earth's atmosphere.","mimetype":"plain/text"}},"status":"released","_links":{"self":{"href":"https://ec.europa.eu/esco/api/resource/skill?uri=http://data.europa.eu/esco/skill/9436db78-4331-495b-a97d-223fd246de2f&language=en","uri":"http://data.europa.eu/esco/skill/9436db78-4331-495b-a97d-223fd246de2f","title":"operate telescopes"},"isTopConceptInScheme":[{"href":"https://ec.europa.eu/esco/api/resource/taxonomy?uri=http://data.europa.eu/esco/concept-scheme/member-skills&language=en","uri":"http://data.europa.eu/esco/concept-scheme/member-skills","title":"ESCO member skills"},{"href":"https://ec.europa.eu/esco/api/resource/taxonomy?uri=http://data.europa.eu/esco/concept-scheme/skills&language=en","uri":"http://data.europa.eu/esco/concept-scheme/skills","title":"ESCO skills"}],"isInScheme":[{"href":"https://ec.europa.eu/esco/api/resource/taxonomy?uri=http://data.europa.eu/esco/concept-scheme/member-skills&language=en","uri":"http://data.europa.eu/esco/concept-scheme/member-skills","title":"ESCO member skills"},{"href":"https://ec.europa.eu/esco/api/resource/taxonomy?uri=http://data.europa.eu/esco/concept-scheme/skills&language=en","uri":"http://data.europa.eu/esco/concept-scheme/skills","title":"ESCO skills"}],"hasSkillType":[{"href":"https://ec.europa.eu/esco/api/resource/concept?uri=http://data.europa.eu/esco/skill-type/skill&language=en","uri":"http://data.europa.eu/esco/skill-type/skill","title":"skill"}],"hasReuseLevel":[{"href":"https://ec.europa.eu/esco/api/resource/concept?uri=http://data.europa.eu/esco/skill-reuse-level/cross-sector&language=en","uri":"http://data.europa.eu/esco/skill-reuse-level/cross-sector","title":"cross-sector skills and competences","code":"Level 2"}],"isEssentialForOccupation":[{"href":"https://ec.europa.eu/esco/api/resource/occupation?uri=http://data.europa.eu/esco/occupation/bc659adc-f42c-4ef6-89fe-fd030033f446&language=en","uri":"http://data.europa.eu/esco/occupation/bc659adc-f42c-4ef6-89fe-fd030033f446","title":"cosmologist"}],"isOptionalForOccupation":[{"href":"https://ec.europa.eu/esco/api/resource/occupation?uri=http://data.europa.eu/esco/occupation/a9bcc9e0-5be7-47a0-818b-acad10fe90d9&language=en","uri":"http://data.europa.eu/esco/occupation/a9bcc9e0-5be7-47a0-818b-acad10fe90d9","title":"physics technician"},{"href":"https://ec.europa.eu/esco/api/resource/occupation?uri=http://data.europa.eu/esco/occupation/7f2761eb-4edc-48ad-9fbf-eed0a0db9a21&language=en","uri":"http://data.europa.eu/esco/occupation/7f2761eb-4edc-48ad-9fbf-eed0a0db9a21","title":"physicist"},{"href":"https://ec.europa.eu/esco/api/resource/occupation?uri=http://data.europa.eu/esco/occupation/57a12047-4f1e-40ed-add5-9736923f231b&language=en","uri":"http://data.europa.eu/esco/occupation/57a12047-4f1e-40ed-add5-9736923f231b","title":"astronomer"},{"href":"https://ec.europa.eu/esco/api/resource/occupation?uri=http://data.europa.eu/esco/occupation/1738173e-ef9c-4222-88c8-b6aa9bad3cf7&language=en","uri":"http://data.europa.eu/esco/occupation/1738173e-ef9c-4222-88c8-b6aa9bad3cf7","title":"biophysicist"}]},"_embedded":{}},{"className":"Skill","classId":"http://data.europa.eu/esco/model#Skill","uri":"http://data.europa.eu/esco/skill/eed2447e-13a2-4583-9066-cdb38d90c808","title":"monitor elections","referenceLanguage":["en"],"preferredLabel":{"no":"overvåke valg","de":"Wahlen überwachen","fi":"valvoa vaaleja","en-us":"monitor elections","pt":"monitorizar eleições","bg":"наблюдаване на избори","lt":"stebėti rinkimus","hr":"nadzirati izbore","lv":"novērot vēlēšanas","fr":"surveiller des élections","hu":"figyelemmel kíséri a választásokat","sk":"sledovať voľby","sl":"spremljati volitve","ga":"faireachán a dhéanamh ar thoghcháin","sv":"övervaka val","mt":"monitoraġġ tal-elezzjonijiet","el":"παρακολούθηση εκλογών","en":"monitor elections","is":"fylgist með kosningum","it":"monitorare le elezioni","es":"efectuar el seguimiento de los procesos electorales","et":"valimisi vaatlema","cs":"monitorovat volby","ar":"يراقب الانتخابات","pl":"monitorować przebieg wyborów","da":"overvåge valg","ro":"monitorizează alegerile","nl":"toezicht houden op verkiezingen"},"alternativeLabel":{"en":["oversee elections","supervise elections","audit elections","audit ballots","oversee ballots","supervise ballots"]},"description":{"en-us":{"literal":"Monitor the proceedings on the day of elections to ensure that the voting process and the counting process occur according to regulations.","mimetype":"plain/text"},"en":{"literal":"Monitor the proceedings on the day of elections to ensure that the voting process and the counting process occur according to regulations.","mimetype":"plain/text"}},"status":"released","_links":{"self":{"href":"https://ec.europa.eu/esco/api/resource/skill?uri=http://data.europa.eu/esco/skill/eed2447e-13a2-4583-9066-cdb38d90c808&language=en","uri":"http://data.europa.eu/esco/skill/eed2447e-13a2-4583-9066-cdb38d90c808","title":"monitor elections"},"isTopConceptInScheme":[{"href":"https://ec.europa.eu/esco/api/resource/taxonomy?uri=http://data.europa.eu/esco/concept-scheme/skills&language=en","uri":"http://data.europa.eu/esco/concept-scheme/skills","title":"ESCO skills"},{"href":"https://ec.europa.eu/esco/api/resource/taxonomy?uri=http://data.europa.eu/esco/concept-scheme/member-skills&language=en","uri":"http://data.europa.eu/esco/concept-scheme/member-skills","title":"ESCO member skills"}],"isInScheme":[{"href":"https://ec.europa.eu/esco/api/resource/taxonomy?uri=http://data.europa.eu/esco/concept-scheme/skills&language=en","uri":"http://data.europa.eu/esco/concept-scheme/skills","title":"ESCO skills"},{"href":"https://ec.europa.eu/esco/api/resource/taxonomy?uri=http://data.europa.eu/esco/concept-scheme/member-skills&language=en","uri":"http://data.europa.eu/esco/concept-scheme/member-skills","title":"ESCO member skills"}],"hasSkillType":[{"href":"https://ec.europa.eu/esco/api/resource/concept?uri=http://data.europa.eu/esco/skill-type/skill&language=en","uri":"http://data.europa.eu/esco/skill-type/skill","title":"skill"}],"hasReuseLevel":[{"href":"https://ec.europa.eu/esco/api/resource/concept?uri=http://data.europa.eu/esco/skill-reuse-level/occupation-specific&language=en","uri":"http://data.europa.eu/esco/skill-reuse-level/occupation-specific","title":"occupation specific skills and competences","code":"Level 4"}],"isEssentialForOccupation":[{"href":"https://ec.europa.eu/esco/api/resource/occupation?uri=http://data.europa.eu/esco/occupation/82fe0140-7069-47f9-a7d4-d63a611cb5bd&language=en","uri":"http://data.europa.eu/esco/occupation/82fe0140-7069-47f9-a7d4-d63a611cb5bd","title":"election agent"}]},"_embedded":{}},{"className":"Skill","classId":"http://data.europa.eu/esco/model#Skill","uri":"http://data.europa.eu/esco/skill/b4a05236-1754-4ec6-869c-025f82855878","title":"aeronomy","referenceLanguage":["en"],"preferredLabel":{"no":"aeronomi","de":"Aeronomie","fi":"aeronomia","en-us":"aeronomy","pt":"aeronomia","bg":"аерономия","lt":"aeronomija","lv":"aeronomija","hr":"aeronomija","fr":"aéronomie","hu":"aeronómia","sk":"aeronómia","sl":"aeronomija","ga":"aeranomaíocht","sv":"aeronomi","mt":"ajrunomija","el":"αερονομία","en":"aeronomy","is":"háloftafræði","it":"aeronomia","es":"aeronomía","et":"aeronoomia","cs":"aeronomie","ar":"الفلكيات الجوية","pl":"aeronomia","da":"aeronomi","ro":"aeronomie","nl":"aeronomie"},"alternativeLabel":{"en":["the study of the atmosphere","atmospheric studies"],"es":["estudio de la atmósfera","estudio de fenómenos atmosféricos","estudio de los fenómenos de ionización y disociación"]},"description":{"en-us":{"literal":"Branch of atmospheric physics dealing with the parts of the atmosphere where reactions of ionization and dissociation are predominant, and with the atmosphere of other planets.","mimetype":"plain/text"},"en":{"literal":"Branch of atmospheric physics dealing with the parts of the atmosphere where reactions of ionization and dissociation are predominant, and with the atmosphere of other planets.","mimetype":"plain/text"}},"status":"released","_links":{"self":{"href":"https://ec.europa.eu/esco/api/resource/skill?uri=http://data.europa.eu/esco/skill/b4a05236-1754-4ec6-869c-025f82855878&language=en","uri":"http://data.europa.eu/esco/skill/b4a05236-1754-4ec6-869c-025f82855878","title":"aeronomy"},"isTopConceptInScheme":[{"href":"https://ec.europa.eu/esco/api/resource/taxonomy?uri=http://data.europa.eu/esco/concept-scheme/skills&language=en","uri":"http://data.europa.eu/esco/concept-scheme/skills","title":"ESCO skills"},{"href":"https://ec.europa.eu/esco/api/resource/taxonomy?uri=http://data.europa.eu/esco/concept-scheme/member-skills&language=en","uri":"http://data.europa.eu/esco/concept-scheme/member-skills","title":"ESCO member skills"}],"isInScheme":[{"href":"https://ec.europa.eu/esco/api/resource/taxonomy?uri=http://data.europa.eu/esco/concept-scheme/skills&language=en","uri":"http://data.europa.eu/esco/concept-scheme/skills","title":"ESCO skills"},{"href":"https://ec.europa.eu/esco/api/resource/taxonomy?uri=http://data.europa.eu/esco/concept-scheme/member-skills&language=en","uri":"http://data.europa.eu/esco/concept-scheme/member-skills","title":"ESCO member skills"}],"hasSkillType":[{"href":"https://ec.europa.eu/esco/api/resource/concept?uri=http://data.europa.eu/esco/skill-type/knowledge&language=en","uri":"http://data.europa.eu/esco/skill-type/knowledge","title":"knowledge"}],"hasReuseLevel":[{"href":"https://ec.europa.eu/esco/api/resource/concept?uri=http://data.europa.eu/esco/skill-reuse-level/cross-sector&language=en","uri":"http://data.europa.eu/esco/skill-reuse-level/cross-sector","title":"cross-sector skills and competences","code":"Level 2"}],"isOptionalForOccupation":[{"href":"https://ec.europa.eu/esco/api/resource/occupation?uri=http://data.europa.eu/esco/occupation/57a12047-4f1e-40ed-add5-9736923f231b&language=en","uri":"http://data.europa.eu/esco/occupation/57a12047-4f1e-40ed-add5-9736923f231b","title":"astronomer"},{"href":"https://ec.europa.eu/esco/api/resource/occupation?uri=http://data.europa.eu/esco/occupation/bc659adc-f42c-4ef6-89fe-fd030033f446&language=en","uri":"http://data.europa.eu/esco/occupation/bc659adc-f42c-4ef6-89fe-fd030033f446","title":"cosmologist"}]},"_embedded":{}},{"className":"Skill","classId":"http://data.europa.eu/esco/model#Skill","uri":"http://data.europa.eu/esco/skill/ea357ba5-3d11-441f-841c-7d85ff11dd9e","title":"psychological measures in working with other health care professionals","referenceLanguage":["en"],"preferredLabel":{"no":"psykologiske tiltak i samarbeid med annet helsepersonell","de":"psychologische Maßnahmen in der Zusammenarbeit mit anderen medizinischen Fachkräften","fi":"psykologiset keinot työskennellessä toisten terveydenhuollon ammattilaisten kanssa","en-us":"psychological measures in working with other health care professionals","pt":"medidas psicológicas no trabalho com outros profissionais da saúde","bg":"психологически мерки в съвместната работа с други здравни специалисти","lt":"psichologinės priemonės dirbant su kitais sveikatos priežiūros specialistais","lv":"psiholoģiskie pasākumi darbā ar citiem veselības aprūpes profesionāļiem","hr":"psihološke mjere u radu s drugim zdravstvenim djelatnicima","fr":"mesures psychologiques dans le travail avec d’autres professionnels de santé","hu":"a más egészségügyi szakemberekkel végzett munka során alkalmazott pszichológiai módszerek","sk":"psychologické opatrenia pri práci s ostatnými zdravotníckymi pracovníkmi","sl":"psihološki ukrepi pri delu z drugimi zdravstvenimi delavci","ga":"tomhais shíceolaíocha maidir le hobair a dhéanamh le gairmithe eile cúram sláinte","sv":"psykologiska åtgärder i samverkan med andra sjukvårdsinsatser","el":"ψυχολογικά μέτρα για τη συνεργασία με άλλους επαγγελματίες της υγειονομικής περίθαλψης","mt":"miżuri psikoloġiċi fil-ħidma ma’ professjonisti oħra tal-kura tas-saħħa","en":"psychological measures in working with other health care professionals","is":"sálfræðilegar ráðstafanir þegar unnið er með öðru sérmenntuðu heilbrigðisstarfsfólki","it":"misure psicologiche nella cooperazione con altri professionisti della salute","es":"medidas psicológicas adoptadas en colaboración con otros profesionales de la salud","et":"tervishoiutöötajatevahelise koostöö psühholoogilised meetmed","cs":"psychologická opatření při práci s dalšími odborníky v oblasti zdravotní péče","ar":"التدابير النفسية في العمل مع مهنيي الرعاية الصحية الآخرين","pl":"oddziaływania psychologiczne stosowane podczas pracy z innymi pracownikami służby zdrowia","da":"psykologiske foranstaltninger i samarbejde med andre sundhedsfaggrupper","ro":"măsuri psihologice în cadrul colaborării cu alți profesioniști din domeniul sănătății","nl":"psychologische maatregelen tijdens de samenwerking met andere medische professionals"},"alternativeLabel":{"en":["psychological measures in working with other health care professionals","psychological appraisal in working with other health care professionals","psychological measures in collaborating with other health care professional","psychological measures in interacting with other health care specialists","psychological measures in collaborating with other health care professionals","psychological assessment in working with other health care professionals","psychological measures in collaborating with other health care specialists"],"lv":["psiholoģiskie pasākumi darbā ar citiem veselības aprūpes speciālistiem"],"nl":["psychologische maatregelen tijdens de samenwerking met andere gezondheidswerkers"],"es":["medidas psicológicas aplicadas en el trabajo con otros profesionales de la salud","medidas psicológicas adoptadas con el apoyo de otros profesionales de la salud"]},"description":{"en-us":{"literal":"The various psychological measures considering medical aspects in terms of the collaboration with other health care professionals.","mimetype":"plain/text"},"en":{"literal":"The various psychological measures considering medical aspects in terms of the collaboration with other health care professionals.","mimetype":"plain/text"}},"status":"released","_links":{"self":{"href":"https://ec.europa.eu/esco/api/resource/skill?uri=http://data.europa.eu/esco/skill/ea357ba5-3d11-441f-841c-7d85ff11dd9e&language=en","uri":"http://data.europa.eu/esco/skill/ea357ba5-3d11-441f-841c-7d85ff11dd9e","title":"psychological measures in working with other health care professionals"},"isTopConceptInScheme":[{"href":"https://ec.europa.eu/esco/api/resource/taxonomy?uri=http://data.europa.eu/esco/concept-scheme/skills&language=en","uri":"http://data.europa.eu/esco/concept-scheme/skills","title":"ESCO skills"},{"href":"https://ec.europa.eu/esco/api/resource/taxonomy?uri=http://data.europa.eu/esco/concept-scheme/member-skills&language=en","uri":"http://data.europa.eu/esco/concept-scheme/member-skills","title":"ESCO member skills"}],"isInScheme":[{"href":"https://ec.europa.eu/esco/api/resource/taxonomy?uri=http://data.europa.eu/esco/concept-scheme/skills&language=en","uri":"http://data.europa.eu/esco/concept-scheme/skills","title":"ESCO skills"},{"href":"https://ec.europa.eu/esco/api/resource/taxonomy?uri=http://data.europa.eu/esco/concept-scheme/member-skills&language=en","uri":"http://data.europa.eu/esco/concept-scheme/member-skills","title":"ESCO member skills"}],"hasSkillType":[{"href":"https://ec.europa.eu/esco/api/resource/concept?uri=http://data.europa.eu/esco/skill-type/knowledge&language=en","uri":"http://data.europa.eu/esco/skill-type/knowledge","title":"knowledge"}],"hasReuseLevel":[{"href":"https://ec.europa.eu/esco/api/resource/concept?uri=http://data.europa.eu/esco/skill-reuse-level/occupation-specific&language=en","uri":"http://data.europa.eu/esco/skill-reuse-level/occupation-specific","title":"occupation specific skills and competences","code":"Level 4"}],"isEssentialForOccupation":[{"href":"https://ec.europa.eu/esco/api/resource/occupation?uri=http://data.europa.eu/esco/occupation/976c7f50-7f9e-4347-bbb9-f0dc842046a3&language=en","uri":"http://data.europa.eu/esco/occupation/976c7f50-7f9e-4347-bbb9-f0dc842046a3","title":"health psychologist"}]},"_embedded":{}},{"className":"Skill","classId":"http://data.europa.eu/esco/model#Skill","uri":"http://data.europa.eu/esco/skill/fb608942-5bf8-4d5f-b22b-7f888b07f849","title":"facilitate motor skill activities","referenceLanguage":["en"],"preferredLabel":{"no":"understøtte motoriske aktiviteter","de":"motorische Aktivitäten fördern","en-us":"facilitate motor skill activities","fi":"järjestää harjoituksia motoristen taitojen kehittämiseksi","pt":"organizar atividades que estimulem a motricidade das crianças","bg":"поощряване на дейности за развиване на двигателните умения","lt":"rengti motorinių įgūdžių lavinimo užsiėmimus","hr":"olakšavati aktivnosti razvoja motoričkih vještina","lv":"veicināt darbības, kas attīsta motorās prasmes","fr":"favoriser les activités motrices","hu":"elősegíti a motoros készségeket fejlesztő tevékenységeket","sk":"umožňovať činnosti na rozvoj motorických zručností","sl":"spodbujati dejavnosti za razvoj motoričnih sposobnosti","ga":"gníomhaíochtaí scileanna luaile a éascú","sv":"främja motoriska övningar","mt":"iffaċilitar tal-attivitajiet tal-ħiliet taċ-ċaqliq","el":"οργάνωση δραστηριοτήτων κινητικών δεξιοτήτων","en":"facilitate motor skill activities","is":"stendur fyrir athöfnum sem stuðla að hreyfiþroska","it":"promuovere le attività che stimolano le abilità motorie","es":"organizar actividades para el desarrollo de la motricidad","et":"motoorseid oskusi arendavaid tegevusi soodustama","cs":"podporovat motorické dovednosti","ar":"يسهل أنشطة المهارات الحركية","pl":"organizować działania rozwijające umiejętności motoryczne","ro":"organizează activități de stimulare a abilităților motorii","da":"fremme motoriske aktiviteter","nl":"activiteiten aanmoedigen om motorische vaardigheden te ontwikkelen"},"alternativeLabel":{"lt":["rengti judėjimo įgūdžių lavinimo užsiėmimus"],"en":["assist motor skill activities","support motor skill activities","facilitate motor skill activity","encourage motor skill activities","facilitating motor skill activities","facilitates motor skill activities"],"ro":["organizează activități de stimulare a motricității"]},"description":{"en-us":{"literal":"organize activities that stimulate children's motor skills, especially the more challenged children in a special education context.","mimetype":"plain/text"},"en":{"literal":"Organise activities that stimulate children's motor skills, especially the more challenged children in a special education context.","mimetype":"plain/text"}},"status":"released","_links":{"self":{"href":"https://ec.europa.eu/esco/api/resource/skill?uri=http://data.europa.eu/esco/skill/fb608942-5bf8-4d5f-b22b-7f888b07f849&language=en","uri":"http://data.europa.eu/esco/skill/fb608942-5bf8-4d5f-b22b-7f888b07f849","title":"facilitate motor skill activities"},"isTopConceptInScheme":[{"href":"https://ec.europa.eu/esco/api/resource/taxonomy?uri=http://data.europa.eu/esco/concept-scheme/member-skills&language=en","uri":"http://data.europa.eu/esco/concept-scheme/member-skills","title":"ESCO member skills"},{"href":"https://ec.europa.eu/esco/api/resource/taxonomy?uri=http://data.europa.eu/esco/concept-scheme/skills&language=en","uri":"http://data.europa.eu/esco/concept-scheme/skills","title":"ESCO skills"}],"isInScheme":[{"href":"https://ec.europa.eu/esco/api/resource/taxonomy?uri=http://data.europa.eu/esco/concept-scheme/member-skills&language=en","uri":"http://data.europa.eu/esco/concept-scheme/member-skills","title":"ESCO member skills"},{"href":"https://ec.europa.eu/esco/api/resource/taxonomy?uri=http://data.europa.eu/esco/concept-scheme/skills&language=en","uri":"http://data.europa.eu/esco/concept-scheme/skills","title":"ESCO skills"}],"hasSkillType":[{"href":"https://ec.europa.eu/esco/api/resource/concept?uri=http://data.europa.eu/esco/skill-type/skill&language=en","uri":"http://data.europa.eu/esco/skill-type/skill","title":"skill"}],"hasReuseLevel":[{"href":"https://ec.europa.eu/esco/api/resource/concept?uri=http://data.europa.eu/esco/skill-reuse-level/cross-sector&language=en","uri":"http://data.europa.eu/esco/skill-reuse-level/cross-sector","title":"cross-sector skills and competences","code":"Level 2"}],"isEssentialForOccupation":[{"href":"https://ec.europa.eu/esco/api/resource/occupation?uri=http://data.europa.eu/esco/occupation/1f137f0b-7097-4583-9d1b-b69e57369319&language=en","uri":"http://data.europa.eu/esco/occupation/1f137f0b-7097-4583-9d1b-b69e57369319","title":"special educational needs assistant"}],"isOptionalForOccupation":[{"href":"https://ec.europa.eu/esco/api/resource/occupation?uri=http://data.europa.eu/esco/occupation/f89b12a1-689f-4a4f-8695-abb620810f1e&language=en","uri":"http://data.europa.eu/esco/occupation/f89b12a1-689f-4a4f-8695-abb620810f1e","title":"special educational needs teacher primary school"},{"href":"https://ec.europa.eu/esco/api/resource/occupation?uri=http://data.europa.eu/esco/occupation/976cbfcc-8958-4800-a435-71d15405a42a&language=en","uri":"http://data.europa.eu/esco/occupation/976cbfcc-8958-4800-a435-71d15405a42a","title":"special educational needs teacher"},{"href":"https://ec.europa.eu/esco/api/resource/occupation?uri=http://data.europa.eu/esco/occupation/034cad59-e666-4770-a7ef-a337257f8072&language=en","uri":"http://data.europa.eu/esco/occupation/034cad59-e666-4770-a7ef-a337257f8072","title":"special educational needs teacher secondary school"},{"href":"https://ec.europa.eu/esco/api/resource/occupation?uri=http://data.europa.eu/esco/occupation/b6beb46d-9ed2-4a66-9117-7e3f21f234dd&language=en","uri":"http://data.europa.eu/esco/occupation/b6beb46d-9ed2-4a66-9117-7e3f21f234dd","title":"early years special educational needs teacher"}]},"_embedded":{}},{"className":"Skill","classId":"http://data.europa.eu/esco/model#Skill","uri":"http://data.europa.eu/esco/skill/0fec1631-99b3-4067-9b6e-dcecfd061428","title":"discuss weight loss plan","referenceLanguage":["en"],"preferredLabel":{"de":"Gewichtsabnahmeplan erörtern","no":"diskutere vekttapplan","fi":"keskustella laihdutussuunnitelmasta","en-us":"discuss weight loss plan","pt":"debater um plano de emagrecimento","bg":"обсъждане на план за отслабване","lt":"aptarti svorio mažinimo planą","hr":"razgovarati o planu mršavljenja","lv":"pārrunāt svara zaudēšanas plānu","fr":"discuter d’un programme de perte de poids","hu":"fogyókúrákat vitat meg","sk":"prediskutovať plán chudnutia","sl":"obravnavati načrt hujšanja","ga":"plean cailleadh meáchain a phlé","sv":"diskutera viktminskningsplan","el":"συζήτηση σχεδίου απώλειας βάρους","mt":"diskussjoni dwar il-pjanijiet tat-tnaqqis fil-piż","en":"discuss weight loss plan","is":"ræðir þyngdartapsáætlun","it":"discutere il piano di dimagrimento","es":"acordar un plan de adelgazamiento","et":"kaalulangetuskava arutama","cs":"probrat plán hubnutí","ar":"يناقش خطة فقدان الوزن","pl":"omawiać plan odchudzania","da":"diskutere vægttabsplan","ro":"discută planul de pierdere în greutate","nl":"plannen voor gewichtsverlies bespreken"},"alternativeLabel":{"sv":["diskutera bantningsplan"],"sl":["obravnavati shujševalni črt"],"en":["discussing weight loss plan","talk over weight loss plan","discuss weight loss plans","discuss plan for weight loss","confer about weight loss plan","exchange views on weight loss plan"],"da":["diskutere slankekur"],"es":["acordar un plan para adelgazar"]},"description":{"en-us":{"literal":"Talk with your client in order to discover their nutritional and exercise habits. Discuss weight loss goals and determine a plan to reach these goals.","mimetype":"plain/text"},"en":{"literal":"Talk with your client in order to discover their nutritional and exercise habits. Discuss weight loss goals and determine a plan to reach these goals.","mimetype":"plain/text"}},"status":"released","_links":{"self":{"href":"https://ec.europa.eu/esco/api/resource/skill?uri=http://data.europa.eu/esco/skill/0fec1631-99b3-4067-9b6e-dcecfd061428&language=en","uri":"http://data.europa.eu/esco/skill/0fec1631-99b3-4067-9b6e-dcecfd061428","title":"discuss weight loss plan"},"isTopConceptInScheme":[{"href":"https://ec.europa.eu/esco/api/resource/taxonomy?uri=http://data.europa.eu/esco/concept-scheme/skills&language=en","uri":"http://data.europa.eu/esco/concept-scheme/skills","title":"ESCO skills"},{"href":"https://ec.europa.eu/esco/api/resource/taxonomy?uri=http://data.europa.eu/esco/concept-scheme/member-skills&language=en","uri":"http://data.europa.eu/esco/concept-scheme/member-skills","title":"ESCO member skills"}],"isInScheme":[{"href":"https://ec.europa.eu/esco/api/resource/taxonomy?uri=http://data.europa.eu/esco/concept-scheme/skills&language=en","uri":"http://data.europa.eu/esco/concept-scheme/skills","title":"ESCO skills"},{"href":"https://ec.europa.eu/esco/api/resource/taxonomy?uri=http://data.europa.eu/esco/concept-scheme/member-skills&language=en","uri":"http://data.europa.eu/esco/concept-scheme/member-skills","title":"ESCO member skills"}],"hasSkillType":[{"href":"https://ec.europa.eu/esco/api/resource/concept?uri=http://data.europa.eu/esco/skill-type/skill&language=en","uri":"http://data.europa.eu/esco/skill-type/skill","title":"skill"}],"hasReuseLevel":[{"href":"https://ec.europa.eu/esco/api/resource/concept?uri=http://data.europa.eu/esco/skill-reuse-level/occupation-specific&language=en","uri":"http://data.europa.eu/esco/skill-reuse-level/occupation-specific","title":"occupation specific skills and competences","code":"Level 4"}],"isEssentialForOccupation":[{"href":"https://ec.europa.eu/esco/api/resource/occupation?uri=http://data.europa.eu/esco/occupation/763f82c2-81e3-48d2-9cdf-f532b5016a1f&language=en","uri":"http://data.europa.eu/esco/occupation/763f82c2-81e3-48d2-9cdf-f532b5016a1f","title":"weight loss consultant"}]},"_embedded":{}},{"className":"Skill","classId":"http://data.europa.eu/esco/model#Skill","uri":"http://data.europa.eu/esco/skill/715aabf1-6663-488d-9984-4336ba8c3661","title":"sell weight loss products","referenceLanguage":["en"],"preferredLabel":{"de":"Produkte zur Gewichtsabnahme verkaufen","no":"selge slankeprodukter","fi":"myydä painonhallintatuotteita","en-us":"sell weight loss products","pt":"vender produtos de emagrecimento","bg":"продаване на продукти за отслабване","lt":"parduoti svorio mažinimo produktus","hr":"prodavati proizvode za mršavljenje","lv":"pārdot svara zaudēšanas līdzekļus","fr":"vendre des produits minceur","hu":"fogyókúrás termékeket értékesít","sk":"predávať produkty na chudnutie","sl":"prodajati izdelke za hujšanje","ga":"táirgí cailleadh meáchain a dhíol","sv":"sälja bantningsprodukter","mt":"bejgħ tal-prodotti tat-telf fil-piż","el":"πώληση προϊόντων απώλειας βάρους","en":"sell weight loss products","is":"selur þyngdartapsvörur","it":"vendere i prodotti per dimagrire","es":"vender productos para adelgazar","et":"kaalulangetustooteid müüma","cs":"prodávat produkty na hubnutí","ar":"يبيع منتجات إنقاص الوزن","pl":"sprzedawać produkty wspomagające odchudzanie","ro":"vinde produse pentru pierderea în greutate","da":"sælge vægttabsprodukter","nl":"producten voor gewichtsverlies verkopen"},"alternativeLabel":{"sv":["sälja viktminskningsprodukter"],"fi":["myydä laihdutustuotteita"],"en":["sell weight loss product","selling weight loss products","sell products for weight loss","put weight loss products up for sale","peddle weight loss products"],"hu":["diétás termékeket értékesít"],"nl":["producten om af te slanken verkopen","afslankproducten verkopen"]},"description":{"en-us":{"literal":"Sell food supplements, weight loss pills and other weight loss products.","mimetype":"plain/text"},"en":{"literal":"Sell food supplements, weight loss pills and other weight loss products.","mimetype":"plain/text"}},"status":"released","_links":{"self":{"href":"https://ec.europa.eu/esco/api/resource/skill?uri=http://data.europa.eu/esco/skill/715aabf1-6663-488d-9984-4336ba8c3661&language=en","uri":"http://data.europa.eu/esco/skill/715aabf1-6663-488d-9984-4336ba8c3661","title":"sell weight loss products"},"isTopConceptInScheme":[{"href":"https://ec.europa.eu/esco/api/resource/taxonomy?uri=http://data.europa.eu/esco/concept-scheme/member-skills&language=en","uri":"http://data.europa.eu/esco/concept-scheme/member-skills","title":"ESCO member skills"},{"href":"https://ec.europa.eu/esco/api/resource/taxonomy?uri=http://data.europa.eu/esco/concept-scheme/skills&language=en","uri":"http://data.europa.eu/esco/concept-scheme/skills","title":"ESCO skills"}],"isInScheme":[{"href":"https://ec.europa.eu/esco/api/resource/taxonomy?uri=http://data.europa.eu/esco/concept-scheme/member-skills&language=en","uri":"http://data.europa.eu/esco/concept-scheme/member-skills","title":"ESCO member skills"},{"href":"https://ec.europa.eu/esco/api/resource/taxonomy?uri=http://data.europa.eu/esco/concept-scheme/skills&language=en","uri":"http://data.europa.eu/esco/concept-scheme/skills","title":"ESCO skills"}],"hasSkillType":[{"href":"https://ec.europa.eu/esco/api/resource/concept?uri=http://data.europa.eu/esco/skill-type/skill&language=en","uri":"http://data.europa.eu/esco/skill-type/skill","title":"skill"}],"hasReuseLevel":[{"href":"https://ec.europa.eu/esco/api/resource/concept?uri=http://data.europa.eu/esco/skill-reuse-level/occupation-specific&language=en","uri":"http://data.europa.eu/esco/skill-reuse-level/occupation-specific","title":"occupation specific skills and competences","code":"Level 4"}],"isOptionalForOccupation":[{"href":"https://ec.europa.eu/esco/api/resource/occupation?uri=http://data.europa.eu/esco/occupation/763f82c2-81e3-48d2-9cdf-f532b5016a1f&language=en","uri":"http://data.europa.eu/esco/occupation/763f82c2-81e3-48d2-9cdf-f532b5016a1f","title":"weight loss consultant"}]},"_embedded":{}},{"className":"Skill","classId":"http://data.europa.eu/esco/model#Skill","uri":"http://data.europa.eu/esco/skill/3ae709bc-5c3b-4a99-9c7f-149627f9603b","title":"position outriggers","referenceLanguage":["en"],"preferredLabel":{"de":"Ausleger anbringen","no":"posisjonere støtteben","en-us":"position outriggers","fi":"asettaa tukijalat","pt":"posicionar escoras","bg":"позициониране на конзолните греди на скеле","lt":"pritvirtinti pastolių spyrius","lv":"novietot sānu balstus","hr":"namještati produljenja","fr":"positionner des stabilisateurs","hu":"merevítőket helyez el","sk":"umiestniť priečne nosníky lešenia","sl":"nameščati diagonalne opore","ga":"rigíní seachtracha a shuí","sv":"placera utliggare","el":"στερέωση βοηθητικών στυλιδίων ικριώματος","mt":"pożizzjonar tal-irbit djagonali tal-falk tal-kostruzzjoni","en":"position outriggers","is":"staðsetur utanborðsgrind","it":"posizionare l'intelaiatura di sostegno","es":"posicionar estabilizadores de andamio","et":"ripptöölava kandetalasid paigutama","cs":"instalovat výložníky","ar":"يضع الركائز","pl":"rozmieszczać wysuwnice","da":"anbringe udliggere","ro":"montează lonjeroane","nl":"uithouders positioneren"},"alternativeLabel":{"en":["set outriggers","setting of scaffolding outriggers","positioning scaffolding outriggers","setting scaffolding outriggers","outrigger setting","setting of outriggers","positioning outriggers","scaffolding outrigger positioning","positioning of outriggers","outrigger positioning","scaffolding outrigger setting","positioning of scaffolding outriggers"],"nl":["uithouders plaatsen"],"es":["colocar estabilizadores de andamio","fijar estructuras de estabilización en andamios","instalar estabilizadores de andamio"]},"description":{"en-us":{"literal":"Set scaffolding outriggers, diagonal braces which support the scaffolding. Set sole plates, digging into the soil if the plates must be set diagonally. Connect the braces to the main scaffolding structure.","mimetype":"plain/text"},"en":{"literal":"Set scaffolding outriggers, diagonal braces which support the scaffolding. Set sole plates, digging into the soil if the plates must be set diagonally. Connect the braces to the main scaffolding structure.","mimetype":"plain/text"}},"status":"released","_links":{"self":{"href":"https://ec.europa.eu/esco/api/resource/skill?uri=http://data.europa.eu/esco/skill/3ae709bc-5c3b-4a99-9c7f-149627f9603b&language=en","uri":"http://data.europa.eu/esco/skill/3ae709bc-5c3b-4a99-9c7f-149627f9603b","title":"position outriggers"},"isTopConceptInScheme":[{"href":"https://ec.europa.eu/esco/api/resource/taxonomy?uri=http://data.europa.eu/esco/concept-scheme/skills&language=en","uri":"http://data.europa.eu/esco/concept-scheme/skills","title":"ESCO skills"},{"href":"https://ec.europa.eu/esco/api/resource/taxonomy?uri=http://data.europa.eu/esco/concept-scheme/member-skills&language=en","uri":"http://data.europa.eu/esco/concept-scheme/member-skills","title":"ESCO member skills"}],"isInScheme":[{"href":"https://ec.europa.eu/esco/api/resource/taxonomy?uri=http://data.europa.eu/esco/concept-scheme/skills&language=en","uri":"http://data.europa.eu/esco/concept-scheme/skills","title":"ESCO skills"},{"href":"https://ec.europa.eu/esco/api/resource/taxonomy?uri=http://data.europa.eu/esco/concept-scheme/member-skills&language=en","uri":"http://data.europa.eu/esco/concept-scheme/member-skills","title":"ESCO member skills"}],"hasSkillType":[{"href":"https://ec.europa.eu/esco/api/resource/concept?uri=http://data.europa.eu/esco/skill-type/skill&language=en","uri":"http://data.europa.eu/esco/skill-type/skill","title":"skill"}],"hasReuseLevel":[{"href":"https://ec.europa.eu/esco/api/resource/concept?uri=http://data.europa.eu/esco/skill-reuse-level/cross-sector&language=en","uri":"http://data.europa.eu/esco/skill-reuse-level/cross-sector","title":"cross-sector skills and competences","code":"Level 2"}],"isOptionalForOccupation":[{"href":"https://ec.europa.eu/esco/api/resource/occupation?uri=http://data.europa.eu/esco/occupation/6cfba9ca-f9a0-4a50-a8d3-064d88c928b1&language=en","uri":"http://data.europa.eu/esco/occupation/6cfba9ca-f9a0-4a50-a8d3-064d88c928b1","title":"event scaffolder"},{"href":"https://ec.europa.eu/esco/api/resource/occupation?uri=http://data.europa.eu/esco/occupation/18fa8080-3156-429a-bbd7-b3ef559b6721&language=en","uri":"http://data.europa.eu/esco/occupation/18fa8080-3156-429a-bbd7-b3ef559b6721","title":"construction scaffolder"}]},"_embedded":{}},{"className":"Skill","classId":"http://data.europa.eu/esco/model#Skill","uri":"http://data.europa.eu/esco/skill/c75e9da7-ee3c-4e2d-abf5-972e650da9cd","title":"administer chemicals for beverage clarification","referenceLanguage":["en"],"preferredLabel":{"de":"Getränken Chemikalien zur Klärung beigeben","no":"administrere kjemikalier for drikkevareklaring","en-us":"administer chemicals for beverage clarification","fi":"annostella kemikaaleja juomien kirkastamiseksi","pt":"adicionar produtos químicos para clarificação das bebidas","bg":"добавяне на химикали за избистряне на напитки","lt":"būti atsakingam už cheminių medžiagų, skirtų gėrimams skaidrinti, naudojimą","lv":"pievienot dzērienu dzidrināšanas ķīmiskās vielas","hr":"primijeniti kemikalije za pročišćivanje pića","fr":"ajouter des produits chimiques pour clarifier des boissons","hu":"vegyi anyagokat adagol italok derítése céljából","sk":"primiešať chemické látky na čistenie nápojov","sl":"dodajati kemikalije za bistrenje pijač","ga":"ceimiceáin a chur le deochanna lena ngléghlanadh","sv":"tilllsätta kemikalier för klarning av drycker","el":"προσθήκη χημικών ουσιών για τη διαύγαση του ποτού","mt":"żieda ta’ kimiki għall-iċċarar tax-xorb","en":"administer chemicals for beverage clarification","is":"bætir efnum til hreinsunar á drykkjum","it":"aggiungere sostanze chimiche per la chiarificazione delle bevande","es":"agregar sustancias químicas para aclarar bebidas","et":"jookide selitamiseks kemikaale lisama","cs":"přidat do nápojů chemické látky k projasnění","ar":"يضيف المواد الكيميائية لتنقية المشروبات","pl":"dodawać substancje chemiczne w celu wyklarowania napojów","ro":"adaugă substanțe chimice pentru limpezirea băuturilor","da":"tilsætte kemikalier til klaring af drikkevarer","nl":"chemicaliën voor zuivering van dranken toevoegen"},"alternativeLabel":{"en":["administering chemicals for beverage clarification","utilise chemicals for beverage clarification","administer of chemicals for beverage clarification","organise chemicals for beverage clarification","administer a chemical for beverage clarification","apply chemicals for beverage clarification","control chemicals for beverage clarification"],"hr":["dodati kemikalije za pročišćivanje pića"],"es":["incorporar sustancias químicas para aclarar bebidas","añadir sustancias químicas para aclarar bebidas"]},"description":{"en-us":{"literal":"Add chemical coagulants to a beverage and alcoholic drinks to destabilize colloids and other particles causing them to aggregate.","mimetype":"plain/text"},"en":{"literal":"Add chemical coagulants to a beverage and alcoholic drinks to destabilise colloids and other particles causing them to aggregate.","mimetype":"plain/text"}},"status":"released","_links":{"self":{"href":"https://ec.europa.eu/esco/api/resource/skill?uri=http://data.europa.eu/esco/skill/c75e9da7-ee3c-4e2d-abf5-972e650da9cd&language=en","uri":"http://data.europa.eu/esco/skill/c75e9da7-ee3c-4e2d-abf5-972e650da9cd","title":"administer chemicals for beverage clarification"},"isTopConceptInScheme":[{"href":"https://ec.europa.eu/esco/api/resource/taxonomy?uri=http://data.europa.eu/esco/concept-scheme/member-skills&language=en","uri":"http://data.europa.eu/esco/concept-scheme/member-skills","title":"ESCO member skills"},{"href":"https://ec.europa.eu/esco/api/resource/taxonomy?uri=http://data.europa.eu/esco/concept-scheme/skills&language=en","uri":"http://data.europa.eu/esco/concept-scheme/skills","title":"ESCO skills"}],"isInScheme":[{"href":"https://ec.europa.eu/esco/api/resource/taxonomy?uri=http://data.europa.eu/esco/concept-scheme/member-skills&language=en","uri":"http://data.europa.eu/esco/concept-scheme/member-skills","title":"ESCO member skills"},{"href":"https://ec.europa.eu/esco/api/resource/taxonomy?uri=http://data.europa.eu/esco/concept-scheme/skills&language=en","uri":"http://data.europa.eu/esco/concept-scheme/skills","title":"ESCO skills"}],"hasSkillType":[{"href":"https://ec.europa.eu/esco/api/resource/concept?uri=http://data.europa.eu/esco/skill-type/skill&language=en","uri":"http://data.europa.eu/esco/skill-type/skill","title":"skill"}],"hasReuseLevel":[{"href":"https://ec.europa.eu/esco/api/resource/concept?uri=http://data.europa.eu/esco/skill-reuse-level/occupation-specific&language=en","uri":"http://data.europa.eu/esco/skill-reuse-level/occupation-specific","title":"occupation specific skills and competences","code":"Level 4"}],"isEssentialForOccupation":[{"href":"https://ec.europa.eu/esco/api/resource/occupation?uri=http://data.europa.eu/esco/occupation/7dbb116c-a4e7-41e8-9f28-c8a738d93e28&language=en","uri":"http://data.europa.eu/esco/occupation/7dbb116c-a4e7-41e8-9f28-c8a738d93e28","title":"beverage filtration technician"}]},"_embedded":{}},{"className":"Skill","classId":"http://data.europa.eu/esco/model#Skill","uri":"http://data.europa.eu/esco/skill/3d826f35-e7be-40d3-9d51-23485b0127b2","title":"position tobacco products in machines","referenceLanguage":["en"],"preferredLabel":{"de":"Tabakprodukte in Maschinen positionieren","no":"posisjonere tobakksprodukter i maskiner","fi":"asetella tupakkatuotteet koneisiin","en-us":"position tobacco products in machines","pt":"colocar os produtos do tabaco em máquinas","bg":"поставяне на тютюневите изделия в машини","lt":"dėti tabako produktus į mašinas","hr":"stavljati duhanske proizvode u strojeve","lv":"ievietot tabakas izstrādājumus iekārtās","fr":"placer des produits du tabac dans des machines","hu":"dohánytermékeket gépekbe helyez","sk":"umiestniť tabakové výrobky do stroja","sl":"polagati tobačne izdelke v stroj","ga":"táirgí tobac a chur sna meaisíní ina n-ionad ceart","sv":"placera tobaksprodukter i maskiner","el":"τοποθέτηση των προϊόντων καπνού στις μηχανές","mt":"pożizzjonar tal-prodotti tat-tabakk fil-magni","en":"position tobacco products in machines","is":"setur tóbaksvörur í vélar","it":"posizionare i prodotti del tabacco nelle macchine","es":"colocar productos del tabaco en máquinas","et":"tubakatooteid seadmetesse asetama","cs":"umisťovat tabákové výrobky do strojů","ar":"يضع منتجات التبغ في الآلات","pl":"umieszczać wyroby tytoniowe w maszynach","da":"anbringe tobaksprodukter i maskiner","ro":"poziționează produse din tutun în instalații","nl":"tabaksproducten in machines plaatsen"},"alternativeLabel":{"en":["position of tobacco products in machines","locate tobacco products in machines","position tobacco products in machinery","fix tobacco products in machinery","place tobacco products in a machine","position tobacco products in a machine","place tobacco products in machines"],"es":["situar productos del tabaco en máquinas","poner productos del tabaco en máquinas"]},"description":{"en-us":{"literal":"Position the tobacco products on the conveyor leading into the machine. Start the machine to place the brand or stamp on them. Take care that the quality of the product and the leaves are not damaged in the process.","mimetype":"plain/text"},"en":{"literal":"Position the tobacco products on the conveyor leading into the machine. Start the machine to place the brand or stamp on them. Take care that the quality of the product and the leaves are not damaged in the process.","mimetype":"plain/text"}},"status":"released","_links":{"self":{"href":"https://ec.europa.eu/esco/api/resource/skill?uri=http://data.europa.eu/esco/skill/3d826f35-e7be-40d3-9d51-23485b0127b2&language=en","uri":"http://data.europa.eu/esco/skill/3d826f35-e7be-40d3-9d51-23485b0127b2","title":"position tobacco products in machines"},"isTopConceptInScheme":[{"href":"https://ec.europa.eu/esco/api/resource/taxonomy?uri=http://data.europa.eu/esco/concept-scheme/member-skills&language=en","uri":"http://data.europa.eu/esco/concept-scheme/member-skills","title":"ESCO member skills"},{"href":"https://ec.europa.eu/esco/api/resource/taxonomy?uri=http://data.europa.eu/esco/concept-scheme/skills&language=en","uri":"http://data.europa.eu/esco/concept-scheme/skills","title":"ESCO skills"}],"isInScheme":[{"href":"https://ec.europa.eu/esco/api/resource/taxonomy?uri=http://data.europa.eu/esco/concept-scheme/member-skills&language=en","uri":"http://data.europa.eu/esco/concept-scheme/member-skills","title":"ESCO member skills"},{"href":"https://ec.europa.eu/esco/api/resource/taxonomy?uri=http://data.europa.eu/esco/concept-scheme/skills&language=en","uri":"http://data.europa.eu/esco/concept-scheme/skills","title":"ESCO skills"}],"hasSkillType":[{"href":"https://ec.europa.eu/esco/api/resource/concept?uri=http://data.europa.eu/esco/skill-type/skill&language=en","uri":"http://data.europa.eu/esco/skill-type/skill","title":"skill"}],"hasReuseLevel":[{"href":"https://ec.europa.eu/esco/api/resource/concept?uri=http://data.europa.eu/esco/skill-reuse-level/occupation-specific&language=en","uri":"http://data.europa.eu/esco/skill-reuse-level/occupation-specific","title":"occupation specific skills and competences","code":"Level 4"}],"isEssentialForOccupation":[{"href":"https://ec.europa.eu/esco/api/resource/occupation?uri=http://data.europa.eu/esco/occupation/17abb59e-a1f9-4ce8-88b7-569e5413dca9&language=en","uri":"http://data.europa.eu/esco/occupation/17abb59e-a1f9-4ce8-88b7-569e5413dca9","title":"cigar brander"}]},"_embedded":{}},{"className":"Skill","classId":"http://data.europa.eu/esco/model#Skill","uri":"http://data.europa.eu/esco/skill/a9ccf7f8-6aeb-4eae-a0c8-4d30bc523aac","title":"conditions for professional practice of health psychology","referenceLanguage":["en"],"preferredLabel":{"no":"vilkår for profesjonell utøvelse av helsepsykologi","de":"Bedingungen für die berufliche Praxis der Gesundheitspsychologie","fi":"terveyspsykologian ammatillisen harjoittamisen edellytykset","en-us":"conditions for professional practice of health psychology","pt":"condições para a prática profissional da psicologia da saúde","bg":"условия за професионално практикуване на здравна психология","lt":"profesionalios sveikatos psichologijos praktikos sąlygos","lv":"veselības psiholoģijas profesionālās prakses nosacījumi","hr":"uvjeti za stručnu praksu zdravstvene psihologije","fr":"conditions pour la pratique professionnelle de la psychologie de la santé","hu":"az egészségpszichológia professzionális gyakorlásának feltételei","sk":"podmienky vykonávania odbornej praxe v zdravotnej psychológii","sl":"pogoji za poklicno prakso zdravstvene psihologije","ga":"coinníollacha maidir le síceolaíocht sláinte a chleachtadh go gairmiúil","sv":"förutsättningar för utförande av hälsopsykologi","el":"συνθήκες άσκησης του επαγγέλματος του ψυχολόγου υγείας","mt":"kundizzjonijiet għall-prattika professjonali tal-psikoloġija tas-saħħa","en":"conditions for professional practice of health psychology","is":"skilyrði fyrir starfsleyfi í heilsusálfræði","it":"condizioni per l'esercizio professionale della psicologia della salute","es":"condiciones de la práctica profesional de la psicología de la salud","et":"tervisepsühholoogiaalase kutsetegevuse tingimused","cs":"podmínky pro odbornou praxi v oblasti psychologie zdraví","ar":"شروط الممارسة المهنية لعلم النفس الصحي","pl":"warunki prowadzenia praktyki zawodowej w dziedzinie psychologii zdrowia","ro":"condiții pentru practica profesională a psihologiei clinice","da":"betingelser for erhvervsmæssig udøvelse af sundhedspsykologi","nl":"voorwaarden voor professionele uitoefening van gezondheidspsychologie"},"alternativeLabel":{"en":["conditions for professional practice of health psychology","professional practice conditions in health-psychology","legal conditions for practicing health psychology","institutional conditions for practicing health psychology"],"sl":["pogoji za opravljanje poklica v zdravstveni psihologiji"],"nl":["voorwaarden voor professionele beoefening van gezondheidspsychologie"],"es":["condiciones del ejercicio profesional de la psicología de la salud","exigencias de la práctica profesional de la psicología de la salud","requisitos de la práctica profesional de la psicología de la salud"]},"description":{"en-us":{"literal":"The institutional, legal and psychosocial conditions for professional practice of health psychology with the aim to apply them in the exercise of the psychological profession in health care.","mimetype":"plain/text"},"en":{"literal":"The institutional, legal and psychosocial conditions for professional practice of health psychology with the aim to apply them in the exercise of the psychological profession in health care.","mimetype":"plain/text"}},"status":"released","_links":{"self":{"href":"https://ec.europa.eu/esco/api/resource/skill?uri=http://data.europa.eu/esco/skill/a9ccf7f8-6aeb-4eae-a0c8-4d30bc523aac&language=en","uri":"http://data.europa.eu/esco/skill/a9ccf7f8-6aeb-4eae-a0c8-4d30bc523aac","title":"conditions for professional practice of health psychology"},"isTopConceptInScheme":[{"href":"https://ec.europa.eu/esco/api/resource/taxonomy?uri=http://data.europa.eu/esco/concept-scheme/member-skills&language=en","uri":"http://data.europa.eu/esco/concept-scheme/member-skills","title":"ESCO member skills"},{"href":"https://ec.europa.eu/esco/api/resource/taxonomy?uri=http://data.europa.eu/esco/concept-scheme/skills&language=en","uri":"http://data.europa.eu/esco/concept-scheme/skills","title":"ESCO skills"}],"isInScheme":[{"href":"https://ec.europa.eu/esco/api/resource/taxonomy?uri=http://data.europa.eu/esco/concept-scheme/member-skills&language=en","uri":"http://data.europa.eu/esco/concept-scheme/member-skills","title":"ESCO member skills"},{"href":"https://ec.europa.eu/esco/api/resource/taxonomy?uri=http://data.europa.eu/esco/concept-scheme/skills&language=en","uri":"http://data.europa.eu/esco/concept-scheme/skills","title":"ESCO skills"}],"hasSkillType":[{"href":"https://ec.europa.eu/esco/api/resource/concept?uri=http://data.europa.eu/esco/skill-type/knowledge&language=en","uri":"http://data.europa.eu/esco/skill-type/knowledge","title":"knowledge"}],"hasReuseLevel":[{"href":"https://ec.europa.eu/esco/api/resource/concept?uri=http://data.europa.eu/esco/skill-reuse-level/occupation-specific&language=en","uri":"http://data.europa.eu/esco/skill-reuse-level/occupation-specific","title":"occupation specific skills and competences","code":"Level 4"}],"isEssentialForOccupation":[{"href":"https://ec.europa.eu/esco/api/resource/occupation?uri=http://data.europa.eu/esco/occupation/976c7f50-7f9e-4347-bbb9-f0dc842046a3&language=en","uri":"http://data.europa.eu/esco/occupation/976c7f50-7f9e-4347-bbb9-f0dc842046a3","title":"health psychologist"}]},"_embedded":{}},{"className":"Skill","classId":"http://data.europa.eu/esco/model#Skill","uri":"http://data.europa.eu/esco/skill/e97f4e66-bb24-4727-b053-cadd23cfe29d","title":"observe matter","referenceLanguage":["en"],"preferredLabel":{"no":"observere materie","de":"Materie beobachten","fi":"tarkkailla ilmiötä","en-us":"observe matter","pt":"observar a matéria","bg":"изучаване на материята","lt":"stebėti medžiagas","lv":"novērot vielu","hr":"proučavati materiju","fr":"observer la matière","hu":"megfigyeli az anyagot","sk":"pozorovať hmotu","sl":"opazovati materijo","ga":"ábhar a bhreathnú","sv":"observera materia","mt":"osservazzjoni tal-materja","el":"παρατήρηση της ύλης","en":"observe matter","is":"rannsakar efni","it":"osservare la materia","es":"observar la materia","et":"mateeriat jälgima","cs":"pozorovat hmotu","ar":"يراقب المسألة","pl":"obserwować materię","ro":"observă materia","da":"observere stoffer","nl":"materie observeren"},"alternativeLabel":{"en":["evaluate matter","observing matter","study matter","examine matter","assess matter"],"es":["estudiar la materia","evaluar la materia"]},"description":{"en-us":{"literal":"Study the structure and characteristics of matter in order to identify the basic principles ruling these phenomena.","mimetype":"plain/text"},"en":{"literal":"Study the structure and characteristics of matter in order to identify the basic principles ruling these phenomena.","mimetype":"plain/text"}},"status":"released","_links":{"self":{"href":"https://ec.europa.eu/esco/api/resource/skill?uri=http://data.europa.eu/esco/skill/e97f4e66-bb24-4727-b053-cadd23cfe29d&language=en","uri":"http://data.europa.eu/esco/skill/e97f4e66-bb24-4727-b053-cadd23cfe29d","title":"observe matter"},"isTopConceptInScheme":[{"href":"https://ec.europa.eu/esco/api/resource/taxonomy?uri=http://data.europa.eu/esco/concept-scheme/member-skills&language=en","uri":"http://data.europa.eu/esco/concept-scheme/member-skills","title":"ESCO member skills"},{"href":"https://ec.europa.eu/esco/api/resource/taxonomy?uri=http://data.europa.eu/esco/concept-scheme/skills&language=en","uri":"http://data.europa.eu/esco/concept-scheme/skills","title":"ESCO skills"}],"isInScheme":[{"href":"https://ec.europa.eu/esco/api/resource/taxonomy?uri=http://data.europa.eu/esco/concept-scheme/member-skills&language=en","uri":"http://data.europa.eu/esco/concept-scheme/member-skills","title":"ESCO member skills"},{"href":"https://ec.europa.eu/esco/api/resource/taxonomy?uri=http://data.europa.eu/esco/concept-scheme/skills&language=en","uri":"http://data.europa.eu/esco/concept-scheme/skills","title":"ESCO skills"}],"hasSkillType":[{"href":"https://ec.europa.eu/esco/api/resource/concept?uri=http://data.europa.eu/esco/skill-type/skill&language=en","uri":"http://data.europa.eu/esco/skill-type/skill","title":"skill"}],"hasReuseLevel":[{"href":"https://ec.europa.eu/esco/api/resource/concept?uri=http://data.europa.eu/esco/skill-reuse-level/cross-sector&language=en","uri":"http://data.europa.eu/esco/skill-reuse-level/cross-sector","title":"cross-sector skills and competences","code":"Level 2"}],"isOptionalForOccupation":[{"href":"https://ec.europa.eu/esco/api/resource/occupation?uri=http://data.europa.eu/esco/occupation/59a02420-91df-4e46-b37b-22e3fd8c11f0&language=en","uri":"http://data.europa.eu/esco/occupation/59a02420-91df-4e46-b37b-22e3fd8c11f0","title":"physics lecturer"},{"href":"https://ec.europa.eu/esco/api/resource/occupation?uri=http://data.europa.eu/esco/occupation/a9bcc9e0-5be7-47a0-818b-acad10fe90d9&language=en","uri":"http://data.europa.eu/esco/occupation/a9bcc9e0-5be7-47a0-818b-acad10fe90d9","title":"physics technician"},{"href":"https://ec.europa.eu/esco/api/resource/occupation?uri=http://data.europa.eu/esco/occupation/bc659adc-f42c-4ef6-89fe-fd030033f446&language=en","uri":"http://data.europa.eu/esco/occupation/bc659adc-f42c-4ef6-89fe-fd030033f446","title":"cosmologist"},{"href":"https://ec.europa.eu/esco/api/resource/occupation?uri=http://data.europa.eu/esco/occupation/7f2761eb-4edc-48ad-9fbf-eed0a0db9a21&language=en","uri":"http://data.europa.eu/esco/occupation/7f2761eb-4edc-48ad-9fbf-eed0a0db9a21","title":"physicist"}]},"_embedded":{}}]}}