{"total":8196,"offset":334,"limit":20,"language":"en","uri":"http://data.europa.eu/esco/concept-scheme/skills","relation":"hasTopConcept","_links":{"self":{"href":"https://ec.europa.eu/esco/api/resource/related?uri=http://data.europa.eu/esco/concept-scheme/skills&relation=hasTopConcept&limit=20&offset=334&language=en&full=true"},"prev":{"href":"https://ec.europa.eu/esco/api/resource/related?uri=http://data.europa.eu/esco/concept-scheme/skills&relation=hasTopConcept&limit=20&offset=333&language=en&full=true"},"next":{"href":"https://ec.europa.eu/esco/api/resource/related?uri=http://data.europa.eu/esco/concept-scheme/skills&relation=hasTopConcept&limit=20&offset=335&language=en&full=true"}},"_embedded":{"hasTopConcept":[{"className":"Skill","classId":"http://data.europa.eu/esco/model#Skill","uri":"http://data.europa.eu/esco/skill/da83fd9d-b30d-444f-baa5-1539d29b54bf","title":"sell ammunition","referenceLanguage":["en"],"preferredLabel":{"no":"selge ammunisjon","de":"Munition verkaufen","en-us":"sell ammunition","fi":"myydä ammuksia","pt":"vender munições","bg":"продаване на боеприпаси","lt":"parduoti šaudmenis","hr":"prodavati streljivo","lv":"pārdot munīciju","fr":"vendre des munitions","hu":"lőszert értékesít","sk":"predávať muníciu","sl":"prodajati strelivo","ga":"armlón a dhíol","sv":"sälja ammunition","el":"πώληση πυρομαχικών","mt":"bejgħ tal-munizzjon","en":"sell ammunition","is":"selur skotfæri","it":"vendere le munizioni","es":"vender munición","et":"laskemoona müüma","cs":"prodávat střelivo","ar":"يبيع الذخيرة","pl":"sprzedawać amunicję","ro":"vinde muniție","da":"sælge ammunition","nl":"munitie verkopen"},"alternativeLabel":{"fi":["myydä ampumatarvikkeita"],"bg":["продаване на муниции","продаване на амуниции"],"en":["ammunition selling","barter ammunition","trade ammunition","sales of ammunition","selling ammunition","market ammunition","dispose of ammunition"]},"description":{"en-us":{"literal":"Sell ammunition for general use to customers, according to national legislation and safety requirements.","mimetype":"plain/text"},"en":{"literal":"Sell ammunition for general use to customers, according to national legislation and safety requirements.","mimetype":"plain/text"}},"status":"released","_links":{"self":{"href":"https://ec.europa.eu/esco/api/resource/skill?uri=http://data.europa.eu/esco/skill/da83fd9d-b30d-444f-baa5-1539d29b54bf&language=en","uri":"http://data.europa.eu/esco/skill/da83fd9d-b30d-444f-baa5-1539d29b54bf","title":"sell ammunition"},"isTopConceptInScheme":[{"href":"https://ec.europa.eu/esco/api/resource/taxonomy?uri=http://data.europa.eu/esco/concept-scheme/skills&language=en","uri":"http://data.europa.eu/esco/concept-scheme/skills","title":"ESCO skills"},{"href":"https://ec.europa.eu/esco/api/resource/taxonomy?uri=http://data.europa.eu/esco/concept-scheme/member-skills&language=en","uri":"http://data.europa.eu/esco/concept-scheme/member-skills","title":"ESCO member skills"}],"isInScheme":[{"href":"https://ec.europa.eu/esco/api/resource/taxonomy?uri=http://data.europa.eu/esco/concept-scheme/skills&language=en","uri":"http://data.europa.eu/esco/concept-scheme/skills","title":"ESCO skills"},{"href":"https://ec.europa.eu/esco/api/resource/taxonomy?uri=http://data.europa.eu/esco/concept-scheme/member-skills&language=en","uri":"http://data.europa.eu/esco/concept-scheme/member-skills","title":"ESCO member skills"}],"hasSkillType":[{"href":"https://ec.europa.eu/esco/api/resource/concept?uri=http://data.europa.eu/esco/skill-type/skill&language=en","uri":"http://data.europa.eu/esco/skill-type/skill","title":"skill"}],"hasReuseLevel":[{"href":"https://ec.europa.eu/esco/api/resource/concept?uri=http://data.europa.eu/esco/skill-reuse-level/sector-specific&language=en","uri":"http://data.europa.eu/esco/skill-reuse-level/sector-specific","title":"sector specific skills and competences","code":"Level 3"}],"isEssentialForOccupation":[{"href":"https://ec.europa.eu/esco/api/resource/occupation?uri=http://data.europa.eu/esco/occupation/0d9eed6b-4908-4112-bf37-ae08e2f0f326&language=en","uri":"http://data.europa.eu/esco/occupation/0d9eed6b-4908-4112-bf37-ae08e2f0f326","title":"ammunition specialised seller"}],"isOptionalForOccupation":[{"href":"https://ec.europa.eu/esco/api/resource/occupation?uri=http://data.europa.eu/esco/occupation/12dc4509-7d36-46d8-aca0-c147c7ecd806&language=en","uri":"http://data.europa.eu/esco/occupation/12dc4509-7d36-46d8-aca0-c147c7ecd806","title":"gunsmith"},{"href":"https://ec.europa.eu/esco/api/resource/occupation?uri=http://data.europa.eu/esco/occupation/87fd9791-0922-4da0-a984-f518aadf85ec&language=en","uri":"http://data.europa.eu/esco/occupation/87fd9791-0922-4da0-a984-f518aadf85ec","title":"ammunition shop manager"},{"href":"https://ec.europa.eu/esco/api/resource/occupation?uri=http://data.europa.eu/esco/occupation/547b304b-9a72-4717-9b24-b7046df5f64e&language=en","uri":"http://data.europa.eu/esco/occupation/547b304b-9a72-4717-9b24-b7046df5f64e","title":"specialised seller"}]},"_embedded":{}},{"className":"Skill","classId":"http://data.europa.eu/esco/model#Skill","uri":"http://data.europa.eu/esco/skill/e78ac0fc-7a1d-4462-960a-a560c2e152ce","title":"practise singing","referenceLanguage":["en"],"preferredLabel":{"no":"praktisere synging","de":"Gesang üben","fi":"harjoitella laulamista","en-us":"practice  singing","pt":"praticar canto","bg":"изпълняване на вокални произведения","lt":"užsiimti dainavimu","hr":"vježbati pjevanje","lv":"vingrināties dziedāšanā","fr":"pratiquer le chant","hu":"gyakorolja az éneklést","sk":"cvičiť spev","sl":"ukvarjati se s petjem","ga":"amhránaíocht a chleachtadh","sv":"öva sång","el":"εξάσκηση στο τραγούδι","mt":"ipprattikar tal-kant","en":"practise singing","is":"æfir söng","it":"praticare il canto","es":"practicar el canto","et":"laulma","cs":"nacvičovat zpěv","ar":"يتدرب على الغناء","pl":"praktykować śpiew","ro":"repetă cântece","da":"øve sang","nl":"zang beoefenen"},"alternativeLabel":{"de":["singen"],"en":["practise song","participate in singing","rehearse singing","practising singing","engage in singing"],"pl":["śpiewać"],"nl":["zingen oefenen"]},"description":{"en-us":{"literal":"Study and practice lyrics, melody, and rhythm of songs.","mimetype":"plain/text"},"en":{"literal":"Study and practise lyrics, melody, and rhythm of songs.","mimetype":"plain/text"}},"status":"released","_links":{"self":{"href":"https://ec.europa.eu/esco/api/resource/skill?uri=http://data.europa.eu/esco/skill/e78ac0fc-7a1d-4462-960a-a560c2e152ce&language=en","uri":"http://data.europa.eu/esco/skill/e78ac0fc-7a1d-4462-960a-a560c2e152ce","title":"practise singing"},"isTopConceptInScheme":[{"href":"https://ec.europa.eu/esco/api/resource/taxonomy?uri=http://data.europa.eu/esco/concept-scheme/skills&language=en","uri":"http://data.europa.eu/esco/concept-scheme/skills","title":"ESCO skills"},{"href":"https://ec.europa.eu/esco/api/resource/taxonomy?uri=http://data.europa.eu/esco/concept-scheme/member-skills&language=en","uri":"http://data.europa.eu/esco/concept-scheme/member-skills","title":"ESCO member skills"}],"isInScheme":[{"href":"https://ec.europa.eu/esco/api/resource/taxonomy?uri=http://data.europa.eu/esco/concept-scheme/skills&language=en","uri":"http://data.europa.eu/esco/concept-scheme/skills","title":"ESCO skills"},{"href":"https://ec.europa.eu/esco/api/resource/taxonomy?uri=http://data.europa.eu/esco/concept-scheme/member-skills&language=en","uri":"http://data.europa.eu/esco/concept-scheme/member-skills","title":"ESCO member skills"}],"hasSkillType":[{"href":"https://ec.europa.eu/esco/api/resource/concept?uri=http://data.europa.eu/esco/skill-type/skill&language=en","uri":"http://data.europa.eu/esco/skill-type/skill","title":"skill"}],"hasReuseLevel":[{"href":"https://ec.europa.eu/esco/api/resource/concept?uri=http://data.europa.eu/esco/skill-reuse-level/cross-sector&language=en","uri":"http://data.europa.eu/esco/skill-reuse-level/cross-sector","title":"cross-sector skills and competences","code":"Level 2"}],"isEssentialForOccupation":[{"href":"https://ec.europa.eu/esco/api/resource/occupation?uri=http://data.europa.eu/esco/occupation/6581aa0d-c807-4091-84cc-bc041f962ab1&language=en","uri":"http://data.europa.eu/esco/occupation/6581aa0d-c807-4091-84cc-bc041f962ab1","title":"singer"}],"isOptionalForOccupation":[{"href":"https://ec.europa.eu/esco/api/resource/occupation?uri=http://data.europa.eu/esco/occupation/cbde2432-cb7f-451f-a686-b22cad3957a6&language=en","uri":"http://data.europa.eu/esco/occupation/cbde2432-cb7f-451f-a686-b22cad3957a6","title":"drama teacher"},{"href":"https://ec.europa.eu/esco/api/resource/occupation?uri=http://data.europa.eu/esco/occupation/e4fca489-4c79-4392-874f-9ea1051c05c8&language=en","uri":"http://data.europa.eu/esco/occupation/e4fca489-4c79-4392-874f-9ea1051c05c8","title":"extra"},{"href":"https://ec.europa.eu/esco/api/resource/occupation?uri=http://data.europa.eu/esco/occupation/26171f39-e85a-448f-bd28-a73a5a99927f&language=en","uri":"http://data.europa.eu/esco/occupation/26171f39-e85a-448f-bd28-a73a5a99927f","title":"actor/actress"},{"href":"https://ec.europa.eu/esco/api/resource/occupation?uri=http://data.europa.eu/esco/occupation/1bb7c072-38c8-430a-b943-76bfa312a5f4&language=en","uri":"http://data.europa.eu/esco/occupation/1bb7c072-38c8-430a-b943-76bfa312a5f4","title":"stand-in"},{"href":"https://ec.europa.eu/esco/api/resource/occupation?uri=http://data.europa.eu/esco/occupation/00747307-6341-4266-a061-25416f7c6a96&language=en","uri":"http://data.europa.eu/esco/occupation/00747307-6341-4266-a061-25416f7c6a96","title":"performing arts theatre instructor"},{"href":"https://ec.europa.eu/esco/api/resource/occupation?uri=http://data.europa.eu/esco/occupation/ed256ed0-0432-4969-8544-3e5e01a517a9&language=en","uri":"http://data.europa.eu/esco/occupation/ed256ed0-0432-4969-8544-3e5e01a517a9","title":"minister of religion"},{"href":"https://ec.europa.eu/esco/api/resource/occupation?uri=http://data.europa.eu/esco/occupation/e89e330c-daa3-48f0-b34e-04e3344ea8dc&language=en","uri":"http://data.europa.eu/esco/occupation/e89e330c-daa3-48f0-b34e-04e3344ea8dc","title":"voice-over artist"}]},"_embedded":{}},{"className":"Skill","classId":"http://data.europa.eu/esco/model#Skill","uri":"http://data.europa.eu/esco/skill/a6bbc19a-381c-4c60-a79a-41dea2d1a422","title":"drive agricultural machines","referenceLanguage":["en"],"preferredLabel":{"no":"føre landbruksmaskiner","de":"landwirtschaftliche Fahrzeuge fahren","fi":"ajaa maatalouskoneita","en-us":"drive agricultural machines","pt":"conduzir máquinas agrícolas","bg":"управляване на селскостопански машини","lt":"vairuoti žemės ūkio mašinas","hr":"voziti poljoprivredne strojeve","lv":"vadīt lauksaimniecības tehniku","fr":"conduire des engins agricoles","hu":"mezőgazdasági gépeket vezet","sk":"riadiť poľnohospodárske stroje","sl":"voziti kmetijske stroje","ga":"meaisíní talmhaíochta a thiomáint","sv":"köra jordbruksmaskiner","el":"οδήγηση γεωργικών μηχανημάτων","mt":"sewqan tal-makkinarju agrikolu","en":"drive agricultural machines","is":"ekur landbúnaðarvélum","it":"guidare le macchine agricole","es":"conducir máquinas agrícolas","et":"põllumajandusmasinaid juhtima","cs":"řídit zemědělské stroje","ar":"يقود الآلات الزراعية","pl":"prowadzić maszyny rolnicze","ro":"conduce mașini și utilaje agricole","da":"køre landbrugsmaskiner","nl":"agrarische machines besturen"},"alternativeLabel":{"de":["landwirtschaftliche Maschinen fahren","Landwirtschaftsmaschinen fahren","Agrarmaschinen fahren"],"sv":["framföra jordbruksmaskiner"],"en":["driving agricultural machines","driving tractors","agricultural machine driving","tractor driving","drive forklifts","driving forklifts","drive tractors","agricultural machines driving","forklift driving","drive farm machines","driving farm machines"],"ro":["operează mașini agricole","manevrează mașini și utilaje agricole"],"nl":["landbouwmachines besturen"],"es":["manipular máquinas agrícolas","manejar máquinas agrícolas"]},"description":{"en-us":{"literal":"Drive tractors, forklifts and other vehicles to transport crops. Move equipment in fields and around buildings, making the appropriate adjustments and maneuvers.","mimetype":"plain/text"},"en":{"literal":"Drive tractors, forklifts and other vehicles to transport crops. Move equipment in fields and around buildings, making the appropriate adjustments and maneuvers.","mimetype":"plain/text"}},"status":"released","_links":{"self":{"href":"https://ec.europa.eu/esco/api/resource/skill?uri=http://data.europa.eu/esco/skill/a6bbc19a-381c-4c60-a79a-41dea2d1a422&language=en","uri":"http://data.europa.eu/esco/skill/a6bbc19a-381c-4c60-a79a-41dea2d1a422","title":"drive agricultural machines"},"isTopConceptInScheme":[{"href":"https://ec.europa.eu/esco/api/resource/taxonomy?uri=http://data.europa.eu/esco/concept-scheme/skills&language=en","uri":"http://data.europa.eu/esco/concept-scheme/skills","title":"ESCO skills"},{"href":"https://ec.europa.eu/esco/api/resource/taxonomy?uri=http://data.europa.eu/esco/concept-scheme/member-skills&language=en","uri":"http://data.europa.eu/esco/concept-scheme/member-skills","title":"ESCO member skills"}],"isInScheme":[{"href":"https://ec.europa.eu/esco/api/resource/taxonomy?uri=http://data.europa.eu/esco/concept-scheme/skills&language=en","uri":"http://data.europa.eu/esco/concept-scheme/skills","title":"ESCO skills"},{"href":"https://ec.europa.eu/esco/api/resource/taxonomy?uri=http://data.europa.eu/esco/concept-scheme/member-skills&language=en","uri":"http://data.europa.eu/esco/concept-scheme/member-skills","title":"ESCO member skills"}],"hasSkillType":[{"href":"https://ec.europa.eu/esco/api/resource/concept?uri=http://data.europa.eu/esco/skill-type/skill&language=en","uri":"http://data.europa.eu/esco/skill-type/skill","title":"skill"}],"hasReuseLevel":[{"href":"https://ec.europa.eu/esco/api/resource/concept?uri=http://data.europa.eu/esco/skill-reuse-level/sector-specific&language=en","uri":"http://data.europa.eu/esco/skill-reuse-level/sector-specific","title":"sector specific skills and competences","code":"Level 3"}],"isEssentialForOccupation":[{"href":"https://ec.europa.eu/esco/api/resource/occupation?uri=http://data.europa.eu/esco/occupation/00c8d1cf-24f2-47d1-9f10-765e1c102811&language=en","uri":"http://data.europa.eu/esco/occupation/00c8d1cf-24f2-47d1-9f10-765e1c102811","title":"land-based machinery technician"},{"href":"https://ec.europa.eu/esco/api/resource/occupation?uri=http://data.europa.eu/esco/occupation/2104ee38-2fd1-4647-8f60-d2200f069805&language=en","uri":"http://data.europa.eu/esco/occupation/2104ee38-2fd1-4647-8f60-d2200f069805","title":"vineyard supervisor"}],"isOptionalForOccupation":[{"href":"https://ec.europa.eu/esco/api/resource/occupation?uri=http://data.europa.eu/esco/occupation/373db468-bd25-4b67-a6e0-4ac79d9a9e85&language=en","uri":"http://data.europa.eu/esco/occupation/373db468-bd25-4b67-a6e0-4ac79d9a9e85","title":"fruit and vegetable picker"}]},"_embedded":{}},{"className":"Skill","classId":"http://data.europa.eu/esco/model#Skill","uri":"http://data.europa.eu/esco/skill/b1d2be8b-80f5-4228-a006-ad4915429433","title":"reduce dots","referenceLanguage":["en"],"preferredLabel":{"de":"Punkte reduzieren","no":"redusere prikker","en-us":"reduce dots","fi":"pienentää rasteripisteitä","pt":"reduzir o tamanho dos pontos","bg":"намаляване на точките","lt":"sumažinti taškus","hr":"smanjivati veličinu točkica","lv":"samazināt punktus","fr":"réduire les points","hu":"csökkenti a pontok méretét","sk":"zmenšovať bodky","sl":"manjšati pike","ga":"poncanna a laghdú","sv":"förminska punkter","el":"μείωση των ακίδων των τυπογραφικών πλακών","mt":"tnaqqis tat-tikek","en":"reduce dots","is":"fækkar punktum","it":"ridurre i puntini","es":"reducir el tamaño del punto","et":"plaatide punktisuurust vähendama","cs":"zmenšovat tečky","ar":"تقليل النقاط","pl":"zmniejszać rozmiar punktów","ro":"reduce dimensiunea punctelor","da":"reducere prikker","nl":"punten verkleinen"},"alternativeLabel":{"de":["Punktebildung reduzieren"],"en":["decrease dots","reducing dots","diminish dots","moderate dots"],"es":["achicar el tamaño del punto","disminuir el tamaño del punto","contraer el tamaño del punto"]},"description":{"en-us":{"literal":"Use a contact frame or automatic film processor to reduce the size of dots in printing plates by increasing or reducing color.","mimetype":"plain/text"},"en":{"literal":"Use a contact frame or automatic film processor to reduce the size of dots in printing plates by increasing or reducing colour.","mimetype":"plain/text"}},"status":"released","_links":{"self":{"href":"https://ec.europa.eu/esco/api/resource/skill?uri=http://data.europa.eu/esco/skill/b1d2be8b-80f5-4228-a006-ad4915429433&language=en","uri":"http://data.europa.eu/esco/skill/b1d2be8b-80f5-4228-a006-ad4915429433","title":"reduce dots"},"isTopConceptInScheme":[{"href":"https://ec.europa.eu/esco/api/resource/taxonomy?uri=http://data.europa.eu/esco/concept-scheme/skills&language=en","uri":"http://data.europa.eu/esco/concept-scheme/skills","title":"ESCO skills"},{"href":"https://ec.europa.eu/esco/api/resource/taxonomy?uri=http://data.europa.eu/esco/concept-scheme/member-skills&language=en","uri":"http://data.europa.eu/esco/concept-scheme/member-skills","title":"ESCO member skills"}],"isInScheme":[{"href":"https://ec.europa.eu/esco/api/resource/taxonomy?uri=http://data.europa.eu/esco/concept-scheme/skills&language=en","uri":"http://data.europa.eu/esco/concept-scheme/skills","title":"ESCO skills"},{"href":"https://ec.europa.eu/esco/api/resource/taxonomy?uri=http://data.europa.eu/esco/concept-scheme/member-skills&language=en","uri":"http://data.europa.eu/esco/concept-scheme/member-skills","title":"ESCO member skills"}],"hasSkillType":[{"href":"https://ec.europa.eu/esco/api/resource/concept?uri=http://data.europa.eu/esco/skill-type/skill&language=en","uri":"http://data.europa.eu/esco/skill-type/skill","title":"skill"}],"hasReuseLevel":[{"href":"https://ec.europa.eu/esco/api/resource/concept?uri=http://data.europa.eu/esco/skill-reuse-level/sector-specific&language=en","uri":"http://data.europa.eu/esco/skill-reuse-level/sector-specific","title":"sector specific skills and competences","code":"Level 3"}],"isOptionalForOccupation":[{"href":"https://ec.europa.eu/esco/api/resource/occupation?uri=http://data.europa.eu/esco/occupation/ab4086a0-0e2f-436e-80f8-a3291e594bd1&language=en","uri":"http://data.europa.eu/esco/occupation/ab4086a0-0e2f-436e-80f8-a3291e594bd1","title":"lithographer"},{"href":"https://ec.europa.eu/esco/api/resource/occupation?uri=http://data.europa.eu/esco/occupation/23e3a8a0-905a-45be-983f-4cf32e133e09&language=en","uri":"http://data.europa.eu/esco/occupation/23e3a8a0-905a-45be-983f-4cf32e133e09","title":"imagesetter"}]},"_embedded":{}},{"className":"Skill","classId":"http://data.europa.eu/esco/model#Skill","uri":"http://data.europa.eu/esco/skill/fddc5d4f-0dfe-42fb-a1c0-3ad827db2216","title":"tackle issues that block academic progress","referenceLanguage":["en"],"preferredLabel":{"no":"håndtere problemer som forhindrer faglig fremgang","de":"Probleme in Angriff nehmen, die den akademischen Fortschritt hemmen","fi":"selvittää akateemista edistymistä haittaavia ongelmia","en-us":"tackle issues that block academic progress","pt":"resolver os problemas que impedem o progresso escolar","bg":"решаване на проблеми, блокиращи учебния процес на потърпевшите","lt":"įveikti sunkumus, kurie užkerta kelią mokymosi pažangai","lv":"risināt problēmas, kas kavē izaugsmi mācībās","hr":"rješavati probleme koji onemogućavaju akademski napredak","fr":"s’attaquer aux obstacles qui empêchent la réussite scolaire","hu":"kezeli a tudományos fejlődést gátoló problémákat","sk":"tackle issues that block academic progress","sl":"reševati vprašanja, ki ovirajo akademski napredek","ga":"dul i ngleic le saincheisteanna a chuireann bac ar dhul chun cinn acadúil","sv":"ta itu med problem som står i vägen för akademiska framsteg","el":"αντιμετώπιση προβλημάτων που παρεμποδίζουν την ακαδημαϊκή πρόοδο","mt":"indirizzar tal-problemi li jimblokkaw il-progress akkademiku","en":"tackle issues that block academic progress","is":"tekst á við málefni sem koma í veg fyrir árangri í skóla","it":"affrontare le questioni che bloccano il progresso accademico","es":"abordar los factores que impiden el progreso académico","et":"akadeemilist edasijõudmist takistavaid probleeme lahendama","cs":"zabývat se problémy blokujícími akademický pokrok","ar":"يعالج القضايا التي تمنع التقدم الأكاديمي","pl":"rozwiązywać problemy hamujące rozwój akademicki","ro":"abordează problemele care împiedică progresul academic","da":"håndtere problemer, der blokerer akademisk fremskridt","nl":"problemen aanpakken die de academische vooruitgang belemmeren"},"alternativeLabel":{"de":["Probleme in Angriff nehmen, die den schulischen Fortschritt hemmen"],"en":["provide counseling for issues blocking academic progress","tackle an issue that blocks academic progress","tackle issues which block academic progress","provide counselling for issues blocking academic progress","tackle an issue which blocks academic progress","solve issues blocking academic progress"],"es":["atender los factores que impiden el progreso académico"]},"description":{"en-us":{"literal":"Address the issues that can block a pupil`s school progress, such as social, psychological, emotional or physical difficulties, through counseling and intervention methods.","mimetype":"plain/text"},"en":{"literal":"Address the issues that can block a pupil`s school progress, such as social, psychological, emotional or physical difficulties, through counselling and intervention methods.","mimetype":"plain/text"}},"status":"released","_links":{"self":{"href":"https://ec.europa.eu/esco/api/resource/skill?uri=http://data.europa.eu/esco/skill/fddc5d4f-0dfe-42fb-a1c0-3ad827db2216&language=en","uri":"http://data.europa.eu/esco/skill/fddc5d4f-0dfe-42fb-a1c0-3ad827db2216","title":"tackle issues that block academic progress"},"isTopConceptInScheme":[{"href":"https://ec.europa.eu/esco/api/resource/taxonomy?uri=http://data.europa.eu/esco/concept-scheme/member-skills&language=en","uri":"http://data.europa.eu/esco/concept-scheme/member-skills","title":"ESCO member skills"},{"href":"https://ec.europa.eu/esco/api/resource/taxonomy?uri=http://data.europa.eu/esco/concept-scheme/skills&language=en","uri":"http://data.europa.eu/esco/concept-scheme/skills","title":"ESCO skills"}],"isInScheme":[{"href":"https://ec.europa.eu/esco/api/resource/taxonomy?uri=http://data.europa.eu/esco/concept-scheme/member-skills&language=en","uri":"http://data.europa.eu/esco/concept-scheme/member-skills","title":"ESCO member skills"},{"href":"https://ec.europa.eu/esco/api/resource/taxonomy?uri=http://data.europa.eu/esco/concept-scheme/skills&language=en","uri":"http://data.europa.eu/esco/concept-scheme/skills","title":"ESCO skills"}],"hasSkillType":[{"href":"https://ec.europa.eu/esco/api/resource/concept?uri=http://data.europa.eu/esco/skill-type/skill&language=en","uri":"http://data.europa.eu/esco/skill-type/skill","title":"skill"}],"hasReuseLevel":[{"href":"https://ec.europa.eu/esco/api/resource/concept?uri=http://data.europa.eu/esco/skill-reuse-level/cross-sector&language=en","uri":"http://data.europa.eu/esco/skill-reuse-level/cross-sector","title":"cross-sector skills and competences","code":"Level 2"}],"isEssentialForOccupation":[{"href":"https://ec.europa.eu/esco/api/resource/occupation?uri=http://data.europa.eu/esco/occupation/2412bbb1-29ca-4e17-a2b8-70694f0cb14f&language=en","uri":"http://data.europa.eu/esco/occupation/2412bbb1-29ca-4e17-a2b8-70694f0cb14f","title":"educational counsellor"},{"href":"https://ec.europa.eu/esco/api/resource/occupation?uri=http://data.europa.eu/esco/occupation/2ddde737-28f3-444d-b1f8-ef12cc2df3c7&language=en","uri":"http://data.europa.eu/esco/occupation/2ddde737-28f3-444d-b1f8-ef12cc2df3c7","title":"academic support officer"},{"href":"https://ec.europa.eu/esco/api/resource/occupation?uri=http://data.europa.eu/esco/occupation/19f6634f-ec0c-4513-b0d9-d43f9ddeb82d&language=en","uri":"http://data.europa.eu/esco/occupation/19f6634f-ec0c-4513-b0d9-d43f9ddeb82d","title":"education welfare officer"}],"isOptionalForOccupation":[{"href":"https://ec.europa.eu/esco/api/resource/occupation?uri=http://data.europa.eu/esco/occupation/abab3d6a-82b9-49bd-8a4b-7bc678130558&language=en","uri":"http://data.europa.eu/esco/occupation/abab3d6a-82b9-49bd-8a4b-7bc678130558","title":"academic advisor"},{"href":"https://ec.europa.eu/esco/api/resource/occupation?uri=http://data.europa.eu/esco/occupation/4b05bef2-ded4-4b09-ab94-f4c6a555a775&language=en","uri":"http://data.europa.eu/esco/occupation/4b05bef2-ded4-4b09-ab94-f4c6a555a775","title":"social worker"}]},"_embedded":{}},{"className":"Skill","classId":"http://data.europa.eu/esco/model#Skill","uri":"http://data.europa.eu/esco/skill/3fa19ac8-5519-4bfc-9284-3473b6081002","title":"maintain service record book","referenceLanguage":["en"],"preferredLabel":{"de":"Dienstheft führen","no":"føre tjenesteregisterbok","en-us":"maintain service record book","fi":"pitää meripalvelukirjaa","pt":"manter o livro de registo de serviço","bg":"поддържане на моряшка служебна книжка","lt":"tvarkyti tarnybos įrašų knygeles","lv":"uzturēt darba uzskaites grāmatiņu","hr":"voditi brodarsku knjižicu","fr":"tenir un registre d'entretien","hu":"szolgáltatásjegyzéket vezet","sk":"viesť služobné lodnícke knižky","sl":"voditi pomorske knjižice","ga":"leabhar taifid seirbhíse a choinneáil","sv":"föra bok över serviceåtgärder","el":"τήρηση μητρώου ναυτιλιακών υπηρεσιών","mt":"żamma tar-rekords tas-servizzi abbord","en":"maintain service record book","is":"viðheldur þjónustubók","it":"aggiornare il libretto di navigazione","es":"llevar un libro de registro de servicio","et":"hoolduspäevikut pidama","cs":"vést servisní knihu","ar":"يحتفظ بكتاب سجل الخدمة","pl":"prowadzić rejestr usług","ro":"realizează înscrisurile din carnetul de serviciu","da":"vedligeholde servicebog","nl":"schippersdienstboekjes bijhouden"},"alternativeLabel":{"en":["record activities in service record book","keep track of service record book","complete service record book","ensure data in service record book remains up to date","maintain data in service record book","record data in service record book","insert data into service record book","monitor and maintain service record book","fill in service record book"],"ro":["completează carnetul de serviciu"],"es":["trabajar con un libro de registro de servicio"]},"description":{"en-us":{"literal":"Maintain service record book, in which data related to the on-board time, activities, signatures of skippers, and other details are recorded.","mimetype":"plain/text"},"en":{"literal":"Maintain service record book, in which data related to the on-board time, activities, signatures of skippers, and other details are recorded.","mimetype":"plain/text"}},"status":"released","_links":{"self":{"href":"https://ec.europa.eu/esco/api/resource/skill?uri=http://data.europa.eu/esco/skill/3fa19ac8-5519-4bfc-9284-3473b6081002&language=en","uri":"http://data.europa.eu/esco/skill/3fa19ac8-5519-4bfc-9284-3473b6081002","title":"maintain service record book"},"isTopConceptInScheme":[{"href":"https://ec.europa.eu/esco/api/resource/taxonomy?uri=http://data.europa.eu/esco/concept-scheme/skills&language=en","uri":"http://data.europa.eu/esco/concept-scheme/skills","title":"ESCO skills"},{"href":"https://ec.europa.eu/esco/api/resource/taxonomy?uri=http://data.europa.eu/esco/concept-scheme/member-skills&language=en","uri":"http://data.europa.eu/esco/concept-scheme/member-skills","title":"ESCO member skills"}],"isInScheme":[{"href":"https://ec.europa.eu/esco/api/resource/taxonomy?uri=http://data.europa.eu/esco/concept-scheme/skills&language=en","uri":"http://data.europa.eu/esco/concept-scheme/skills","title":"ESCO skills"},{"href":"https://ec.europa.eu/esco/api/resource/taxonomy?uri=http://data.europa.eu/esco/concept-scheme/member-skills&language=en","uri":"http://data.europa.eu/esco/concept-scheme/member-skills","title":"ESCO member skills"}],"hasSkillType":[{"href":"https://ec.europa.eu/esco/api/resource/concept?uri=http://data.europa.eu/esco/skill-type/skill&language=en","uri":"http://data.europa.eu/esco/skill-type/skill","title":"skill"}],"hasReuseLevel":[{"href":"https://ec.europa.eu/esco/api/resource/concept?uri=http://data.europa.eu/esco/skill-reuse-level/sector-specific&language=en","uri":"http://data.europa.eu/esco/skill-reuse-level/sector-specific","title":"sector specific skills and competences","code":"Level 3"}],"isEssentialForOccupation":[{"href":"https://ec.europa.eu/esco/api/resource/occupation?uri=http://data.europa.eu/esco/occupation/bd22a34c-1dc2-48df-a254-66e5d03dec12&language=en","uri":"http://data.europa.eu/esco/occupation/bd22a34c-1dc2-48df-a254-66e5d03dec12","title":"matrose"},{"href":"https://ec.europa.eu/esco/api/resource/occupation?uri=http://data.europa.eu/esco/occupation/ddb3e6a4-5bae-480a-a49a-748f93022892&language=en","uri":"http://data.europa.eu/esco/occupation/ddb3e6a4-5bae-480a-a49a-748f93022892","title":"decksman"}],"isOptionalForOccupation":[{"href":"https://ec.europa.eu/esco/api/resource/occupation?uri=http://data.europa.eu/esco/occupation/9ab0f0db-1128-4050-becd-b09db5eabdaa&language=en","uri":"http://data.europa.eu/esco/occupation/9ab0f0db-1128-4050-becd-b09db5eabdaa","title":"file clerk"}]},"_embedded":{}},{"className":"Skill","classId":"http://data.europa.eu/esco/model#Skill","uri":"http://data.europa.eu/esco/skill/dda679c9-b49f-4553-ab7a-fbe25ecf53ad","title":"escort defendants","referenceLanguage":["en"],"preferredLabel":{"no":"følge tiltalte","de":"Angeklagte eskortieren","en-us":"escort defendants","fi":"saattaa vastaajia","pt":"acompanhar réus","bg":"конвоиране на лица, заподозрени или обвинени в извършване на престъпление","lt":"lydėti kaltinamuosius","lv":"eskortēt apsūdzētos","hr":"pratiti optuženike","fr":"escorter des prévenus","hu":"vádlottakat kísér","sk":"sprevádzať obvinených","sl":"spremljati obtožence","ga":"cosantóirí a thíolacadh","sv":"eskortera svarande","mt":"skortar tal-konvenuti","el":"παροχή συνοδείας σε κατηγορουμένους","en":"escort defendants","is":"fylgir sakborningum","it":"scortare gli imputati","es":"escoltar a los acusados","et":"süüdistatavaid eskortima","cs":"doprovázet obžalované","ar":"يرافق المدعى عليهم","pl":"eskortować oskarżonych","da":"ledsage anklagede","ro":"escortează acuzații","nl":"gedaagden begeleiden"},"alternativeLabel":{"fi":["saattaa syytettyjä"],"sl":["spremljati obdolžence"],"en":["accompany defendants","attend defendants","safeguard prisoners","accompany prisoners","safeguard defendants","attend prisoners","guard defendants","guard prisoners"],"nl":["verweerders begeleiden","beklaagden begeleiden"]},"description":{"en-us":{"literal":"Escort suspects and known offenders from one area to another, such as in a prison or from a cell to a courtoom, to ensure they do not escape, that they are not violent, or otherwise exceed the limits of acceptable behavior, as well as to be able to respond to any emergencies.","mimetype":"plain/text"},"en":{"literal":"Escort suspects and known offenders from one area to another, such as in a prison or from a cell to a courtoom, to ensure they do not escape, that they are not violent, or otherwise exceed the limits of acceptable behaviour, as well as to be able to respond to any emergencies.","mimetype":"plain/text"}},"status":"released","_links":{"self":{"href":"https://ec.europa.eu/esco/api/resource/skill?uri=http://data.europa.eu/esco/skill/dda679c9-b49f-4553-ab7a-fbe25ecf53ad&language=en","uri":"http://data.europa.eu/esco/skill/dda679c9-b49f-4553-ab7a-fbe25ecf53ad","title":"escort defendants"},"isTopConceptInScheme":[{"href":"https://ec.europa.eu/esco/api/resource/taxonomy?uri=http://data.europa.eu/esco/concept-scheme/skills&language=en","uri":"http://data.europa.eu/esco/concept-scheme/skills","title":"ESCO skills"},{"href":"https://ec.europa.eu/esco/api/resource/taxonomy?uri=http://data.europa.eu/esco/concept-scheme/member-skills&language=en","uri":"http://data.europa.eu/esco/concept-scheme/member-skills","title":"ESCO member skills"}],"isInScheme":[{"href":"https://ec.europa.eu/esco/api/resource/taxonomy?uri=http://data.europa.eu/esco/concept-scheme/skills&language=en","uri":"http://data.europa.eu/esco/concept-scheme/skills","title":"ESCO skills"},{"href":"https://ec.europa.eu/esco/api/resource/taxonomy?uri=http://data.europa.eu/esco/concept-scheme/member-skills&language=en","uri":"http://data.europa.eu/esco/concept-scheme/member-skills","title":"ESCO member skills"}],"hasSkillType":[{"href":"https://ec.europa.eu/esco/api/resource/concept?uri=http://data.europa.eu/esco/skill-type/skill&language=en","uri":"http://data.europa.eu/esco/skill-type/skill","title":"skill"}],"hasReuseLevel":[{"href":"https://ec.europa.eu/esco/api/resource/concept?uri=http://data.europa.eu/esco/skill-reuse-level/cross-sector&language=en","uri":"http://data.europa.eu/esco/skill-reuse-level/cross-sector","title":"cross-sector skills and competences","code":"Level 2"}],"isEssentialForOccupation":[{"href":"https://ec.europa.eu/esco/api/resource/occupation?uri=http://data.europa.eu/esco/occupation/3327a087-cd36-4b02-ac1b-6455f59f9312&language=en","uri":"http://data.europa.eu/esco/occupation/3327a087-cd36-4b02-ac1b-6455f59f9312","title":"prison officer"},{"href":"https://ec.europa.eu/esco/api/resource/occupation?uri=http://data.europa.eu/esco/occupation/5e175ee2-6b07-4f1d-8f5e-962c36ab7bb6&language=en","uri":"http://data.europa.eu/esco/occupation/5e175ee2-6b07-4f1d-8f5e-962c36ab7bb6","title":"court bailiff"},{"href":"https://ec.europa.eu/esco/api/resource/occupation?uri=http://data.europa.eu/esco/occupation/6e36bf67-9df2-4d68-8f78-fca1d34acc0b&language=en","uri":"http://data.europa.eu/esco/occupation/6e36bf67-9df2-4d68-8f78-fca1d34acc0b","title":"juvenile correctional officer"}],"isOptionalForOccupation":[{"href":"https://ec.europa.eu/esco/api/resource/occupation?uri=http://data.europa.eu/esco/occupation/653374a9-a96e-4c5b-849f-62ae67b0ed62&language=en","uri":"http://data.europa.eu/esco/occupation/653374a9-a96e-4c5b-849f-62ae67b0ed62","title":"prison instructor"}]},"_embedded":{}},{"className":"Skill","classId":"http://data.europa.eu/esco/model#Skill","uri":"http://data.europa.eu/esco/skill/bbeff2f6-4a3c-44af-8589-ac158f652d0d","title":"assist the homeless","referenceLanguage":["en"],"preferredLabel":{"de":"Obdachlosen helfen","no":"hjelpe de hjemløse","fi":"avustaa kodittomia","en-us":"assist the homeless","pt":"apoiar os sem-abrigo","bg":"подпомагане на бездомни лица","lt":"padėti benamiams","lv":"palīdzēt bezpajumtniekiem","hr":"pomagati beskućnicima","fr":"aider des sans-abris","hu":"segíti a hajléktalanokat","sk":"assist the homeless","sl":"pomagati brezdomcem","ga":"cúnamh a thabhairt do dhaoine gan dídean","sv":"hjälpa hemlösa","el":"παροχή υποστήριξης σε άστεγους","mt":"assistenza għall-persuni mingħajr dar","en":"assist the homeless","is":"aðstoðar heimilislausa","it":"fornire assistenza ai senzatetto","es":"ayudar a personas sin hogar","et":"kodutuid abistama","cs":"asistovat lidem bez domova","ar":"يساعد المشردين","pl":"pomagać osobom bezdomnym","ro":"asistă persoanele fără adăpost","da":"assistere hjemløse","nl":"daklozen helpen"},"alternativeLabel":{"cs":["asistovat bezdomovcům"],"en":["assist homeless","help the homeless","support the homeless","work with the homeless","assist homeless people","help homeless people","work with homeless individuals"],"es":["trabajar con las personas sin techo","apoyar a personas sin hogar","ayudar a personas sin casa"]},"description":{"en-us":{"literal":"Work with homeless individuals and support them with their needs, taking into consideration their vulnerability and isolation.","mimetype":"plain/text"},"en":{"literal":"Work with homeless individuals and support them with their needs, taking into consideration their vulnerability and isolation.","mimetype":"plain/text"}},"status":"released","_links":{"self":{"href":"https://ec.europa.eu/esco/api/resource/skill?uri=http://data.europa.eu/esco/skill/bbeff2f6-4a3c-44af-8589-ac158f652d0d&language=en","uri":"http://data.europa.eu/esco/skill/bbeff2f6-4a3c-44af-8589-ac158f652d0d","title":"assist the homeless"},"isTopConceptInScheme":[{"href":"https://ec.europa.eu/esco/api/resource/taxonomy?uri=http://data.europa.eu/esco/concept-scheme/skills&language=en","uri":"http://data.europa.eu/esco/concept-scheme/skills","title":"ESCO skills"},{"href":"https://ec.europa.eu/esco/api/resource/taxonomy?uri=http://data.europa.eu/esco/concept-scheme/member-skills&language=en","uri":"http://data.europa.eu/esco/concept-scheme/member-skills","title":"ESCO member skills"}],"isInScheme":[{"href":"https://ec.europa.eu/esco/api/resource/taxonomy?uri=http://data.europa.eu/esco/concept-scheme/skills&language=en","uri":"http://data.europa.eu/esco/concept-scheme/skills","title":"ESCO skills"},{"href":"https://ec.europa.eu/esco/api/resource/taxonomy?uri=http://data.europa.eu/esco/concept-scheme/member-skills&language=en","uri":"http://data.europa.eu/esco/concept-scheme/member-skills","title":"ESCO member skills"}],"hasSkillType":[{"href":"https://ec.europa.eu/esco/api/resource/concept?uri=http://data.europa.eu/esco/skill-type/skill&language=en","uri":"http://data.europa.eu/esco/skill-type/skill","title":"skill"}],"hasReuseLevel":[{"href":"https://ec.europa.eu/esco/api/resource/concept?uri=http://data.europa.eu/esco/skill-reuse-level/sector-specific&language=en","uri":"http://data.europa.eu/esco/skill-reuse-level/sector-specific","title":"sector specific skills and competences","code":"Level 3"}],"isEssentialForOccupation":[{"href":"https://ec.europa.eu/esco/api/resource/occupation?uri=http://data.europa.eu/esco/occupation/6a6ce738-b049-4521-b402-8e1f346c7eca&language=en","uri":"http://data.europa.eu/esco/occupation/6a6ce738-b049-4521-b402-8e1f346c7eca","title":"homelessness worker"}],"isOptionalForOccupation":[{"href":"https://ec.europa.eu/esco/api/resource/occupation?uri=http://data.europa.eu/esco/occupation/4b05bef2-ded4-4b09-ab94-f4c6a555a775&language=en","uri":"http://data.europa.eu/esco/occupation/4b05bef2-ded4-4b09-ab94-f4c6a555a775","title":"social worker"}]},"_embedded":{}},{"className":"Skill","classId":"http://data.europa.eu/esco/model#Skill","uri":"http://data.europa.eu/esco/skill/79809e8a-e68a-44c8-b162-8797d7fd64b0","title":"prepare assembled moulds for finishing","referenceLanguage":["en"],"preferredLabel":{"de":"zusammengesetzte Formteile für die Endbearbeitung vorbereiten","no":"fremstille sammensatte støpeformer for sluttbehandling","fi":"valmistella kootut muotit viimeistelyä varten","en-us":"prepare assembled molds  for finishing","pt":"preparar moldes montados para acabamento","bg":"подготовка на сглобените форми за окончателно обработване","lt":"paruošti baigiamajam apdirbimui surinktas liejimo formas","hr":"pripremati sastavljene kalupe za završnu obradu","lv":"sagatavot samontētās veidnes apstrādei","fr":"préparer des moules assemblés pour la finition","hu":"előkészíti az összeszerelt öntőformákat az utómunkákra","sk":"pripraviť zmontované formy na koncovú úpravu","sl":"pripravljati sestavljene kalupe za obdelavo","ga":"múnlaí cóimeáilte a ullmhú chun bailchríoch a chur orthu","sv":"förbereda monterade formar för slutbehandling","mt":"tħejjija tal-forom assemblati għat-tlestija","el":"προετοιμασία συναρμολογημένων καλουπιών για τελειοποίηση","en":"prepare assembled moulds for finishing","is":"undirbýr samsett mót til lokafrágangs","it":"preparare gli stampi assemblati per la finitura","es":"preparar moldes ensamblados para el acabado","et":"monteeritud vorme viimistluseks ette valmistama","cs":"připravit sestavené formy k další úpravě","ar":"يعد القوالب المجمعة لوضع اللمسات الأخيرة","pl":"przygotowywać złożone formy do obróbki wykańczającej","da":"klargøre samlede forme til finishing","ro":"pregătește forme de turnătorie asamblate pentru finisare","nl":"samengestelde vormen klaarmaken voor afwerking"},"alternativeLabel":{"en":["ready assembled molds for finishing","prepare assembled moulds for finishing","preparing assembled molds for finishing","assembled molds readying for finishing","readying assembled molds for finishing","ready assembled moulds for finishing","preparing assembled moulds for finishing","assembled moulds preparing for finishing","assembled moulds readying for finishing","assembled molds preparing for finishing","prepare assembled molds for finishing","readying assembled moulds for finishing"],"nl":["samengestelde mallen klaarmaken voor afwerking"]},"description":{"en-us":{"literal":"Prepare the already assembled molds for further finishing by setting them between twin parallel power rollers.","mimetype":"plain/text"},"en":{"literal":"Prepare the already assembled moulds for further finishing by setting them between twin parallel power rollers.","mimetype":"plain/text"}},"status":"released","_links":{"self":{"href":"https://ec.europa.eu/esco/api/resource/skill?uri=http://data.europa.eu/esco/skill/79809e8a-e68a-44c8-b162-8797d7fd64b0&language=en","uri":"http://data.europa.eu/esco/skill/79809e8a-e68a-44c8-b162-8797d7fd64b0","title":"prepare assembled moulds for finishing"},"isTopConceptInScheme":[{"href":"https://ec.europa.eu/esco/api/resource/taxonomy?uri=http://data.europa.eu/esco/concept-scheme/member-skills&language=en","uri":"http://data.europa.eu/esco/concept-scheme/member-skills","title":"ESCO member skills"},{"href":"https://ec.europa.eu/esco/api/resource/taxonomy?uri=http://data.europa.eu/esco/concept-scheme/skills&language=en","uri":"http://data.europa.eu/esco/concept-scheme/skills","title":"ESCO skills"}],"isInScheme":[{"href":"https://ec.europa.eu/esco/api/resource/taxonomy?uri=http://data.europa.eu/esco/concept-scheme/member-skills&language=en","uri":"http://data.europa.eu/esco/concept-scheme/member-skills","title":"ESCO member skills"},{"href":"https://ec.europa.eu/esco/api/resource/taxonomy?uri=http://data.europa.eu/esco/concept-scheme/skills&language=en","uri":"http://data.europa.eu/esco/concept-scheme/skills","title":"ESCO skills"}],"hasSkillType":[{"href":"https://ec.europa.eu/esco/api/resource/concept?uri=http://data.europa.eu/esco/skill-type/skill&language=en","uri":"http://data.europa.eu/esco/skill-type/skill","title":"skill"}],"hasReuseLevel":[{"href":"https://ec.europa.eu/esco/api/resource/concept?uri=http://data.europa.eu/esco/skill-reuse-level/occupation-specific&language=en","uri":"http://data.europa.eu/esco/skill-reuse-level/occupation-specific","title":"occupation specific skills and competences","code":"Level 4"}],"isEssentialForOccupation":[{"href":"https://ec.europa.eu/esco/api/resource/occupation?uri=http://data.europa.eu/esco/occupation/0fc6c577-7d5d-4bcd-8ce8-4a4114d6a809&language=en","uri":"http://data.europa.eu/esco/occupation/0fc6c577-7d5d-4bcd-8ce8-4a4114d6a809","title":"sectional belt mould assembler"}]},"_embedded":{}},{"className":"Skill","classId":"http://data.europa.eu/esco/model#Skill","uri":"http://data.europa.eu/esco/skill/e3eb64db-bc0b-4cc0-bd31-5feb94b2ef50","title":"track changes in text editing","referenceLanguage":["en"],"preferredLabel":{"no":"spore endringer i tekstredigering","de":"Änderung bei der Bearbeitung von Texten verfolgen","fi":"seurata muutoksia tekstinmuokkauksessa","en-us":"track changes in text editing","pt":"marcar alterações na edição de um texto","bg":"проследяване на промени при редактиране на текст","lt":"sekti pakeitimus redaguojant tekstą","hr":"pratiti promjene u uređivanju teksta","lv":"reģistrēt izmaiņas, rediģējot tekstu","fr":"suivre les modifications dans un traitement de texte","hu":"követi a változásokat a szöveg szerkesztésekor","sk":"vykonať zmeny pri úprave textu","sl":"slediti spremembam pri urejanju besedila","ga":"athruithe a rianú le linn téacs a chur in eagar","sv":"spåra ändringar vid testredigering","mt":"żamma tat-tibdiliet fl-editjar tat-testi","el":"παρακολούθηση αλλαγών στην επεξεργασία κειμένου","en":"track changes in text editing","is":"rekjar breytingar í ritstýringu texta","it":"tenere traccia dei cambiamenti durante la modifica dei testi","es":"introducir marcas de revisión en edición de textos","et":"teksti redigeerimisel muutusi jälitama","cs":"používat při úpravě textu režim sledování změn","ar":"يتبع التغييرات في تحرير النص","pl":"korygować tekst w trybie śledzenia zmian","da":"spore ændringer i tekstredigering","ro":"utilizează funcția de evidențiere a modificărilor la editarea textului","nl":"wijzigingen bijhouden bij tekstbewerking"},"alternativeLabel":{"en":["underscore changes in text editing","highlight changes in text editing","track changes when editing text","tracking changes in text editing","keep track of changes in text editing"],"nl":["wijzigingen bijhouden bij tekstredactie"]},"description":{"en-us":{"literal":"Track changes such as grammar and spelling corrections, element additions, and other modifications when editing (digital) texts.","mimetype":"plain/text"},"en":{"literal":"Track changes such as grammar and spelling corrections, element additions, and other modifications when editing (digital) texts.","mimetype":"plain/text"}},"status":"released","_links":{"self":{"href":"https://ec.europa.eu/esco/api/resource/skill?uri=http://data.europa.eu/esco/skill/e3eb64db-bc0b-4cc0-bd31-5feb94b2ef50&language=en","uri":"http://data.europa.eu/esco/skill/e3eb64db-bc0b-4cc0-bd31-5feb94b2ef50","title":"track changes in text editing"},"isTopConceptInScheme":[{"href":"https://ec.europa.eu/esco/api/resource/taxonomy?uri=http://data.europa.eu/esco/concept-scheme/skills&language=en","uri":"http://data.europa.eu/esco/concept-scheme/skills","title":"ESCO skills"},{"href":"https://ec.europa.eu/esco/api/resource/taxonomy?uri=http://data.europa.eu/esco/concept-scheme/member-skills&language=en","uri":"http://data.europa.eu/esco/concept-scheme/member-skills","title":"ESCO member skills"}],"isInScheme":[{"href":"https://ec.europa.eu/esco/api/resource/taxonomy?uri=http://data.europa.eu/esco/concept-scheme/skills&language=en","uri":"http://data.europa.eu/esco/concept-scheme/skills","title":"ESCO skills"},{"href":"https://ec.europa.eu/esco/api/resource/taxonomy?uri=http://data.europa.eu/esco/concept-scheme/member-skills&language=en","uri":"http://data.europa.eu/esco/concept-scheme/member-skills","title":"ESCO member skills"}],"hasSkillType":[{"href":"https://ec.europa.eu/esco/api/resource/concept?uri=http://data.europa.eu/esco/skill-type/skill&language=en","uri":"http://data.europa.eu/esco/skill-type/skill","title":"skill"}],"hasReuseLevel":[{"href":"https://ec.europa.eu/esco/api/resource/concept?uri=http://data.europa.eu/esco/skill-reuse-level/cross-sector&language=en","uri":"http://data.europa.eu/esco/skill-reuse-level/cross-sector","title":"cross-sector skills and competences","code":"Level 2"}],"isEssentialForOccupation":[{"href":"https://ec.europa.eu/esco/api/resource/occupation?uri=http://data.europa.eu/esco/occupation/8bd74371-1818-47d5-a253-d703c51c5f26&language=en","uri":"http://data.europa.eu/esco/occupation/8bd74371-1818-47d5-a253-d703c51c5f26","title":"copy editor"},{"href":"https://ec.europa.eu/esco/api/resource/occupation?uri=http://data.europa.eu/esco/occupation/b09ffdec-b04c-41a8-bacc-2c71d7a3e5ac&language=en","uri":"http://data.europa.eu/esco/occupation/b09ffdec-b04c-41a8-bacc-2c71d7a3e5ac","title":"typesetter"}],"isOptionalForOccupation":[{"href":"https://ec.europa.eu/esco/api/resource/occupation?uri=http://data.europa.eu/esco/occupation/23e3a8a0-905a-45be-983f-4cf32e133e09&language=en","uri":"http://data.europa.eu/esco/occupation/23e3a8a0-905a-45be-983f-4cf32e133e09","title":"imagesetter"},{"href":"https://ec.europa.eu/esco/api/resource/occupation?uri=http://data.europa.eu/esco/occupation/f8f34041-3640-41a9-852e-c5a7574de780&language=en","uri":"http://data.europa.eu/esco/occupation/f8f34041-3640-41a9-852e-c5a7574de780","title":"proofreader"}]},"_embedded":{}},{"className":"Skill","classId":"http://data.europa.eu/esco/model#Skill","uri":"http://data.europa.eu/esco/skill/ddbf25f1-b91a-4083-9ef1-cc113a46e4c0","title":"ecosystems","referenceLanguage":["en"],"preferredLabel":{"de":"Ökosysteme","no":"økosystemer","en-us":"ecosystems","fi":"ekosysteemit","pt":"ecossistemas","bg":"екосистеми","lt":"ekosistemos","hr":"ekosustavi","lv":"ekosistēmas","fr":"écosystèmes","hu":"ökoszisztémák","sk":"ekosystémy","sl":"ekosistemi","ga":"éiceachórais","sv":"ekosystem","el":"οικοσυστήματα","mt":"ekosistemi","en":"ecosystems","is":"vistkerfi","it":"ecosistemi","es":"ecosistemas","et":"ökosüsteemid","cs":"ekosystémy","ar":"النظم البيئية","pl":"ekosystemy","da":"økosystemer","ro":"ecosisteme","nl":"ecosystemen"},"alternativeLabel":{"fi":["ekologiset järjestelmät"],"lt":["ekologinės sistemos"],"en":["characteristics of ecological systems","typology of ecosystems","characteristics of ecosystems","diversity of ecosystems","types of ecosystems","diversity of ecological systems","typology of ecological systems","range of ecosystems","types of ecological systems","range of ecological systems"],"ro":["deteriorarea ecosistemelor","caracteristicile ecosistemelor antropizate","diversitatea ecosistemelor","structura ecosistemelor","tipuri de ecosisteme"],"es":["sistemas ecológicos","características de los ecosistemas","características de los sistemas ecológicos"]},"description":{"en-us":{"literal":"The characteristics of the system where living organisms co-habitate and interact with non-living elements.","mimetype":"plain/text"},"en":{"literal":"The characteristics of the system where living organisms co-habitate and interact with non-living elements.","mimetype":"plain/text"}},"status":"released","_links":{"self":{"href":"https://ec.europa.eu/esco/api/resource/skill?uri=http://data.europa.eu/esco/skill/ddbf25f1-b91a-4083-9ef1-cc113a46e4c0&language=en","uri":"http://data.europa.eu/esco/skill/ddbf25f1-b91a-4083-9ef1-cc113a46e4c0","title":"ecosystems"},"isTopConceptInScheme":[{"href":"https://ec.europa.eu/esco/api/resource/taxonomy?uri=http://data.europa.eu/esco/concept-scheme/member-skills&language=en","uri":"http://data.europa.eu/esco/concept-scheme/member-skills","title":"ESCO member skills"},{"href":"https://ec.europa.eu/esco/api/resource/taxonomy?uri=http://data.europa.eu/esco/concept-scheme/skills&language=en","uri":"http://data.europa.eu/esco/concept-scheme/skills","title":"ESCO skills"}],"isInScheme":[{"href":"https://ec.europa.eu/esco/api/resource/taxonomy?uri=http://data.europa.eu/esco/concept-scheme/member-skills&language=en","uri":"http://data.europa.eu/esco/concept-scheme/member-skills","title":"ESCO member skills"},{"href":"https://ec.europa.eu/esco/api/resource/taxonomy?uri=http://data.europa.eu/esco/concept-scheme/skills&language=en","uri":"http://data.europa.eu/esco/concept-scheme/skills","title":"ESCO skills"}],"hasSkillType":[{"href":"https://ec.europa.eu/esco/api/resource/concept?uri=http://data.europa.eu/esco/skill-type/knowledge&language=en","uri":"http://data.europa.eu/esco/skill-type/knowledge","title":"knowledge"}],"hasReuseLevel":[{"href":"https://ec.europa.eu/esco/api/resource/concept?uri=http://data.europa.eu/esco/skill-reuse-level/cross-sector&language=en","uri":"http://data.europa.eu/esco/skill-reuse-level/cross-sector","title":"cross-sector skills and competences","code":"Level 2"}],"isEssentialForOccupation":[{"href":"https://ec.europa.eu/esco/api/resource/occupation?uri=http://data.europa.eu/esco/occupation/fa32eb3f-5c9f-4668-8f85-5eefb3badab8&language=en","uri":"http://data.europa.eu/esco/occupation/fa32eb3f-5c9f-4668-8f85-5eefb3badab8","title":"forestry adviser"},{"href":"https://ec.europa.eu/esco/api/resource/occupation?uri=http://data.europa.eu/esco/occupation/c8ee41fc-7a5f-4255-adbd-dcc47cf2a28e&language=en","uri":"http://data.europa.eu/esco/occupation/c8ee41fc-7a5f-4255-adbd-dcc47cf2a28e","title":"hunter"}],"isOptionalForOccupation":[{"href":"https://ec.europa.eu/esco/api/resource/occupation?uri=http://data.europa.eu/esco/occupation/fcf9024e-277c-43c7-8ec8-8903e5c9c576&language=en","uri":"http://data.europa.eu/esco/occupation/fcf9024e-277c-43c7-8ec8-8903e5c9c576","title":"water engineer"},{"href":"https://ec.europa.eu/esco/api/resource/occupation?uri=http://data.europa.eu/esco/occupation/9740933e-e04a-41f6-af1f-a6d58c7eb0ec&language=en","uri":"http://data.europa.eu/esco/occupation/9740933e-e04a-41f6-af1f-a6d58c7eb0ec","title":"wastewater engineer"}]},"_embedded":{}},{"className":"Skill","classId":"http://data.europa.eu/esco/model#Skill","uri":"http://data.europa.eu/esco/skill/23cf0f69-eb33-496c-8926-6f18dd1a42f9","title":"secure the liner","referenceLanguage":["en"],"preferredLabel":{"de":"Zwischenlagen befestigen","no":"feste foringen","fi":"kiinnittää holkki","en-us":"secure the liner","pt":"prender o revestimento","bg":"обезопасяване на уплътнителна вложка","lt":"apsaugoti įdėklą","lv":"nostiprināt ieliktņus","hr":"osiguravati podloge","fr":"fixer des liners","hu":"bélésanyagot rögzít","sk":"pripevniť podložku","sl":"pritrjevati podloge","ga":"an líneáil a dhaingniú","sv":"fästa medlöpare","mt":"irbit tal-inforra","el":"συγκράτηση εσωτερικής επένδυσης τριβείου","en":"secure the liner","is":"tryggir fóðrarann","it":"fissare il rivestimento","es":"sujetar camisas","et":"tihendit kinnitama","cs":"zajistit obložení","ar":"يحافظ على البطانة","pl":"zabezpieczać wykładzinę","da":"sikre liner","ro":"fixează căptușeala","nl":"voering vastmaken"},"alternativeLabel":{"en":["liner fastening","liner securing","securing the liner","fasten the liner","fastening the liner"]},"description":{"en-us":{"literal":"Secure the liners by tying the cords around them.","mimetype":"plain/text"},"en":{"literal":"Secure the liners by tying the cords around them.","mimetype":"plain/text"}},"status":"released","_links":{"self":{"href":"https://ec.europa.eu/esco/api/resource/skill?uri=http://data.europa.eu/esco/skill/23cf0f69-eb33-496c-8926-6f18dd1a42f9&language=en","uri":"http://data.europa.eu/esco/skill/23cf0f69-eb33-496c-8926-6f18dd1a42f9","title":"secure the liner"},"isTopConceptInScheme":[{"href":"https://ec.europa.eu/esco/api/resource/taxonomy?uri=http://data.europa.eu/esco/concept-scheme/member-skills&language=en","uri":"http://data.europa.eu/esco/concept-scheme/member-skills","title":"ESCO member skills"},{"href":"https://ec.europa.eu/esco/api/resource/taxonomy?uri=http://data.europa.eu/esco/concept-scheme/skills&language=en","uri":"http://data.europa.eu/esco/concept-scheme/skills","title":"ESCO skills"}],"isInScheme":[{"href":"https://ec.europa.eu/esco/api/resource/taxonomy?uri=http://data.europa.eu/esco/concept-scheme/member-skills&language=en","uri":"http://data.europa.eu/esco/concept-scheme/member-skills","title":"ESCO member skills"},{"href":"https://ec.europa.eu/esco/api/resource/taxonomy?uri=http://data.europa.eu/esco/concept-scheme/skills&language=en","uri":"http://data.europa.eu/esco/concept-scheme/skills","title":"ESCO skills"}],"hasSkillType":[{"href":"https://ec.europa.eu/esco/api/resource/concept?uri=http://data.europa.eu/esco/skill-type/skill&language=en","uri":"http://data.europa.eu/esco/skill-type/skill","title":"skill"}],"hasReuseLevel":[{"href":"https://ec.europa.eu/esco/api/resource/concept?uri=http://data.europa.eu/esco/skill-reuse-level/occupation-specific&language=en","uri":"http://data.europa.eu/esco/skill-reuse-level/occupation-specific","title":"occupation specific skills and competences","code":"Level 4"}],"isEssentialForOccupation":[{"href":"https://ec.europa.eu/esco/api/resource/occupation?uri=http://data.europa.eu/esco/occupation/0fc6c577-7d5d-4bcd-8ce8-4a4114d6a809&language=en","uri":"http://data.europa.eu/esco/occupation/0fc6c577-7d5d-4bcd-8ce8-4a4114d6a809","title":"sectional belt mould assembler"}]},"_embedded":{}},{"className":"Skill","classId":"http://data.europa.eu/esco/model#Skill","uri":"http://data.europa.eu/esco/skill/26ca7ed6-80a7-47e3-92f5-6e6016adeb95","title":"set colour profiles","referenceLanguage":["en"],"preferredLabel":{"de":"Farbprofil einstellen","no":"angi fargeprofiler","en-us":"set color  profiles","fi":"valita väriprofiileja","pt":"estabelecer perfis de cor","bg":"настройване на цветови профили","lt":"nustatyti spalvų profilius","lv":"iestatīt krāsu profilus","hr":"određivati profile boja","fr":"régler des profils de couleurs","hu":"színprofilokat állít be","sk":"nastaviť farebný profil","sl":"določati barvne profile","ga":"próifílí dathanna a shocrú","sv":"ställa in färgprofiler","el":"καθορισμός των προφίλ χρωμάτων","mt":"konfigurazzjoni tal-profili tal-kulur","en":"set colour profiles","is":"setur upp litaforstillingu","it":"impostare profili di colore","es":"configurar perfiles de color","et":"värviprofiile määrama","cs":"nastavit barevné profily","ar":"يثبت ملامح الألوان","pl":"konfigurować profile kolorystyczne","ro":"stabilește profiluri de culoare","da":"indstille farveprofiler","nl":"kleurprofielen instellen"},"alternativeLabel":{"en":["decide colour profiles","set colour profile","program colour profiles","determine colour profiles","setting colour profiles"],"es":["establecer perfiles de color","programar perfiles de color"]},"description":{"en-us":{"literal":"Maintain consistent color output in digital color and inkjet printers by running calibration routines and making sure that the color profiles for the printers are still accurate.","mimetype":"plain/text"},"en":{"literal":"Maintain consistent colour output in digital colour and inkjet printers by running calibration routines and making sure that the colour profiles for the printers are still accurate.","mimetype":"plain/text"}},"status":"released","_links":{"self":{"href":"https://ec.europa.eu/esco/api/resource/skill?uri=http://data.europa.eu/esco/skill/26ca7ed6-80a7-47e3-92f5-6e6016adeb95&language=en","uri":"http://data.europa.eu/esco/skill/26ca7ed6-80a7-47e3-92f5-6e6016adeb95","title":"set colour profiles"},"isTopConceptInScheme":[{"href":"https://ec.europa.eu/esco/api/resource/taxonomy?uri=http://data.europa.eu/esco/concept-scheme/skills&language=en","uri":"http://data.europa.eu/esco/concept-scheme/skills","title":"ESCO skills"},{"href":"https://ec.europa.eu/esco/api/resource/taxonomy?uri=http://data.europa.eu/esco/concept-scheme/member-skills&language=en","uri":"http://data.europa.eu/esco/concept-scheme/member-skills","title":"ESCO member skills"}],"isInScheme":[{"href":"https://ec.europa.eu/esco/api/resource/taxonomy?uri=http://data.europa.eu/esco/concept-scheme/skills&language=en","uri":"http://data.europa.eu/esco/concept-scheme/skills","title":"ESCO skills"},{"href":"https://ec.europa.eu/esco/api/resource/taxonomy?uri=http://data.europa.eu/esco/concept-scheme/member-skills&language=en","uri":"http://data.europa.eu/esco/concept-scheme/member-skills","title":"ESCO member skills"}],"hasSkillType":[{"href":"https://ec.europa.eu/esco/api/resource/concept?uri=http://data.europa.eu/esco/skill-type/skill&language=en","uri":"http://data.europa.eu/esco/skill-type/skill","title":"skill"}],"hasReuseLevel":[{"href":"https://ec.europa.eu/esco/api/resource/concept?uri=http://data.europa.eu/esco/skill-reuse-level/sector-specific&language=en","uri":"http://data.europa.eu/esco/skill-reuse-level/sector-specific","title":"sector specific skills and competences","code":"Level 3"}],"isEssentialForOccupation":[{"href":"https://ec.europa.eu/esco/api/resource/occupation?uri=http://data.europa.eu/esco/occupation/77de6c7d-27bf-4bc2-8c80-5d6f6d9811f4&language=en","uri":"http://data.europa.eu/esco/occupation/77de6c7d-27bf-4bc2-8c80-5d6f6d9811f4","title":"reprographics technician"},{"href":"https://ec.europa.eu/esco/api/resource/occupation?uri=http://data.europa.eu/esco/occupation/6175b828-026d-4fb4-8be7-418394e1add0&language=en","uri":"http://data.europa.eu/esco/occupation/6175b828-026d-4fb4-8be7-418394e1add0","title":"digital printer"},{"href":"https://ec.europa.eu/esco/api/resource/occupation?uri=http://data.europa.eu/esco/occupation/54ffd31f-ed90-4af4-b877-cd246351ad39&language=en","uri":"http://data.europa.eu/esco/occupation/54ffd31f-ed90-4af4-b877-cd246351ad39","title":"prepress technician"}],"isOptionalForOccupation":[{"href":"https://ec.europa.eu/esco/api/resource/occupation?uri=http://data.europa.eu/esco/occupation/23e3a8a0-905a-45be-983f-4cf32e133e09&language=en","uri":"http://data.europa.eu/esco/occupation/23e3a8a0-905a-45be-983f-4cf32e133e09","title":"imagesetter"}]},"_embedded":{}},{"className":"Skill","classId":"http://data.europa.eu/esco/model#Skill","uri":"http://data.europa.eu/esco/skill/3cb348a4-e49e-4fe2-a403-d558dce1b38d","title":"family law","referenceLanguage":["en"],"preferredLabel":{"no":"familierett","de":"Familienrecht","en-us":"family law","fi":"perheoikeus","pt":"direito da família","bg":"семейно право","lt":"šeimos teisė","lv":"ģimenes tiesības","hr":"obiteljsko pravo","fr":"droit de la famille","hu":"családjog","sk":"rodinné právo","sl":"družinsko pravo","ga":"family law","sv":"familjerätt","mt":"liġi tal-familja","el":"οικογενειακό δίκαιο","en":"family law","is":"fjölskyldulög","it":"diritto di famiglia","es":"Derecho de familia","et":"perekonnaõigus","cs":"rodinné právo","ar":"قانون الأسرة","pl":"prawo rodzinne","ro":"dreptul familiei","da":"familieret","nl":"familierecht"},"alternativeLabel":{"sv":["familjelagstiftning"],"bg":["семейно законодателство"],"en":["family legal processes","family court procedures","family rules","family regulations"],"hu":["családi jog"],"nl":["gezinsrecht"],"es":["leyes familiares","legislación de familia"]},"description":{"en-us":{"literal":"The legal rules that govern family-related disputes between individuals such as marriages, child adoption, civil unions, etc.","mimetype":"plain/text"},"en":{"literal":"The legal rules that govern family-related disputes between individuals such as marriages, child adoption, civil unions, etc.","mimetype":"plain/text"}},"status":"released","_links":{"self":{"href":"https://ec.europa.eu/esco/api/resource/skill?uri=http://data.europa.eu/esco/skill/3cb348a4-e49e-4fe2-a403-d558dce1b38d&language=en","uri":"http://data.europa.eu/esco/skill/3cb348a4-e49e-4fe2-a403-d558dce1b38d","title":"family law"},"isTopConceptInScheme":[{"href":"https://ec.europa.eu/esco/api/resource/taxonomy?uri=http://data.europa.eu/esco/concept-scheme/member-skills&language=en","uri":"http://data.europa.eu/esco/concept-scheme/member-skills","title":"ESCO member skills"},{"href":"https://ec.europa.eu/esco/api/resource/taxonomy?uri=http://data.europa.eu/esco/concept-scheme/skills&language=en","uri":"http://data.europa.eu/esco/concept-scheme/skills","title":"ESCO skills"}],"isInScheme":[{"href":"https://ec.europa.eu/esco/api/resource/taxonomy?uri=http://data.europa.eu/esco/concept-scheme/member-skills&language=en","uri":"http://data.europa.eu/esco/concept-scheme/member-skills","title":"ESCO member skills"},{"href":"https://ec.europa.eu/esco/api/resource/taxonomy?uri=http://data.europa.eu/esco/concept-scheme/skills&language=en","uri":"http://data.europa.eu/esco/concept-scheme/skills","title":"ESCO skills"}],"hasSkillType":[{"href":"https://ec.europa.eu/esco/api/resource/concept?uri=http://data.europa.eu/esco/skill-type/knowledge&language=en","uri":"http://data.europa.eu/esco/skill-type/knowledge","title":"knowledge"}],"hasReuseLevel":[{"href":"https://ec.europa.eu/esco/api/resource/concept?uri=http://data.europa.eu/esco/skill-reuse-level/cross-sector&language=en","uri":"http://data.europa.eu/esco/skill-reuse-level/cross-sector","title":"cross-sector skills and competences","code":"Level 2"}],"isEssentialForOccupation":[{"href":"https://ec.europa.eu/esco/api/resource/occupation?uri=http://data.europa.eu/esco/occupation/95d0a616-a4a9-4f56-a8fb-4de43cdb4c82&language=en","uri":"http://data.europa.eu/esco/occupation/95d0a616-a4a9-4f56-a8fb-4de43cdb4c82","title":"family social worker"},{"href":"https://ec.europa.eu/esco/api/resource/occupation?uri=http://data.europa.eu/esco/occupation/021663ca-a367-472e-a1f0-6d8ab5b2d860&language=en","uri":"http://data.europa.eu/esco/occupation/021663ca-a367-472e-a1f0-6d8ab5b2d860","title":"legal guardian"},{"href":"https://ec.europa.eu/esco/api/resource/occupation?uri=http://data.europa.eu/esco/occupation/4c89c65c-4e35-44e3-8fa0-5d73e9e15325&language=en","uri":"http://data.europa.eu/esco/occupation/4c89c65c-4e35-44e3-8fa0-5d73e9e15325","title":"family support worker"}],"isOptionalForOccupation":[{"href":"https://ec.europa.eu/esco/api/resource/occupation?uri=http://data.europa.eu/esco/occupation/5f45a1ea-4d1b-43c3-b6a8-53b2276b3eb3&language=en","uri":"http://data.europa.eu/esco/occupation/5f45a1ea-4d1b-43c3-b6a8-53b2276b3eb3","title":"genealogist"},{"href":"https://ec.europa.eu/esco/api/resource/occupation?uri=http://data.europa.eu/esco/occupation/f634ce9b-68a5-4a8a-af4a-ed13fc0deba9&language=en","uri":"http://data.europa.eu/esco/occupation/f634ce9b-68a5-4a8a-af4a-ed13fc0deba9","title":"justice of the peace"},{"href":"https://ec.europa.eu/esco/api/resource/occupation?uri=http://data.europa.eu/esco/occupation/974d4eab-fbee-4c52-b16e-73bdd8c25b53&language=en","uri":"http://data.europa.eu/esco/occupation/974d4eab-fbee-4c52-b16e-73bdd8c25b53","title":"lawyer"},{"href":"https://ec.europa.eu/esco/api/resource/occupation?uri=http://data.europa.eu/esco/occupation/5d601b40-7e0e-404e-bbff-bb98e147437c&language=en","uri":"http://data.europa.eu/esco/occupation/5d601b40-7e0e-404e-bbff-bb98e147437c","title":"legal policy officer"},{"href":"https://ec.europa.eu/esco/api/resource/occupation?uri=http://data.europa.eu/esco/occupation/8d703e8f-1e57-4246-8a6b-cb87a760d4ab&language=en","uri":"http://data.europa.eu/esco/occupation/8d703e8f-1e57-4246-8a6b-cb87a760d4ab","title":"social care worker"},{"href":"https://ec.europa.eu/esco/api/resource/occupation?uri=http://data.europa.eu/esco/occupation/a8d05b64-f60b-4dd9-91c2-e2e63d82f2f5&language=en","uri":"http://data.europa.eu/esco/occupation/a8d05b64-f60b-4dd9-91c2-e2e63d82f2f5","title":"consul"},{"href":"https://ec.europa.eu/esco/api/resource/occupation?uri=http://data.europa.eu/esco/occupation/07bd65d7-c13f-443a-bdf6-88903f3822be&language=en","uri":"http://data.europa.eu/esco/occupation/07bd65d7-c13f-443a-bdf6-88903f3822be","title":"judge"},{"href":"https://ec.europa.eu/esco/api/resource/occupation?uri=http://data.europa.eu/esco/occupation/4b05bef2-ded4-4b09-ab94-f4c6a555a775&language=en","uri":"http://data.europa.eu/esco/occupation/4b05bef2-ded4-4b09-ab94-f4c6a555a775","title":"social worker"}]},"_embedded":{}},{"className":"Skill","classId":"http://data.europa.eu/esco/model#Skill","uri":"http://data.europa.eu/esco/skill/6d372e75-5ca1-483a-b930-dd495dbe22ef","title":"carry picking work aids","referenceLanguage":["en"],"preferredLabel":{"de":"Erntewerkzeug tragen","no":"bære arbeidshjelpemidler for plukking","en-us":"carry picking work aids","fi":"kantaa poimimisen apuvälineitä","pt":"carregar ferramentas de trabalho para a apanha","bg":"носене на помощни средства за бране","lt":"nešioti derliaus rinkimo (skynimo) darbų pagalbines priemones","lv":"nest vākšanas palīglīdzekļus","hr":"nositi opremu za berbu","fr":"transporter du matériel de cueillette","hu":"leszedéshez szükséges munkaeszközöket hordoz","sk":"nosiť pracovné pomôcky na zber","sl":"nositi pripomočke za obiranje","ga":"áiseanna oibre pioctha a iompar","sv":"bära plockningshjälpmedel","mt":"ġarr tat-tagħmir tal-ġbir","el":"μεταφορά βοηθητικού εξοπλισμού εργασίας για τη συγκομιδή καρπών","en":"carry picking work aids","is":"heldur á hjálpartækjum fyrir tínslu","it":"trasportare gli ausili per il lavoro di raccolta","es":"transportar herramientas para trabajos de recolección","et":"korjamist hõlbustavaid vahendeid kandma","cs":"nosit pracovní pomůcky pro sběr","ar":"يحمل الأدوات المساعدة في العمل","pl":"nosić sprzęt ułatwiający pracę przy zbiorach","da":"bære udstyr til plukning","ro":"cară echipamente pentru cules","nl":"oogsthulpmiddelen dragen"},"alternativeLabel":{"en":["transport picking work aids","fruit picking work aids transporting","picking work aids transporting","carrying picking work aids","carrying fruit picking work aids","carry fruit picking work aids","transport fruit picking work aids","fruit picking work aids carrying","transporting fruit picking work aids","picking work aids carrying","transporting picking work aids"],"ro":["cară accesorii pentru cules fructe"],"es":["mover herramientas para trabajos de recolección","trasladar herramientas para trabajos de recolección"]},"description":{"en-us":{"literal":"Carry work equipment, such as ladders, small containers or canvas drop cloths.","mimetype":"plain/text"},"en":{"literal":"Carry work equipment, such as ladders, small containers or canvas drop cloths.","mimetype":"plain/text"}},"status":"released","_links":{"self":{"href":"https://ec.europa.eu/esco/api/resource/skill?uri=http://data.europa.eu/esco/skill/6d372e75-5ca1-483a-b930-dd495dbe22ef&language=en","uri":"http://data.europa.eu/esco/skill/6d372e75-5ca1-483a-b930-dd495dbe22ef","title":"carry picking work aids"},"isTopConceptInScheme":[{"href":"https://ec.europa.eu/esco/api/resource/taxonomy?uri=http://data.europa.eu/esco/concept-scheme/skills&language=en","uri":"http://data.europa.eu/esco/concept-scheme/skills","title":"ESCO skills"},{"href":"https://ec.europa.eu/esco/api/resource/taxonomy?uri=http://data.europa.eu/esco/concept-scheme/member-skills&language=en","uri":"http://data.europa.eu/esco/concept-scheme/member-skills","title":"ESCO member skills"}],"isInScheme":[{"href":"https://ec.europa.eu/esco/api/resource/taxonomy?uri=http://data.europa.eu/esco/concept-scheme/skills&language=en","uri":"http://data.europa.eu/esco/concept-scheme/skills","title":"ESCO skills"},{"href":"https://ec.europa.eu/esco/api/resource/taxonomy?uri=http://data.europa.eu/esco/concept-scheme/member-skills&language=en","uri":"http://data.europa.eu/esco/concept-scheme/member-skills","title":"ESCO member skills"}],"hasSkillType":[{"href":"https://ec.europa.eu/esco/api/resource/concept?uri=http://data.europa.eu/esco/skill-type/skill&language=en","uri":"http://data.europa.eu/esco/skill-type/skill","title":"skill"}],"hasReuseLevel":[{"href":"https://ec.europa.eu/esco/api/resource/concept?uri=http://data.europa.eu/esco/skill-reuse-level/occupation-specific&language=en","uri":"http://data.europa.eu/esco/skill-reuse-level/occupation-specific","title":"occupation specific skills and competences","code":"Level 4"}],"isEssentialForOccupation":[{"href":"https://ec.europa.eu/esco/api/resource/occupation?uri=http://data.europa.eu/esco/occupation/373db468-bd25-4b67-a6e0-4ac79d9a9e85&language=en","uri":"http://data.europa.eu/esco/occupation/373db468-bd25-4b67-a6e0-4ac79d9a9e85","title":"fruit and vegetable picker"}]},"_embedded":{}},{"className":"Skill","classId":"http://data.europa.eu/esco/model#Skill","uri":"http://data.europa.eu/esco/skill/c6543651-d743-4e12-be72-c81d1eaf4541","title":"estimate damage","referenceLanguage":["en"],"preferredLabel":{"no":"estimere skader","de":"Schäden einschätzen","fi":"arvioida vahinkoja","en-us":"estimate damage","pt":"fazer estimativas dos danos","bg":"оценяване на вреди","lt":"vertinti nuostolius","hr":"procijeniti štetu","lv":"noteikt zaudējumu apmēru","fr":"estimer des dommages","hu":"felbecsüli a kárt","sk":"odhadnúť škody","sl":"oceniti škodo","ga":"damáiste a mheas","sv":"bedöma skador","el":"εκτίμηση ζημίας","mt":"stima tad-danni","en":"estimate damage","is":"áætlar tjón","it":"stimare i danni","es":"calcular daños","et":"kahjusid prognoosima","cs":"odhadovat škody","ar":"يقدّر الضرر","pl":"oszacowywać szkody","ro":"estimează daunele","da":"estimere skade","nl":"schade inschatten"},"alternativeLabel":{"bg":["оценяване на щети"],"lt":["vertinti patirtą žalą"],"en":["damage estimating","assess damage","estimate accidental damage","estimate storm damage","estimating storm damage","assessing accidental damage","estimating accidental damage","estimating damage","assess accidental damage","damage assessing","assess storm damage","assessing damage","assessing storm damage"],"nl":["schade berekenen"],"es":["estimar daños","valorar daños","medir daños"]},"description":{"en-us":{"literal":"Estimate damage in case of accidents or natural disasters.","mimetype":"plain/text"},"en":{"literal":"Estimate damage in case of accidents or natural disasters.","mimetype":"plain/text"}},"status":"released","_links":{"self":{"href":"https://ec.europa.eu/esco/api/resource/skill?uri=http://data.europa.eu/esco/skill/c6543651-d743-4e12-be72-c81d1eaf4541&language=en","uri":"http://data.europa.eu/esco/skill/c6543651-d743-4e12-be72-c81d1eaf4541","title":"estimate damage"},"isTopConceptInScheme":[{"href":"https://ec.europa.eu/esco/api/resource/taxonomy?uri=http://data.europa.eu/esco/concept-scheme/skills&language=en","uri":"http://data.europa.eu/esco/concept-scheme/skills","title":"ESCO skills"},{"href":"https://ec.europa.eu/esco/api/resource/taxonomy?uri=http://data.europa.eu/esco/concept-scheme/member-skills&language=en","uri":"http://data.europa.eu/esco/concept-scheme/member-skills","title":"ESCO member skills"}],"isInScheme":[{"href":"https://ec.europa.eu/esco/api/resource/taxonomy?uri=http://data.europa.eu/esco/concept-scheme/skills&language=en","uri":"http://data.europa.eu/esco/concept-scheme/skills","title":"ESCO skills"},{"href":"https://ec.europa.eu/esco/api/resource/taxonomy?uri=http://data.europa.eu/esco/concept-scheme/member-skills&language=en","uri":"http://data.europa.eu/esco/concept-scheme/member-skills","title":"ESCO member skills"}],"hasSkillType":[{"href":"https://ec.europa.eu/esco/api/resource/concept?uri=http://data.europa.eu/esco/skill-type/skill&language=en","uri":"http://data.europa.eu/esco/skill-type/skill","title":"skill"}],"hasReuseLevel":[{"href":"https://ec.europa.eu/esco/api/resource/concept?uri=http://data.europa.eu/esco/skill-reuse-level/sector-specific&language=en","uri":"http://data.europa.eu/esco/skill-reuse-level/sector-specific","title":"sector specific skills and competences","code":"Level 3"}],"isEssentialForOccupation":[{"href":"https://ec.europa.eu/esco/api/resource/occupation?uri=http://data.europa.eu/esco/occupation/ea4c9aa1-cb9d-4037-a748-ac1305af7129&language=en","uri":"http://data.europa.eu/esco/occupation/ea4c9aa1-cb9d-4037-a748-ac1305af7129","title":"emergency response worker"},{"href":"https://ec.europa.eu/esco/api/resource/occupation?uri=http://data.europa.eu/esco/occupation/e91bc34c-0c4f-4ac9-8e2f-8f337d75f9ca&language=en","uri":"http://data.europa.eu/esco/occupation/e91bc34c-0c4f-4ac9-8e2f-8f337d75f9ca","title":"loss adjuster"},{"href":"https://ec.europa.eu/esco/api/resource/occupation?uri=http://data.europa.eu/esco/occupation/72913ee1-1696-4d74-b26f-681d17887c58&language=en","uri":"http://data.europa.eu/esco/occupation/72913ee1-1696-4d74-b26f-681d17887c58","title":"emergency response coordinator"},{"href":"https://ec.europa.eu/esco/api/resource/occupation?uri=http://data.europa.eu/esco/occupation/fa32eb3f-5c9f-4668-8f85-5eefb3badab8&language=en","uri":"http://data.europa.eu/esco/occupation/fa32eb3f-5c9f-4668-8f85-5eefb3badab8","title":"forestry adviser"},{"href":"https://ec.europa.eu/esco/api/resource/occupation?uri=http://data.europa.eu/esco/occupation/4c9ca706-3973-4926-854d-44011662ca83&language=en","uri":"http://data.europa.eu/esco/occupation/4c9ca706-3973-4926-854d-44011662ca83","title":"fire protection technician"},{"href":"https://ec.europa.eu/esco/api/resource/occupation?uri=http://data.europa.eu/esco/occupation/b865693a-eb11-44cc-bf6c-38e5b4d7e169&language=en","uri":"http://data.europa.eu/esco/occupation/b865693a-eb11-44cc-bf6c-38e5b4d7e169","title":"arboriculturist"},{"href":"https://ec.europa.eu/esco/api/resource/occupation?uri=http://data.europa.eu/esco/occupation/7bcafcd7-3f35-4a72-849c-c92b334927fd&language=en","uri":"http://data.europa.eu/esco/occupation/7bcafcd7-3f35-4a72-849c-c92b334927fd","title":"insurance risk consultant"},{"href":"https://ec.europa.eu/esco/api/resource/occupation?uri=http://data.europa.eu/esco/occupation/bd1cd902-1fb1-40b1-abce-bb9ef60805b4&language=en","uri":"http://data.europa.eu/esco/occupation/bd1cd902-1fb1-40b1-abce-bb9ef60805b4","title":"coastguard watch officer"}],"isOptionalForOccupation":[{"href":"https://ec.europa.eu/esco/api/resource/occupation?uri=http://data.europa.eu/esco/occupation/594170bc-5663-40b0-97ef-c9f1ad51b2a0&language=en","uri":"http://data.europa.eu/esco/occupation/594170bc-5663-40b0-97ef-c9f1ad51b2a0","title":"insurance agency manager"},{"href":"https://ec.europa.eu/esco/api/resource/occupation?uri=http://data.europa.eu/esco/occupation/942211c1-b534-4a14-ae85-38ea44c2d14b&language=en","uri":"http://data.europa.eu/esco/occupation/942211c1-b534-4a14-ae85-38ea44c2d14b","title":"insurance claims manager"},{"href":"https://ec.europa.eu/esco/api/resource/occupation?uri=http://data.europa.eu/esco/occupation/c302791c-6864-4ec5-9a6c-2fca38764f0e&language=en","uri":"http://data.europa.eu/esco/occupation/c302791c-6864-4ec5-9a6c-2fca38764f0e","title":"fire inspector"},{"href":"https://ec.europa.eu/esco/api/resource/occupation?uri=http://data.europa.eu/esco/occupation/4975c4cc-a89f-4ea8-82aa-501258dfb2f9&language=en","uri":"http://data.europa.eu/esco/occupation/4975c4cc-a89f-4ea8-82aa-501258dfb2f9","title":"property insurance underwriter"},{"href":"https://ec.europa.eu/esco/api/resource/occupation?uri=http://data.europa.eu/esco/occupation/fa30c1cb-dbc5-409c-8124-7284592b123c&language=en","uri":"http://data.europa.eu/esco/occupation/fa30c1cb-dbc5-409c-8124-7284592b123c","title":"tree surgeon"},{"href":"https://ec.europa.eu/esco/api/resource/occupation?uri=http://data.europa.eu/esco/occupation/f04eaeff-52f5-4d52-93ad-6f846884827f&language=en","uri":"http://data.europa.eu/esco/occupation/f04eaeff-52f5-4d52-93ad-6f846884827f","title":"forester"},{"href":"https://ec.europa.eu/esco/api/resource/occupation?uri=http://data.europa.eu/esco/occupation/01a83071-6533-4675-b2da-f0c6d02669f5&language=en","uri":"http://data.europa.eu/esco/occupation/01a83071-6533-4675-b2da-f0c6d02669f5","title":"insurance claims handler"},{"href":"https://ec.europa.eu/esco/api/resource/occupation?uri=http://data.europa.eu/esco/occupation/e937449a-d9e0-4ab7-9ea5-4d3ac673be6d&language=en","uri":"http://data.europa.eu/esco/occupation/e937449a-d9e0-4ab7-9ea5-4d3ac673be6d","title":"insurance underwriter"},{"href":"https://ec.europa.eu/esco/api/resource/occupation?uri=http://data.europa.eu/esco/occupation/30f3ea93-882a-4525-841c-1d5b4b64076f&language=en","uri":"http://data.europa.eu/esco/occupation/30f3ea93-882a-4525-841c-1d5b4b64076f","title":"financial manager"}]},"_embedded":{}},{"className":"Skill","classId":"http://data.europa.eu/esco/model#Skill","uri":"http://data.europa.eu/esco/skill/3027f780-8456-4745-94a1-aedf2c3418e6","title":"organise a repertoire","referenceLanguage":["en"],"preferredLabel":{"de":"ein Repertoire gestalten","no":"organisere et repertoar","fi":"koota ohjelmisto","en-us":"organize a repertoire","pt":"organizar um repertório","bg":"организиране на репертоар","lt":"organizuoti repertuarą","lv":"organizēt repertuāru","hr":"organizirati repertoar","fr":"organiser un répertoire","hu":"repertoárt állít össze","sk":"vytvoriť repertoár","sl":"organizirati repertoar","ga":"repertoire a eagrú","sv":"organisera en repertoar","mt":"organizzazzjoni tar-repertorji","el":"οργάνωση ρεπερτορίου","en":"organise a repertoire","is":"skipuleggur fasta efnisskrá","it":"organizzare un repertorio","es":"organizar un repertorio","et":"repertuaari organiseerima","cs":"organizovat repertoár","ar":"ينظم المجموعات","pl":"organizować repertuar","da":"organisere et repertoire","ro":"organizează un repertoriu","nl":"repertoire organiseren"},"alternativeLabel":{"en":["arrange a repertoire","put a repertoire together","organise repertoires","create a repertoire","organize a repertoire","organising a repertoire"]},"description":{"en-us":{"literal":"Sort and order a collection as a whole in such a way that its parts can be found by following the organizing principles.","mimetype":"plain/text"},"en":{"literal":" Sort and order a collection as a whole in such a way that its parts can be found by following the organising principles.","mimetype":"plain/text"}},"status":"released","_links":{"self":{"href":"https://ec.europa.eu/esco/api/resource/skill?uri=http://data.europa.eu/esco/skill/3027f780-8456-4745-94a1-aedf2c3418e6&language=en","uri":"http://data.europa.eu/esco/skill/3027f780-8456-4745-94a1-aedf2c3418e6","title":"organise a repertoire"},"isTopConceptInScheme":[{"href":"https://ec.europa.eu/esco/api/resource/taxonomy?uri=http://data.europa.eu/esco/concept-scheme/skills&language=en","uri":"http://data.europa.eu/esco/concept-scheme/skills","title":"ESCO skills"},{"href":"https://ec.europa.eu/esco/api/resource/taxonomy?uri=http://data.europa.eu/esco/concept-scheme/member-skills&language=en","uri":"http://data.europa.eu/esco/concept-scheme/member-skills","title":"ESCO member skills"}],"isInScheme":[{"href":"https://ec.europa.eu/esco/api/resource/taxonomy?uri=http://data.europa.eu/esco/concept-scheme/skills&language=en","uri":"http://data.europa.eu/esco/concept-scheme/skills","title":"ESCO skills"},{"href":"https://ec.europa.eu/esco/api/resource/taxonomy?uri=http://data.europa.eu/esco/concept-scheme/member-skills&language=en","uri":"http://data.europa.eu/esco/concept-scheme/member-skills","title":"ESCO member skills"}],"hasSkillType":[{"href":"https://ec.europa.eu/esco/api/resource/concept?uri=http://data.europa.eu/esco/skill-type/skill&language=en","uri":"http://data.europa.eu/esco/skill-type/skill","title":"skill"}],"hasReuseLevel":[{"href":"https://ec.europa.eu/esco/api/resource/concept?uri=http://data.europa.eu/esco/skill-reuse-level/sector-specific&language=en","uri":"http://data.europa.eu/esco/skill-reuse-level/sector-specific","title":"sector specific skills and competences","code":"Level 3"}],"isEssentialForOccupation":[{"href":"https://ec.europa.eu/esco/api/resource/occupation?uri=http://data.europa.eu/esco/occupation/6581aa0d-c807-4091-84cc-bc041f962ab1&language=en","uri":"http://data.europa.eu/esco/occupation/6581aa0d-c807-4091-84cc-bc041f962ab1","title":"singer"},{"href":"https://ec.europa.eu/esco/api/resource/occupation?uri=http://data.europa.eu/esco/occupation/f6803a58-91d9-4251-9a07-09fc387cec16&language=en","uri":"http://data.europa.eu/esco/occupation/f6803a58-91d9-4251-9a07-09fc387cec16","title":"musician"}]},"_embedded":{}},{"className":"Skill","classId":"http://data.europa.eu/esco/model#Skill","uri":"http://data.europa.eu/esco/skill/c88305ac-bf49-40bb-acaa-44ab3cb94ec3","title":"notate different dances","referenceLanguage":["en"],"preferredLabel":{"de":"verschiedene Tänze notieren","no":"nedtegne forskjellige danser","fi":"laatia erilaisia tanssinotaatioita","en-us":"notate different dances","pt":"redigir notações de danças","bg":"обозначаване на различни танци","lt":"užrašyti įvairių šokių notaciją","hr":"bilježiti različite plesove","lv":"pierakstīt dažādas dejas","fr":"noter différentes danses","hu":"különböző táncokról feljegyzéseket készít","sk":"zaznamenať rôzne tance","sl":"zapisovati različne oblike plesa","ga":"damhsaí difriúla a nótáil","sv":"notera olika danser","mt":"teħid ta’ noti dwar żifniet differenti","el":"σημειογραφία διαφορετικών χορών","en":"notate different dances","is":"skrifar nótur um mismunandi dansa","it":"fare la notazione di danze diverse","es":"realizar la notación de distintos tipos de danza","et":"erinevaid tantse noteerima","cs":"popisovat různé tance notací","ar":"يرمّز رقصات مختلفة","pl":"stosować techniki notacji różnych tańców","da":"notere forskellige danse","ro":"notează stiluri de dans","nl":"verschillende dansen noteren"},"alternativeLabel":{"sl":["uporabljati tehnike plesne notacije"],"en":["notate dances","take notes on different dances","notate dance","notating different dances","log different dances"],"nl":["verschillende dansen optekenen","aantekeningen maken over verschillende dansen"]},"description":{"en-us":{"literal":"Use dance noting techniques to notate different forms of dance.","mimetype":"plain/text"},"en":{"literal":"Use dance noting techniques to notate different forms of dance.","mimetype":"plain/text"}},"status":"released","_links":{"self":{"href":"https://ec.europa.eu/esco/api/resource/skill?uri=http://data.europa.eu/esco/skill/c88305ac-bf49-40bb-acaa-44ab3cb94ec3&language=en","uri":"http://data.europa.eu/esco/skill/c88305ac-bf49-40bb-acaa-44ab3cb94ec3","title":"notate different dances"},"isTopConceptInScheme":[{"href":"https://ec.europa.eu/esco/api/resource/taxonomy?uri=http://data.europa.eu/esco/concept-scheme/skills&language=en","uri":"http://data.europa.eu/esco/concept-scheme/skills","title":"ESCO skills"},{"href":"https://ec.europa.eu/esco/api/resource/taxonomy?uri=http://data.europa.eu/esco/concept-scheme/member-skills&language=en","uri":"http://data.europa.eu/esco/concept-scheme/member-skills","title":"ESCO member skills"}],"isInScheme":[{"href":"https://ec.europa.eu/esco/api/resource/taxonomy?uri=http://data.europa.eu/esco/concept-scheme/skills&language=en","uri":"http://data.europa.eu/esco/concept-scheme/skills","title":"ESCO skills"},{"href":"https://ec.europa.eu/esco/api/resource/taxonomy?uri=http://data.europa.eu/esco/concept-scheme/member-skills&language=en","uri":"http://data.europa.eu/esco/concept-scheme/member-skills","title":"ESCO member skills"}],"hasSkillType":[{"href":"https://ec.europa.eu/esco/api/resource/concept?uri=http://data.europa.eu/esco/skill-type/skill&language=en","uri":"http://data.europa.eu/esco/skill-type/skill","title":"skill"}],"hasReuseLevel":[{"href":"https://ec.europa.eu/esco/api/resource/concept?uri=http://data.europa.eu/esco/skill-reuse-level/sector-specific&language=en","uri":"http://data.europa.eu/esco/skill-reuse-level/sector-specific","title":"sector specific skills and competences","code":"Level 3"}],"isEssentialForOccupation":[{"href":"https://ec.europa.eu/esco/api/resource/occupation?uri=http://data.europa.eu/esco/occupation/c737f094-7921-4d57-b883-6442343a5fd8&language=en","uri":"http://data.europa.eu/esco/occupation/c737f094-7921-4d57-b883-6442343a5fd8","title":"choreologist"}],"isOptionalForOccupation":[{"href":"https://ec.europa.eu/esco/api/resource/occupation?uri=http://data.europa.eu/esco/occupation/189a337d-f6fb-44e2-9e7a-bc27b7b76e0e&language=en","uri":"http://data.europa.eu/esco/occupation/189a337d-f6fb-44e2-9e7a-bc27b7b76e0e","title":"choreographer"},{"href":"https://ec.europa.eu/esco/api/resource/occupation?uri=http://data.europa.eu/esco/occupation/78ed3811-f421-45e5-9574-31364c76af67&language=en","uri":"http://data.europa.eu/esco/occupation/78ed3811-f421-45e5-9574-31364c76af67","title":"performing arts school dance instructor"}]},"_embedded":{}},{"className":"Skill","classId":"http://data.europa.eu/esco/model#Skill","uri":"http://data.europa.eu/esco/skill/7f1a7abb-9208-48b7-8b84-2c1f283a50a0","title":"call routing","referenceLanguage":["en"],"preferredLabel":{"no":"samtaleruting","de":"Anrufrouting","en-us":"call routing","fi":"puhelunreititys","pt":"encaminhamento de chamadas","bg":"маршрутизация на повикванията","lt":"iškvietos maršruto parinkimas","hr":"usmjeravanje poziva","lv":"zvanu maršrutēšana","fr":"routage d'appels","hu":"hívásirányítás","sk":"presmerovanie hovorov","sl":"preusmerjanje klicev","ga":"ródú glaonna","sv":"samtalsdirigering","el":"δρομολόγηση κλήσης","mt":"trażmissjoni tat-telefonati","en":"call routing","is":"umferðarbeining símtals","it":"instradamento delle chiamate","es":"encaminamiento de llamadas","et":"kõnede marsruutimine","cs":"přesměrování hovorů","ar":"توجيه المكالمات","pl":"kolejkowanie połączeń telefonicznych","ro":"rutare a apelurilor","da":"call-routing","nl":"oproeproutering"},"alternativeLabel":{"de":["Call Routing","Anrufleitweglenkung"],"bg":["маршрутизиране на повикванията"],"en":["guide routing","direct routing","routing a call","route a call","pilot routing","dispatch routing"],"ro":["dirijare a apelurilor"],"nl":["doorsturen van oproepen"],"es":["enrutamiento de llamadas","desvío de llamadas"]},"description":{"en-us":{"literal":"The technique of placing calls from one point to another in the fastest possible way to avoid tolls and congestion.","mimetype":"plain/text"},"en":{"literal":"The technique of placing calls from one point to another in the fastest possible way to avoid tolls and congestion.","mimetype":"plain/text"}},"status":"released","_links":{"self":{"href":"https://ec.europa.eu/esco/api/resource/skill?uri=http://data.europa.eu/esco/skill/7f1a7abb-9208-48b7-8b84-2c1f283a50a0&language=en","uri":"http://data.europa.eu/esco/skill/7f1a7abb-9208-48b7-8b84-2c1f283a50a0","title":"call routing"},"isTopConceptInScheme":[{"href":"https://ec.europa.eu/esco/api/resource/taxonomy?uri=http://data.europa.eu/esco/concept-scheme/member-skills&language=en","uri":"http://data.europa.eu/esco/concept-scheme/member-skills","title":"ESCO member skills"},{"href":"https://ec.europa.eu/esco/api/resource/taxonomy?uri=http://data.europa.eu/esco/concept-scheme/skills&language=en","uri":"http://data.europa.eu/esco/concept-scheme/skills","title":"ESCO skills"}],"isInScheme":[{"href":"https://ec.europa.eu/esco/api/resource/taxonomy?uri=http://data.europa.eu/esco/concept-scheme/member-skills&language=en","uri":"http://data.europa.eu/esco/concept-scheme/member-skills","title":"ESCO member skills"},{"href":"https://ec.europa.eu/esco/api/resource/taxonomy?uri=http://data.europa.eu/esco/concept-scheme/skills&language=en","uri":"http://data.europa.eu/esco/concept-scheme/skills","title":"ESCO skills"}],"hasSkillType":[{"href":"https://ec.europa.eu/esco/api/resource/concept?uri=http://data.europa.eu/esco/skill-type/knowledge&language=en","uri":"http://data.europa.eu/esco/skill-type/knowledge","title":"knowledge"}],"hasReuseLevel":[{"href":"https://ec.europa.eu/esco/api/resource/concept?uri=http://data.europa.eu/esco/skill-reuse-level/cross-sector&language=en","uri":"http://data.europa.eu/esco/skill-reuse-level/cross-sector","title":"cross-sector skills and competences","code":"Level 2"}],"isEssentialForOccupation":[{"href":"https://ec.europa.eu/esco/api/resource/occupation?uri=http://data.europa.eu/esco/occupation/30ca97f4-a4fd-4189-a781-ac08f6b09b78&language=en","uri":"http://data.europa.eu/esco/occupation/30ca97f4-a4fd-4189-a781-ac08f6b09b78","title":"call centre analyst"},{"href":"https://ec.europa.eu/esco/api/resource/occupation?uri=http://data.europa.eu/esco/occupation/6aa78e46-ce22-421f-8a75-e915ac63c9d0&language=en","uri":"http://data.europa.eu/esco/occupation/6aa78e46-ce22-421f-8a75-e915ac63c9d0","title":"call centre supervisor"}],"isOptionalForOccupation":[{"href":"https://ec.europa.eu/esco/api/resource/occupation?uri=http://data.europa.eu/esco/occupation/dd25a2b0-add0-4ae2-bd85-bb644e0d0c39&language=en","uri":"http://data.europa.eu/esco/occupation/dd25a2b0-add0-4ae2-bd85-bb644e0d0c39","title":"call centre manager"},{"href":"https://ec.europa.eu/esco/api/resource/occupation?uri=http://data.europa.eu/esco/occupation/580c98d4-fb97-4597-864c-54140f058f1b&language=en","uri":"http://data.europa.eu/esco/occupation/580c98d4-fb97-4597-864c-54140f058f1b","title":"call centre quality auditor"},{"href":"https://ec.europa.eu/esco/api/resource/occupation?uri=http://data.europa.eu/esco/occupation/bcc2c1db-f969-4355-bebf-4878ff6c2a94&language=en","uri":"http://data.europa.eu/esco/occupation/bcc2c1db-f969-4355-bebf-4878ff6c2a94","title":"service manager"}]},"_embedded":{}},{"className":"Skill","classId":"http://data.europa.eu/esco/model#Skill","uri":"http://data.europa.eu/esco/skill/5cede168-97f8-47a4-89fd-8f7188c55c5d","title":"verify feasibility","referenceLanguage":["en"],"preferredLabel":{"de":"Machbarkeit überprüfen","no":"verifisere gjennomførbarhet","fi":"varmistaa toteutuskelpoisuus","en-us":"verify feasibility","pt":"verificar se é possível a execução de um projeto","bg":"проверка на осъществимостта","lt":"tikrinti galimybes","lv":"pārbaudīt īstenojamību","hr":"provjeravati izvedivost","fr":"vérifier la faisabilité","hu":"ellenőrzi a megvalósíthatóságot","sk":"overiť uskutočniteľnosť","sl":"preverjati izvedljivost","ga":"indéantacht a dheimhniú","sv":"kontrollera genomförbarhet","mt":"verifika tal-fattibbiltà","el":"εξακρίβωση της εφικτότητας του σχεδίου","en":"verify feasibility","is":"athugar hvort mögulegt að framkvæma","it":"verificare la fattibilità","es":"comprobar la  viabilidad","et":"saavutatavust kontrollima","cs":"ověřovat proveditelnost","ar":"يتحقق من إمكانية التطبيق","pl":"sprawdzać wykonalność","da":"bekræfte gennemførlighed","ro":"verifică fezabilitatea","nl":"haalbaarheid controleren"},"alternativeLabel":{"lt":["tikrinti perspektyvumą"],"en":["verify if feasible","verify usefulness","check practicality"]},"description":{"en-us":{"literal":"Interpret an artistic plan and verify whether the described design can be executed.","mimetype":"plain/text"},"en":{"literal":"Interpret an artistic plan and verify whether the described design can be executed.","mimetype":"plain/text"}},"status":"released","_links":{"self":{"href":"https://ec.europa.eu/esco/api/resource/skill?uri=http://data.europa.eu/esco/skill/5cede168-97f8-47a4-89fd-8f7188c55c5d&language=en","uri":"http://data.europa.eu/esco/skill/5cede168-97f8-47a4-89fd-8f7188c55c5d","title":"verify feasibility"},"isTopConceptInScheme":[{"href":"https://ec.europa.eu/esco/api/resource/taxonomy?uri=http://data.europa.eu/esco/concept-scheme/skills&language=en","uri":"http://data.europa.eu/esco/concept-scheme/skills","title":"ESCO skills"},{"href":"https://ec.europa.eu/esco/api/resource/taxonomy?uri=http://data.europa.eu/esco/concept-scheme/member-skills&language=en","uri":"http://data.europa.eu/esco/concept-scheme/member-skills","title":"ESCO member skills"}],"isInScheme":[{"href":"https://ec.europa.eu/esco/api/resource/taxonomy?uri=http://data.europa.eu/esco/concept-scheme/skills&language=en","uri":"http://data.europa.eu/esco/concept-scheme/skills","title":"ESCO skills"},{"href":"https://ec.europa.eu/esco/api/resource/taxonomy?uri=http://data.europa.eu/esco/concept-scheme/member-skills&language=en","uri":"http://data.europa.eu/esco/concept-scheme/member-skills","title":"ESCO member skills"}],"hasSkillType":[{"href":"https://ec.europa.eu/esco/api/resource/concept?uri=http://data.europa.eu/esco/skill-type/skill&language=en","uri":"http://data.europa.eu/esco/skill-type/skill","title":"skill"}],"hasReuseLevel":[{"href":"https://ec.europa.eu/esco/api/resource/concept?uri=http://data.europa.eu/esco/skill-reuse-level/cross-sector&language=en","uri":"http://data.europa.eu/esco/skill-reuse-level/cross-sector","title":"cross-sector skills and competences","code":"Level 2"}],"isEssentialForOccupation":[{"href":"https://ec.europa.eu/esco/api/resource/occupation?uri=http://data.europa.eu/esco/occupation/c995fe34-0909-4ce3-b7b7-97945efede56&language=en","uri":"http://data.europa.eu/esco/occupation/c995fe34-0909-4ce3-b7b7-97945efede56","title":"video designer"},{"href":"https://ec.europa.eu/esco/api/resource/occupation?uri=http://data.europa.eu/esco/occupation/d1b1dfdf-7d60-430a-b569-7dd71b2ebeaa&language=en","uri":"http://data.europa.eu/esco/occupation/d1b1dfdf-7d60-430a-b569-7dd71b2ebeaa","title":"costume designer"},{"href":"https://ec.europa.eu/esco/api/resource/occupation?uri=http://data.europa.eu/esco/occupation/5dd01019-3999-4d90-bc8a-7a04b0b208b0&language=en","uri":"http://data.europa.eu/esco/occupation/5dd01019-3999-4d90-bc8a-7a04b0b208b0","title":"make-up and hair designer"},{"href":"https://ec.europa.eu/esco/api/resource/occupation?uri=http://data.europa.eu/esco/occupation/874a2080-a9b6-46a9-8662-c9b7d4208f73&language=en","uri":"http://data.europa.eu/esco/occupation/874a2080-a9b6-46a9-8662-c9b7d4208f73","title":"set designer"},{"href":"https://ec.europa.eu/esco/api/resource/occupation?uri=http://data.europa.eu/esco/occupation/068df7d1-516f-4829-b339-294cb0cf6318&language=en","uri":"http://data.europa.eu/esco/occupation/068df7d1-516f-4829-b339-294cb0cf6318","title":"lighting designer"},{"href":"https://ec.europa.eu/esco/api/resource/occupation?uri=http://data.europa.eu/esco/occupation/07c2287f-3caa-4128-b7c8-59801084d931&language=en","uri":"http://data.europa.eu/esco/occupation/07c2287f-3caa-4128-b7c8-59801084d931","title":"puppet designer"},{"href":"https://ec.europa.eu/esco/api/resource/occupation?uri=http://data.europa.eu/esco/occupation/790c8dca-f624-4bdc-ac16-27bc13ead188&language=en","uri":"http://data.europa.eu/esco/occupation/790c8dca-f624-4bdc-ac16-27bc13ead188","title":"sound designer"}],"isOptionalForOccupation":[{"href":"https://ec.europa.eu/esco/api/resource/occupation?uri=http://data.europa.eu/esco/occupation/a98f93a6-b1df-4759-88a9-3234f334afad&language=en","uri":"http://data.europa.eu/esco/occupation/a98f93a6-b1df-4759-88a9-3234f334afad","title":"screen printer"}]},"_embedded":{}}]}}