{"total":8196,"offset":251,"limit":20,"language":"en","uri":"http://data.europa.eu/esco/concept-scheme/skills","relation":"hasTopConcept","_links":{"self":{"href":"https://ec.europa.eu/esco/api/resource/related?uri=http://data.europa.eu/esco/concept-scheme/skills&relation=hasTopConcept&limit=20&offset=251&language=en&full=true"},"prev":{"href":"https://ec.europa.eu/esco/api/resource/related?uri=http://data.europa.eu/esco/concept-scheme/skills&relation=hasTopConcept&limit=20&offset=250&language=en&full=true"},"next":{"href":"https://ec.europa.eu/esco/api/resource/related?uri=http://data.europa.eu/esco/concept-scheme/skills&relation=hasTopConcept&limit=20&offset=252&language=en&full=true"}},"_embedded":{"hasTopConcept":[{"className":"Skill","classId":"http://data.europa.eu/esco/model#Skill","uri":"http://data.europa.eu/esco/skill/630d2f07-32c3-46bb-b92c-ca7a70a54ca7","title":"operate debarking machine","referenceLanguage":["en"],"preferredLabel":{"de":"Entrindungsanlage bedienen","no":"betjene barkemaskin","en-us":"operate debarking machine","fi":"käyttää kuorintakonetta","pt":"operar máquinas de descasque","bg":"боравене с коробелачка","lt":"eksploatuoti žievės lupimo stakles","lv":"darbināt mizošanas iekārtu","hr":"rukovati strojem za iskrcavanje","fr":"utiliser une écorceuse","hu":"kéregleválasztó gépet működtet","sk":"obsluhovať stroj na odkôrnenie","sl":"upravljati stroj za odstranjevanje lubja","ga":"meaisín rusctha a oibriú","sv":"använda barkmaskin","mt":"tħaddim tal-magni tat-tqaxxir tal-injam","el":"χειρισμός της μηχανής αποφλοίωσης","en":"operate debarking machine","is":"stjórnar barkarfjarlægingarvél","it":"utilizzare una macchina scortecciatrice","es":"manejar descortezadoras de madera","et":"koorimismasinat käitama","cs":"obsluhovat odkorňovací stroj","ar":"يشغل آلة تقشير اللحاء","pl":"obsługiwać maszynę do okorowywania","ro":"utilizează mașina de decojit","da":"betjene afbarkningsmaskine","nl":"ontschorsingsmachines bedienen"},"alternativeLabel":{"de":["Entrindungsmaschine bedienen"],"bg":["боравене с машина за белене на дървени трупи"],"sl":["uporabljati stroj za odstranjevanje lubja"],"en":["control debarking machine","run debarking machine","operating debarking machine","use debarking machine","operate debarking machines","activate debarking machine","handle debarking machine"],"es":["manipular descortezadoras de madera","operar descortezadoras de madera","utilizar descortezadoras de madera"]},"description":{"en-us":{"literal":"Set up and monitor the machine that strips remaining bark from lumber or logs before they can be further processed, for example chipped for pulp production.","mimetype":"plain/text"},"en":{"literal":"Set up and monitor the machine that strips remaining bark from timber or logs before they can be further processed, for example chipped for pulp production.","mimetype":"plain/text"}},"status":"released","_links":{"self":{"href":"https://ec.europa.eu/esco/api/resource/skill?uri=http://data.europa.eu/esco/skill/630d2f07-32c3-46bb-b92c-ca7a70a54ca7&language=en","uri":"http://data.europa.eu/esco/skill/630d2f07-32c3-46bb-b92c-ca7a70a54ca7","title":"operate debarking machine"},"isTopConceptInScheme":[{"href":"https://ec.europa.eu/esco/api/resource/taxonomy?uri=http://data.europa.eu/esco/concept-scheme/skills&language=en","uri":"http://data.europa.eu/esco/concept-scheme/skills","title":"ESCO skills"},{"href":"https://ec.europa.eu/esco/api/resource/taxonomy?uri=http://data.europa.eu/esco/concept-scheme/member-skills&language=en","uri":"http://data.europa.eu/esco/concept-scheme/member-skills","title":"ESCO member skills"}],"isInScheme":[{"href":"https://ec.europa.eu/esco/api/resource/taxonomy?uri=http://data.europa.eu/esco/concept-scheme/skills&language=en","uri":"http://data.europa.eu/esco/concept-scheme/skills","title":"ESCO skills"},{"href":"https://ec.europa.eu/esco/api/resource/taxonomy?uri=http://data.europa.eu/esco/concept-scheme/member-skills&language=en","uri":"http://data.europa.eu/esco/concept-scheme/member-skills","title":"ESCO member skills"}],"hasSkillType":[{"href":"https://ec.europa.eu/esco/api/resource/concept?uri=http://data.europa.eu/esco/skill-type/skill&language=en","uri":"http://data.europa.eu/esco/skill-type/skill","title":"skill"}],"hasReuseLevel":[{"href":"https://ec.europa.eu/esco/api/resource/concept?uri=http://data.europa.eu/esco/skill-reuse-level/sector-specific&language=en","uri":"http://data.europa.eu/esco/skill-reuse-level/sector-specific","title":"sector specific skills and competences","code":"Level 3"}],"isEssentialForOccupation":[{"href":"https://ec.europa.eu/esco/api/resource/occupation?uri=http://data.europa.eu/esco/occupation/5e5522c5-4b09-4586-a8f0-3b6d66d99969&language=en","uri":"http://data.europa.eu/esco/occupation/5e5522c5-4b09-4586-a8f0-3b6d66d99969","title":"debarker operator"}],"isOptionalForOccupation":[{"href":"https://ec.europa.eu/esco/api/resource/occupation?uri=http://data.europa.eu/esco/occupation/976c739f-fec7-45c2-b12e-e1b496aa816b&language=en","uri":"http://data.europa.eu/esco/occupation/976c739f-fec7-45c2-b12e-e1b496aa816b","title":"chipper operator"},{"href":"https://ec.europa.eu/esco/api/resource/occupation?uri=http://data.europa.eu/esco/occupation/c0eb9240-4f70-4393-bdf0-723ce7fdbd36&language=en","uri":"http://data.europa.eu/esco/occupation/c0eb9240-4f70-4393-bdf0-723ce7fdbd36","title":"engineered wood board machine operator"},{"href":"https://ec.europa.eu/esco/api/resource/occupation?uri=http://data.europa.eu/esco/occupation/c32155d3-9ac5-4e44-8e8b-25c47ad31c38&language=en","uri":"http://data.europa.eu/esco/occupation/c32155d3-9ac5-4e44-8e8b-25c47ad31c38","title":"digester operator"}]},"_embedded":{}},{"className":"Skill","classId":"http://data.europa.eu/esco/model#Skill","uri":"http://data.europa.eu/esco/skill/b6581960-e4b6-41e3-b87c-069372b88b6c","title":"install utility equipment","referenceLanguage":["en"],"preferredLabel":{"de":"Ausrüstung für Versorgungsanlagen installieren","no":"installere verktøysutstyr","en-us":"install utility equipment","fi":"asentaa veden-, kaasun-, sähkön- tai lämmityksenjakeluun liittyviä laitteita","pt":"instalar equipamento para a prestação de serviços de utilidade pública","bg":"инсталиране на оборудване за комунални услуги","lt":"įrengti komunalinius įrenginius","lv":"uzstādīt komunālo pakalpojumu iekārtas","hr":"postavljati komunalnu opremu","fr":"mettre en place des installations de fourniture de fluides","hu":"épületgépészeti berendezéseket telepít","sk":"inštalovať zariadenia verejných služieb","sl":"nameščati opremo za dobavljanje energije","ga":"trealamh fóntais a shuiteáil","sv":"installera utrustning för allmännyttiga tjänster","el":"εγκατάσταση εξοπλισμού για υπηρεσίες κοινής ωφελείας","mt":"installazzjoni tat-tagħmir tal-provvista tad-dawl u tal-ilma","en":"install utility equipment","is":"setur upp notkunarbúnað","it":"installare le attrezzatureper l'erogazione dei servizi di pubblica utilità","es":"instalar equipos para la prestación de servicios públicos","et":"tehnoseadmeid paigaldama","cs":"instalovat zařízení k poskytování veřejných služeb","ar":"يثبت المعدات المساعدة","pl":"instalować urządzenia zapewniające dostęp do mediów","ro":"instalează echipamente și aparatură pentru utilități","da":"installere udstyr til forsyningstjenester","nl":"uitrusting voor nutsvoorzieningen installeren"},"alternativeLabel":{"en":["fit utility equipment","fitting utility equipment","utility equipment installing","installing utility equipment","utility equipment fitting"],"nl":["materialen voor nutsvoorzieningen installeren"],"es":["establecer equipos para la prestación de servicios públicos","montar equipos para la prestación de servicios públicos"]},"description":{"en-us":{"literal":"Install equipment which is used for the provision of utility services through various energy means, such as heat, steam, power, and refrigeration, and ensure correct and safe installation of the equipment and machinery in facilities and residential properties.","mimetype":"plain/text"},"en":{"literal":"Install equipment which is used for the provision of utility services through various energy means, such as heat, steam, power, and refrigeration, and ensure correct and safe installation of the equipment and machinery in facilities and residential properties.","mimetype":"plain/text"}},"status":"released","_links":{"self":{"href":"https://ec.europa.eu/esco/api/resource/skill?uri=http://data.europa.eu/esco/skill/b6581960-e4b6-41e3-b87c-069372b88b6c&language=en","uri":"http://data.europa.eu/esco/skill/b6581960-e4b6-41e3-b87c-069372b88b6c","title":"install utility equipment"},"isTopConceptInScheme":[{"href":"https://ec.europa.eu/esco/api/resource/taxonomy?uri=http://data.europa.eu/esco/concept-scheme/member-skills&language=en","uri":"http://data.europa.eu/esco/concept-scheme/member-skills","title":"ESCO member skills"},{"href":"https://ec.europa.eu/esco/api/resource/taxonomy?uri=http://data.europa.eu/esco/concept-scheme/skills&language=en","uri":"http://data.europa.eu/esco/concept-scheme/skills","title":"ESCO skills"}],"isInScheme":[{"href":"https://ec.europa.eu/esco/api/resource/taxonomy?uri=http://data.europa.eu/esco/concept-scheme/member-skills&language=en","uri":"http://data.europa.eu/esco/concept-scheme/member-skills","title":"ESCO member skills"},{"href":"https://ec.europa.eu/esco/api/resource/taxonomy?uri=http://data.europa.eu/esco/concept-scheme/skills&language=en","uri":"http://data.europa.eu/esco/concept-scheme/skills","title":"ESCO skills"}],"hasSkillType":[{"href":"https://ec.europa.eu/esco/api/resource/concept?uri=http://data.europa.eu/esco/skill-type/skill&language=en","uri":"http://data.europa.eu/esco/skill-type/skill","title":"skill"}],"hasReuseLevel":[{"href":"https://ec.europa.eu/esco/api/resource/concept?uri=http://data.europa.eu/esco/skill-reuse-level/sector-specific&language=en","uri":"http://data.europa.eu/esco/skill-reuse-level/sector-specific","title":"sector specific skills and competences","code":"Level 3"}],"isOptionalForOccupation":[{"href":"https://ec.europa.eu/esco/api/resource/occupation?uri=http://data.europa.eu/esco/occupation/97b3cab1-f4f0-41ed-8c80-e65e6c067e95&language=en","uri":"http://data.europa.eu/esco/occupation/97b3cab1-f4f0-41ed-8c80-e65e6c067e95","title":"gas service technician"},{"href":"https://ec.europa.eu/esco/api/resource/occupation?uri=http://data.europa.eu/esco/occupation/fddb7bd8-f176-4dc8-9d12-32b6072452c9&language=en","uri":"http://data.europa.eu/esco/occupation/fddb7bd8-f176-4dc8-9d12-32b6072452c9","title":"electric meter technician"},{"href":"https://ec.europa.eu/esco/api/resource/occupation?uri=http://data.europa.eu/esco/occupation/3288a2fe-4934-47c8-ad0b-11b16c9cd461&language=en","uri":"http://data.europa.eu/esco/occupation/3288a2fe-4934-47c8-ad0b-11b16c9cd461","title":"utilities inspector"}]},"_embedded":{}},{"className":"Skill","classId":"http://data.europa.eu/esco/model#Skill","uri":"http://data.europa.eu/esco/skill/8604cb5f-9e1f-427c-ba23-3c4a6853fe95","title":"design wind farm collector systems","referenceLanguage":["en"],"preferredLabel":{"de":"Windpark-Vernetzungssysteme entwickeln","no":"designe innsamlingssystemer for vindmøllepark","fi":"suunnitella tuulipuiston keräysjärjestelmiä","en-us":"design wind farm collector systems","pt":"projetar sistemas de recolha e transmissão de energia em parques eólicos","bg":"проектиране на колекторни системи за вятърни паркове","lt":"projektuoti vėjo elektrinių energijos kolektorių sistemas","lv":"projektēt vējparka kolektorus","hr":"projektirati kolektorske sustave vjetroelektrana","fr":"concevoir des réseaux collecteurs pour parc d’éoliennes","hu":"szélerőműparkban működő gyűjtőberendezéseket tervez","sk":"navrhovať systémy kolektorov veterných parkov","sl":"načrtovati povezovalne sisteme za polja vetrnih elektran","ga":"córais tiomsúcháin a dhearadh do fheirmeacha gaoithe","sv":"designa insamlingssystem för vindkraftparker","el":"σχεδιασμός σταθμών ηλιακής ενέργειας","mt":"disinn tas-sistemi ta’ kolletturi tat-turbini tar-riħ","en":"design wind farm collector systems","is":"hannar vindorkubúkerfi","it":"progettare i sistemi di raccolta dell’energia dei parchi eolici","es":"diseñar redes de recogida asociadas a parques eólicos","et":"tuuleparkide kollektorsüsteeme projekteerima","cs":"navrhovat sběrné systémy pro větrné elektrárny","ar":"يصمم أنظمة تجميع طاقة الرياح","pl":"projektować systemy kolektorów farm wiatrowych","da":"designe opsamlingssystemer til vindmølleparker","ro":"proiectează sisteme de stocare a energiei eoliene","nl":"collectorsystemen voor windparken ontwerpen"},"alternativeLabel":{"fi":["suunnitella tuulivoimapuiston keräysjärjestelmiä"],"en":["wind farm collector systems designing","specifying wind farm collector systems","wind farm collector systems specifying","designing wind farm collector systems","specify wind farm collector systems"],"hu":["szélerőműparkban működő kollektort tervez"],"es":["desarrollar sistemas de recogida vinculados a un parque eólico","planificar redes de recogida asociadas a un parque eólico"],"nl":["collectorsystemen voor windmolenparken ontwerpen","collectorsystemen voor windturbineparken ontwerpen"]},"description":{"en-us":{"literal":"Design systems which interconnect individual wind turbines on a wind farm and collect the energy and transfer it to a substation, which will allow for the transmission of the generated electrical energy, ensuring that the system connects the turbines to each other and the substation in a safe and efficient manner.","mimetype":"plain/text"},"en":{"literal":"Design systems which interconnect individual wind turbines on a wind farm and collect the energy and transfer it to a substation, which will allow for the transmission of the generated electrical energy, ensuring that the system connects the turbines to each other and the substation in a safe and efficient manner.","mimetype":"plain/text"}},"status":"released","_links":{"self":{"href":"https://ec.europa.eu/esco/api/resource/skill?uri=http://data.europa.eu/esco/skill/8604cb5f-9e1f-427c-ba23-3c4a6853fe95&language=en","uri":"http://data.europa.eu/esco/skill/8604cb5f-9e1f-427c-ba23-3c4a6853fe95","title":"design wind farm collector systems"},"isTopConceptInScheme":[{"href":"https://ec.europa.eu/esco/api/resource/taxonomy?uri=http://data.europa.eu/esco/concept-scheme/skills&language=en","uri":"http://data.europa.eu/esco/concept-scheme/skills","title":"ESCO skills"},{"href":"https://ec.europa.eu/esco/api/resource/taxonomy?uri=http://data.europa.eu/esco/concept-scheme/member-skills&language=en","uri":"http://data.europa.eu/esco/concept-scheme/member-skills","title":"ESCO member skills"}],"isInScheme":[{"href":"https://ec.europa.eu/esco/api/resource/taxonomy?uri=http://data.europa.eu/esco/concept-scheme/skills&language=en","uri":"http://data.europa.eu/esco/concept-scheme/skills","title":"ESCO skills"},{"href":"https://ec.europa.eu/esco/api/resource/taxonomy?uri=http://data.europa.eu/esco/concept-scheme/member-skills&language=en","uri":"http://data.europa.eu/esco/concept-scheme/member-skills","title":"ESCO member skills"}],"hasSkillType":[{"href":"https://ec.europa.eu/esco/api/resource/concept?uri=http://data.europa.eu/esco/skill-type/skill&language=en","uri":"http://data.europa.eu/esco/skill-type/skill","title":"skill"}],"hasReuseLevel":[{"href":"https://ec.europa.eu/esco/api/resource/concept?uri=http://data.europa.eu/esco/skill-reuse-level/sector-specific&language=en","uri":"http://data.europa.eu/esco/skill-reuse-level/sector-specific","title":"sector specific skills and competences","code":"Level 3"}],"isOptionalForOccupation":[{"href":"https://ec.europa.eu/esco/api/resource/occupation?uri=http://data.europa.eu/esco/occupation/d7d986e1-7333-431b-9719-0c5c6939e360&language=en","uri":"http://data.europa.eu/esco/occupation/d7d986e1-7333-431b-9719-0c5c6939e360","title":"civil engineer"},{"href":"https://ec.europa.eu/esco/api/resource/occupation?uri=http://data.europa.eu/esco/occupation/1b99cad3-27c6-4e19-83b6-7b5f8338ed2b&language=en","uri":"http://data.europa.eu/esco/occupation/1b99cad3-27c6-4e19-83b6-7b5f8338ed2b","title":"wind energy engineer"}]},"_embedded":{}},{"className":"Skill","classId":"http://data.europa.eu/esco/model#Skill","uri":"http://data.europa.eu/esco/skill/e08821b5-d6dd-4db9-a0f1-43185653c244","title":"monitor communication channels' performance","referenceLanguage":["en"],"preferredLabel":{"no":"overvåke ytelsen til kommunikasjonskanaler","de":"Leistungsfähigkeit von Kommunikationswegen überwachen","en-us":"monitor communication channels' performance","fi":"valvoa viestintäkanavien suorituskykyä","pt":"monitorizar o desempenho dos canais de comunicação","bg":"наблюдение на ефективността на комуникационни канали","lt":"stebėti ryšių kanalų veiklą","hr":"nadzirati učinak komunikacijskih kanala","lv":"komunikācijas kanālu snieguma uzraudzība","fr":"suivre la performance des canaux de communication","hu":"kommunikációs csatornák teljesítményét ellenőrzi","sk":"sledovať výkonnosť komunikačných kanálov","sl":"spremljati učinkovitost komunikacijskih kanalov","ga":"faireachán a dhéanamh ar fheidhmíocht cainéal cumarsáide","sv":"övervaka prestanda för kommunikationskanaler","el":"παρακολούθηση των επιδόσεων των διαύλων επικοινωνίας","mt":"twettaq monitoraġġ tal-prestazzjoni tal-kanali ta' komunikazzjoni","en":"monitor communication channels' performance","is":"fylgjast með afköstum samskiptarása","it":"monitorare le prestazioni dei canali di comunicazione","es":"controlar el rendimiento de los canales de comunicación","et":"sidekanalite kasutust jälgima","cs":"monitorovat činnost komunikačních kanálů","ar":"يراقب أداء قنوات الاتصال","pl":"monitorować pracę kanałów komunikacyjnych","da":"overvåge kommunikationskanalers ydeevne","ro":"monitorizează performanța canalelor de comunicare","nl":"prestaties van communicatiekanalen bewaken"},"alternativeLabel":{"cs":["sledovat fungování kanálů pro komunikaci","monitorovat činnost komunikačního kanálu","monitorovat výkon komunikačních kanálů"],"el":["παρακολούθηση της απόδοσης των καναλιών επικοινωνίας","έλεγχος της επίδοσης των επικοινωνιακών διαύλων","επίβλεψη των επιδόσεων των διαύλων επικοινωνίας","εποπτεία των επιδόσεων των διαύλων επικοινωνίας"],"mt":["tiċċekkja l-prestazzjoni tal-kanali ta' komunikazzjoni","tivverifika l-prestazzjoni tal-kanali ta' komunikazzjoni","twettaq monitoraġġ fuq il-prestazzjoni tal-kanali ta' komunikazzjoni"],"nl":["communicatiekanaalprestatiebewaking","diagnoses uitvoeren","communicatiebeheer","communicatiekanalen bewaken","bewaken van communicatiekanaalprestaties","prestaties van communicatiekanalen controleren"]},"description":{"en-us":{"literal":"Search for possible faults. Perform visual checks. analyze system indicators and use diagnostic devices.","mimetype":"plain/text"},"en":{"literal":"Search for possible faults. Perform visual checks. Analyse system indicators and use diagnostic devices.","mimetype":"plain/text"}},"status":"released","_links":{"self":{"href":"https://ec.europa.eu/esco/api/resource/skill?uri=http://data.europa.eu/esco/skill/e08821b5-d6dd-4db9-a0f1-43185653c244&language=en","uri":"http://data.europa.eu/esco/skill/e08821b5-d6dd-4db9-a0f1-43185653c244","title":"monitor communication channels' performance"},"isTopConceptInScheme":[{"href":"https://ec.europa.eu/esco/api/resource/taxonomy?uri=http://data.europa.eu/esco/concept-scheme/member-skills&language=en","uri":"http://data.europa.eu/esco/concept-scheme/member-skills","title":"ESCO member skills"},{"href":"https://ec.europa.eu/esco/api/resource/taxonomy?uri=http://data.europa.eu/esco/concept-scheme/skills&language=en","uri":"http://data.europa.eu/esco/concept-scheme/skills","title":"ESCO skills"}],"isInScheme":[{"href":"https://ec.europa.eu/esco/api/resource/taxonomy?uri=http://data.europa.eu/esco/concept-scheme/member-skills&language=en","uri":"http://data.europa.eu/esco/concept-scheme/member-skills","title":"ESCO member skills"},{"href":"https://ec.europa.eu/esco/api/resource/taxonomy?uri=http://data.europa.eu/esco/concept-scheme/skills&language=en","uri":"http://data.europa.eu/esco/concept-scheme/skills","title":"ESCO skills"}],"hasSkillType":[{"href":"https://ec.europa.eu/esco/api/resource/concept?uri=http://data.europa.eu/esco/skill-type/skill&language=en","uri":"http://data.europa.eu/esco/skill-type/skill","title":"skill"}],"hasReuseLevel":[{"href":"https://ec.europa.eu/esco/api/resource/concept?uri=http://data.europa.eu/esco/skill-reuse-level/sector-specific&language=en","uri":"http://data.europa.eu/esco/skill-reuse-level/sector-specific","title":"sector specific skills and competences","code":"Level 3"}],"isEssentialForOccupation":[{"href":"https://ec.europa.eu/esco/api/resource/occupation?uri=http://data.europa.eu/esco/occupation/591c5063-69ce-4551-ba60-e2304111130f&language=en","uri":"http://data.europa.eu/esco/occupation/591c5063-69ce-4551-ba60-e2304111130f","title":"aviation data communications manager"},{"href":"https://ec.europa.eu/esco/api/resource/occupation?uri=http://data.europa.eu/esco/occupation/2f8acdc5-76f5-498b-9818-df075e324eaa&language=en","uri":"http://data.europa.eu/esco/occupation/2f8acdc5-76f5-498b-9818-df075e324eaa","title":"aviation communications and frequency coordination manager"},{"href":"https://ec.europa.eu/esco/api/resource/occupation?uri=http://data.europa.eu/esco/occupation/2ef000b1-8058-4e5a-9646-c5d4e7dbfdae&language=en","uri":"http://data.europa.eu/esco/occupation/2ef000b1-8058-4e5a-9646-c5d4e7dbfdae","title":"communication infrastructure maintainer"}],"isOptionalForOccupation":[{"href":"https://ec.europa.eu/esco/api/resource/occupation?uri=http://data.europa.eu/esco/occupation/e0b544dd-b621-4126-a55e-054af25c6ea0&language=en","uri":"http://data.europa.eu/esco/occupation/e0b544dd-b621-4126-a55e-054af25c6ea0","title":"ICT network architect"},{"href":"https://ec.europa.eu/esco/api/resource/occupation?uri=http://data.europa.eu/esco/occupation/056bef79-c125-47ab-b6b9-8eed05c9458c&language=en","uri":"http://data.europa.eu/esco/occupation/056bef79-c125-47ab-b6b9-8eed05c9458c","title":"telecommunications technician"},{"href":"https://ec.europa.eu/esco/api/resource/occupation?uri=http://data.europa.eu/esco/occupation/0bf68df5-e808-4c27-abf2-6f85440f2d7f&language=en","uri":"http://data.europa.eu/esco/occupation/0bf68df5-e808-4c27-abf2-6f85440f2d7f","title":"telephone switchboard operator"}]},"_embedded":{}},{"className":"Skill","classId":"http://data.europa.eu/esco/model#Skill","uri":"http://data.europa.eu/esco/skill/d965ae65-5297-4cfb-94c7-a7003cae8cc2","title":"transfer varnish","referenceLanguage":["en"],"preferredLabel":{"de":"Lack befördern","no":"overføre lakk","en-us":"transfer varnish","fi":"siirtää lakkaa","pt":"transferir verniz","bg":"транспортиране на лак","lt":"perpilti laką","lv":"pārsūknēt laku","hr":"pretakati lak","fr":"transférer un vernis","hu":"lakkot helyez át","sk":"presunúť fermež","sl":"prečrpavati lak","ga":"vearnais a aistriú","sv":"flytta lack","el":"μεταφορά βερνικιού","mt":"trasferiment tal-verniċ","en":"transfer varnish","is":"yfirfærir gljákvoðu","it":"trasferire la vernice","es":"trasladar barniz","et":"lakki teisaldama","cs":"přenášet lak","ar":"ينقل الورنيش","pl":"przenosić pokost","ro":"transferă vernis","da":"overføre lak","nl":"vernis overbrengen"},"alternativeLabel":{"en":["varnish transferring","move varnish","varnish moving","transferring varnish","moving varnish"],"pl":["przenosić lakier"],"nl":["vernis overpompen"]},"description":{"en-us":{"literal":"Transfer to the reducing tank the varnish and the thinner using pumps.","mimetype":"plain/text"},"en":{"literal":"Transfer to the reducing tank the varnish and the thinner using pumps.","mimetype":"plain/text"}},"status":"released","_links":{"self":{"href":"https://ec.europa.eu/esco/api/resource/skill?uri=http://data.europa.eu/esco/skill/d965ae65-5297-4cfb-94c7-a7003cae8cc2&language=en","uri":"http://data.europa.eu/esco/skill/d965ae65-5297-4cfb-94c7-a7003cae8cc2","title":"transfer varnish"},"isTopConceptInScheme":[{"href":"https://ec.europa.eu/esco/api/resource/taxonomy?uri=http://data.europa.eu/esco/concept-scheme/skills&language=en","uri":"http://data.europa.eu/esco/concept-scheme/skills","title":"ESCO skills"},{"href":"https://ec.europa.eu/esco/api/resource/taxonomy?uri=http://data.europa.eu/esco/concept-scheme/member-skills&language=en","uri":"http://data.europa.eu/esco/concept-scheme/member-skills","title":"ESCO member skills"}],"isInScheme":[{"href":"https://ec.europa.eu/esco/api/resource/taxonomy?uri=http://data.europa.eu/esco/concept-scheme/skills&language=en","uri":"http://data.europa.eu/esco/concept-scheme/skills","title":"ESCO skills"},{"href":"https://ec.europa.eu/esco/api/resource/taxonomy?uri=http://data.europa.eu/esco/concept-scheme/member-skills&language=en","uri":"http://data.europa.eu/esco/concept-scheme/member-skills","title":"ESCO member skills"}],"hasSkillType":[{"href":"https://ec.europa.eu/esco/api/resource/concept?uri=http://data.europa.eu/esco/skill-type/skill&language=en","uri":"http://data.europa.eu/esco/skill-type/skill","title":"skill"}],"hasReuseLevel":[{"href":"https://ec.europa.eu/esco/api/resource/concept?uri=http://data.europa.eu/esco/skill-reuse-level/occupation-specific&language=en","uri":"http://data.europa.eu/esco/skill-reuse-level/occupation-specific","title":"occupation specific skills and competences","code":"Level 4"}],"isEssentialForOccupation":[{"href":"https://ec.europa.eu/esco/api/resource/occupation?uri=http://data.europa.eu/esco/occupation/c76566f1-97a1-43e9-a7d8-155db0e56987&language=en","uri":"http://data.europa.eu/esco/occupation/c76566f1-97a1-43e9-a7d8-155db0e56987","title":"varnish maker"}]},"_embedded":{}},{"className":"Skill","classId":"http://data.europa.eu/esco/model#Skill","uri":"http://data.europa.eu/esco/skill/45b2a257-1c28-4c84-bc71-a4871e398c54","title":"research locations for wind farms","referenceLanguage":["en"],"preferredLabel":{"de":"Windparkstandorte ermitteln","no":"undersøke steder for vindparker","en-us":"research locations for wind farms","fi":"tutkia mahdollisia tuulipuistojen sijaintipaikkoja","pt":"procurar localizações adequadas para parques eólicos","bg":"проучване на терени за вятърни паркове","lt":"tirti galimas vėjo elektrinių vietas","lv":"veikt vējparku potenciālo atrašanās vietu izpēti","hr":"tražiti lokacije za postavljanje vjetroturbina","fr":"chercher des sites d’implantation pour des parcs d’éoliennes","hu":"szélerőműparknak helyszínt keres","sk":"preskúmať možné umiestnenia pre veterné parky","sl":"preučiti lokacije za polja vetrnih elektrarn","ga":"taighde a dhéanamh maidir le suíomhanna d’fheirmeacha gaoithe","sv":"undersöka anläggningsplatser för vindkraftparker","mt":"riċerka tal-postijiet għat-turbini tar-riħ","el":"διερεύνηση τοποθεσιών για την εγκατάσταση αιολικών πάρκων","en":"research locations for wind farms","is":"gerir rannsóknir á staðsetningum fyrir vindorkubú","it":"cercare siti per i parchi eolici","es":"analizar posibles emplazamientos de parques eólicos","et":"tuuleparkide asukohtade jaoks uurimistööd tegema","cs":"provádět výzkum k určení a posouzení míst vhodných pro větrné elektrárny","ar":"يبحث عن مواقع مزارع طاقة الرياح","pl":"prowadzić badania w celu ustalenia najlepszych lokalizacji dla farm wiatrowych","ro":"identifică amplasamente pentru parcuri eoliene","da":"undersøge lokationer til vindmølleparker","nl":"locaties voor windparken onderzoeken"},"alternativeLabel":{"en":["evaluating wind farm sites","site evaluating for wind farms","researching locations for wind farms","evaluate wind farm sites","locations researching for wind farms","location researching for wind farms","wind farm site evaluating"],"ro":["identifică amplasamente pentru ferme eoliene"],"es":["estudiar la posible ubicación de parques eólicos"],"nl":["locaties voor windmolenparken onderzoeken","plaatsen voor windturbineparken onderzoeken","plaatsen voor windparken onderzoeken","plaatsen voor windmolenparken onderzoeken","locaties voor windturbineparken onderzoeken"]},"description":{"en-us":{"literal":"Perform research on-site and using a wind atlas in order to evaluate different locations which could be suitable for the construction of groups of wind turbines, as well as perform follow-up research on the location in order to aid in the development of construction plans.","mimetype":"plain/text"},"en":{"literal":"Perform research on-site and using a wind atlas in order to evaluate different locations which could be suitable for the construction of groups of wind turbines, as well as perform follow-up research on the location in order to aid in the development of construction plans.","mimetype":"plain/text"}},"status":"released","_links":{"self":{"href":"https://ec.europa.eu/esco/api/resource/skill?uri=http://data.europa.eu/esco/skill/45b2a257-1c28-4c84-bc71-a4871e398c54&language=en","uri":"http://data.europa.eu/esco/skill/45b2a257-1c28-4c84-bc71-a4871e398c54","title":"research locations for wind farms"},"isTopConceptInScheme":[{"href":"https://ec.europa.eu/esco/api/resource/taxonomy?uri=http://data.europa.eu/esco/concept-scheme/member-skills&language=en","uri":"http://data.europa.eu/esco/concept-scheme/member-skills","title":"ESCO member skills"},{"href":"https://ec.europa.eu/esco/api/resource/taxonomy?uri=http://data.europa.eu/esco/concept-scheme/skills&language=en","uri":"http://data.europa.eu/esco/concept-scheme/skills","title":"ESCO skills"}],"isInScheme":[{"href":"https://ec.europa.eu/esco/api/resource/taxonomy?uri=http://data.europa.eu/esco/concept-scheme/member-skills&language=en","uri":"http://data.europa.eu/esco/concept-scheme/member-skills","title":"ESCO member skills"},{"href":"https://ec.europa.eu/esco/api/resource/taxonomy?uri=http://data.europa.eu/esco/concept-scheme/skills&language=en","uri":"http://data.europa.eu/esco/concept-scheme/skills","title":"ESCO skills"}],"hasSkillType":[{"href":"https://ec.europa.eu/esco/api/resource/concept?uri=http://data.europa.eu/esco/skill-type/skill&language=en","uri":"http://data.europa.eu/esco/skill-type/skill","title":"skill"}],"hasReuseLevel":[{"href":"https://ec.europa.eu/esco/api/resource/concept?uri=http://data.europa.eu/esco/skill-reuse-level/sector-specific&language=en","uri":"http://data.europa.eu/esco/skill-reuse-level/sector-specific","title":"sector specific skills and competences","code":"Level 3"}],"isEssentialForOccupation":[{"href":"https://ec.europa.eu/esco/api/resource/occupation?uri=http://data.europa.eu/esco/occupation/1b99cad3-27c6-4e19-83b6-7b5f8338ed2b&language=en","uri":"http://data.europa.eu/esco/occupation/1b99cad3-27c6-4e19-83b6-7b5f8338ed2b","title":"wind energy engineer"},{"href":"https://ec.europa.eu/esco/api/resource/occupation?uri=http://data.europa.eu/esco/occupation/0e99c929-364f-4b0a-8a64-2aab42420f00&language=en","uri":"http://data.europa.eu/esco/occupation/0e99c929-364f-4b0a-8a64-2aab42420f00","title":"renewable energy engineer"}],"isOptionalForOccupation":[{"href":"https://ec.europa.eu/esco/api/resource/occupation?uri=http://data.europa.eu/esco/occupation/d7d986e1-7333-431b-9719-0c5c6939e360&language=en","uri":"http://data.europa.eu/esco/occupation/d7d986e1-7333-431b-9719-0c5c6939e360","title":"civil engineer"}]},"_embedded":{}},{"className":"Skill","classId":"http://data.europa.eu/esco/model#Skill","uri":"http://data.europa.eu/esco/skill/1fde51ec-cfbd-4cba-a528-db43554b9712","title":"perform currency reserve management","referenceLanguage":["en"],"preferredLabel":{"no":"administrering av valutareserve","de":"Devisenreserve verwalten","fi":"suorittaa valuuttavarannon hallinnointia","en-us":"perform currency reserve management","pt":"gerir a reserva monetária","bg":"управляване на валутен резерв","lt":"valdyti valiutų atsargas","hr":"upravljati valutnim rezervama","lv":"pārvaldīt valūtas rezerves","fr":"gérer une réserve monétaire","hu":"devizatartalék-kezelést végez","sk":"vykonávať správu menových rezerv","sl":"upravljati devizne rezerve","ga":"cúlchistí airgeadra a bhainistiú","sv":"förvalta valutareserver","el":"διαχείριση νομισματικού αποθέματος","mt":"twettiq tal-immaniġġjar tar-riżerva ta’ munita","en":"perform currency reserve management","is":"sér um gjaldeyrisvarasjóðsstjórnun","it":"gestire le riserve di valuta","es":"realizar la gestión de reservas de divisa","et":"valuutareserve haldama","cs":"spravovat měnové rezervy","ar":"يتولى إدارة احتياطي النقد","pl":"zarządzać rezerwami walutowymi","ro":"gestionează rezerve valutare","da":"administrere valutareserve","nl":"valutareserves beheren"},"alternativeLabel":{"de":["Währungsreserve verwalten"],"el":["διαχείριση συναλλαγματικού αποθέματος","διαχείριση συναλλαγματικών διαθεσίμων"],"en":["implement currency reserve management","perform foreign currency reserve management","manage currency reserves"],"nl":["beheer van valutareserves uitvoeren"]},"description":{"en-us":{"literal":"Administer the bank's gold and currency holdings which are used as a way to settle international debts or to influence the national exchange rate.","mimetype":"plain/text"},"en":{"literal":"Administer the bank's gold and currency holdings which are used as a way to settle international debts or to influence the national exchange rate.","mimetype":"plain/text"}},"status":"released","_links":{"self":{"href":"https://ec.europa.eu/esco/api/resource/skill?uri=http://data.europa.eu/esco/skill/1fde51ec-cfbd-4cba-a528-db43554b9712&language=en","uri":"http://data.europa.eu/esco/skill/1fde51ec-cfbd-4cba-a528-db43554b9712","title":"perform currency reserve management"},"isTopConceptInScheme":[{"href":"https://ec.europa.eu/esco/api/resource/taxonomy?uri=http://data.europa.eu/esco/concept-scheme/member-skills&language=en","uri":"http://data.europa.eu/esco/concept-scheme/member-skills","title":"ESCO member skills"},{"href":"https://ec.europa.eu/esco/api/resource/taxonomy?uri=http://data.europa.eu/esco/concept-scheme/skills&language=en","uri":"http://data.europa.eu/esco/concept-scheme/skills","title":"ESCO skills"}],"isInScheme":[{"href":"https://ec.europa.eu/esco/api/resource/taxonomy?uri=http://data.europa.eu/esco/concept-scheme/member-skills&language=en","uri":"http://data.europa.eu/esco/concept-scheme/member-skills","title":"ESCO member skills"},{"href":"https://ec.europa.eu/esco/api/resource/taxonomy?uri=http://data.europa.eu/esco/concept-scheme/skills&language=en","uri":"http://data.europa.eu/esco/concept-scheme/skills","title":"ESCO skills"}],"hasSkillType":[{"href":"https://ec.europa.eu/esco/api/resource/concept?uri=http://data.europa.eu/esco/skill-type/skill&language=en","uri":"http://data.europa.eu/esco/skill-type/skill","title":"skill"}],"hasReuseLevel":[{"href":"https://ec.europa.eu/esco/api/resource/concept?uri=http://data.europa.eu/esco/skill-reuse-level/sector-specific&language=en","uri":"http://data.europa.eu/esco/skill-reuse-level/sector-specific","title":"sector specific skills and competences","code":"Level 3"}],"isOptionalForOccupation":[{"href":"https://ec.europa.eu/esco/api/resource/occupation?uri=http://data.europa.eu/esco/occupation/3e1a2f3c-20d6-4d33-aa6f-63cd2a32698d&language=en","uri":"http://data.europa.eu/esco/occupation/3e1a2f3c-20d6-4d33-aa6f-63cd2a32698d","title":"corporate treasurer"},{"href":"https://ec.europa.eu/esco/api/resource/occupation?uri=http://data.europa.eu/esco/occupation/9e4269d5-e10e-4f49-ac99-65c833f933a2&language=en","uri":"http://data.europa.eu/esco/occupation/9e4269d5-e10e-4f49-ac99-65c833f933a2","title":"central bank governor"}]},"_embedded":{}},{"className":"Skill","classId":"http://data.europa.eu/esco/model#Skill","uri":"http://data.europa.eu/esco/skill/bd832a82-b079-4001-80d1-f59efed33688","title":"create risk reports","referenceLanguage":["en"],"preferredLabel":{"de":"Risikoberichte erstellen","no":"lage risikorapporter","en-us":"create risk reports","fi":"laatia riskiraportteja","pt":"elaborar relatórios de riscos","bg":"изготвяне на доклади за риска","lt":"rengti rizikos ataskaitas","lv":"sagatavot riska ziņojumus","hr":"izrađivati izvješća o rizicima","fr":"rédiger des rapports d’évaluation des risques","hu":"kockázati jelentéseket készít","sk":"vypracovať správy o riziku","sl":"pripravljati poročila o tveganju","ga":"tuarascálacha riosca a chruthú","sv":"utarbeta riskrapporter","mt":"ħolqien ta’ rapporti dwar ir-riskji","el":"κατάρτιση εκθέσεων κινδύνου","en":"create risk reports","is":"semur áhættuskýrslur","it":"scrivere le relazioni sui rischi","es":"preparar informes de riesgo","et":"riskiaruandeid koostama","cs":"vypracovat zprávy s hodnocením rizik","ar":"ينشئ تقارير المخاطر","pl":"sporządzać sprawozdania na temat ryzyka","ro":"elaborează rapoartele de risc","da":"udarbejde risikorapporter","nl":"risicorapporten opstellen"},"alternativeLabel":{"lt":["rengti pranešimus apie riziką"],"en":["write risk reports","make risk reports","creating risk reports","create risk report"],"nl":["risicoverslagen creëren","risicorapporten creëren","risicoverslagen opstellen","risicorapporten maken","risicoverslagen maken"]},"description":{"en-us":{"literal":"Gather all the information, analyze the variables and create reports where the detected risks of the company or projects are analyzed and possible solutions are suggested as counter actions to the risks.","mimetype":"plain/text"},"en":{"literal":"Gather all the information, analyse the variables and create reports where the detected risks of the company or projects are analysed and possible solutions are suggested as counter actions to the risks.","mimetype":"plain/text"}},"status":"released","_links":{"self":{"href":"https://ec.europa.eu/esco/api/resource/skill?uri=http://data.europa.eu/esco/skill/bd832a82-b079-4001-80d1-f59efed33688&language=en","uri":"http://data.europa.eu/esco/skill/bd832a82-b079-4001-80d1-f59efed33688","title":"create risk reports"},"isTopConceptInScheme":[{"href":"https://ec.europa.eu/esco/api/resource/taxonomy?uri=http://data.europa.eu/esco/concept-scheme/member-skills&language=en","uri":"http://data.europa.eu/esco/concept-scheme/member-skills","title":"ESCO member skills"},{"href":"https://ec.europa.eu/esco/api/resource/taxonomy?uri=http://data.europa.eu/esco/concept-scheme/skills&language=en","uri":"http://data.europa.eu/esco/concept-scheme/skills","title":"ESCO skills"}],"isInScheme":[{"href":"https://ec.europa.eu/esco/api/resource/taxonomy?uri=http://data.europa.eu/esco/concept-scheme/member-skills&language=en","uri":"http://data.europa.eu/esco/concept-scheme/member-skills","title":"ESCO member skills"},{"href":"https://ec.europa.eu/esco/api/resource/taxonomy?uri=http://data.europa.eu/esco/concept-scheme/skills&language=en","uri":"http://data.europa.eu/esco/concept-scheme/skills","title":"ESCO skills"}],"hasSkillType":[{"href":"https://ec.europa.eu/esco/api/resource/concept?uri=http://data.europa.eu/esco/skill-type/skill&language=en","uri":"http://data.europa.eu/esco/skill-type/skill","title":"skill"}],"hasReuseLevel":[{"href":"https://ec.europa.eu/esco/api/resource/concept?uri=http://data.europa.eu/esco/skill-reuse-level/cross-sector&language=en","uri":"http://data.europa.eu/esco/skill-reuse-level/cross-sector","title":"cross-sector skills and competences","code":"Level 2"}],"isEssentialForOccupation":[{"href":"https://ec.europa.eu/esco/api/resource/occupation?uri=http://data.europa.eu/esco/occupation/b3ce981c-5b32-4de2-8e53-502a6357b2bc&language=en","uri":"http://data.europa.eu/esco/occupation/b3ce981c-5b32-4de2-8e53-502a6357b2bc","title":"credit risk analyst"},{"href":"https://ec.europa.eu/esco/api/resource/occupation?uri=http://data.europa.eu/esco/occupation/7a6ca615-a2bc-499d-8288-d186ce2594ea&language=en","uri":"http://data.europa.eu/esco/occupation/7a6ca615-a2bc-499d-8288-d186ce2594ea","title":"financial risk analyst"}],"isOptionalForOccupation":[{"href":"https://ec.europa.eu/esco/api/resource/occupation?uri=http://data.europa.eu/esco/occupation/3e1a2f3c-20d6-4d33-aa6f-63cd2a32698d&language=en","uri":"http://data.europa.eu/esco/occupation/3e1a2f3c-20d6-4d33-aa6f-63cd2a32698d","title":"corporate treasurer"},{"href":"https://ec.europa.eu/esco/api/resource/occupation?uri=http://data.europa.eu/esco/occupation/30f3ea93-882a-4525-841c-1d5b4b64076f&language=en","uri":"http://data.europa.eu/esco/occupation/30f3ea93-882a-4525-841c-1d5b4b64076f","title":"financial manager"},{"href":"https://ec.europa.eu/esco/api/resource/occupation?uri=http://data.europa.eu/esco/occupation/b09acdda-6680-49d1-a411-129610ee3bc0&language=en","uri":"http://data.europa.eu/esco/occupation/b09acdda-6680-49d1-a411-129610ee3bc0","title":"risk manager"}]},"_embedded":{}},{"className":"Skill","classId":"http://data.europa.eu/esco/model#Skill","uri":"http://data.europa.eu/esco/skill/95c52333-0c2d-49db-a6cb-2fd3eb758052","title":"remove sediment from varnish","referenceLanguage":["en"],"preferredLabel":{"no":"fjerne sediment fra lakk","de":"Sedimente aus Lack entfernen","fi":"poistaa sedimentti lakasta","en-us":"remove sediment from varnish","pt":"remover sedimentos do verniz","bg":"отстраняване на утайката от лака","lt":"pašalinti iš lako nuosėdas","lv":"filtrēt lakas nosēdumus","hr":"uklanjati talog iz laka","fr":"retirer des sédiments dans du vernis","hu":"eltávolítja a lerakódást a lakkból","sk":"odstrániť z fermeže usadeniny","sl":"odstranjevati usedlino iz barve","ga":"dríodar a bhaint de vearnais","sv":"avlägsna lacksediment","el":"απομάκρυνση ιζήματος από βερνίκι","mt":"tneħħija tas-sedimentazzjoni mill-verniċ","en":"remove sediment from varnish","is":"fjarlægir dreggjar frá gljákvoðu","it":"rimuovere i depositi dalla vernice","es":"separar sedimento del barniz","et":"laki setet eemaldama","cs":"odstranit z laku sediment","ar":"يزيل الرواسب من الورنيش","pl":"usuwać osad z pokostu","da":"fjerne sediment fra lak","ro":"îndepărtează sedimentul din vernis","nl":"sediment uit vernis verwijderen"},"alternativeLabel":{"en":["removing sediment from varnish","filtering varnish","filter varnish","sediment removing from varnish","varnish filtering"],"pl":["usuwać osad z lakieru"],"nl":["bezinksel uit vernis verwijderen"]},"description":{"en-us":{"literal":"Remove the sediments by pumping the varnish through the filter press.","mimetype":"plain/text"},"en":{"literal":"Remove the sediments by pumping the varnish through the filter press.","mimetype":"plain/text"}},"status":"released","_links":{"self":{"href":"https://ec.europa.eu/esco/api/resource/skill?uri=http://data.europa.eu/esco/skill/95c52333-0c2d-49db-a6cb-2fd3eb758052&language=en","uri":"http://data.europa.eu/esco/skill/95c52333-0c2d-49db-a6cb-2fd3eb758052","title":"remove sediment from varnish"},"isTopConceptInScheme":[{"href":"https://ec.europa.eu/esco/api/resource/taxonomy?uri=http://data.europa.eu/esco/concept-scheme/skills&language=en","uri":"http://data.europa.eu/esco/concept-scheme/skills","title":"ESCO skills"},{"href":"https://ec.europa.eu/esco/api/resource/taxonomy?uri=http://data.europa.eu/esco/concept-scheme/member-skills&language=en","uri":"http://data.europa.eu/esco/concept-scheme/member-skills","title":"ESCO member skills"}],"isInScheme":[{"href":"https://ec.europa.eu/esco/api/resource/taxonomy?uri=http://data.europa.eu/esco/concept-scheme/skills&language=en","uri":"http://data.europa.eu/esco/concept-scheme/skills","title":"ESCO skills"},{"href":"https://ec.europa.eu/esco/api/resource/taxonomy?uri=http://data.europa.eu/esco/concept-scheme/member-skills&language=en","uri":"http://data.europa.eu/esco/concept-scheme/member-skills","title":"ESCO member skills"}],"hasSkillType":[{"href":"https://ec.europa.eu/esco/api/resource/concept?uri=http://data.europa.eu/esco/skill-type/skill&language=en","uri":"http://data.europa.eu/esco/skill-type/skill","title":"skill"}],"hasReuseLevel":[{"href":"https://ec.europa.eu/esco/api/resource/concept?uri=http://data.europa.eu/esco/skill-reuse-level/occupation-specific&language=en","uri":"http://data.europa.eu/esco/skill-reuse-level/occupation-specific","title":"occupation specific skills and competences","code":"Level 4"}],"isEssentialForOccupation":[{"href":"https://ec.europa.eu/esco/api/resource/occupation?uri=http://data.europa.eu/esco/occupation/c76566f1-97a1-43e9-a7d8-155db0e56987&language=en","uri":"http://data.europa.eu/esco/occupation/c76566f1-97a1-43e9-a7d8-155db0e56987","title":"varnish maker"}]},"_embedded":{}},{"className":"Skill","classId":"http://data.europa.eu/esco/model#Skill","uri":"http://data.europa.eu/esco/skill/8a48dc99-406c-476f-b888-aeeaf0d3a147","title":"tattoo customers","referenceLanguage":["en"],"preferredLabel":{"de":"Kunden und Kundinnen tätowieren","no":"tatovere kunder","fi":"tatuoida asiakkaita","en-us":"tattoo customers","pt":"tatuar clientes","bg":"татуиране на клиенти","lt":"daryti tatuiruotes klientams","lv":"tetovēt klientus","hr":"klijenti salona za tetovaže","fr":"tatouer un client","hu":"ügyfeleket tetovál","sk":"tetovať zákazníkov","sl":"tetovirati stranke","ga":"tatú a chur ar chustaiméirí","sv":"tatuera kunder","mt":"twettiq tat-tpinġijiet tal-ġisem għall-klijenti","el":"παροχή υπηρεσιών δερματοστιξίας σε πελάτες","en":"tattoo customers","is":"húðflúrar viðskiptavini","it":"tatuare i clienti","es":"hacer tatuajes","et":"kliente tätoveerima","cs":"tetovat zákazníky","ar":"يرسم وشمًا للعملاء","pl":"tatuować klientów","da":"tatovere kunder","ro":"tatuează clienți","nl":"klanten tatoeëren"},"alternativeLabel":{"en":["tattoo customer","tattooing customers","give tattoos to customers","tattoo clients"],"es":["tatuar a los clientes"]},"description":{"en-us":{"literal":"Make paintings or mark symbols on parts of people's bodies by injecting pigment under the skin, with the use of electrically-operated needles.","mimetype":"plain/text"},"en":{"literal":"Make paintings or mark symbols on parts of people's bodies by injecting pigment under the skin, with the use of electrically-operated needles.","mimetype":"plain/text"}},"status":"released","_links":{"self":{"href":"https://ec.europa.eu/esco/api/resource/skill?uri=http://data.europa.eu/esco/skill/8a48dc99-406c-476f-b888-aeeaf0d3a147&language=en","uri":"http://data.europa.eu/esco/skill/8a48dc99-406c-476f-b888-aeeaf0d3a147","title":"tattoo customers"},"isTopConceptInScheme":[{"href":"https://ec.europa.eu/esco/api/resource/taxonomy?uri=http://data.europa.eu/esco/concept-scheme/skills&language=en","uri":"http://data.europa.eu/esco/concept-scheme/skills","title":"ESCO skills"},{"href":"https://ec.europa.eu/esco/api/resource/taxonomy?uri=http://data.europa.eu/esco/concept-scheme/member-skills&language=en","uri":"http://data.europa.eu/esco/concept-scheme/member-skills","title":"ESCO member skills"}],"isInScheme":[{"href":"https://ec.europa.eu/esco/api/resource/taxonomy?uri=http://data.europa.eu/esco/concept-scheme/skills&language=en","uri":"http://data.europa.eu/esco/concept-scheme/skills","title":"ESCO skills"},{"href":"https://ec.europa.eu/esco/api/resource/taxonomy?uri=http://data.europa.eu/esco/concept-scheme/member-skills&language=en","uri":"http://data.europa.eu/esco/concept-scheme/member-skills","title":"ESCO member skills"}],"hasSkillType":[{"href":"https://ec.europa.eu/esco/api/resource/concept?uri=http://data.europa.eu/esco/skill-type/skill&language=en","uri":"http://data.europa.eu/esco/skill-type/skill","title":"skill"}],"hasReuseLevel":[{"href":"https://ec.europa.eu/esco/api/resource/concept?uri=http://data.europa.eu/esco/skill-reuse-level/occupation-specific&language=en","uri":"http://data.europa.eu/esco/skill-reuse-level/occupation-specific","title":"occupation specific skills and competences","code":"Level 4"}],"isOptionalForOccupation":[{"href":"https://ec.europa.eu/esco/api/resource/occupation?uri=http://data.europa.eu/esco/occupation/40da2fc6-8cb4-4cd3-8fe3-899715905070&language=en","uri":"http://data.europa.eu/esco/occupation/40da2fc6-8cb4-4cd3-8fe3-899715905070","title":"body artist"}]},"_embedded":{}},{"className":"Skill","classId":"http://data.europa.eu/esco/model#Skill","uri":"http://data.europa.eu/esco/skill/07ad40ef-1336-4c0c-abd5-1001773c0eda","title":"electrooptic devices","referenceLanguage":["en"],"preferredLabel":{"de":"elektrooptische Geräte","no":"elektrooptiske enheter","fi":"sähköoptiset laitteet","en-us":"electrooptic devices","pt":"dispositivos eletro-óticos","bg":"електрооптични устройства","lt":"elektrooptiniai prietaisai","lv":"elektrooptiskās ierīces","hr":"elektrooptički uređaji","fr":"instruments électro-optiques","hu":"elektrooptikai eszközök","sk":"elektrooptické zariadenia","sl":"elektrooptične naprave","ga":"feistí leictrea-optaice","sv":"elektrooptisk utrustning","mt":"apparati elettroottiċi","el":"ηλεκτροοπτικές συσκευές","en":"electrooptic devices","is":"rafljóstæki","it":"dispositivi elettro-ottici","es":"dispositivos, sistemas y componentes electroópticos","et":"elektrooptilised seadmed","cs":"elektrooptická zařízení","ar":"الأجهزة الكهروبصرية","pl":"urządzenia elektrooptyczne","da":"elektrooptiske anordninger","ro":"dispozitive electrooptice","nl":"opto-elektronische toestellen"},"alternativeLabel":{"sv":["elektrooptiska apparater"],"pt":["dispositivos electro-ópticos"],"en":["lasers","kinds of electrooptic devices","types of electrooptic devices","electro-optic devices","typology of electrooptic devices","typology of electro-optic devices","electro-optic modulators","types of electro-optic devices","kinds of electro-optic devices"],"ga":["gléasanna leictrea-optaice"],"ro":["lasere","tipuri de dispozitive electrooptice"],"es":["aparatos electroópticos","equipos electroópticos","sistemas electroópticos","componentes con elementos eléctricos o electrónicos"]},"description":{"en-us":{"literal":"Optical devices, systems, and components that possess electrical or electronic features, such as lasers or electrooptic modulators.","mimetype":"plain/text"},"en":{"literal":"Optical devices, systems, and components that possess electrical or electronic features, such as lasers or electrooptic modulators.","mimetype":"plain/text"}},"status":"released","_links":{"self":{"href":"https://ec.europa.eu/esco/api/resource/skill?uri=http://data.europa.eu/esco/skill/07ad40ef-1336-4c0c-abd5-1001773c0eda&language=en","uri":"http://data.europa.eu/esco/skill/07ad40ef-1336-4c0c-abd5-1001773c0eda","title":"electrooptic devices"},"isTopConceptInScheme":[{"href":"https://ec.europa.eu/esco/api/resource/taxonomy?uri=http://data.europa.eu/esco/concept-scheme/skills&language=en","uri":"http://data.europa.eu/esco/concept-scheme/skills","title":"ESCO skills"},{"href":"https://ec.europa.eu/esco/api/resource/taxonomy?uri=http://data.europa.eu/esco/concept-scheme/member-skills&language=en","uri":"http://data.europa.eu/esco/concept-scheme/member-skills","title":"ESCO member skills"}],"isInScheme":[{"href":"https://ec.europa.eu/esco/api/resource/taxonomy?uri=http://data.europa.eu/esco/concept-scheme/skills&language=en","uri":"http://data.europa.eu/esco/concept-scheme/skills","title":"ESCO skills"},{"href":"https://ec.europa.eu/esco/api/resource/taxonomy?uri=http://data.europa.eu/esco/concept-scheme/member-skills&language=en","uri":"http://data.europa.eu/esco/concept-scheme/member-skills","title":"ESCO member skills"}],"hasSkillType":[{"href":"https://ec.europa.eu/esco/api/resource/concept?uri=http://data.europa.eu/esco/skill-type/knowledge&language=en","uri":"http://data.europa.eu/esco/skill-type/knowledge","title":"knowledge"}],"hasReuseLevel":[{"href":"https://ec.europa.eu/esco/api/resource/concept?uri=http://data.europa.eu/esco/skill-reuse-level/sector-specific&language=en","uri":"http://data.europa.eu/esco/skill-reuse-level/sector-specific","title":"sector specific skills and competences","code":"Level 3"}],"isOptionalForOccupation":[{"href":"https://ec.europa.eu/esco/api/resource/occupation?uri=http://data.europa.eu/esco/occupation/778c1d37-69f2-4184-ac98-03b7dbfba332&language=en","uri":"http://data.europa.eu/esco/occupation/778c1d37-69f2-4184-ac98-03b7dbfba332","title":"photonics engineer"},{"href":"https://ec.europa.eu/esco/api/resource/occupation?uri=http://data.europa.eu/esco/occupation/ab3c4d3e-3189-47ad-82af-57cdae3cb589&language=en","uri":"http://data.europa.eu/esco/occupation/ab3c4d3e-3189-47ad-82af-57cdae3cb589","title":"optical engineer"},{"href":"https://ec.europa.eu/esco/api/resource/occupation?uri=http://data.europa.eu/esco/occupation/250d6493-68ab-4d69-ba67-c10293a20f49&language=en","uri":"http://data.europa.eu/esco/occupation/250d6493-68ab-4d69-ba67-c10293a20f49","title":"photonics engineering technician"}]},"_embedded":{}},{"className":"Skill","classId":"http://data.europa.eu/esco/model#Skill","uri":"http://data.europa.eu/esco/skill/9fd32e78-6277-4a8c-b020-ad109f92ba4f","title":"perform body piercings","referenceLanguage":["en"],"preferredLabel":{"de":"Piercings durchführen","no":"lage kroppspiercing","en-us":"perform body piercings","fi":"tehdä lävistyksiä","pt":"fazer piercings corporais","bg":"поставяне на пиърсинг по тялото","lt":"atlikti auskarų vėrimo procedūras","hr":"obavljati piercing tijela","lv":"veikt ķermeņa pīrsingu","fr":"réaliser des piercings","hu":"testpiercinget helyez fel","sk":"nastreliť piercing","sl":"opravljati pirsing","ga":"polladh coirp a dhéanamh","sv":"utföra kroppspiercing","el":"διενέργεια διατρήσεων στο σώμα","mt":"twettiq tat-titqib tal-ġisem","en":"perform body piercings","is":"framkvæmir líkamsgötun","it":"eseguire i body piercing","es":"hacer piercings","et":"kehaosi augustama","cs":"provádět piercing","ar":"يقوم بثقوب الجسد","pl":"przeprowadzać zabiegi przekłuwania części ciała","ro":"realizează piercing-uri","da":"udføre kropspiercinger","nl":"lichaamspiercings plaatsen"},"alternativeLabel":{"sv":["utföra piercing"],"sl":["opravljati piercing"],"en":["performing body piercings","do body piercings","perform piercings","perform body piercing"],"es":["hacer perforaciones"]},"description":{"en-us":{"literal":"Puncture or cut parts of people's bodies, to create an opening for jewelry or rings.","mimetype":"plain/text"},"en":{"literal":"Puncture or cut parts of people's bodies, to create an opening for jewellery or rings.","mimetype":"plain/text"}},"status":"released","_links":{"self":{"href":"https://ec.europa.eu/esco/api/resource/skill?uri=http://data.europa.eu/esco/skill/9fd32e78-6277-4a8c-b020-ad109f92ba4f&language=en","uri":"http://data.europa.eu/esco/skill/9fd32e78-6277-4a8c-b020-ad109f92ba4f","title":"perform body piercings"},"isTopConceptInScheme":[{"href":"https://ec.europa.eu/esco/api/resource/taxonomy?uri=http://data.europa.eu/esco/concept-scheme/skills&language=en","uri":"http://data.europa.eu/esco/concept-scheme/skills","title":"ESCO skills"},{"href":"https://ec.europa.eu/esco/api/resource/taxonomy?uri=http://data.europa.eu/esco/concept-scheme/member-skills&language=en","uri":"http://data.europa.eu/esco/concept-scheme/member-skills","title":"ESCO member skills"}],"isInScheme":[{"href":"https://ec.europa.eu/esco/api/resource/taxonomy?uri=http://data.europa.eu/esco/concept-scheme/skills&language=en","uri":"http://data.europa.eu/esco/concept-scheme/skills","title":"ESCO skills"},{"href":"https://ec.europa.eu/esco/api/resource/taxonomy?uri=http://data.europa.eu/esco/concept-scheme/member-skills&language=en","uri":"http://data.europa.eu/esco/concept-scheme/member-skills","title":"ESCO member skills"}],"hasSkillType":[{"href":"https://ec.europa.eu/esco/api/resource/concept?uri=http://data.europa.eu/esco/skill-type/skill&language=en","uri":"http://data.europa.eu/esco/skill-type/skill","title":"skill"}],"hasReuseLevel":[{"href":"https://ec.europa.eu/esco/api/resource/concept?uri=http://data.europa.eu/esco/skill-reuse-level/sector-specific&language=en","uri":"http://data.europa.eu/esco/skill-reuse-level/sector-specific","title":"sector specific skills and competences","code":"Level 3"}],"isOptionalForOccupation":[{"href":"https://ec.europa.eu/esco/api/resource/occupation?uri=http://data.europa.eu/esco/occupation/489b9a38-89a2-425c-95b9-79cec66379e1&language=en","uri":"http://data.europa.eu/esco/occupation/489b9a38-89a2-425c-95b9-79cec66379e1","title":"pedicurist"},{"href":"https://ec.europa.eu/esco/api/resource/occupation?uri=http://data.europa.eu/esco/occupation/40da2fc6-8cb4-4cd3-8fe3-899715905070&language=en","uri":"http://data.europa.eu/esco/occupation/40da2fc6-8cb4-4cd3-8fe3-899715905070","title":"body artist"},{"href":"https://ec.europa.eu/esco/api/resource/occupation?uri=http://data.europa.eu/esco/occupation/bced9b86-d4e7-42f8-bb47-acb2001b9bd0&language=en","uri":"http://data.europa.eu/esco/occupation/bced9b86-d4e7-42f8-bb47-acb2001b9bd0","title":"manicurist"}]},"_embedded":{}},{"className":"Skill","classId":"http://data.europa.eu/esco/model#Skill","uri":"http://data.europa.eu/esco/skill/c5498dc6-07d8-4dbb-9b24-326a50895315","title":"use body modification techniques","referenceLanguage":["en"],"preferredLabel":{"de":"Körpermodifikationstechniken nutzen","no":"bruke kroppsmodifikasjonsteknikker","fi":"käyttää kehonmuokkaustekniikoita","en-us":"use body modification techniques","pt":"utilizar técnicas de alteração corporal","bg":"използване на техники за корекции на тялото","lt":"naudoti kūno modifikavimo metodus","lv":"izmantot ķermeņa pārveidošanas metodes","hr":"upotrebljavati tehnike preoblikovanja tijela","fr":"appliquer des techniques de modification corporelle","hu":"testmódosító technikákat alkalmaz","sk":"používať techniky telesných modifikácií","sl":"uporabljati tehnike za spreminjanje telesa","ga":"teicnící modhnú coirp a úsáid","sv":"använda metoder för kroppsmodifiering","mt":"użu ta’ tekniki tal-modifiki fil-ġisem","el":"χρήση τεχνικών τροποποίησης σώματος","en":"use body modification techniques","is":"beitir líkamsmótunartækni","it":"utilizzare le tecniche di modificazione del corpo","es":"emplear técnicas para modificar el cuerpo","et":"kehakujundusmeetodeid kasutama","cs":"používat techniky estetické medicíny","ar":"يستخدم أساليب تعديل الجسم","pl":"stosować techniki modyfikacji ciała","da":"bruge teknikker til kropsmodifikation","ro":"utilizează tehnici de modificare a corpului","nl":"technieken voor lichaamsmodificatie toepassen"},"alternativeLabel":{"en":["use body modification technique","using body modification techniques","use techniques for body modification","utilize body modification techniques","employ body modification techniques"],"nl":["technieken voor lichaamsmodificatie gebruiken"]},"description":{"en-us":{"literal":"Use techniques to change the shape of or create patterns in the human skin, such as cutting, branding, manipulating, stretching or scarring, by use of scalpels, heat and restraining techniques.","mimetype":"plain/text"},"en":{"literal":"Use techniques to change the shape of or create patterns in the human skin, such as cutting, branding, manipulating, stretching or scarring, by use of scalpels, heat and restraining techniques.","mimetype":"plain/text"}},"status":"released","_links":{"self":{"href":"https://ec.europa.eu/esco/api/resource/skill?uri=http://data.europa.eu/esco/skill/c5498dc6-07d8-4dbb-9b24-326a50895315&language=en","uri":"http://data.europa.eu/esco/skill/c5498dc6-07d8-4dbb-9b24-326a50895315","title":"use body modification techniques"},"isTopConceptInScheme":[{"href":"https://ec.europa.eu/esco/api/resource/taxonomy?uri=http://data.europa.eu/esco/concept-scheme/skills&language=en","uri":"http://data.europa.eu/esco/concept-scheme/skills","title":"ESCO skills"},{"href":"https://ec.europa.eu/esco/api/resource/taxonomy?uri=http://data.europa.eu/esco/concept-scheme/member-skills&language=en","uri":"http://data.europa.eu/esco/concept-scheme/member-skills","title":"ESCO member skills"}],"isInScheme":[{"href":"https://ec.europa.eu/esco/api/resource/taxonomy?uri=http://data.europa.eu/esco/concept-scheme/skills&language=en","uri":"http://data.europa.eu/esco/concept-scheme/skills","title":"ESCO skills"},{"href":"https://ec.europa.eu/esco/api/resource/taxonomy?uri=http://data.europa.eu/esco/concept-scheme/member-skills&language=en","uri":"http://data.europa.eu/esco/concept-scheme/member-skills","title":"ESCO member skills"}],"hasSkillType":[{"href":"https://ec.europa.eu/esco/api/resource/concept?uri=http://data.europa.eu/esco/skill-type/skill&language=en","uri":"http://data.europa.eu/esco/skill-type/skill","title":"skill"}],"hasReuseLevel":[{"href":"https://ec.europa.eu/esco/api/resource/concept?uri=http://data.europa.eu/esco/skill-reuse-level/occupation-specific&language=en","uri":"http://data.europa.eu/esco/skill-reuse-level/occupation-specific","title":"occupation specific skills and competences","code":"Level 4"}],"isOptionalForOccupation":[{"href":"https://ec.europa.eu/esco/api/resource/occupation?uri=http://data.europa.eu/esco/occupation/40da2fc6-8cb4-4cd3-8fe3-899715905070&language=en","uri":"http://data.europa.eu/esco/occupation/40da2fc6-8cb4-4cd3-8fe3-899715905070","title":"body artist"}]},"_embedded":{}},{"className":"Skill","classId":"http://data.europa.eu/esco/model#Skill","uri":"http://data.europa.eu/esco/skill/f4aeba43-dab5-47fa-89ba-f957ecc86657","title":"level earth surface","referenceLanguage":["en"],"preferredLabel":{"no":"planere bakkeoverflate","de":"Erdoberfläche ebnen","en-us":"level earth surface","fi":"tasoittaa maanpinta","pt":"nivelar a superfície do solo","bg":"изравняване на земната повърхност","lt":"lyginti žemės paviršių","lv":"izlīdzināt zemi","hr":"poravnavati površinu tla","fr":"niveler le sol","hu":"kiegyenlíti a földfelszínt","sk":"vyrovnávať zemský povrch","sl":"ravnati zemeljsko površje","ga":"dromchla na talún a chothromú","sv":"jämna till markyta","mt":"livellar tas-superfiċe tal-art","el":"ισοπέδωση επιφάνειας","en":"level earth surface","is":"sléttir jarðyfirborðið","it":"livellare la superficie del terreno","es":"nivelar terreno","et":"pinnast tasandama","cs":"vyrovnat povrch zeminy","ar":"يساوي سطح الأرض","pl":"wyrównywać powierzchnię ziemi","da":"nivellere jordoverflade","ro":"nivelează suprafața solului","nl":"bodemoppervlak vlak maken"},"alternativeLabel":{"en":["levelling surface","grading earth surface","earth surface levelling","surface levelling","re-profile earth surface","levelling of earth surface","grade earth surface","levelling earth surface","re-profiling earth surface","level surface"],"nl":["bodemoppervlak effen maken","bodemoppervlak gelijk maken"],"es":["igualar terreno","nivelar superficie","nivelar superficie de terreno"]},"description":{"en-us":{"literal":"Change the profile of the earth surface, turning it flat or shaping it to match a certain slope. Remove irregularities such as knolls, pits and ditches.","mimetype":"plain/text"},"en":{"literal":"Change the profile of the earth surface, turning it flat or shaping it to match a certain slope. Remove irregularities such as knolls, pits and ditches.","mimetype":"plain/text"}},"status":"released","_links":{"self":{"href":"https://ec.europa.eu/esco/api/resource/skill?uri=http://data.europa.eu/esco/skill/f4aeba43-dab5-47fa-89ba-f957ecc86657&language=en","uri":"http://data.europa.eu/esco/skill/f4aeba43-dab5-47fa-89ba-f957ecc86657","title":"level earth surface"},"isTopConceptInScheme":[{"href":"https://ec.europa.eu/esco/api/resource/taxonomy?uri=http://data.europa.eu/esco/concept-scheme/skills&language=en","uri":"http://data.europa.eu/esco/concept-scheme/skills","title":"ESCO skills"},{"href":"https://ec.europa.eu/esco/api/resource/taxonomy?uri=http://data.europa.eu/esco/concept-scheme/member-skills&language=en","uri":"http://data.europa.eu/esco/concept-scheme/member-skills","title":"ESCO member skills"}],"isInScheme":[{"href":"https://ec.europa.eu/esco/api/resource/taxonomy?uri=http://data.europa.eu/esco/concept-scheme/skills&language=en","uri":"http://data.europa.eu/esco/concept-scheme/skills","title":"ESCO skills"},{"href":"https://ec.europa.eu/esco/api/resource/taxonomy?uri=http://data.europa.eu/esco/concept-scheme/member-skills&language=en","uri":"http://data.europa.eu/esco/concept-scheme/member-skills","title":"ESCO member skills"}],"hasSkillType":[{"href":"https://ec.europa.eu/esco/api/resource/concept?uri=http://data.europa.eu/esco/skill-type/skill&language=en","uri":"http://data.europa.eu/esco/skill-type/skill","title":"skill"}],"hasReuseLevel":[{"href":"https://ec.europa.eu/esco/api/resource/concept?uri=http://data.europa.eu/esco/skill-reuse-level/sector-specific&language=en","uri":"http://data.europa.eu/esco/skill-reuse-level/sector-specific","title":"sector specific skills and competences","code":"Level 3"}],"isEssentialForOccupation":[{"href":"https://ec.europa.eu/esco/api/resource/occupation?uri=http://data.europa.eu/esco/occupation/5f68c4c3-9d25-48e2-8efc-5471a80fb155&language=en","uri":"http://data.europa.eu/esco/occupation/5f68c4c3-9d25-48e2-8efc-5471a80fb155","title":"road construction worker"},{"href":"https://ec.europa.eu/esco/api/resource/occupation?uri=http://data.europa.eu/esco/occupation/eedbf8b1-9432-4f42-ab7f-db5cd3eb2a05&language=en","uri":"http://data.europa.eu/esco/occupation/eedbf8b1-9432-4f42-ab7f-db5cd3eb2a05","title":"excavator operator"},{"href":"https://ec.europa.eu/esco/api/resource/occupation?uri=http://data.europa.eu/esco/occupation/73d77554-2016-46fa-ac3d-44a02e8d1a89&language=en","uri":"http://data.europa.eu/esco/occupation/73d77554-2016-46fa-ac3d-44a02e8d1a89","title":"sewer construction worker"}],"isOptionalForOccupation":[{"href":"https://ec.europa.eu/esco/api/resource/occupation?uri=http://data.europa.eu/esco/occupation/2b318e09-1a5d-4d7f-85a7-fe78945fe917&language=en","uri":"http://data.europa.eu/esco/occupation/2b318e09-1a5d-4d7f-85a7-fe78945fe917","title":"sewer construction supervisor"}]},"_embedded":{}},{"className":"Skill","classId":"http://data.europa.eu/esco/model#Skill","uri":"http://data.europa.eu/esco/skill/1c66359a-5d68-4526-86ab-4a2c554aab57","title":"create cultural venue outreach policies","referenceLanguage":["en"],"preferredLabel":{"de":"Strategien zur Reichweite von Kulturstätten entwickeln","no":"skape oppsøkingsretningslinjer for kulturell arena","en-us":"create cultural venue outreach policies","fi":"laatia kulttuurilaitosten tiedotuskäytäntöjä","pt":"criar políticas de proximidade para espaços culturais","bg":"създаване на политики за популяризиране на места за културни събития","lt":"parengti kultūros renginių vietos viešinimo politiką","hr":"osmišljavati politike informiranja kulturnih ustanova","lv":"izveidot kultūras pasākumu norises vietu informatīvo politiku","fr":"créer des politiques de diffusion sur les sites culturels","hu":"a kulturális helyszín iránti figyelem felkeltését szolgáló eljárásokat dolgoz ki","sk":"vypracovať komunikačné politiky kultúrnej inštitúcie","sl":"oblikovati politike obveščanja za kulturno-umetniške ustanove","ga":"beartais for-rochtana a chruthú le haghaidh ionad cultúrtha","sv":"upprätta en strategi för kulturinstitutioners utåtriktade verksamhet","el":"δημιουργία πολιτικών προβολής πολιτιστικών χώρων","mt":"ħolqien ta’ politiki soċjali f’postijiet kulturali","en":"create cultural venue outreach policies","is":"semur námsstefnu fyrir menningarlegan vettvang","it":"creare politiche di sensibilizzazione legate al sito culturale","es":"crear políticas de promoción de los espacios culturales","et":"kultuuriürituste toimumiskoha teavituseeskirju koostama","cs":"vytvářet aktivní učební strategie pro kulturní zařízení","ar":"يضع سياسات التوعية بالأماكن الثقافية","pl":"opracowywać politykę komunikacji zewnętrznej dla  placówki kulturalnej","ro":"elaborează politicile de promovare ale instituției culturale","da":"etablere politikker for kulturinstitutions opsøgende arbejde","nl":"beleid opstellen om de betrokkenheid te vergroten bij culturele ontmoetingsplaatsen"},"alternativeLabel":{"en":["draft policies of outreach for cultural venues","draw up outreach policies for target cultural groups","create outreach policies for cultural venues","create policies for cultural venue outreach"]},"description":{"en-us":{"literal":"Draw up outreach policies for the museum and any art facility, and a program of activities directed at all target audiences. Set up a network of exterior contacts to relay information to target audiences to this end.","mimetype":"plain/text"},"en":{"literal":"Draw up outreach policies for the museum and any art facility, and a programme of activities directed at all target audiences. Set up a network of exterior contacts to relay information to target audiences to this end.","mimetype":"plain/text"}},"status":"released","_links":{"self":{"href":"https://ec.europa.eu/esco/api/resource/skill?uri=http://data.europa.eu/esco/skill/1c66359a-5d68-4526-86ab-4a2c554aab57&language=en","uri":"http://data.europa.eu/esco/skill/1c66359a-5d68-4526-86ab-4a2c554aab57","title":"create cultural venue outreach policies"},"isTopConceptInScheme":[{"href":"https://ec.europa.eu/esco/api/resource/taxonomy?uri=http://data.europa.eu/esco/concept-scheme/member-skills&language=en","uri":"http://data.europa.eu/esco/concept-scheme/member-skills","title":"ESCO member skills"},{"href":"https://ec.europa.eu/esco/api/resource/taxonomy?uri=http://data.europa.eu/esco/concept-scheme/skills&language=en","uri":"http://data.europa.eu/esco/concept-scheme/skills","title":"ESCO skills"}],"isInScheme":[{"href":"https://ec.europa.eu/esco/api/resource/taxonomy?uri=http://data.europa.eu/esco/concept-scheme/member-skills&language=en","uri":"http://data.europa.eu/esco/concept-scheme/member-skills","title":"ESCO member skills"},{"href":"https://ec.europa.eu/esco/api/resource/taxonomy?uri=http://data.europa.eu/esco/concept-scheme/skills&language=en","uri":"http://data.europa.eu/esco/concept-scheme/skills","title":"ESCO skills"}],"hasSkillType":[{"href":"https://ec.europa.eu/esco/api/resource/concept?uri=http://data.europa.eu/esco/skill-type/skill&language=en","uri":"http://data.europa.eu/esco/skill-type/skill","title":"skill"}],"hasReuseLevel":[{"href":"https://ec.europa.eu/esco/api/resource/concept?uri=http://data.europa.eu/esco/skill-reuse-level/sector-specific&language=en","uri":"http://data.europa.eu/esco/skill-reuse-level/sector-specific","title":"sector specific skills and competences","code":"Level 3"}],"isEssentialForOccupation":[{"href":"https://ec.europa.eu/esco/api/resource/occupation?uri=http://data.europa.eu/esco/occupation/b9b47087-6045-405d-b769-6a0c94e2eb84&language=en","uri":"http://data.europa.eu/esco/occupation/b9b47087-6045-405d-b769-6a0c94e2eb84","title":"mediation and education manager"},{"href":"https://ec.europa.eu/esco/api/resource/occupation?uri=http://data.europa.eu/esco/occupation/ce6230b8-154f-4e0b-ac03-dca3a269a19c&language=en","uri":"http://data.europa.eu/esco/occupation/ce6230b8-154f-4e0b-ac03-dca3a269a19c","title":"cultural centre director"},{"href":"https://ec.europa.eu/esco/api/resource/occupation?uri=http://data.europa.eu/esco/occupation/6066ed14-ace3-4352-b656-2b621fd7bc88&language=en","uri":"http://data.europa.eu/esco/occupation/6066ed14-ace3-4352-b656-2b621fd7bc88","title":"cultural facilities manager"}],"isOptionalForOccupation":[{"href":"https://ec.europa.eu/esco/api/resource/occupation?uri=http://data.europa.eu/esco/occupation/5fe1b340-9b02-4c40-bbc9-ffd4d5fb5699&language=en","uri":"http://data.europa.eu/esco/occupation/5fe1b340-9b02-4c40-bbc9-ffd4d5fb5699","title":"cultural policy officer"},{"href":"https://ec.europa.eu/esco/api/resource/occupation?uri=http://data.europa.eu/esco/occupation/caf7b8fb-b2d6-46b7-bffa-bea7f8e4aed8&language=en","uri":"http://data.europa.eu/esco/occupation/caf7b8fb-b2d6-46b7-bffa-bea7f8e4aed8","title":"policy officer"}]},"_embedded":{}},{"className":"Skill","classId":"http://data.europa.eu/esco/model#Skill","uri":"http://data.europa.eu/esco/skill/d2a705e7-2e27-47ba-a8d9-46f30de7f2e2","title":"promote cultural venue in schools","referenceLanguage":["en"],"preferredLabel":{"de":"Werbung für Kulturstätten in Schulen machen","no":"fremme kulturell arena på skoler","fi":"markkinoida kulttuurilaitoksia kouluissa","en-us":"promote cultural venue in schools","pt":"promover espaços culturais em escolas","bg":"популяризиране на културни събития в училища","lt":"reklamuoti kultūros renginių vietą mokyklose","lv":"reklamēt kultūras pasākumu norises vietu skolās","hr":"promicati kulturološke događaje u školama","fr":"promouvoir un site culturel dans les écoles","hu":"népszerűsíti az iskolai kulturális rendezvényeket","sk":"propagovať kultúrnu inštitúciu v školách","sl":"oglaševati kulturno-umetniško ustanovo v šolah","ga":"ionad cultúrtha a chur chun cinn i scoileanna","sv":"marknadsföra kulturinstitutioner i skolor","mt":"promozzjoni tal-postijiet kulturali fl-iskejjel","el":"προώθηση των πολιτιστικών εγκαταστάσεων στα σχολεία","en":"promote cultural venue in schools","is":"kynnir menningarlegan vettvang í skólum","it":"promuovere un sito culturale nelle scuole","es":"promover espacios culturales en centros de enseñanza","et":"kultuurisündmuste toimumiskohtade üritusi reklaamima","cs":"propagovat kulturní zařízení na školách","ar":"يدعو لمكان ثقافي في المدارس","pl":"promować placówkę kulturalną w szkołach","da":"promovere kulturelle arrangementer i skoler","ro":"promovează în rândul unităților de învățământ evenimentele organizate de o instituție culturală","nl":"culturele ontmoetingsplaatsen in scholen promoten"},"alternativeLabel":{"sl":["promovirati kulturno-umetniško ustanovo v šolah"],"en":["promote cultural collections in schools","promote culture in schools","promote schools as a cultural venue","promote cultural activities in schools"]},"description":{"en-us":{"literal":"Contact schools and teachers to promote the use of museum collections and activities.","mimetype":"plain/text"},"en":{"literal":"Contact schools and teachers to promote the use of museum collections and activities.","mimetype":"plain/text"}},"status":"released","_links":{"self":{"href":"https://ec.europa.eu/esco/api/resource/skill?uri=http://data.europa.eu/esco/skill/d2a705e7-2e27-47ba-a8d9-46f30de7f2e2&language=en","uri":"http://data.europa.eu/esco/skill/d2a705e7-2e27-47ba-a8d9-46f30de7f2e2","title":"promote cultural venue in schools"},"isTopConceptInScheme":[{"href":"https://ec.europa.eu/esco/api/resource/taxonomy?uri=http://data.europa.eu/esco/concept-scheme/skills&language=en","uri":"http://data.europa.eu/esco/concept-scheme/skills","title":"ESCO skills"},{"href":"https://ec.europa.eu/esco/api/resource/taxonomy?uri=http://data.europa.eu/esco/concept-scheme/member-skills&language=en","uri":"http://data.europa.eu/esco/concept-scheme/member-skills","title":"ESCO member skills"}],"isInScheme":[{"href":"https://ec.europa.eu/esco/api/resource/taxonomy?uri=http://data.europa.eu/esco/concept-scheme/skills&language=en","uri":"http://data.europa.eu/esco/concept-scheme/skills","title":"ESCO skills"},{"href":"https://ec.europa.eu/esco/api/resource/taxonomy?uri=http://data.europa.eu/esco/concept-scheme/member-skills&language=en","uri":"http://data.europa.eu/esco/concept-scheme/member-skills","title":"ESCO member skills"}],"hasSkillType":[{"href":"https://ec.europa.eu/esco/api/resource/concept?uri=http://data.europa.eu/esco/skill-type/skill&language=en","uri":"http://data.europa.eu/esco/skill-type/skill","title":"skill"}],"hasReuseLevel":[{"href":"https://ec.europa.eu/esco/api/resource/concept?uri=http://data.europa.eu/esco/skill-reuse-level/sector-specific&language=en","uri":"http://data.europa.eu/esco/skill-reuse-level/sector-specific","title":"sector specific skills and competences","code":"Level 3"}],"isEssentialForOccupation":[{"href":"https://ec.europa.eu/esco/api/resource/occupation?uri=http://data.europa.eu/esco/occupation/c2efadc4-6f47-4f34-997b-dd80aba609dd&language=en","uri":"http://data.europa.eu/esco/occupation/c2efadc4-6f47-4f34-997b-dd80aba609dd","title":"arts education officer"}],"isOptionalForOccupation":[{"href":"https://ec.europa.eu/esco/api/resource/occupation?uri=http://data.europa.eu/esco/occupation/b9b47087-6045-405d-b769-6a0c94e2eb84&language=en","uri":"http://data.europa.eu/esco/occupation/b9b47087-6045-405d-b769-6a0c94e2eb84","title":"mediation and education manager"},{"href":"https://ec.europa.eu/esco/api/resource/occupation?uri=http://data.europa.eu/esco/occupation/ce6230b8-154f-4e0b-ac03-dca3a269a19c&language=en","uri":"http://data.europa.eu/esco/occupation/ce6230b8-154f-4e0b-ac03-dca3a269a19c","title":"cultural centre director"}]},"_embedded":{}},{"className":"Skill","classId":"http://data.europa.eu/esco/model#Skill","uri":"http://data.europa.eu/esco/skill/ccb0809c-d045-4621-82f7-192b9e89a4f2","title":"provide customer follow-up","referenceLanguage":["en"],"preferredLabel":{"no":"gi kundeoppfølging","de":"Kunden betreuen","en-us":"provide customer follow-up","fi":"antaa asiakaspalvelua ja huolehtia tarvittavista jatkotoimista","pt":"proporcionar acompanhamento ao cliente","bg":"осигуряване на обслужването на клиенти","lt":"teikti klientams papildomas paslaugas","hr":"rješavati probleme korisnika","lv":"apkalpot klientus","fr":"assurer le suivi des clients","hu":"vevőszolgálatot működtet","sk":"poskytnúť zákazníkom následné informácie","sl":"zagotavljati spremljanje strank","ga":"freagraí agus eolas a thabhairt do chustaiméirí","sv":"ge kunder uppföljande information","mt":"forniment ta’ rintraċċar tas-sodisfazzjon tal-klijenti","el":"παροχή συνεχούς εξυπηρέτησης πελατών","en":"provide customer follow-up","is":"býður upp á eftirfylgni fyrir viðskiptavini","it":"assistere il cliente","es":"dar seguimiento a los pedidos de los clientes","et":"klientidega suhteid hoidma","cs":"poskytovat navazující zákaznické služby","ar":"يقدم متابعة للعملاء","pl":"zapewniać na rzecz klientów działania następcze","ro":"asigură comunicarea cu clienții","da":"sørge for kundeopfølgning","nl":"nazorg bieden aan klanten"},"alternativeLabel":{"el":["παροχή εξυπηρέτησης πελατών μετά τη λήψη της παραγγελίας"],"en":["supply customer follow-up","conduct customer follow-up procedures","execute customer follow-up processes","carry out customer follow-up activities","undertake customer follow-up activities","engage in customer follow up processes","engage in customer follow-up procedures","engage in customer follow-up","perform customer follow-up procedures","provide customer follow-up procedures"],"es":["hacer un seguimiento de los pedidos de los clientes","ofrecer una revisión de los pedidos de los clientes"]},"description":{"en-us":{"literal":"Provide customers with cordial, prompt communication to accept orders, notify them in the event of shipment issues, and provide quick resolutions.","mimetype":"plain/text"},"en":{"literal":"Provide customers with cordial, prompt communication to accept orders, notify them in the event of shipment issues, and provide quick resolutions.","mimetype":"plain/text"}},"status":"released","_links":{"self":{"href":"https://ec.europa.eu/esco/api/resource/skill?uri=http://data.europa.eu/esco/skill/ccb0809c-d045-4621-82f7-192b9e89a4f2&language=en","uri":"http://data.europa.eu/esco/skill/ccb0809c-d045-4621-82f7-192b9e89a4f2","title":"provide customer follow-up"},"isTopConceptInScheme":[{"href":"https://ec.europa.eu/esco/api/resource/taxonomy?uri=http://data.europa.eu/esco/concept-scheme/skills&language=en","uri":"http://data.europa.eu/esco/concept-scheme/skills","title":"ESCO skills"},{"href":"https://ec.europa.eu/esco/api/resource/taxonomy?uri=http://data.europa.eu/esco/concept-scheme/member-skills&language=en","uri":"http://data.europa.eu/esco/concept-scheme/member-skills","title":"ESCO member skills"}],"isInScheme":[{"href":"https://ec.europa.eu/esco/api/resource/taxonomy?uri=http://data.europa.eu/esco/concept-scheme/skills&language=en","uri":"http://data.europa.eu/esco/concept-scheme/skills","title":"ESCO skills"},{"href":"https://ec.europa.eu/esco/api/resource/taxonomy?uri=http://data.europa.eu/esco/concept-scheme/member-skills&language=en","uri":"http://data.europa.eu/esco/concept-scheme/member-skills","title":"ESCO member skills"}],"hasSkillType":[{"href":"https://ec.europa.eu/esco/api/resource/concept?uri=http://data.europa.eu/esco/skill-type/skill&language=en","uri":"http://data.europa.eu/esco/skill-type/skill","title":"skill"}],"hasReuseLevel":[{"href":"https://ec.europa.eu/esco/api/resource/concept?uri=http://data.europa.eu/esco/skill-reuse-level/cross-sector&language=en","uri":"http://data.europa.eu/esco/skill-reuse-level/cross-sector","title":"cross-sector skills and competences","code":"Level 2"}],"isEssentialForOccupation":[{"href":"https://ec.europa.eu/esco/api/resource/occupation?uri=http://data.europa.eu/esco/occupation/b7b75eb6-34bc-462d-b412-eed393cc1397&language=en","uri":"http://data.europa.eu/esco/occupation/b7b75eb6-34bc-462d-b412-eed393cc1397","title":"customer contact centre information clerk"},{"href":"https://ec.europa.eu/esco/api/resource/occupation?uri=http://data.europa.eu/esco/occupation/dfb93ddb-ce34-4d2e-a178-541d45a7d98b&language=en","uri":"http://data.europa.eu/esco/occupation/dfb93ddb-ce34-4d2e-a178-541d45a7d98b","title":"laundry workers supervisor"},{"href":"https://ec.europa.eu/esco/api/resource/occupation?uri=http://data.europa.eu/esco/occupation/a2ff6cc3-15fa-4f02-a457-8fd5df7aa29e&language=en","uri":"http://data.europa.eu/esco/occupation/a2ff6cc3-15fa-4f02-a457-8fd5df7aa29e","title":"intermodal logistics manager"}]},"_embedded":{}},{"className":"Skill","classId":"http://data.europa.eu/esco/model#Skill","uri":"http://data.europa.eu/esco/skill/e012e2b6-173b-43ed-b255-5a8740ab24cd","title":"install glass frames","referenceLanguage":["en"],"preferredLabel":{"de":"Glasrahmen einbauen","no":"installere glassrammer","en-us":"install glass frames","fi":"asentaa lasin kehyksiä","pt":"instalar caixilhos de vidro","bg":"монтиране на дограма","lt":"sumontuoti langų rėmus","lv":"uzstādīt stikla rāmjus","hr":"postavljati okvire za stakla","fr":"installer des châssis de vitres","hu":"beszereli az üveglapok keretét","sk":"montovať rámy skiel","sl":"nameščati okvirje za steklo","ga":"frámaí gloine a shuiteáil","sv":"installera ramar för glasskivor","el":"εγκατάσταση υαλοπινάκων","mt":"installazzjoni tal-gwarniċi tal-ħġieġ","en":"install glass frames","is":"setur upp glerramma","it":"installare i telai per vetri","es":"montar marcos para estructuras de vidrio","et":"klaasiraame paigaldama","cs":"instalovat rámy pro skleněné tabule","ar":"يثبت إطارات الزجاج","pl":"montować ramy do szyb","ro":"instalează rame pentru geamuri","da":"montere vinduesrammer","nl":"glaskozijnen installeren"},"alternativeLabel":{"en":["installation of window frames","glass frame installation","installing window frames","glass frame installing","installing glass frames","installation of glass frames","window frame installing","window frame installation"],"nl":["glasframes plaatsen","glaskozijnen plaatsen","glasframes installeren"],"es":["instalar estructuras de vidrio","montar paneles de vidrio","instalar marcos para ventanas","instalar armazones de vidrio"]},"description":{"en-us":{"literal":"Securely set frames in place to be fitted with glass panes. Set storefront frames, balustrades, and curtain wall framing for a variety of usage cases.","mimetype":"plain/text"},"en":{"literal":"Securely set frames in place to be fitted with glass panes. Set storefront frames, balustrades, and curtain wall framing for a variety of usage cases.","mimetype":"plain/text"}},"status":"released","_links":{"self":{"href":"https://ec.europa.eu/esco/api/resource/skill?uri=http://data.europa.eu/esco/skill/e012e2b6-173b-43ed-b255-5a8740ab24cd&language=en","uri":"http://data.europa.eu/esco/skill/e012e2b6-173b-43ed-b255-5a8740ab24cd","title":"install glass frames"},"isTopConceptInScheme":[{"href":"https://ec.europa.eu/esco/api/resource/taxonomy?uri=http://data.europa.eu/esco/concept-scheme/member-skills&language=en","uri":"http://data.europa.eu/esco/concept-scheme/member-skills","title":"ESCO member skills"},{"href":"https://ec.europa.eu/esco/api/resource/taxonomy?uri=http://data.europa.eu/esco/concept-scheme/skills&language=en","uri":"http://data.europa.eu/esco/concept-scheme/skills","title":"ESCO skills"}],"isInScheme":[{"href":"https://ec.europa.eu/esco/api/resource/taxonomy?uri=http://data.europa.eu/esco/concept-scheme/member-skills&language=en","uri":"http://data.europa.eu/esco/concept-scheme/member-skills","title":"ESCO member skills"},{"href":"https://ec.europa.eu/esco/api/resource/taxonomy?uri=http://data.europa.eu/esco/concept-scheme/skills&language=en","uri":"http://data.europa.eu/esco/concept-scheme/skills","title":"ESCO skills"}],"hasSkillType":[{"href":"https://ec.europa.eu/esco/api/resource/concept?uri=http://data.europa.eu/esco/skill-type/skill&language=en","uri":"http://data.europa.eu/esco/skill-type/skill","title":"skill"}],"hasReuseLevel":[{"href":"https://ec.europa.eu/esco/api/resource/concept?uri=http://data.europa.eu/esco/skill-reuse-level/sector-specific&language=en","uri":"http://data.europa.eu/esco/skill-reuse-level/sector-specific","title":"sector specific skills and competences","code":"Level 3"}],"isEssentialForOccupation":[{"href":"https://ec.europa.eu/esco/api/resource/occupation?uri=http://data.europa.eu/esco/occupation/5f9e0588-e819-42f7-9975-f53198666c07&language=en","uri":"http://data.europa.eu/esco/occupation/5f9e0588-e819-42f7-9975-f53198666c07","title":"plate glass installer"}],"isOptionalForOccupation":[{"href":"https://ec.europa.eu/esco/api/resource/occupation?uri=http://data.europa.eu/esco/occupation/ceb9910a-1174-4926-82c9-5afee2bd3702&language=en","uri":"http://data.europa.eu/esco/occupation/ceb9910a-1174-4926-82c9-5afee2bd3702","title":"glass installation supervisor"}]},"_embedded":{}},{"className":"Skill","classId":"http://data.europa.eu/esco/model#Skill","uri":"http://data.europa.eu/esco/skill/dc30ca46-35dd-41fe-b683-d16747a26574","title":"use body adornment equipment","referenceLanguage":["en"],"preferredLabel":{"no":"bruke utstyr for kroppsutsmykking","de":"Geräte zum Anbringen von Körperschmuck benutzen","fi":"käyttää kehonkoristeluvälineitä","en-us":"use body adornment equipment","pt":"utilizar equipamento de decoração corporal","bg":"използване на оборудване за декориране на тялото","lt":"naudoti kūno puošybos įrangą","lv":"lietot ķermeņa izgreznošanas aprīkojumu","hr":"upotrebljavati opremu za ukrašavanje tijela","fr":"utiliser des accessoires de parure corporelle","hu":"testdíszítő felszerelést használ","sk":"používať nástroje na zdobenie tela","sl":"uporabljati opremo za okrasitev telesa","ga":"trealamh maisiú coirp a úsáid","sv":"använda utrustning för kroppssmyckning","mt":"użu tat-tagħmir tat-tpinġija u tat-titqib tal-ġisem","el":"χρήση εξοπλισμού καλλωπισμού σώματος","en":"use body adornment equipment","is":"notar líkamsskreytingarbúnað","it":"utilizzare gli strumenti per l'ornamento del corpo","es":"utilizar aparatos para adornar el cuerpo","et":"kehakaunistusseadmeid kasutama","cs":"používat zařízení pro estetickou úpravu těla","ar":"يستخدم معدات تزيين الجسم","pl":"posługiwać się sprzętem do ozdabiania ciała","da":"bruge udstyr til kropsudsmykning","ro":"utilizează echipamente pentru decorarea corpului","nl":"materiaal voor lichaamsversiering gebruiken"},"alternativeLabel":{"fi":["käyttää kehonmuokkauslaitteita"],"en":["using body adornment equipment","employ body adornment equipment","utilize body adornment equipment","use equipment for body adornment"],"nl":["uitrusting voor lichaamsversiering gebruiken"]},"description":{"en-us":{"literal":"Use hand tools and machines to decorate people's bodies, such as needles, brushes, tattoo machines or scalpels, depending on the kind of adornment.","mimetype":"plain/text"},"en":{"literal":"Use hand tools and machines to decorate people's bodies, such as needles, brushes, tattoo machines or scalpels, depending on the kind of adornment.","mimetype":"plain/text"}},"status":"released","_links":{"self":{"href":"https://ec.europa.eu/esco/api/resource/skill?uri=http://data.europa.eu/esco/skill/dc30ca46-35dd-41fe-b683-d16747a26574&language=en","uri":"http://data.europa.eu/esco/skill/dc30ca46-35dd-41fe-b683-d16747a26574","title":"use body adornment equipment"},"isTopConceptInScheme":[{"href":"https://ec.europa.eu/esco/api/resource/taxonomy?uri=http://data.europa.eu/esco/concept-scheme/member-skills&language=en","uri":"http://data.europa.eu/esco/concept-scheme/member-skills","title":"ESCO member skills"},{"href":"https://ec.europa.eu/esco/api/resource/taxonomy?uri=http://data.europa.eu/esco/concept-scheme/skills&language=en","uri":"http://data.europa.eu/esco/concept-scheme/skills","title":"ESCO skills"}],"isInScheme":[{"href":"https://ec.europa.eu/esco/api/resource/taxonomy?uri=http://data.europa.eu/esco/concept-scheme/member-skills&language=en","uri":"http://data.europa.eu/esco/concept-scheme/member-skills","title":"ESCO member skills"},{"href":"https://ec.europa.eu/esco/api/resource/taxonomy?uri=http://data.europa.eu/esco/concept-scheme/skills&language=en","uri":"http://data.europa.eu/esco/concept-scheme/skills","title":"ESCO skills"}],"hasSkillType":[{"href":"https://ec.europa.eu/esco/api/resource/concept?uri=http://data.europa.eu/esco/skill-type/skill&language=en","uri":"http://data.europa.eu/esco/skill-type/skill","title":"skill"}],"hasReuseLevel":[{"href":"https://ec.europa.eu/esco/api/resource/concept?uri=http://data.europa.eu/esco/skill-reuse-level/occupation-specific&language=en","uri":"http://data.europa.eu/esco/skill-reuse-level/occupation-specific","title":"occupation specific skills and competences","code":"Level 4"}],"isEssentialForOccupation":[{"href":"https://ec.europa.eu/esco/api/resource/occupation?uri=http://data.europa.eu/esco/occupation/40da2fc6-8cb4-4cd3-8fe3-899715905070&language=en","uri":"http://data.europa.eu/esco/occupation/40da2fc6-8cb4-4cd3-8fe3-899715905070","title":"body artist"}]},"_embedded":{}},{"className":"Skill","classId":"http://data.europa.eu/esco/model#Skill","uri":"http://data.europa.eu/esco/skill/8bd18514-365d-497b-8b42-d057f4e08940","title":"handle residual gases","referenceLanguage":["en"],"preferredLabel":{"de":"mit Restgas umgehen","no":"håndtere restgasser","en-us":"handle residual gasses","fi":"käsitellä jäännöskaasuja","pt":"proceder ao tratamento de gases residuais","bg":"отвеждане на остатъчни газове","lt":"tvarkyti dujų liekanas","hr":"postupati s ostacima stakla","lv":"rīkoties ar atlikušajām gāzēm","fr":"gérer des gaz résiduels","hu":"maradékgázokat kezel","sk":"manipulovať so zvyškovými plynmi","sl":"ravnati s plinastimi ostanki","ga":"gáis iarmharacha a láimhseáil","sv":"hantera överbliven gas","el":"χειρισμός υπολειμμάτων αερίων","mt":"immaniġġar tal-gassijiet residwi","en":"handle residual gases","is":"meðhöndlar leifar gastegunda","it":"trattare i gas residui","es":"tratar gases residuales","et":"jääkgaase töötlema","cs":"manipulovat se zbytkovými plyny","ar":"يتعامل مع الغازات المتبقية","pl":"obchodzić się z resztami spalin","ro":"manipulează gaze reziduale","da":"håndtere restgasser","nl":"omgaan met restgas"},"alternativeLabel":{"en":["handling residual gases","deal with residual gases","evacuating residual gases","residual gases handling","evacuate residual gases","residual gas handling","dealing with residual gases"],"nl":["restgas hanteren"]},"description":{"en-us":{"literal":"Handle the cylinder residual gasses evacuation.","mimetype":"plain/text"},"en":{"literal":"Handle the cylinder residual gases evacuation.","mimetype":"plain/text"}},"status":"released","_links":{"self":{"href":"https://ec.europa.eu/esco/api/resource/skill?uri=http://data.europa.eu/esco/skill/8bd18514-365d-497b-8b42-d057f4e08940&language=en","uri":"http://data.europa.eu/esco/skill/8bd18514-365d-497b-8b42-d057f4e08940","title":"handle residual gases"},"isTopConceptInScheme":[{"href":"https://ec.europa.eu/esco/api/resource/taxonomy?uri=http://data.europa.eu/esco/concept-scheme/member-skills&language=en","uri":"http://data.europa.eu/esco/concept-scheme/member-skills","title":"ESCO member skills"},{"href":"https://ec.europa.eu/esco/api/resource/taxonomy?uri=http://data.europa.eu/esco/concept-scheme/skills&language=en","uri":"http://data.europa.eu/esco/concept-scheme/skills","title":"ESCO skills"}],"isInScheme":[{"href":"https://ec.europa.eu/esco/api/resource/taxonomy?uri=http://data.europa.eu/esco/concept-scheme/member-skills&language=en","uri":"http://data.europa.eu/esco/concept-scheme/member-skills","title":"ESCO member skills"},{"href":"https://ec.europa.eu/esco/api/resource/taxonomy?uri=http://data.europa.eu/esco/concept-scheme/skills&language=en","uri":"http://data.europa.eu/esco/concept-scheme/skills","title":"ESCO skills"}],"hasSkillType":[{"href":"https://ec.europa.eu/esco/api/resource/concept?uri=http://data.europa.eu/esco/skill-type/skill&language=en","uri":"http://data.europa.eu/esco/skill-type/skill","title":"skill"}],"hasReuseLevel":[{"href":"https://ec.europa.eu/esco/api/resource/concept?uri=http://data.europa.eu/esco/skill-reuse-level/sector-specific&language=en","uri":"http://data.europa.eu/esco/skill-reuse-level/sector-specific","title":"sector specific skills and competences","code":"Level 3"}],"isEssentialForOccupation":[{"href":"https://ec.europa.eu/esco/api/resource/occupation?uri=http://data.europa.eu/esco/occupation/f5aa06b0-745e-4eb1-b050-3e15d11e5eb5&language=en","uri":"http://data.europa.eu/esco/occupation/f5aa06b0-745e-4eb1-b050-3e15d11e5eb5","title":"chemical processing supervisor"}],"isOptionalForOccupation":[{"href":"https://ec.europa.eu/esco/api/resource/occupation?uri=http://data.europa.eu/esco/occupation/59ee6b71-a48d-4940-bdf1-e806ca60245c&language=en","uri":"http://data.europa.eu/esco/occupation/59ee6b71-a48d-4940-bdf1-e806ca60245c","title":"cylinder filler"}]},"_embedded":{}}]}}