{"total":8196,"offset":269,"limit":20,"language":"en","uri":"http://data.europa.eu/esco/concept-scheme/skills","relation":"hasTopConcept","_links":{"self":{"href":"https://ec.europa.eu/esco/api/resource/related?uri=http://data.europa.eu/esco/concept-scheme/skills&relation=hasTopConcept&limit=20&offset=269&language=en&full=true"},"prev":{"href":"https://ec.europa.eu/esco/api/resource/related?uri=http://data.europa.eu/esco/concept-scheme/skills&relation=hasTopConcept&limit=20&offset=268&language=en&full=true"},"next":{"href":"https://ec.europa.eu/esco/api/resource/related?uri=http://data.europa.eu/esco/concept-scheme/skills&relation=hasTopConcept&limit=20&offset=270&language=en&full=true"}},"_embedded":{"hasTopConcept":[{"className":"Skill","classId":"http://data.europa.eu/esco/model#Skill","uri":"http://data.europa.eu/esco/skill/0fc46898-7875-4e60-93a6-fcc7f2c11579","title":"water currents","referenceLanguage":["en"],"preferredLabel":{"no":"vannstrømmer","de":"Wasserströmungen","fi":"vesivirrat","en-us":"water currents","pt":"correntes de água","bg":"водни течения","lt":"vandens srovės","lv":"ūdens straumes","hr":"vodeni tokovi","fr":"courants aquatiques","hu":"vízáramlatok","sk":"prúdenie vody","sl":"vodni tokovi","ga":"sruthanna uisce","sv":"vattenströmmar","mt":"kurrenti tal-ilma","el":"υδάτινα ρεύματα","en":"water currents","is":"vatnsstraumar","it":"correnti d'acqua","es":"corrientes de agua","et":"voolav vesi","cs":"vodní proudy","ar":"تيارات المياه","pl":"prądy wodne","ro":"curenți de apă","da":"vandstrømme","nl":"waterstromingen"},"alternativeLabel":{"el":["ρεύματα υδάτων"],"lt":["vandens srautai"],"en":["water currents and aquaculture","water currents and fish farms","currents in water","impact of water currents","impacts of water currents on fish","effect of water currents","effects of water currents on fish","water currents and fish farming"],"ro":["efectul curenților de apă"],"es":["efectos de las corrientes de agua","impacto de las corrientes de agua"]},"description":{"en-us":{"literal":"Understand impact of water currents on fish farms, in cages, ponds, lagoons and rivers.","mimetype":"plain/text"},"en":{"literal":"Understand impact of water currents on fish farms, in cages, ponds, lagoons and rivers.","mimetype":"plain/text"}},"status":"released","_links":{"self":{"href":"https://ec.europa.eu/esco/api/resource/skill?uri=http://data.europa.eu/esco/skill/0fc46898-7875-4e60-93a6-fcc7f2c11579&language=en","uri":"http://data.europa.eu/esco/skill/0fc46898-7875-4e60-93a6-fcc7f2c11579","title":"water currents"},"isTopConceptInScheme":[{"href":"https://ec.europa.eu/esco/api/resource/taxonomy?uri=http://data.europa.eu/esco/concept-scheme/member-skills&language=en","uri":"http://data.europa.eu/esco/concept-scheme/member-skills","title":"ESCO member skills"},{"href":"https://ec.europa.eu/esco/api/resource/taxonomy?uri=http://data.europa.eu/esco/concept-scheme/skills&language=en","uri":"http://data.europa.eu/esco/concept-scheme/skills","title":"ESCO skills"}],"isInScheme":[{"href":"https://ec.europa.eu/esco/api/resource/taxonomy?uri=http://data.europa.eu/esco/concept-scheme/member-skills&language=en","uri":"http://data.europa.eu/esco/concept-scheme/member-skills","title":"ESCO member skills"},{"href":"https://ec.europa.eu/esco/api/resource/taxonomy?uri=http://data.europa.eu/esco/concept-scheme/skills&language=en","uri":"http://data.europa.eu/esco/concept-scheme/skills","title":"ESCO skills"}],"hasSkillType":[{"href":"https://ec.europa.eu/esco/api/resource/concept?uri=http://data.europa.eu/esco/skill-type/knowledge&language=en","uri":"http://data.europa.eu/esco/skill-type/knowledge","title":"knowledge"}],"hasReuseLevel":[{"href":"https://ec.europa.eu/esco/api/resource/concept?uri=http://data.europa.eu/esco/skill-reuse-level/sector-specific&language=en","uri":"http://data.europa.eu/esco/skill-reuse-level/sector-specific","title":"sector specific skills and competences","code":"Level 3"}],"isEssentialForOccupation":[{"href":"https://ec.europa.eu/esco/api/resource/occupation?uri=http://data.europa.eu/esco/occupation/3206f826-7d53-4180-9797-e94ad9eaf841&language=en","uri":"http://data.europa.eu/esco/occupation/3206f826-7d53-4180-9797-e94ad9eaf841","title":"aquaculture cage technician"},{"href":"https://ec.europa.eu/esco/api/resource/occupation?uri=http://data.europa.eu/esco/occupation/d4709722-6f17-4bec-a5f4-1b660e6b28b1&language=en","uri":"http://data.europa.eu/esco/occupation/d4709722-6f17-4bec-a5f4-1b660e6b28b1","title":"aquaculture mooring manager"},{"href":"https://ec.europa.eu/esco/api/resource/occupation?uri=http://data.europa.eu/esco/occupation/ac036ea7-883a-4265-96d5-c02bbe6667e1&language=en","uri":"http://data.europa.eu/esco/occupation/ac036ea7-883a-4265-96d5-c02bbe6667e1","title":"aquaculture site supervisor"},{"href":"https://ec.europa.eu/esco/api/resource/occupation?uri=http://data.europa.eu/esco/occupation/a5826284-14fb-4866-b9be-69ce69db1b71&language=en","uri":"http://data.europa.eu/esco/occupation/a5826284-14fb-4866-b9be-69ce69db1b71","title":"aquaculture husbandry manager"}]},"_embedded":{}},{"className":"Skill","classId":"http://data.europa.eu/esco/model#Skill","uri":"http://data.europa.eu/esco/skill/f8156f6b-5e03-455c-a764-098cfcb64475","title":"analyse health damaging behaviours","referenceLanguage":["en"],"preferredLabel":{"no":"analysere helseskadelig atferd","de":"gesundheitsschädigendes Verhalten analysieren","en-us":"analyze  health damaging behaviors","fi":"analysoida terveyttä vahingoittavia elintapoja","pt":"analisar comportamentos prejudiciais à saúde","bg":"анализиране на вредни за здравето поведения","lt":"analizuoti sveikatai žalingą elgseną","hr":"analizirati ponašanja koja štete zdravlju","lv":"analizēt veselībai kaitīgu uzvedību","fr":"analyser des comportements nocifs pour la santé","hu":"egészségkárosító magatartásokat elemez","sk":"analyse health damaging behaviours","sl":"analizirati zdravju škodljivo vedenje","ga":"anailís a dhéanamh ar chineálacha iompraíochta a dhéanann damáiste don tsláinte","sv":"analysera hälsofarliga beteenden","mt":"analiżi tal-imġiba li twassal għal danni fuq is-saħħa","el":"ανάλυση επιβλαβών για την υγεία συμπεριφορών","en":"analyse health damaging behaviours","is":"greinir heilsuspillandi hegðun","it":"analizzare i comportamenti nocivi per la salute","es":"analizar comportamientos perjudiciales para la salud","et":"tervistkahjustavat käitumist analüüsima","cs":"analyzovat zdraví škodlivé chování","ar":"يحلل السلوكيات الضارة الصحية","pl":"analizować zachowania szkodliwe dla zdrowia","ro":"analizează comportamente dăunătoare sănătății","da":"analysere sundhedsskadelig adfærd","nl":"gedrag analyseren dat schade toebrengt aan gezondheid"},"alternativeLabel":{"en":["analyse lifestyle behaviours damaging to health","assess health damaging behaviours","make assessments of health damaging behaviours","analyse behaviours damaging to health","carry out assessments of lifestyle behaviours harmful to health","perform analyses of behaviours harmful to health","evaluate lifestyle behaviours damaging to health","conduct health damaging behaviour analyses","evaluate health damaging behaviours","conduct evaluations of behaviours damaging to health"],"es":["estudiar comportamientos perjudiciales para la salud","analizar comportamientos nocivos para la salud","examinar comportamientos perjudiciales para la salud","analizar comportamientos dañinos para la salud","evaluar comportamientos perjudiciales para la salud"]},"description":{"en-us":{"literal":"Examine behaviors that may be damaging to an individual's health, such as smoking, drug abuse, or poor diet. Use psychological theories and interventions for primary prevention and health related behavioral change.","mimetype":"plain/text"},"en":{"literal":"Examine behaviours that may be damaging to an individual's health, such as smoking, drug abuse, or poor diet. Use psychological theories and interventions for primary prevention and health related behavioural change.","mimetype":"plain/text"}},"status":"released","_links":{"self":{"href":"https://ec.europa.eu/esco/api/resource/skill?uri=http://data.europa.eu/esco/skill/f8156f6b-5e03-455c-a764-098cfcb64475&language=en","uri":"http://data.europa.eu/esco/skill/f8156f6b-5e03-455c-a764-098cfcb64475","title":"analyse health damaging behaviours"},"isTopConceptInScheme":[{"href":"https://ec.europa.eu/esco/api/resource/taxonomy?uri=http://data.europa.eu/esco/concept-scheme/skills&language=en","uri":"http://data.europa.eu/esco/concept-scheme/skills","title":"ESCO skills"},{"href":"https://ec.europa.eu/esco/api/resource/taxonomy?uri=http://data.europa.eu/esco/concept-scheme/member-skills&language=en","uri":"http://data.europa.eu/esco/concept-scheme/member-skills","title":"ESCO member skills"}],"isInScheme":[{"href":"https://ec.europa.eu/esco/api/resource/taxonomy?uri=http://data.europa.eu/esco/concept-scheme/skills&language=en","uri":"http://data.europa.eu/esco/concept-scheme/skills","title":"ESCO skills"},{"href":"https://ec.europa.eu/esco/api/resource/taxonomy?uri=http://data.europa.eu/esco/concept-scheme/member-skills&language=en","uri":"http://data.europa.eu/esco/concept-scheme/member-skills","title":"ESCO member skills"}],"hasSkillType":[{"href":"https://ec.europa.eu/esco/api/resource/concept?uri=http://data.europa.eu/esco/skill-type/skill&language=en","uri":"http://data.europa.eu/esco/skill-type/skill","title":"skill"}],"hasReuseLevel":[{"href":"https://ec.europa.eu/esco/api/resource/concept?uri=http://data.europa.eu/esco/skill-reuse-level/occupation-specific&language=en","uri":"http://data.europa.eu/esco/skill-reuse-level/occupation-specific","title":"occupation specific skills and competences","code":"Level 4"}],"isEssentialForOccupation":[{"href":"https://ec.europa.eu/esco/api/resource/occupation?uri=http://data.europa.eu/esco/occupation/976c7f50-7f9e-4347-bbb9-f0dc842046a3&language=en","uri":"http://data.europa.eu/esco/occupation/976c7f50-7f9e-4347-bbb9-f0dc842046a3","title":"health psychologist"}]},"_embedded":{}},{"className":"Skill","classId":"http://data.europa.eu/esco/model#Skill","uri":"http://data.europa.eu/esco/skill/6400e5a5-5534-4465-b456-3632af0c5cf1","title":"quantum optics","referenceLanguage":["en"],"preferredLabel":{"de":"Quantenoptik","no":"kvanteoptikk","fi":"kvanttioptiikka","en-us":"quantum optics","pt":"ótica quântica","bg":"квантова оптика","lt":"kvantinė optika","hr":"kvantna optika","lv":"kvantu optika","fr":"optique quantique","hu":"kvantumoptika","sk":"kvantová optika","sl":"kvantna optika","ga":"optaic chandamach","sv":"kvantoptik","mt":"ottika kwantistika","el":"κβαντική οπτική","en":"quantum optics","is":"skammtaljósfræði","it":"ottica quantistica","es":"óptica cuántica","et":"kvantoptika","cs":"kvantová optika","ar":"البصريات الكمية","pl":"optyka kwantowa","da":"kvanteoptik","ro":"optică cuantică","nl":"kwantumoptica"},"alternativeLabel":{"en":["science of quantum optics","physics of quantum optics","field of quantum optics","physics of light","effects of light as quantized photons","phenomena involving light"],"es":["campo de la óptica cuántica","área de la óptica cuántica"]},"description":{"en-us":{"literal":"The field of physics combining quantum field theory and physical optics.","mimetype":"plain/text"},"en":{"literal":"The field of physics combining quantum field theory and physical optics.","mimetype":"plain/text"}},"status":"released","_links":{"self":{"href":"https://ec.europa.eu/esco/api/resource/skill?uri=http://data.europa.eu/esco/skill/6400e5a5-5534-4465-b456-3632af0c5cf1&language=en","uri":"http://data.europa.eu/esco/skill/6400e5a5-5534-4465-b456-3632af0c5cf1","title":"quantum optics"},"isTopConceptInScheme":[{"href":"https://ec.europa.eu/esco/api/resource/taxonomy?uri=http://data.europa.eu/esco/concept-scheme/member-skills&language=en","uri":"http://data.europa.eu/esco/concept-scheme/member-skills","title":"ESCO member skills"},{"href":"https://ec.europa.eu/esco/api/resource/taxonomy?uri=http://data.europa.eu/esco/concept-scheme/skills&language=en","uri":"http://data.europa.eu/esco/concept-scheme/skills","title":"ESCO skills"}],"isInScheme":[{"href":"https://ec.europa.eu/esco/api/resource/taxonomy?uri=http://data.europa.eu/esco/concept-scheme/member-skills&language=en","uri":"http://data.europa.eu/esco/concept-scheme/member-skills","title":"ESCO member skills"},{"href":"https://ec.europa.eu/esco/api/resource/taxonomy?uri=http://data.europa.eu/esco/concept-scheme/skills&language=en","uri":"http://data.europa.eu/esco/concept-scheme/skills","title":"ESCO skills"}],"hasSkillType":[{"href":"https://ec.europa.eu/esco/api/resource/concept?uri=http://data.europa.eu/esco/skill-type/knowledge&language=en","uri":"http://data.europa.eu/esco/skill-type/knowledge","title":"knowledge"}],"hasReuseLevel":[{"href":"https://ec.europa.eu/esco/api/resource/concept?uri=http://data.europa.eu/esco/skill-reuse-level/sector-specific&language=en","uri":"http://data.europa.eu/esco/skill-reuse-level/sector-specific","title":"sector specific skills and competences","code":"Level 3"}],"isEssentialForOccupation":[{"href":"https://ec.europa.eu/esco/api/resource/occupation?uri=http://data.europa.eu/esco/occupation/bc659adc-f42c-4ef6-89fe-fd030033f446&language=en","uri":"http://data.europa.eu/esco/occupation/bc659adc-f42c-4ef6-89fe-fd030033f446","title":"cosmologist"}],"isOptionalForOccupation":[{"href":"https://ec.europa.eu/esco/api/resource/occupation?uri=http://data.europa.eu/esco/occupation/ab3c4d3e-3189-47ad-82af-57cdae3cb589&language=en","uri":"http://data.europa.eu/esco/occupation/ab3c4d3e-3189-47ad-82af-57cdae3cb589","title":"optical engineer"},{"href":"https://ec.europa.eu/esco/api/resource/occupation?uri=http://data.europa.eu/esco/occupation/778c1d37-69f2-4184-ac98-03b7dbfba332&language=en","uri":"http://data.europa.eu/esco/occupation/778c1d37-69f2-4184-ac98-03b7dbfba332","title":"photonics engineer"}]},"_embedded":{}},{"className":"Skill","classId":"http://data.europa.eu/esco/model#Skill","uri":"http://data.europa.eu/esco/skill/32fff719-0b03-4370-a0f4-25abbce2f221","title":"analyse processes influencing health care delivery","referenceLanguage":["en"],"preferredLabel":{"de":"Prozesse, die die Gesundheitsversorgung beeinflussen, analysieren","no":"analysere prosesser som påvirker levering av helsetjenester","fi":"analysoida terveydenhuollon toteuttamiseen vaikuttavia prosesseja","en-us":"analyze  processes influencing health care delivery","pt":"analisar os processos que influenciam a prestação de cuidados de saúde","bg":"анализиране на процесите, засягащи предоставяне на здравни грижи","lt":"analizuoti procesus, kurie daro įtaką sveikatos priežiūros paslaugų teikimui","lv":"analizēt procesus, kuri ietekmē veselības aprūpes pakalpojumu sniegšanu","hr":"analizirati postupke koji utječu na pružanje zdravstvene skrbi","fr":"analyser les processus ayant une influence sur la fourniture de soins de santé","hu":"elemzi az egészségügy teljesítményét befolyásoló folyamatokat","sk":"analyse processes influencing health care delivery","sl":"analizirati procese, ki vplivajo na zagotavljanje zdravstvenega varstva","ga":"anailís a dhéanamh ar na próisis a théann i bhfeidhm ar sholáthar cúraim sláinte","sv":"analysera processer som påverkar hälso- och sjukvården","el":"ανάλυση διαδικασιών που επηρεάζουν την παροχή υγειονομικών υπηρεσιών","mt":"analiżi tal-proċessi li jinfluwenzaw it-twassil tas-servizzi tal-kura tas-saħħa","en":"analyse processes influencing health care delivery","is":"greinir ferli sem hafa áhrif á veitingu heilbrigðisþjónustu","it":"analizzare i processi che influenzano l'erogazione di assistenza sanitaria","es":"analizar los procesos que influyen en la prestación de la atención sanitaria","et":"tervishoiuteenuse osutamist mõjutavaid protsesse analüüsima","cs":"analyzovat procesy ovlivňující poskytování zdravotní péče","ar":"يحلل العمليات التي تؤثر على تقديم الرعاية الصحية","pl":"analizować procesy wywierające wpływ na świadczenie usług opieki zdrowotnej","ro":"analizează procesele care influențează furnizarea asistenței medicale","da":"analysere processer, der påvirker leveringen af sundhedspleje","nl":"processen analyseren die zorgverstrekking beïnvloeden"},"alternativeLabel":{"en":["observe processes influencing health care delivery","analyse actions influencing health care delivery","analyze processes influencing health care delivery","investigate processes influencing health care delivery","analyze process influencing health care delivery","examine processes influencing health care delivery"],"es":["evaluar los procesos que influyen en la prestación de la atención sanitaria","analizar los procedimientos que influyen en la prestación de la atención sanitaria","examinar los procesos que influyen en la prestación de la atención sanitaria"]},"description":{"en-us":{"literal":"Investigate the communication between healthcare practitioners and patients, observing psychological interventions to improve communication, adherence, preparation for stressful medical procedures, and other topics of interest.","mimetype":"plain/text"},"en":{"literal":"Investigate the communication between healthcare practitioners and patients, observing psychological interventions to improve communication, adherence, preparation for stressful medical procedures, and other topics of interest.","mimetype":"plain/text"}},"status":"released","_links":{"self":{"href":"https://ec.europa.eu/esco/api/resource/skill?uri=http://data.europa.eu/esco/skill/32fff719-0b03-4370-a0f4-25abbce2f221&language=en","uri":"http://data.europa.eu/esco/skill/32fff719-0b03-4370-a0f4-25abbce2f221","title":"analyse processes influencing health care delivery"},"isTopConceptInScheme":[{"href":"https://ec.europa.eu/esco/api/resource/taxonomy?uri=http://data.europa.eu/esco/concept-scheme/skills&language=en","uri":"http://data.europa.eu/esco/concept-scheme/skills","title":"ESCO skills"},{"href":"https://ec.europa.eu/esco/api/resource/taxonomy?uri=http://data.europa.eu/esco/concept-scheme/member-skills&language=en","uri":"http://data.europa.eu/esco/concept-scheme/member-skills","title":"ESCO member skills"}],"isInScheme":[{"href":"https://ec.europa.eu/esco/api/resource/taxonomy?uri=http://data.europa.eu/esco/concept-scheme/skills&language=en","uri":"http://data.europa.eu/esco/concept-scheme/skills","title":"ESCO skills"},{"href":"https://ec.europa.eu/esco/api/resource/taxonomy?uri=http://data.europa.eu/esco/concept-scheme/member-skills&language=en","uri":"http://data.europa.eu/esco/concept-scheme/member-skills","title":"ESCO member skills"}],"hasSkillType":[{"href":"https://ec.europa.eu/esco/api/resource/concept?uri=http://data.europa.eu/esco/skill-type/skill&language=en","uri":"http://data.europa.eu/esco/skill-type/skill","title":"skill"}],"hasReuseLevel":[{"href":"https://ec.europa.eu/esco/api/resource/concept?uri=http://data.europa.eu/esco/skill-reuse-level/occupation-specific&language=en","uri":"http://data.europa.eu/esco/skill-reuse-level/occupation-specific","title":"occupation specific skills and competences","code":"Level 4"}],"isEssentialForOccupation":[{"href":"https://ec.europa.eu/esco/api/resource/occupation?uri=http://data.europa.eu/esco/occupation/976c7f50-7f9e-4347-bbb9-f0dc842046a3&language=en","uri":"http://data.europa.eu/esco/occupation/976c7f50-7f9e-4347-bbb9-f0dc842046a3","title":"health psychologist"}]},"_embedded":{}},{"className":"Skill","classId":"http://data.europa.eu/esco/model#Skill","uri":"http://data.europa.eu/esco/skill/87a349c4-97f3-482e-b743-57e1cb543802","title":"set up animation elements","referenceLanguage":["en"],"preferredLabel":{"de":"Animationselemente einrichten","no":"sette opp animasjonselementer","fi":"laatia animaatioelementit","en-us":"set up animation elements","pt":"montar elementos de animação","bg":"разполагане на анимационни елементи","lt":"sumontuoti animacijos elementus","hr":"postavljati animacijske elemente","lv":"iestatīt animācijas elementus","fr":"mettre en place des éléments d'animation","hu":"beállítja az animációs elemeket","sk":"nastaviť animačné prvky","sl":"razporejati animacijske elemente","ga":"eilimintí beochana a bhunú","sv":"förbereda animeringselement","mt":"konfigurazzjoni tal-elementi tal-animazzjoni","el":"εγκατάσταση κινούμενων στοιχείων","en":"set up animation elements","is":"setur upp hreyfimyndaeiningar","it":"predisporre gli elementi di una scena di un film di animazione","es":"ajustar los elementos de animación","et":"animatsioonielemente valmis seadma","cs":"připravovat složky animace","ar":"ينشئ عناصر الرسوم المتحركة","pl":"instalować elementy animacji","ro":"instalează elemente de animație","da":"opsætte animationselementer","nl":"animatie-elementen opstellen"},"alternativeLabel":{"en":["setting up animation elements","set up animation element","assemble animation elements","prepare animation elements","mount animation elements"],"nl":["animatie-elementen opzetten"]},"description":{"en-us":{"literal":"Test and set up characters, props or environments to ensure they appear correctly from all required camera positions and angles.","mimetype":"plain/text"},"en":{"literal":"Test and set up characters, props or environments to ensure they appear correctly from all required camera positions and angles.","mimetype":"plain/text"}},"status":"released","_links":{"self":{"href":"https://ec.europa.eu/esco/api/resource/skill?uri=http://data.europa.eu/esco/skill/87a349c4-97f3-482e-b743-57e1cb543802&language=en","uri":"http://data.europa.eu/esco/skill/87a349c4-97f3-482e-b743-57e1cb543802","title":"set up animation elements"},"isTopConceptInScheme":[{"href":"https://ec.europa.eu/esco/api/resource/taxonomy?uri=http://data.europa.eu/esco/concept-scheme/skills&language=en","uri":"http://data.europa.eu/esco/concept-scheme/skills","title":"ESCO skills"},{"href":"https://ec.europa.eu/esco/api/resource/taxonomy?uri=http://data.europa.eu/esco/concept-scheme/member-skills&language=en","uri":"http://data.europa.eu/esco/concept-scheme/member-skills","title":"ESCO member skills"}],"isInScheme":[{"href":"https://ec.europa.eu/esco/api/resource/taxonomy?uri=http://data.europa.eu/esco/concept-scheme/skills&language=en","uri":"http://data.europa.eu/esco/concept-scheme/skills","title":"ESCO skills"},{"href":"https://ec.europa.eu/esco/api/resource/taxonomy?uri=http://data.europa.eu/esco/concept-scheme/member-skills&language=en","uri":"http://data.europa.eu/esco/concept-scheme/member-skills","title":"ESCO member skills"}],"hasSkillType":[{"href":"https://ec.europa.eu/esco/api/resource/concept?uri=http://data.europa.eu/esco/skill-type/skill&language=en","uri":"http://data.europa.eu/esco/skill-type/skill","title":"skill"}],"hasReuseLevel":[{"href":"https://ec.europa.eu/esco/api/resource/concept?uri=http://data.europa.eu/esco/skill-reuse-level/sector-specific&language=en","uri":"http://data.europa.eu/esco/skill-reuse-level/sector-specific","title":"sector specific skills and competences","code":"Level 3"}],"isEssentialForOccupation":[{"href":"https://ec.europa.eu/esco/api/resource/occupation?uri=http://data.europa.eu/esco/occupation/951b9d94-9bf1-4771-877d-3a26b75d9e53&language=en","uri":"http://data.europa.eu/esco/occupation/951b9d94-9bf1-4771-877d-3a26b75d9e53","title":"animation layout artist"},{"href":"https://ec.europa.eu/esco/api/resource/occupation?uri=http://data.europa.eu/esco/occupation/364d9e9f-b14c-4905-b9e5-5de623dba268&language=en","uri":"http://data.europa.eu/esco/occupation/364d9e9f-b14c-4905-b9e5-5de623dba268","title":"stop-motion animator"}]},"_embedded":{}},{"className":"Skill","classId":"http://data.europa.eu/esco/model#Skill","uri":"http://data.europa.eu/esco/skill/6d044324-5f20-42a7-99de-a61bcf9a264d","title":"inspect waste disposal facilities","referenceLanguage":["en"],"preferredLabel":{"no":"inspisere avfallsdeponeringsfasiliteter","de":"Abfalllager untersuchen","en-us":"inspect waste disposal facilities","fi":"tarkastaa jätteenhävityslaitoksia","pt":"inspecionar instalações de eliminação de resíduos","bg":"инспектиране на съоръжения за обезвреждане на отпадъци","lt":"tikrinti atliekų šalinimo įrenginius","lv":"pārbaudīt atkritumu apglabāšanas kompleksus","hr":"pregledavati objekte za odlaganje otpada","fr":"inspecter des installations d’élimination de déchets","hu":"átvizsgálja a hulladékkezelő létesítményeket","sk":"kontrolovať zariadenia na zneškodňovanie odpadu","sl":"pregledovati odlagališča odpadkov","ga":"iniúchadh a dhéanamh ar shaoráidí diúscartha dramhaíola","sv":"inspektera avfallsanläggningar","el":"επιθεώρηση εγκαταστάσεων διάθεσης αποβλήτων","mt":"spezzjonar tal-faċilitajiet tar-rimi tal-iskart","en":"inspect waste disposal facilities","is":"hefur eftirlit með sorplosunarsvæðum","it":"ispezionare le strutture di smaltimento rifiuti","es":"inspeccionar las instalaciones de depósito de residuos","et":"jäätmeladustusrajatisi kontrollima","cs":"provádět kontrolu zařízení k odstraňování odpadů","ar":"يفحص المرافق المخصصة للتخلص من النفايات","pl":"przeprowadzać inspekcje w zakładach przetwarzania odpadów","ro":"inspectează instalații de eliminare a deșeurilor","da":"inspicere affaldsdepoter","nl":"afvalverwerkingsinstallaties inspecteren"},"alternativeLabel":{"de":["Abfalllager inspizieren"],"en":["assess waste disposal facilities","check waste disposal facilities","evaluate waste disposal facilities","examine waste disposal facilities","inspect waste disposal facility","inspecting waste disposal facilities"],"es":["hacer inspecciones de las instalaciones de depósito de residuos","llevar a cabo inspecciones de las instalaciones de depósito de residuos","realizar inspecciones de las instalaciones de depósito de residuos"]},"description":{"en-us":{"literal":"Inspect industrial and commercial waste disposal facilities in order to examine their waste permits and if their equipment is in conformity with regulations.","mimetype":"plain/text"},"en":{"literal":"Inspect industrial and commercial waste disposal facilities in order to examine their waste permits and if their equipment is in conformity with regulations.","mimetype":"plain/text"}},"status":"released","_links":{"self":{"href":"https://ec.europa.eu/esco/api/resource/skill?uri=http://data.europa.eu/esco/skill/6d044324-5f20-42a7-99de-a61bcf9a264d&language=en","uri":"http://data.europa.eu/esco/skill/6d044324-5f20-42a7-99de-a61bcf9a264d","title":"inspect waste disposal facilities"},"isTopConceptInScheme":[{"href":"https://ec.europa.eu/esco/api/resource/taxonomy?uri=http://data.europa.eu/esco/concept-scheme/skills&language=en","uri":"http://data.europa.eu/esco/concept-scheme/skills","title":"ESCO skills"},{"href":"https://ec.europa.eu/esco/api/resource/taxonomy?uri=http://data.europa.eu/esco/concept-scheme/member-skills&language=en","uri":"http://data.europa.eu/esco/concept-scheme/member-skills","title":"ESCO member skills"}],"isInScheme":[{"href":"https://ec.europa.eu/esco/api/resource/taxonomy?uri=http://data.europa.eu/esco/concept-scheme/skills&language=en","uri":"http://data.europa.eu/esco/concept-scheme/skills","title":"ESCO skills"},{"href":"https://ec.europa.eu/esco/api/resource/taxonomy?uri=http://data.europa.eu/esco/concept-scheme/member-skills&language=en","uri":"http://data.europa.eu/esco/concept-scheme/member-skills","title":"ESCO member skills"}],"hasSkillType":[{"href":"https://ec.europa.eu/esco/api/resource/concept?uri=http://data.europa.eu/esco/skill-type/skill&language=en","uri":"http://data.europa.eu/esco/skill-type/skill","title":"skill"}],"hasReuseLevel":[{"href":"https://ec.europa.eu/esco/api/resource/concept?uri=http://data.europa.eu/esco/skill-reuse-level/cross-sector&language=en","uri":"http://data.europa.eu/esco/skill-reuse-level/cross-sector","title":"cross-sector skills and competences","code":"Level 2"}],"isEssentialForOccupation":[{"href":"https://ec.europa.eu/esco/api/resource/occupation?uri=http://data.europa.eu/esco/occupation/de0856fe-21fa-46d6-88ee-f99d3b4946bc&language=en","uri":"http://data.europa.eu/esco/occupation/de0856fe-21fa-46d6-88ee-f99d3b4946bc","title":"hazardous waste inspector"}],"isOptionalForOccupation":[{"href":"https://ec.europa.eu/esco/api/resource/occupation?uri=http://data.europa.eu/esco/occupation/a41acf2b-fb87-496f-aec3-7c5fdc5e9211&language=en","uri":"http://data.europa.eu/esco/occupation/a41acf2b-fb87-496f-aec3-7c5fdc5e9211","title":"industrial waste inspector"}]},"_embedded":{}},{"className":"Skill","classId":"http://data.europa.eu/esco/model#Skill","uri":"http://data.europa.eu/esco/skill/335c86f4-683e-410d-a708-ab1bb8985b10","title":"apply health psychological measures","referenceLanguage":["en"],"preferredLabel":{"no":"implementere helsepsykologiske tiltak","de":"psychologische Maßnahmen anwenden","fi":"soveltaa terveyspsykologisia keinoja","en-us":"apply health psychological measures","pt":"aplicar medidas de saúde psicológica","bg":"прилагане на психологически мерки, свързани със здравословното поведение","lt":"taikyti sveikatos psichologijos priemones","hr":"primjenjivati zdravstvene psihološke mjere","lv":"veikt veselības psiholoģiskos pasākumus","fr":"appliquer des mesures de santé psychologique","hu":"egészségpszichológiai intézkedéseket hoz","sk":"apply health psychological measures","sl":"uporabljati ukrepe zdravstvene psihologije","ga":"bearta síceolaíocha sláinte a chur i bhfeidhm","sv":"tillämpa hälsopsykologiska metoder","mt":"applikazzjoni ta’ miżuri psikoloġiċi tas-saħħa","el":"εφαρμογή μέτρων για την ψυχική υγεία","en":"apply health psychological measures","is":"beitir heilsusálfræðilegum lausnum","it":"applicare misure psicologiche per promuovere la salute","es":"ofrecer asistencia psicológica","et":"tervisepsühholoogia mõjutusvahendeid kasutama","cs":"provádět zdravotní psychologická opatření","ar":"يستخدم تدابير الصحة النفسية","pl":"oddziaływać psychologicznie w zakresie promocji zdrowia","ro":"aplică măsuri psihologice de sănătate","da":"anvende sundhedspsykologiske foranstaltninger","nl":"psychologische gezondheidsmaatregelen toepassen"},"alternativeLabel":{"en":["apply health psychological measure","implement health psychological measures","implement health related psychological measures","apply health psychology measures","apply a health psychology measure","use health psychological measures"],"es":["dar asistencia psicológica","facilitar asistencia psicológica"]},"description":{"en-us":{"literal":"Apply health psychological measures on persons of all ages and groups regarding health behavior, particularly with regard to health related risk behaviors such as diet, exercise, smoking, including advice in relation to the promotion and maintenance of health and the prevention of health risks, taking into account leisure and work.","mimetype":"plain/text"},"en":{"literal":"Apply health psychological measures on persons of all ages and groups regarding health behavior, particularly with regard to health related risk behaviors such as diet, exercise, smoking, including advice in relation to the promotion and maintenance of health and the prevention of health risks, taking into account leisure and work.","mimetype":"plain/text"}},"status":"released","_links":{"self":{"href":"https://ec.europa.eu/esco/api/resource/skill?uri=http://data.europa.eu/esco/skill/335c86f4-683e-410d-a708-ab1bb8985b10&language=en","uri":"http://data.europa.eu/esco/skill/335c86f4-683e-410d-a708-ab1bb8985b10","title":"apply health psychological measures"},"isTopConceptInScheme":[{"href":"https://ec.europa.eu/esco/api/resource/taxonomy?uri=http://data.europa.eu/esco/concept-scheme/member-skills&language=en","uri":"http://data.europa.eu/esco/concept-scheme/member-skills","title":"ESCO member skills"},{"href":"https://ec.europa.eu/esco/api/resource/taxonomy?uri=http://data.europa.eu/esco/concept-scheme/skills&language=en","uri":"http://data.europa.eu/esco/concept-scheme/skills","title":"ESCO skills"}],"isInScheme":[{"href":"https://ec.europa.eu/esco/api/resource/taxonomy?uri=http://data.europa.eu/esco/concept-scheme/member-skills&language=en","uri":"http://data.europa.eu/esco/concept-scheme/member-skills","title":"ESCO member skills"},{"href":"https://ec.europa.eu/esco/api/resource/taxonomy?uri=http://data.europa.eu/esco/concept-scheme/skills&language=en","uri":"http://data.europa.eu/esco/concept-scheme/skills","title":"ESCO skills"}],"hasSkillType":[{"href":"https://ec.europa.eu/esco/api/resource/concept?uri=http://data.europa.eu/esco/skill-type/skill&language=en","uri":"http://data.europa.eu/esco/skill-type/skill","title":"skill"}],"hasReuseLevel":[{"href":"https://ec.europa.eu/esco/api/resource/concept?uri=http://data.europa.eu/esco/skill-reuse-level/occupation-specific&language=en","uri":"http://data.europa.eu/esco/skill-reuse-level/occupation-specific","title":"occupation specific skills and competences","code":"Level 4"}],"isEssentialForOccupation":[{"href":"https://ec.europa.eu/esco/api/resource/occupation?uri=http://data.europa.eu/esco/occupation/976c7f50-7f9e-4347-bbb9-f0dc842046a3&language=en","uri":"http://data.europa.eu/esco/occupation/976c7f50-7f9e-4347-bbb9-f0dc842046a3","title":"health psychologist"}]},"_embedded":{}},{"className":"Skill","classId":"http://data.europa.eu/esco/model#Skill","uri":"http://data.europa.eu/esco/skill/897b393f-e7e0-4248-a40d-d77119694e83","title":"distributed computing","referenceLanguage":["en"],"preferredLabel":{"de":"Verteilte Datenverarbeitung","no":"distribuert databehandling","fi":"hajautettu tietojenkäsittely","en-us":"distributed computing","pt":"computação distribuída","bg":"разпределение на работата между компютрите","lt":"paskirstytasis duomenų apdorojimas","lv":"dalītā skaitļošana","hr":"distribuirano računarstvo","fr":"calcul distribué","hu":"elosztott számítások","sk":"distribuované výpočtové systémy","sl":"porazdeljeno računalništvo","ga":"ríomhaireacht dháilte","sv":"distributed computing","el":"κατανεμημένη πληροφορική","mt":"distribuzzjoni ta' komponenti tal-kompjuter","en":"distributed computing","is":"dreiftölvuvinnsla","it":"calcolo distribuito","es":"informática distribuida","et":"jaotatud andmetöötlus","cs":"distribuovaný výpočet","ar":"الحوسبة الموزعة","pl":"obliczenia rozproszone","ro":"calcul distribuit","da":"distribueret databehandling","nl":"gedistribueerde verwerkingsprocessen"},"alternativeLabel":{"cs":["distribuovaný softwarový proces","síťový počítačový proces","distribuované výpočty"],"mt":["tqassim ta' komponenti tal-kompjuter fuq netwerk","distribuzzjoni tal-komponenti tal-kompjuter"],"el":["κατανεμημένα υπολογιστικά συστήματα· παράλληλα και κατανεμημένα συστήματα· ταυτόχρονα πληροφοριακά συστήματα","κατανεμημένο σύστημα πληροφορικής· κατανεμημένος υπολογισμός"],"nl":["computernetwerken","softwareproces waarbij computers over een netwerk samenwerken","samenwerking tussen computers","distributed computing","proces waarbij meerdere computers aan dezelfde taak werken"]},"description":{"en-us":{"literal":"the software process in which computer components interact over a network and send messages to communicate on their actions.","mimetype":"plain/text"},"en":{"literal":"the software process in which computer components interact over a network and send messages to communicate on their actions.","mimetype":"plain/text"}},"status":"released","_links":{"self":{"href":"https://ec.europa.eu/esco/api/resource/skill?uri=http://data.europa.eu/esco/skill/897b393f-e7e0-4248-a40d-d77119694e83&language=en","uri":"http://data.europa.eu/esco/skill/897b393f-e7e0-4248-a40d-d77119694e83","title":"distributed computing"},"isTopConceptInScheme":[{"href":"https://ec.europa.eu/esco/api/resource/taxonomy?uri=http://data.europa.eu/esco/concept-scheme/member-skills&language=en","uri":"http://data.europa.eu/esco/concept-scheme/member-skills","title":"ESCO member skills"},{"href":"https://ec.europa.eu/esco/api/resource/taxonomy?uri=http://data.europa.eu/esco/concept-scheme/skills&language=en","uri":"http://data.europa.eu/esco/concept-scheme/skills","title":"ESCO skills"}],"isInScheme":[{"href":"https://ec.europa.eu/esco/api/resource/taxonomy?uri=http://data.europa.eu/esco/concept-scheme/member-skills&language=en","uri":"http://data.europa.eu/esco/concept-scheme/member-skills","title":"ESCO member skills"},{"href":"https://ec.europa.eu/esco/api/resource/taxonomy?uri=http://data.europa.eu/esco/concept-scheme/skills&language=en","uri":"http://data.europa.eu/esco/concept-scheme/skills","title":"ESCO skills"}],"hasSkillType":[{"href":"https://ec.europa.eu/esco/api/resource/concept?uri=http://data.europa.eu/esco/skill-type/knowledge&language=en","uri":"http://data.europa.eu/esco/skill-type/knowledge","title":"knowledge"}],"hasReuseLevel":[{"href":"https://ec.europa.eu/esco/api/resource/concept?uri=http://data.europa.eu/esco/skill-reuse-level/sector-specific&language=en","uri":"http://data.europa.eu/esco/skill-reuse-level/sector-specific","title":"sector specific skills and competences","code":"Level 3"}],"isEssentialForOccupation":[{"href":"https://ec.europa.eu/esco/api/resource/occupation?uri=http://data.europa.eu/esco/occupation/8c57af09-719c-42b3-be40-6ed4946236cc&language=en","uri":"http://data.europa.eu/esco/occupation/8c57af09-719c-42b3-be40-6ed4946236cc","title":"database administrator"}],"isOptionalForOccupation":[{"href":"https://ec.europa.eu/esco/api/resource/occupation?uri=http://data.europa.eu/esco/occupation/a6a0b60f-08da-4faa-bf54-942987efb471&language=en","uri":"http://data.europa.eu/esco/occupation/a6a0b60f-08da-4faa-bf54-942987efb471","title":"ICT system analyst"}]},"_embedded":{}},{"className":"Skill","classId":"http://data.europa.eu/esco/model#Skill","uri":"http://data.europa.eu/esco/skill/09d48285-7d78-4f27-878c-e54fd0c75cee","title":"encourage healthy behaviours","referenceLanguage":["en"],"preferredLabel":{"de":"zu gesundem Verhalten ermutigen","no":"oppmuntre sunn atferd","fi":"kannustaa terveellisiin elämäntapoihin","en-us":"encourage healthy behaviors","pt":"incentivar comportamentos saudáveis","bg":"насърчаване на здравословните начини на живот","lt":"skatinti sveikos gyvensenos įpročius","hr":"poticati zdravo ponašanje","lv":"iedrošināt veikt darbības veselības uzturēšanai","fr":"encourager les comportements sains","hu":"ösztönzi az egészséges viselkedésformákat","sk":"encourage healthy behaviours","sl":"spodbujati zdrave navade","ga":"iompraíochtaí sláintiúla a spreagadh","sv":"uppmuntra sunda beteenden","mt":"tħeġġiġ ta’ mġiba sana","el":"ενθάρρυνση υγιεινών συμπεριφορών","en":"encourage healthy behaviours","is":"hvetur til heilbrigðishegðunar","it":"incoraggiare i comportamenti sani","es":"promover comportamientos saludables","et":"tervislike eluviiside järgimist edendama","cs":"prosazovat zdravé chování","ar":"يحضّ على السلوكيات الصحية","pl":"zachęcać do prowadzenia zdrowego stylu życia","ro":"încurajează comportamente sănătoase","da":"tilskynde til sund adfærd","nl":"gezond gedrag stimuleren"},"alternativeLabel":{"sv":["uppmuntra hälsosamma beteenden"],"en":["encourage adoption of behaviours that protect health","encourage adoption of healthy behaviours","promote healthy lifestyle behaviours","advocate healthy lifestyle","promote adoption of behaviours to protect health","encourage behaviours that enhance health","promote healthy behaviours","advocate adoption of healthy lifestyle behaviours","encourage adoption of behaviours that enhance health","encourage behaviours that protect health"],"es":["fomentar comportamientos saludables"],"nl":["gezonde gewoonten aanmoedigen"]},"description":{"en-us":{"literal":"Encourage the adoption of healthy behaviors such as exercise, a healthy diet, oral hygiene, health checks and preventative medical screenings.","mimetype":"plain/text"},"en":{"literal":"Encourage the adoption of healthy behaviours such as exercise, a healthy diet, oral hygiene, health checks and preventative medical screenings.","mimetype":"plain/text"}},"status":"released","_links":{"self":{"href":"https://ec.europa.eu/esco/api/resource/skill?uri=http://data.europa.eu/esco/skill/09d48285-7d78-4f27-878c-e54fd0c75cee&language=en","uri":"http://data.europa.eu/esco/skill/09d48285-7d78-4f27-878c-e54fd0c75cee","title":"encourage healthy behaviours"},"isTopConceptInScheme":[{"href":"https://ec.europa.eu/esco/api/resource/taxonomy?uri=http://data.europa.eu/esco/concept-scheme/skills&language=en","uri":"http://data.europa.eu/esco/concept-scheme/skills","title":"ESCO skills"},{"href":"https://ec.europa.eu/esco/api/resource/taxonomy?uri=http://data.europa.eu/esco/concept-scheme/member-skills&language=en","uri":"http://data.europa.eu/esco/concept-scheme/member-skills","title":"ESCO member skills"}],"isInScheme":[{"href":"https://ec.europa.eu/esco/api/resource/taxonomy?uri=http://data.europa.eu/esco/concept-scheme/skills&language=en","uri":"http://data.europa.eu/esco/concept-scheme/skills","title":"ESCO skills"},{"href":"https://ec.europa.eu/esco/api/resource/taxonomy?uri=http://data.europa.eu/esco/concept-scheme/member-skills&language=en","uri":"http://data.europa.eu/esco/concept-scheme/member-skills","title":"ESCO member skills"}],"hasSkillType":[{"href":"https://ec.europa.eu/esco/api/resource/concept?uri=http://data.europa.eu/esco/skill-type/skill&language=en","uri":"http://data.europa.eu/esco/skill-type/skill","title":"skill"}],"hasReuseLevel":[{"href":"https://ec.europa.eu/esco/api/resource/concept?uri=http://data.europa.eu/esco/skill-reuse-level/occupation-specific&language=en","uri":"http://data.europa.eu/esco/skill-reuse-level/occupation-specific","title":"occupation specific skills and competences","code":"Level 4"}],"isEssentialForOccupation":[{"href":"https://ec.europa.eu/esco/api/resource/occupation?uri=http://data.europa.eu/esco/occupation/976c7f50-7f9e-4347-bbb9-f0dc842046a3&language=en","uri":"http://data.europa.eu/esco/occupation/976c7f50-7f9e-4347-bbb9-f0dc842046a3","title":"health psychologist"}]},"_embedded":{}},{"className":"Skill","classId":"http://data.europa.eu/esco/model#Skill","uri":"http://data.europa.eu/esco/skill/b09df20a-51b9-438d-9745-696b02156470","title":"handle waste","referenceLanguage":["en"],"preferredLabel":{"de":"Abfall entsorgen","no":"disponere avfall","fi":"käsitellä jätteitä","en-us":"handle waste","pt":"manusear resíduos","bg":"манипулиране на отпадъци","lt":"tvarkyti ir šalinti atliekas","hr":"postupati s otpadom","lv":"rīkoties ar atkritumiem","fr":"manipuler des déchets","hu":"hulladékot kezel","sk":"manipulovať s odpadom","sl":"ravnati z odpadki","ga":"dramhaíl a láimhseáil","sv":"hantera avfall","el":"χειρισμός αποβλήτων","mt":"immaniġġar tal-iskart","en":"handle waste","is":"meðhöndlar úrgang","it":"trattare i rifiuti","es":"manipular desechos","et":"jäätmeid käitlema","cs":"manipulovat s odpadem","ar":"يتعامل مع النفايات","pl":"utylizować odpady","ro":"manevrează deșeuri","da":"håndtere affald","nl":"afval verwerken"},"alternativeLabel":{"en":["bio and chemical waste disposing","handle bio and chemical wastes","bio and chemical wastes disposing","handling bio and chemical wastes","dispose of bio and chemical wastes","bio and chemical waste handling","bio and chemical wastes handling"],"ga":["déileáil le dramhaíl"],"ro":["depozitează deșeuri în vederea eliminării","stochează deșeuri","elimină deșeuri"],"nl":["afval beheren"],"es":["eliminar desechos","eliminar desechos químicos","deshacerse de residuos"]},"description":{"en-us":{"literal":"Handle and dispose of bio and chemical wastes in accordance with regulations.","mimetype":"plain/text"},"en":{"literal":"Handle and dispose of bio and chemical wastes in accordance with regulations.","mimetype":"plain/text"}},"status":"released","_links":{"self":{"href":"https://ec.europa.eu/esco/api/resource/skill?uri=http://data.europa.eu/esco/skill/b09df20a-51b9-438d-9745-696b02156470&language=en","uri":"http://data.europa.eu/esco/skill/b09df20a-51b9-438d-9745-696b02156470","title":"handle waste"},"isTopConceptInScheme":[{"href":"https://ec.europa.eu/esco/api/resource/taxonomy?uri=http://data.europa.eu/esco/concept-scheme/member-skills&language=en","uri":"http://data.europa.eu/esco/concept-scheme/member-skills","title":"ESCO member skills"},{"href":"https://ec.europa.eu/esco/api/resource/taxonomy?uri=http://data.europa.eu/esco/concept-scheme/skills&language=en","uri":"http://data.europa.eu/esco/concept-scheme/skills","title":"ESCO skills"}],"isInScheme":[{"href":"https://ec.europa.eu/esco/api/resource/taxonomy?uri=http://data.europa.eu/esco/concept-scheme/member-skills&language=en","uri":"http://data.europa.eu/esco/concept-scheme/member-skills","title":"ESCO member skills"},{"href":"https://ec.europa.eu/esco/api/resource/taxonomy?uri=http://data.europa.eu/esco/concept-scheme/skills&language=en","uri":"http://data.europa.eu/esco/concept-scheme/skills","title":"ESCO skills"}],"hasSkillType":[{"href":"https://ec.europa.eu/esco/api/resource/concept?uri=http://data.europa.eu/esco/skill-type/skill&language=en","uri":"http://data.europa.eu/esco/skill-type/skill","title":"skill"}],"hasReuseLevel":[{"href":"https://ec.europa.eu/esco/api/resource/concept?uri=http://data.europa.eu/esco/skill-reuse-level/cross-sector&language=en","uri":"http://data.europa.eu/esco/skill-reuse-level/cross-sector","title":"cross-sector skills and competences","code":"Level 2"}],"isEssentialForOccupation":[{"href":"https://ec.europa.eu/esco/api/resource/occupation?uri=http://data.europa.eu/esco/occupation/3206f826-7d53-4180-9797-e94ad9eaf841&language=en","uri":"http://data.europa.eu/esco/occupation/3206f826-7d53-4180-9797-e94ad9eaf841","title":"aquaculture cage technician"},{"href":"https://ec.europa.eu/esco/api/resource/occupation?uri=http://data.europa.eu/esco/occupation/1b48fbd2-688f-4ba9-b430-86b2ae273724&language=en","uri":"http://data.europa.eu/esco/occupation/1b48fbd2-688f-4ba9-b430-86b2ae273724","title":"liquid waste treatment plant operator"}]},"_embedded":{}},{"className":"Skill","classId":"http://data.europa.eu/esco/model#Skill","uri":"http://data.europa.eu/esco/skill/dbf04479-0dd1-437f-a6ed-3b43157e5d35","title":"kinesiology","referenceLanguage":["en"],"preferredLabel":{"de":"Kinesiologie","no":"kinesiologi","fi":"kinesiologia","en-us":"kinesiology","pt":"kinesiologia","bg":"кинезиология","lt":"kineziologija","lv":"kinezioloģija","hr":"kineziologija","fr":"kinésiologie","hu":"kineziológia","sk":"kineziológia","sl":"kineziologija","ga":"cinéiseolaíocht","sv":"kinesiologi","el":"κινησιολογία","mt":"kineżjoloġija","en":"kinesiology","is":"hreyfingarfræði","it":"cinesiologia","es":"cinesiología","et":"kinesioloogia","cs":"kineziologie","ar":"علم الحركة","pl":"kinezjologia","da":"kinesiologi","ro":"kineziologie","nl":"kinesiologie"},"alternativeLabel":{"en":["principles of kinesiology","human kinesiology","study of human movement","scientific study of human movement","applications of kinesiology","Kinesiology"],"ro":["chineziologie"],"es":["kinesiología","quinesiología"]},"description":{"en-us":{"literal":"The study of human movement, performance and function, the sciences of biomechanics, anatomy, physiology and neuroscience.","mimetype":"plain/text"},"en":{"literal":"The study of human movement, performance and function, the sciences of biomechanics, anatomy, physiology and neuroscience.","mimetype":"plain/text"}},"status":"released","_links":{"self":{"href":"https://ec.europa.eu/esco/api/resource/skill?uri=http://data.europa.eu/esco/skill/dbf04479-0dd1-437f-a6ed-3b43157e5d35&language=en","uri":"http://data.europa.eu/esco/skill/dbf04479-0dd1-437f-a6ed-3b43157e5d35","title":"kinesiology"},"isTopConceptInScheme":[{"href":"https://ec.europa.eu/esco/api/resource/taxonomy?uri=http://data.europa.eu/esco/concept-scheme/skills&language=en","uri":"http://data.europa.eu/esco/concept-scheme/skills","title":"ESCO skills"},{"href":"https://ec.europa.eu/esco/api/resource/taxonomy?uri=http://data.europa.eu/esco/concept-scheme/member-skills&language=en","uri":"http://data.europa.eu/esco/concept-scheme/member-skills","title":"ESCO member skills"}],"isInScheme":[{"href":"https://ec.europa.eu/esco/api/resource/taxonomy?uri=http://data.europa.eu/esco/concept-scheme/skills&language=en","uri":"http://data.europa.eu/esco/concept-scheme/skills","title":"ESCO skills"},{"href":"https://ec.europa.eu/esco/api/resource/taxonomy?uri=http://data.europa.eu/esco/concept-scheme/member-skills&language=en","uri":"http://data.europa.eu/esco/concept-scheme/member-skills","title":"ESCO member skills"}],"hasSkillType":[{"href":"https://ec.europa.eu/esco/api/resource/concept?uri=http://data.europa.eu/esco/skill-type/knowledge&language=en","uri":"http://data.europa.eu/esco/skill-type/knowledge","title":"knowledge"}],"hasReuseLevel":[{"href":"https://ec.europa.eu/esco/api/resource/concept?uri=http://data.europa.eu/esco/skill-reuse-level/sector-specific&language=en","uri":"http://data.europa.eu/esco/skill-reuse-level/sector-specific","title":"sector specific skills and competences","code":"Level 3"}],"isEssentialForOccupation":[{"href":"https://ec.europa.eu/esco/api/resource/occupation?uri=http://data.europa.eu/esco/occupation/11a6d0f6-e692-4774-aa5f-193b67d31022&language=en","uri":"http://data.europa.eu/esco/occupation/11a6d0f6-e692-4774-aa5f-193b67d31022","title":"kinesiologist"},{"href":"https://ec.europa.eu/esco/api/resource/occupation?uri=http://data.europa.eu/esco/occupation/49e4e358-8ba3-4a05-8ef9-abb73156f5f7&language=en","uri":"http://data.europa.eu/esco/occupation/49e4e358-8ba3-4a05-8ef9-abb73156f5f7","title":"chiropractor"}],"isOptionalForOccupation":[{"href":"https://ec.europa.eu/esco/api/resource/occupation?uri=http://data.europa.eu/esco/occupation/c2a29b8d-1042-4766-a162-e174c7a77421&language=en","uri":"http://data.europa.eu/esco/occupation/c2a29b8d-1042-4766-a162-e174c7a77421","title":"complementary therapist"},{"href":"https://ec.europa.eu/esco/api/resource/occupation?uri=http://data.europa.eu/esco/occupation/b01affdd-c8a9-4121-bc50-a5be17f014eb&language=en","uri":"http://data.europa.eu/esco/occupation/b01affdd-c8a9-4121-bc50-a5be17f014eb","title":"shiatsu practitioner"},{"href":"https://ec.europa.eu/esco/api/resource/occupation?uri=http://data.europa.eu/esco/occupation/82cbe20d-967c-4161-9ecd-eafc724d171c&language=en","uri":"http://data.europa.eu/esco/occupation/82cbe20d-967c-4161-9ecd-eafc724d171c","title":"occupational therapy assistant"}]},"_embedded":{}},{"className":"Skill","classId":"http://data.europa.eu/esco/model#Skill","uri":"http://data.europa.eu/esco/skill/0e2ff90d-a139-4acc-8945-514a91e1fb07","title":"set up stage decks","referenceLanguage":["en"],"preferredLabel":{"de":"Bühnenemporen aufbauen","no":"sette opp scenedekker","en-us":"set up stage decks","fi":"asentaa näyttämökannet","pt":"preparar estruturas de palco","bg":"настройване на сценични платформи","lt":"sumontuoti scenines platformas","hr":"postavljati podignuta postolja","lv":"uzstādīt skatuves platformas","fr":"installer des estrades","hu":"felállítja a színpadi emelvényt","sk":"nastaviť javiskové plošiny","sl":"postavljati odrske platforme","ga":"boird stáitse a bhunú","sv":"förbereda scendäck","mt":"tlestija tal-postijiet ta’ kontroll tal-ekwipaġġ tal-palk","el":"εγκατάσταση πλατφορμών στη σκηνή","en":"set up stage decks","is":"setur upp þilför","it":"installare le piattaforme di scena","es":"montar una plataforma de escenario","et":"lavapoodiumeid paigaldama","cs":"připravit jevištní plošiny","ar":"يضبط أسطح ساحة المسرح","pl":"instalować podesty sceniczne","ro":"instalează platforme de scenă","da":"arrangere scenedæk","nl":"podiumvloeren plaatsen"},"alternativeLabel":{"en":["install stage decks","set up stage deck","setting up stage decks","place stage decks"],"nl":["podiumvloeren opzetten"]},"description":{"en-us":{"literal":"Set heavy duty decks in place on top of stage scaffolding to serve as a secure space for performance, seating, or crew activities. Cover it with flooring planks if called for.","mimetype":"plain/text"},"en":{"literal":"Set heavy duty decks in place on top of stage scaffolding to serve as a secure space for performance, seating, or crew activities. Cover it with flooring planks if called for.","mimetype":"plain/text"}},"status":"released","_links":{"self":{"href":"https://ec.europa.eu/esco/api/resource/skill?uri=http://data.europa.eu/esco/skill/0e2ff90d-a139-4acc-8945-514a91e1fb07&language=en","uri":"http://data.europa.eu/esco/skill/0e2ff90d-a139-4acc-8945-514a91e1fb07","title":"set up stage decks"},"isTopConceptInScheme":[{"href":"https://ec.europa.eu/esco/api/resource/taxonomy?uri=http://data.europa.eu/esco/concept-scheme/skills&language=en","uri":"http://data.europa.eu/esco/concept-scheme/skills","title":"ESCO skills"},{"href":"https://ec.europa.eu/esco/api/resource/taxonomy?uri=http://data.europa.eu/esco/concept-scheme/member-skills&language=en","uri":"http://data.europa.eu/esco/concept-scheme/member-skills","title":"ESCO member skills"}],"isInScheme":[{"href":"https://ec.europa.eu/esco/api/resource/taxonomy?uri=http://data.europa.eu/esco/concept-scheme/skills&language=en","uri":"http://data.europa.eu/esco/concept-scheme/skills","title":"ESCO skills"},{"href":"https://ec.europa.eu/esco/api/resource/taxonomy?uri=http://data.europa.eu/esco/concept-scheme/member-skills&language=en","uri":"http://data.europa.eu/esco/concept-scheme/member-skills","title":"ESCO member skills"}],"hasSkillType":[{"href":"https://ec.europa.eu/esco/api/resource/concept?uri=http://data.europa.eu/esco/skill-type/skill&language=en","uri":"http://data.europa.eu/esco/skill-type/skill","title":"skill"}],"hasReuseLevel":[{"href":"https://ec.europa.eu/esco/api/resource/concept?uri=http://data.europa.eu/esco/skill-reuse-level/occupation-specific&language=en","uri":"http://data.europa.eu/esco/skill-reuse-level/occupation-specific","title":"occupation specific skills and competences","code":"Level 4"}],"isEssentialForOccupation":[{"href":"https://ec.europa.eu/esco/api/resource/occupation?uri=http://data.europa.eu/esco/occupation/6cfba9ca-f9a0-4a50-a8d3-064d88c928b1&language=en","uri":"http://data.europa.eu/esco/occupation/6cfba9ca-f9a0-4a50-a8d3-064d88c928b1","title":"event scaffolder"}]},"_embedded":{}},{"className":"Skill","classId":"http://data.europa.eu/esco/model#Skill","uri":"http://data.europa.eu/esco/skill/4c2a9b63-ecb5-4dd1-a91e-73f1385cf7c0","title":"install temporary audience accommodation","referenceLanguage":["en"],"preferredLabel":{"de":"temporäre Unterkünfte für das Publikum einrichten","no":"installere midlertidige oppholdsfasiliteter for publikum","en-us":"install temporary audience accommodation","fi":"asentaa tilapäiset katsomorakenteet","pt":"construir instalações temporárias para a audiência","bg":"монтиране на временно съоръжение за помещаване на публика","lt":"įrengti laikiną vietą publikai","lv":"uzstādīt pagaidu vietas auditorijai","hr":"postavljati privremene objekte za smještanje publike","fr":"installer un hébergement temporaire du public","hu":"felállítja az ideiglenes nézőteret","sk":"inštalovať provizórne priestory pre divákov","sl":"namestiti začasen prostor za občinstvo","ga":"cóiríocht shealadach lucht féachana/éisteachta a shuiteáil","sv":"montera tillfälliga publikplatser","mt":"installazzjoni tal-akkomodazzjoni temporanja tal-udjenza","el":"εγκατάσταση προσωρινών καθισμάτων θεατών","en":"install temporary audience accommodation","is":"setur upp tímabundna áhorfendapalla","it":"installare strutture temporanee per accogliere il pubblico","es":"instalar estructuras provisionales para acomodar al público","et":"publiku majutamiseks ajutisi rajatisi paigaldama","cs":"instalovat dočasné prostory pro diváky","ar":"يضع مكان إقامة مؤقت للجمهور","pl":"montować elementy tymczasowego zakwaterowania dla publiczności","da":"installere midlertidige publikumspladser","ro":"instalează locuri de stat jos temporare pentru public","nl":"tijdelijke tribunes voor publiek optrekken"},"alternativeLabel":{"lt":["įrengti laikiną auditorijos vietą"],"en":["set up audience accommodation","arrange temporary audience setting","install temporary accommodation for the audience","install audience accommodation that is temporary"],"nl":["tijdelijke tribunes voor publiek installeren"]},"description":{"en-us":{"literal":"Place audience accommodation, fixing it into place with a scaffolding system if required.","mimetype":"plain/text"},"en":{"literal":"Place audience accommodation, fixing it into place with a scaffolding system if required.","mimetype":"plain/text"}},"status":"released","_links":{"self":{"href":"https://ec.europa.eu/esco/api/resource/skill?uri=http://data.europa.eu/esco/skill/4c2a9b63-ecb5-4dd1-a91e-73f1385cf7c0&language=en","uri":"http://data.europa.eu/esco/skill/4c2a9b63-ecb5-4dd1-a91e-73f1385cf7c0","title":"install temporary audience accommodation"},"isTopConceptInScheme":[{"href":"https://ec.europa.eu/esco/api/resource/taxonomy?uri=http://data.europa.eu/esco/concept-scheme/member-skills&language=en","uri":"http://data.europa.eu/esco/concept-scheme/member-skills","title":"ESCO member skills"},{"href":"https://ec.europa.eu/esco/api/resource/taxonomy?uri=http://data.europa.eu/esco/concept-scheme/skills&language=en","uri":"http://data.europa.eu/esco/concept-scheme/skills","title":"ESCO skills"}],"isInScheme":[{"href":"https://ec.europa.eu/esco/api/resource/taxonomy?uri=http://data.europa.eu/esco/concept-scheme/member-skills&language=en","uri":"http://data.europa.eu/esco/concept-scheme/member-skills","title":"ESCO member skills"},{"href":"https://ec.europa.eu/esco/api/resource/taxonomy?uri=http://data.europa.eu/esco/concept-scheme/skills&language=en","uri":"http://data.europa.eu/esco/concept-scheme/skills","title":"ESCO skills"}],"hasSkillType":[{"href":"https://ec.europa.eu/esco/api/resource/concept?uri=http://data.europa.eu/esco/skill-type/skill&language=en","uri":"http://data.europa.eu/esco/skill-type/skill","title":"skill"}],"hasReuseLevel":[{"href":"https://ec.europa.eu/esco/api/resource/concept?uri=http://data.europa.eu/esco/skill-reuse-level/occupation-specific&language=en","uri":"http://data.europa.eu/esco/skill-reuse-level/occupation-specific","title":"occupation specific skills and competences","code":"Level 4"}],"isEssentialForOccupation":[{"href":"https://ec.europa.eu/esco/api/resource/occupation?uri=http://data.europa.eu/esco/occupation/6cfba9ca-f9a0-4a50-a8d3-064d88c928b1&language=en","uri":"http://data.europa.eu/esco/occupation/6cfba9ca-f9a0-4a50-a8d3-064d88c928b1","title":"event scaffolder"}]},"_embedded":{}},{"className":"Skill","classId":"http://data.europa.eu/esco/model#Skill","uri":"http://data.europa.eu/esco/skill/8a8151b0-8319-4948-9259-c6facf5c80d5","title":"tend compressor engine","referenceLanguage":["en"],"preferredLabel":{"de":"Kompressormotor bedienen","no":"håndtere kompressormotor","en-us":"tend compressor engine","fi":"hoitaa ahdinmoottoria","pt":"vigiar e controlar o funcionamento do compressor de gás","bg":"обслужване на компресор","lt":"prižiūrėti kompresoriaus variklį","hr":"rukovati motorom kompresora","lv":"apkalpot kompresora motoru","fr":"utiliser un moteur à compresseur","hu":"felügyeli a kompresszor motorját","sk":"obsluhovať motor kompresora","sl":"upravljati kompresorje","ga":"féachaint i ndiaidh inneall comhbhrúiteora","sv":"sköta kompressormotor","mt":"tħaddim tal-magni bil-kumpressur","el":"χειρισμός κινητήρα συμπίεσης","en":"tend compressor engine","is":"sér um samþjöppunarvél","it":"sorvegliare il motore del compressore","es":"ocuparse del motor del compresor","et":"kompressormootoriga töötama","cs":"obsluhovat motor kompresoru","ar":"يشغل محركات الضغط","pl":"zajmować się silnikami sprężarkowymi","ro":"operează compresoare","da":"passe kompressormotor","nl":"compressiemotoren bedienen"},"alternativeLabel":{"en":["compressor engine operating","operating compressor engine","tending compressor engine","compressor engine tending"],"nl":["compressiemotoren bedienen en onderhouden"]},"description":{"en-us":{"literal":"Tend the gas compression engines by starting them, monitoring the process of gas compression and performing small maintenance tasks.","mimetype":"plain/text"},"en":{"literal":"Tend the gas compression engines by starting them, monitoring the process of gas compression and performing small maintenance tasks.","mimetype":"plain/text"}},"status":"released","_links":{"self":{"href":"https://ec.europa.eu/esco/api/resource/skill?uri=http://data.europa.eu/esco/skill/8a8151b0-8319-4948-9259-c6facf5c80d5&language=en","uri":"http://data.europa.eu/esco/skill/8a8151b0-8319-4948-9259-c6facf5c80d5","title":"tend compressor engine"},"isTopConceptInScheme":[{"href":"https://ec.europa.eu/esco/api/resource/taxonomy?uri=http://data.europa.eu/esco/concept-scheme/skills&language=en","uri":"http://data.europa.eu/esco/concept-scheme/skills","title":"ESCO skills"},{"href":"https://ec.europa.eu/esco/api/resource/taxonomy?uri=http://data.europa.eu/esco/concept-scheme/member-skills&language=en","uri":"http://data.europa.eu/esco/concept-scheme/member-skills","title":"ESCO member skills"}],"isInScheme":[{"href":"https://ec.europa.eu/esco/api/resource/taxonomy?uri=http://data.europa.eu/esco/concept-scheme/skills&language=en","uri":"http://data.europa.eu/esco/concept-scheme/skills","title":"ESCO skills"},{"href":"https://ec.europa.eu/esco/api/resource/taxonomy?uri=http://data.europa.eu/esco/concept-scheme/member-skills&language=en","uri":"http://data.europa.eu/esco/concept-scheme/member-skills","title":"ESCO member skills"}],"hasSkillType":[{"href":"https://ec.europa.eu/esco/api/resource/concept?uri=http://data.europa.eu/esco/skill-type/skill&language=en","uri":"http://data.europa.eu/esco/skill-type/skill","title":"skill"}],"hasReuseLevel":[{"href":"https://ec.europa.eu/esco/api/resource/concept?uri=http://data.europa.eu/esco/skill-reuse-level/cross-sector&language=en","uri":"http://data.europa.eu/esco/skill-reuse-level/cross-sector","title":"cross-sector skills and competences","code":"Level 2"}],"isEssentialForOccupation":[{"href":"https://ec.europa.eu/esco/api/resource/occupation?uri=http://data.europa.eu/esco/occupation/f1c8c186-bef9-4d72-9257-90fc4f992ab7&language=en","uri":"http://data.europa.eu/esco/occupation/f1c8c186-bef9-4d72-9257-90fc4f992ab7","title":"gas station operator"},{"href":"https://ec.europa.eu/esco/api/resource/occupation?uri=http://data.europa.eu/esco/occupation/cbdbe324-81fe-48da-a8f7-0106dd94a05b&language=en","uri":"http://data.europa.eu/esco/occupation/cbdbe324-81fe-48da-a8f7-0106dd94a05b","title":"gas processing plant supervisor"}],"isOptionalForOccupation":[{"href":"https://ec.europa.eu/esco/api/resource/occupation?uri=http://data.europa.eu/esco/occupation/16b974f4-cb8c-436c-8c05-a16957c40131&language=en","uri":"http://data.europa.eu/esco/occupation/16b974f4-cb8c-436c-8c05-a16957c40131","title":"fossil-fuel power plant operator"}]},"_embedded":{}},{"className":"Skill","classId":"http://data.europa.eu/esco/model#Skill","uri":"http://data.europa.eu/esco/skill/35565734-b968-49f7-8140-f5bc95ec3df7","title":"manage fitness goals","referenceLanguage":["en"],"preferredLabel":{"no":"administrere treningsmål","de":"Fitnessziele handhaben","fi":"huolehtia fyysiseen kuntoon liittyvistä tavoitteista","en-us":"manage fitness goals","pt":"gerir objetivos de condição física","bg":"управление на цели, свързани с фитнес","lt":"valdyti kūno rengybos tikslus","lv":"noteikt fizisko treniņu mērķus","hr":"upravljati ciljevima vježbanja","fr":"gérer des objectifs de remise en forme","hu":"segít meghatározni a fittségi célokat","sk":"riadiť ciele v oblasti kondičného cvičenia","sl":"upravljati cilje fitnesa","ga":"spriocanna corpacmhainne a bhainistiú","sv":"ansvara för hälsomål","el":"διαχείριση των στόχων φυσικής κατάστασης","mt":"immaniġġjar tal-għanijiet tal-fitness","en":"manage fitness goals","is":"hefur umsjón með líkamsræktarmarkmiðum","it":"gestire gli obiettivi di allenamento","es":"gestionar los objetivos relativos a la condición física","et":"treeningeesmärke haldama","cs":"spravovat kondiční cíle","ar":"يشرف على أهداف اللياقة البدنية","pl":"zarządzać celami ćwiczeń fizycznych","da":"styre fitnessmål","ro":"gestionează obiectivele în materie de fitness","nl":"fitnessdoelstellingen beheren"},"alternativeLabel":{"sl":["postavljati cilje fitnes vadbe"],"en":["managing fitness goals","manage goals in fitness","oversee fitness goals","supervise objectives in personal training"],"ro":["gestionează obiectivele programelor de fitness"],"nl":["fitnessdoelen beheren"]},"description":{"en-us":{"literal":"Make up personal training programs ; set fitness goals for clients and work towards them; refer clients to a more suitable professional.","mimetype":"plain/text"},"en":{"literal":"Make up personal training programmes; set fitness goals for clients and work towards them; refer clients to a more suitable professional.","mimetype":"plain/text"}},"status":"released","_links":{"self":{"href":"https://ec.europa.eu/esco/api/resource/skill?uri=http://data.europa.eu/esco/skill/35565734-b968-49f7-8140-f5bc95ec3df7&language=en","uri":"http://data.europa.eu/esco/skill/35565734-b968-49f7-8140-f5bc95ec3df7","title":"manage fitness goals"},"isTopConceptInScheme":[{"href":"https://ec.europa.eu/esco/api/resource/taxonomy?uri=http://data.europa.eu/esco/concept-scheme/skills&language=en","uri":"http://data.europa.eu/esco/concept-scheme/skills","title":"ESCO skills"},{"href":"https://ec.europa.eu/esco/api/resource/taxonomy?uri=http://data.europa.eu/esco/concept-scheme/member-skills&language=en","uri":"http://data.europa.eu/esco/concept-scheme/member-skills","title":"ESCO member skills"}],"isInScheme":[{"href":"https://ec.europa.eu/esco/api/resource/taxonomy?uri=http://data.europa.eu/esco/concept-scheme/skills&language=en","uri":"http://data.europa.eu/esco/concept-scheme/skills","title":"ESCO skills"},{"href":"https://ec.europa.eu/esco/api/resource/taxonomy?uri=http://data.europa.eu/esco/concept-scheme/member-skills&language=en","uri":"http://data.europa.eu/esco/concept-scheme/member-skills","title":"ESCO member skills"}],"hasSkillType":[{"href":"https://ec.europa.eu/esco/api/resource/concept?uri=http://data.europa.eu/esco/skill-type/skill&language=en","uri":"http://data.europa.eu/esco/skill-type/skill","title":"skill"}],"hasReuseLevel":[{"href":"https://ec.europa.eu/esco/api/resource/concept?uri=http://data.europa.eu/esco/skill-reuse-level/occupation-specific&language=en","uri":"http://data.europa.eu/esco/skill-reuse-level/occupation-specific","title":"occupation specific skills and competences","code":"Level 4"}],"isOptionalForOccupation":[{"href":"https://ec.europa.eu/esco/api/resource/occupation?uri=http://data.europa.eu/esco/occupation/763f82c2-81e3-48d2-9cdf-f532b5016a1f&language=en","uri":"http://data.europa.eu/esco/occupation/763f82c2-81e3-48d2-9cdf-f532b5016a1f","title":"weight loss consultant"}]},"_embedded":{}},{"className":"Skill","classId":"http://data.europa.eu/esco/model#Skill","uri":"http://data.europa.eu/esco/skill/865d6fbc-c430-4384-80c1-9000b9535374","title":"tend insecticide mixer","referenceLanguage":["en"],"preferredLabel":{"de":"Insektenvertilgungsmittel-Mischer bedienen","no":"håndtere insektmiddelblander","en-us":"tend insecticide mixer","fi":"hoitaa hyönteismyrkkysekoitinta","pt":"vigiar e controlar o funcionamento da misturadora de inseticidas","bg":"обслужване на машини за производство на инсектициди","lt":"prižiūrėti insekticidų maišytuvą","hr":"rukovati miješalicom za insekticide","lv":"apkalpot insekticīdu maisītāju","fr":"utiliser un mélangeur à insecticide","hu":"felügyeli és kiszolgálja a rovarirtószer-keverő gépet","sk":"obsluhovať miešač na insekticídy","sl":"upravljati mešalnik insekticidov","ga":"féachaint i ndiaidh meascthóir feithidicídí","sv":"sköta bekämpningsmedelsblandare","el":"χειρισμός αναμεικτήρα παραγωγής εντομοκτόνων","mt":"tħaddim tal-mikser tal-insettiċidi","en":"tend insecticide mixer","is":"sér um skordýraeitursblandara","it":"sorvegliare il miscelatore di insetticidi","es":"ocuparse de las máquinas mezcladoras de insecticidas","et":"putukamürkide segamise seadmega töötama","cs":"obsluhovat míchačku insekticidů","ar":"يشغل آلة خلط المبيدات الحشرية","pl":"zajmować się mieszarką insektycydów","da":"passe insekticidblander","ro":"operează malaxoare de insecticide","nl":"mengers voor insecticiden bedienen"},"alternativeLabel":{"de":["Insektizide-Mischanlagen bedienen"],"en":["operating insecticide mixer","tending insecticide mixer","insecticide mixer tending","operate insecticide mixer","insecticide mixer operating"],"nl":["mengers voor insectenverdelgers bedienen"]},"description":{"en-us":{"literal":"Tend the mixer and equipment used in order to produce insecticides, fungicides or pesticides according to specified formula.","mimetype":"plain/text"},"en":{"literal":"Tend the mixer and equipment used in order to produce insecticides, fungicides or pesticides according to specified formula.","mimetype":"plain/text"}},"status":"released","_links":{"self":{"href":"https://ec.europa.eu/esco/api/resource/skill?uri=http://data.europa.eu/esco/skill/865d6fbc-c430-4384-80c1-9000b9535374&language=en","uri":"http://data.europa.eu/esco/skill/865d6fbc-c430-4384-80c1-9000b9535374","title":"tend insecticide mixer"},"isTopConceptInScheme":[{"href":"https://ec.europa.eu/esco/api/resource/taxonomy?uri=http://data.europa.eu/esco/concept-scheme/member-skills&language=en","uri":"http://data.europa.eu/esco/concept-scheme/member-skills","title":"ESCO member skills"},{"href":"https://ec.europa.eu/esco/api/resource/taxonomy?uri=http://data.europa.eu/esco/concept-scheme/skills&language=en","uri":"http://data.europa.eu/esco/concept-scheme/skills","title":"ESCO skills"}],"isInScheme":[{"href":"https://ec.europa.eu/esco/api/resource/taxonomy?uri=http://data.europa.eu/esco/concept-scheme/member-skills&language=en","uri":"http://data.europa.eu/esco/concept-scheme/member-skills","title":"ESCO member skills"},{"href":"https://ec.europa.eu/esco/api/resource/taxonomy?uri=http://data.europa.eu/esco/concept-scheme/skills&language=en","uri":"http://data.europa.eu/esco/concept-scheme/skills","title":"ESCO skills"}],"hasSkillType":[{"href":"https://ec.europa.eu/esco/api/resource/concept?uri=http://data.europa.eu/esco/skill-type/skill&language=en","uri":"http://data.europa.eu/esco/skill-type/skill","title":"skill"}],"hasReuseLevel":[{"href":"https://ec.europa.eu/esco/api/resource/concept?uri=http://data.europa.eu/esco/skill-reuse-level/sector-specific&language=en","uri":"http://data.europa.eu/esco/skill-reuse-level/sector-specific","title":"sector specific skills and competences","code":"Level 3"}],"isEssentialForOccupation":[{"href":"https://ec.europa.eu/esco/api/resource/occupation?uri=http://data.europa.eu/esco/occupation/165f32b8-756a-4ef3-87f1-83fbbdc60db7&language=en","uri":"http://data.europa.eu/esco/occupation/165f32b8-756a-4ef3-87f1-83fbbdc60db7","title":"pesticide mixer"}],"isOptionalForOccupation":[{"href":"https://ec.europa.eu/esco/api/resource/occupation?uri=http://data.europa.eu/esco/occupation/34c191ec-e3e3-4746-ae10-7ff4306a2794&language=en","uri":"http://data.europa.eu/esco/occupation/34c191ec-e3e3-4746-ae10-7ff4306a2794","title":"soap drier operator"}]},"_embedded":{}},{"className":"Skill","classId":"http://data.europa.eu/esco/model#Skill","uri":"http://data.europa.eu/esco/skill/f8113322-8f1d-43bd-8087-b2b6d0813b7a","title":"determine crystalline structure","referenceLanguage":["en"],"preferredLabel":{"de":"kristalline Struktur feststellen","no":"bestemme krystallinsk struktur","en-us":"determine crystalline structure","fi":"määritellä kiderakenne","pt":"determinar a estrutura cristalina de minerais","bg":"определяне на кристална структура","lt":"nustatyti kristalinę sandarą","lv":"noteikt kristālisko struktūru","hr":"utvrditi kristalnu strukturu","fr":"analyser une structure cristalline","hu":"kristályszerkezetet határoz meg","sk":"zistiť kryštalickú štruktúru","sl":"določati kristalno strukturo","ga":"criostalstruchtúr a chinneadh","sv":"fastställa kristallstruktur","el":"προσδιορισμός της κρυσταλλικής δομής","mt":"stabbiliment tal-istrutturi kristallini","en":"determine crystalline structure","is":"ákvarðar kristalkennda uppbyggingu","it":"determinare la struttura cristallina","es":"identificar la estructura cristalina","et":"kristallistruktuuri kindlaks tegema","cs":"zjišťovat krystalické struktury","ar":"يحدد البنية البلورية","pl":"określać strukturę krystaliczną","da":"fastlægge krystallinsk struktur","ro":"determină structura cristalină","nl":"kristalstructuren vaststellen"},"alternativeLabel":{"fi":["määrittää kiderakenne"],"sv":["fastställa kristallin struktur"],"hr":["utvrditi kristalnu rešetku"],"hu":["kristályos szerkezetet határoz meg"],"nl":["kristalstructuren bepalen"],"es":["determinar la composición y el tipo de estructura cristalina","identificar el tipo de estructura cristalina","establecer el tipo de estructura cristalina","establecer la composición y el tipo de estructura cristalina","identificar la composición y el tipo de estructura cristalina"]},"description":{"en-us":{"literal":"Perform tests such as x-ray examinations in order to determine the composition and type of crystalline structure of a specific mineral. This structure is the way the atoms are arranged in a unique geometrical pattern within a mineral.","mimetype":"plain/text"},"en":{"literal":"Perform tests such as x-ray examinations in order to determine the composition and type of crystalline structure of a specific mineral. This structure is the way the atoms are arranged in a unique geometrical pattern within a mineral.","mimetype":"plain/text"}},"status":"released","_links":{"self":{"href":"https://ec.europa.eu/esco/api/resource/skill?uri=http://data.europa.eu/esco/skill/f8113322-8f1d-43bd-8087-b2b6d0813b7a&language=en","uri":"http://data.europa.eu/esco/skill/f8113322-8f1d-43bd-8087-b2b6d0813b7a","title":"determine crystalline structure"},"isTopConceptInScheme":[{"href":"https://ec.europa.eu/esco/api/resource/taxonomy?uri=http://data.europa.eu/esco/concept-scheme/member-skills&language=en","uri":"http://data.europa.eu/esco/concept-scheme/member-skills","title":"ESCO member skills"},{"href":"https://ec.europa.eu/esco/api/resource/taxonomy?uri=http://data.europa.eu/esco/concept-scheme/skills&language=en","uri":"http://data.europa.eu/esco/concept-scheme/skills","title":"ESCO skills"}],"isInScheme":[{"href":"https://ec.europa.eu/esco/api/resource/taxonomy?uri=http://data.europa.eu/esco/concept-scheme/member-skills&language=en","uri":"http://data.europa.eu/esco/concept-scheme/member-skills","title":"ESCO member skills"},{"href":"https://ec.europa.eu/esco/api/resource/taxonomy?uri=http://data.europa.eu/esco/concept-scheme/skills&language=en","uri":"http://data.europa.eu/esco/concept-scheme/skills","title":"ESCO skills"}],"hasSkillType":[{"href":"https://ec.europa.eu/esco/api/resource/concept?uri=http://data.europa.eu/esco/skill-type/skill&language=en","uri":"http://data.europa.eu/esco/skill-type/skill","title":"skill"}],"hasReuseLevel":[{"href":"https://ec.europa.eu/esco/api/resource/concept?uri=http://data.europa.eu/esco/skill-reuse-level/occupation-specific&language=en","uri":"http://data.europa.eu/esco/skill-reuse-level/occupation-specific","title":"occupation specific skills and competences","code":"Level 4"}],"isEssentialForOccupation":[{"href":"https://ec.europa.eu/esco/api/resource/occupation?uri=http://data.europa.eu/esco/occupation/86a0c9ab-c3fa-41a3-ad3e-d0083036b3d6&language=en","uri":"http://data.europa.eu/esco/occupation/86a0c9ab-c3fa-41a3-ad3e-d0083036b3d6","title":"mineralogist"}]},"_embedded":{}},{"className":"Skill","classId":"http://data.europa.eu/esco/model#Skill","uri":"http://data.europa.eu/esco/skill/0815c56f-e56f-4509-8fc5-d7febe8dc3c6","title":"identify physical characteristics of performer","referenceLanguage":["en"],"preferredLabel":{"no":"identifisere de fysiske egenskapene til utøveren","de":"körperliche Eigenschaften von Performern identifizieren","en-us":"identify physical characteristics of performer","fi":"määritellä esiintyjän fyysisiä ominaisuuksia","pt":"identificar características físicas de artistas e atletas","bg":"оценяване на физическите характеристики на изпълнителите","lt":"nustatyti atlikėjo fizines savybes","hr":"utvrditi tjelesne sposobnosti izvođača","lv":"noteikt izpildītāju fiziskās īpašības","fr":"évaluer les caractéristiques physiques d’un artiste ou d’un athlète","hu":"meghatározza az előadók fizikai tulajdonságait","sk":"určiť fyzické vlastnosti účinkujúceho","sl":"opredeliti fizične značilnosti izvajalca","ga":"saintréithe fisiceacha taibheora a aithint","sv":"identifiera fysiska särdrag hos artister","el":"προσδιορισμός των φυσικών χαρακτηριστικών του ερμηνευτή","mt":"identifikazzjoni tal-karatteristiċi fiżiċi tal-artisti tal-ispettaklu","en":"identify physical characteristics of performer","is":"ber kennsl á líkamleg sérkenni flytjanda","it":"individuare le caratteristiche fisiche dell'esecutore","es":"identificar las cualidades físicas de un artista intérprete o de un deportista","et":"esineja füüsilisi omadusi tuvastama","cs":"identifikovat fyzické vlastnosti umělců","ar":"يحدد الخصائص الفيزيائية لممثلي الأداء","pl":"określać cechy fizyczne artysty wykonawcy","da":"identificere den optrædendes fysiske karakteristika","ro":"identifică caracteristicile fizice ale actorilor, interpreților și sportivilor","nl":"fysieke eigenschappen van artiesten identificeren"},"alternativeLabel":{"fi":["määrittää esiintyjän fyysisiä ominaisuuksia"],"en":["determine physical characteristics of performer","identifying performer’s physical characteristics","define physical characteristics of performer","identifying physical characteristics of performer","compile physical characteristics of performer","select physical characteristics of performer"],"es":["determinar las cualidades físicas de un artista intérprete o de un deportista","evaluar las cualidades físicas de un artista intérprete o de un deportista","juzgar las cualidades físicas de un artista intérprete o de un deportista"]},"description":{"en-us":{"literal":"Assess the physical potential of artists, performers, and athletes in order to find contracts suitable for them.","mimetype":"plain/text"},"en":{"literal":"Assess the physical potential of artists, performers, and athletes in order to find contracts suitable for them.","mimetype":"plain/text"}},"status":"released","_links":{"self":{"href":"https://ec.europa.eu/esco/api/resource/skill?uri=http://data.europa.eu/esco/skill/0815c56f-e56f-4509-8fc5-d7febe8dc3c6&language=en","uri":"http://data.europa.eu/esco/skill/0815c56f-e56f-4509-8fc5-d7febe8dc3c6","title":"identify physical characteristics of performer"},"isTopConceptInScheme":[{"href":"https://ec.europa.eu/esco/api/resource/taxonomy?uri=http://data.europa.eu/esco/concept-scheme/member-skills&language=en","uri":"http://data.europa.eu/esco/concept-scheme/member-skills","title":"ESCO member skills"},{"href":"https://ec.europa.eu/esco/api/resource/taxonomy?uri=http://data.europa.eu/esco/concept-scheme/skills&language=en","uri":"http://data.europa.eu/esco/concept-scheme/skills","title":"ESCO skills"}],"isInScheme":[{"href":"https://ec.europa.eu/esco/api/resource/taxonomy?uri=http://data.europa.eu/esco/concept-scheme/member-skills&language=en","uri":"http://data.europa.eu/esco/concept-scheme/member-skills","title":"ESCO member skills"},{"href":"https://ec.europa.eu/esco/api/resource/taxonomy?uri=http://data.europa.eu/esco/concept-scheme/skills&language=en","uri":"http://data.europa.eu/esco/concept-scheme/skills","title":"ESCO skills"}],"hasSkillType":[{"href":"https://ec.europa.eu/esco/api/resource/concept?uri=http://data.europa.eu/esco/skill-type/skill&language=en","uri":"http://data.europa.eu/esco/skill-type/skill","title":"skill"}],"hasReuseLevel":[{"href":"https://ec.europa.eu/esco/api/resource/concept?uri=http://data.europa.eu/esco/skill-reuse-level/occupation-specific&language=en","uri":"http://data.europa.eu/esco/skill-reuse-level/occupation-specific","title":"occupation specific skills and competences","code":"Level 4"}],"isOptionalForOccupation":[{"href":"https://ec.europa.eu/esco/api/resource/occupation?uri=http://data.europa.eu/esco/occupation/c85e39a4-2c40-413f-a171-45907ecdd599&language=en","uri":"http://data.europa.eu/esco/occupation/c85e39a4-2c40-413f-a171-45907ecdd599","title":"talent agent"}]},"_embedded":{}},{"className":"Skill","classId":"http://data.europa.eu/esco/model#Skill","uri":"http://data.europa.eu/esco/skill/6f96888f-6b91-4dc5-8844-455359c2177b","title":"explain use of equipment for pets","referenceLanguage":["en"],"preferredLabel":{"no":"forklare bruk av utstyr for kjæledyr","de":"Verwendung von Ausstattungsartikeln für Heimtiere erläutern","en-us":"explain use of equipment for pets","fi":"selittää lemmikkieläinvarusteiden käyttöä","pt":"explicar a utilização de equipamento para animais de estimação","bg":"обясняване на използването на оборудване за домашни любимци","lt":"paaiškinti, kaip naudoti gyvūnams augintiniams skirtą įrangą","hr":"objašnjavati način uporabe opreme za kućne ljubimce","lv":"sniegt skaidrojumus par mājdzīvniekiem paredzētā aprīkojuma lietošanu","fr":"expliquer l'utilisation des équipements pour animaux domestiques","hu":"ismerteti a kisállat‑felszerelés használatát","sk":"vysvetliť používanie vybavenia pre spoločenské zvieratá","sl":"pojasniti uporabo opreme za hišne živali","ga":"a mhíniú conas a úsáidtear trealamh do pheataí","sv":"förklara hur utrustning för sällskapsdjur ska användas","el":"επεξήγηση της χρήσης εξοπλισμού ζώων συντροφιάς","mt":"spjegazzjoni dwar l-użu tat-tagħmir għall-annimali domestiċi","en":"explain use of equipment for pets","is":"útskýrir notkun búnaðar fyrir gæludýr","it":"spiegare l'utilizzo degli articoli per animali domestici","es":"explicar el uso de equipos para mascotas","et":"lemmikloomavarustuse kasutamist selgitama","cs":"vysvětlit používání zařízení pro domácí zvířata","ar":"يشرح كيفية استخدام المعدات الخاصة بالحيوانات الأليفة","pl":"wyjaśniać sposoby prawidłowego korzystania z urządzeń dla zwierząt domowych","ro":"oferă explicații privind utilizarea echipamentelor pentru animale de companie","da":"forklare, hvordan udstyr til kæledyr bruges","nl":"gebruik van uitrusting voor huisdieren uitleggen"},"alternativeLabel":{"lt":["paaiškinti, kaip naudoti naminiams gyvūnams skirtą įrangą"],"en":["explain the use of equipment for pets","reveal use of equipment for pets","explaining the use of equipment for pets","explain the use of equipment for a pet","describe use of equipment for pets","clarify use of equipment for pets","disclose use of equipment for pets"],"ro":["explică modul de utilizare a echipamentelor pentru animale de companie"],"es":["aclarar el uso de equipos para mascotas","demostrar el uso de equipos para mascotas"]},"description":{"en-us":{"literal":"Explain how to correctly use and maintain pet equipment such as birdcages and aquaria.","mimetype":"plain/text"},"en":{"literal":"Explain how to correctly use and maintain pet equipment such as birdcages and aquaria.","mimetype":"plain/text"}},"status":"released","_links":{"self":{"href":"https://ec.europa.eu/esco/api/resource/skill?uri=http://data.europa.eu/esco/skill/6f96888f-6b91-4dc5-8844-455359c2177b&language=en","uri":"http://data.europa.eu/esco/skill/6f96888f-6b91-4dc5-8844-455359c2177b","title":"explain use of equipment for pets"},"isTopConceptInScheme":[{"href":"https://ec.europa.eu/esco/api/resource/taxonomy?uri=http://data.europa.eu/esco/concept-scheme/member-skills&language=en","uri":"http://data.europa.eu/esco/concept-scheme/member-skills","title":"ESCO member skills"},{"href":"https://ec.europa.eu/esco/api/resource/taxonomy?uri=http://data.europa.eu/esco/concept-scheme/skills&language=en","uri":"http://data.europa.eu/esco/concept-scheme/skills","title":"ESCO skills"}],"isInScheme":[{"href":"https://ec.europa.eu/esco/api/resource/taxonomy?uri=http://data.europa.eu/esco/concept-scheme/member-skills&language=en","uri":"http://data.europa.eu/esco/concept-scheme/member-skills","title":"ESCO member skills"},{"href":"https://ec.europa.eu/esco/api/resource/taxonomy?uri=http://data.europa.eu/esco/concept-scheme/skills&language=en","uri":"http://data.europa.eu/esco/concept-scheme/skills","title":"ESCO skills"}],"hasSkillType":[{"href":"https://ec.europa.eu/esco/api/resource/concept?uri=http://data.europa.eu/esco/skill-type/skill&language=en","uri":"http://data.europa.eu/esco/skill-type/skill","title":"skill"}],"hasReuseLevel":[{"href":"https://ec.europa.eu/esco/api/resource/concept?uri=http://data.europa.eu/esco/skill-reuse-level/sector-specific&language=en","uri":"http://data.europa.eu/esco/skill-reuse-level/sector-specific","title":"sector specific skills and competences","code":"Level 3"}],"isEssentialForOccupation":[{"href":"https://ec.europa.eu/esco/api/resource/occupation?uri=http://data.europa.eu/esco/occupation/399afb40-d58b-4f4a-aa52-a0378fccaf65&language=en","uri":"http://data.europa.eu/esco/occupation/399afb40-d58b-4f4a-aa52-a0378fccaf65","title":"pet and pet food specialised seller"}],"isOptionalForOccupation":[{"href":"https://ec.europa.eu/esco/api/resource/occupation?uri=http://data.europa.eu/esco/occupation/547b304b-9a72-4717-9b24-b7046df5f64e&language=en","uri":"http://data.europa.eu/esco/occupation/547b304b-9a72-4717-9b24-b7046df5f64e","title":"specialised seller"}]},"_embedded":{}},{"className":"Skill","classId":"http://data.europa.eu/esco/model#Skill","uri":"http://data.europa.eu/esco/skill/8e31a149-460d-4bd5-ae64-daf04b7c36ed","title":"operate amusement rides","referenceLanguage":["en"],"preferredLabel":{"no":"betjene arrangementer på fornøyelsespark","de":"Fahrgeschäfte bedienen","en-us":"operate amusement rides","fi":"käyttää huvipuistolaitteita","pt":"operar carrosséis","bg":"боравене с атракционни съоръжения","lt":"valdyti atrakcionus","hr":"rukovati spravama zabavnih parkova","lv":"darbināt atrakciju iekārtas","fr":"faire fonctionner des attractions","hu":"vidámparki egységeket üzemeltet","sk":"ovládať atrakcie v zábavných parkoch","sl":"upravljati zabaviščne naprave","ga":"marcaíochtaí siamsaíochta a oibriú","sv":"manövrera nöjeparksattraktioner","el":"χειρισμός ψυχαγωγικών παιχνιδιών σε πάρκα αναψυχής","mt":"tħaddim tar-rikbiet tal-parks tad-divertiment","en":"operate amusement rides","is":"stjórnar skemmtileiktækjum","it":"fare funzionare le giostre dei parchi divertimenti","es":"manejar las atracciones","et":"lõbustuspargi atraktsioone käitama","cs":"provozovat pouťové atrakce","ar":"يشغل ألعاب الملاهي","pl":"obsługiwać ruchome urządzenia mechaniczne w parkach rozrywki","ro":"operează echipamentele din parcurile de distracții","da":"betjene forlystelser","nl":"pretparkattracties bedienen"},"alternativeLabel":{"en":["operating amusement rides","operate rides for amusement","control automated amusement rides","operate equipment in amusement parks"]},"description":{"en-us":{"literal":"Operate mechanical devices or automated equipment in amusement parks, carnivals, or recreational areas.","mimetype":"plain/text"},"en":{"literal":"Operate mechanical devices or automated equipment in amusement parks, carnivals, or recreational areas.","mimetype":"plain/text"}},"status":"released","_links":{"self":{"href":"https://ec.europa.eu/esco/api/resource/skill?uri=http://data.europa.eu/esco/skill/8e31a149-460d-4bd5-ae64-daf04b7c36ed&language=en","uri":"http://data.europa.eu/esco/skill/8e31a149-460d-4bd5-ae64-daf04b7c36ed","title":"operate amusement rides"},"isTopConceptInScheme":[{"href":"https://ec.europa.eu/esco/api/resource/taxonomy?uri=http://data.europa.eu/esco/concept-scheme/member-skills&language=en","uri":"http://data.europa.eu/esco/concept-scheme/member-skills","title":"ESCO member skills"},{"href":"https://ec.europa.eu/esco/api/resource/taxonomy?uri=http://data.europa.eu/esco/concept-scheme/skills&language=en","uri":"http://data.europa.eu/esco/concept-scheme/skills","title":"ESCO skills"}],"isInScheme":[{"href":"https://ec.europa.eu/esco/api/resource/taxonomy?uri=http://data.europa.eu/esco/concept-scheme/member-skills&language=en","uri":"http://data.europa.eu/esco/concept-scheme/member-skills","title":"ESCO member skills"},{"href":"https://ec.europa.eu/esco/api/resource/taxonomy?uri=http://data.europa.eu/esco/concept-scheme/skills&language=en","uri":"http://data.europa.eu/esco/concept-scheme/skills","title":"ESCO skills"}],"hasSkillType":[{"href":"https://ec.europa.eu/esco/api/resource/concept?uri=http://data.europa.eu/esco/skill-type/skill&language=en","uri":"http://data.europa.eu/esco/skill-type/skill","title":"skill"}],"hasReuseLevel":[{"href":"https://ec.europa.eu/esco/api/resource/concept?uri=http://data.europa.eu/esco/skill-reuse-level/sector-specific&language=en","uri":"http://data.europa.eu/esco/skill-reuse-level/sector-specific","title":"sector specific skills and competences","code":"Level 3"}],"isEssentialForOccupation":[{"href":"https://ec.europa.eu/esco/api/resource/occupation?uri=http://data.europa.eu/esco/occupation/e31c83ac-cb74-4936-88f1-90ed0997b29b&language=en","uri":"http://data.europa.eu/esco/occupation/e31c83ac-cb74-4936-88f1-90ed0997b29b","title":"amusement and recreation attendant"}],"isOptionalForOccupation":[{"href":"https://ec.europa.eu/esco/api/resource/occupation?uri=http://data.europa.eu/esco/occupation/6188bf20-5cdb-4702-af72-2cb67ec39810&language=en","uri":"http://data.europa.eu/esco/occupation/6188bf20-5cdb-4702-af72-2cb67ec39810","title":"ride technician"}]},"_embedded":{}}]}}