{"total":8196,"offset":255,"limit":20,"language":"en","uri":"http://data.europa.eu/esco/concept-scheme/skills","relation":"hasTopConcept","_links":{"self":{"href":"https://ec.europa.eu/esco/api/resource/related?uri=http://data.europa.eu/esco/concept-scheme/skills&relation=hasTopConcept&limit=20&offset=255&language=en&full=true"},"prev":{"href":"https://ec.europa.eu/esco/api/resource/related?uri=http://data.europa.eu/esco/concept-scheme/skills&relation=hasTopConcept&limit=20&offset=254&language=en&full=true"},"next":{"href":"https://ec.europa.eu/esco/api/resource/related?uri=http://data.europa.eu/esco/concept-scheme/skills&relation=hasTopConcept&limit=20&offset=256&language=en&full=true"}},"_embedded":{"hasTopConcept":[{"className":"Skill","classId":"http://data.europa.eu/esco/model#Skill","uri":"http://data.europa.eu/esco/skill/070b9cfc-5052-4567-ab82-cb931eaed700","title":"operate grease gun","referenceLanguage":["en"],"preferredLabel":{"de":"Fettpresse bedienen","no":"betjene fettpresse","en-us":"operate grease gun","fi":"käyttää voitelupistoolia","pt":"operar pistola de lubrificação","bg":"боравене с такаламит","lt":"valdyti tepalo pistoletą","hr":"rukovati pištoljem za podmazivanje","lv":"lietot smērvielu pistoli","fr":"utiliser un pistolet graisseur","hu":"zsírzópisztollyal dolgozik","sk":"obsluhovať mazaciu pištoľ","sl":"upravljati mazalno pištolo","ga":"gunna gréisce a oibriú","sv":"använda fettspruta","el":"χειρισμός του πιστολιού λίπανσης","mt":"tħaddim tal-guns tal-grease","en":"operate grease gun","is":"beitir smursprautu","it":"azionare un ingrassatore","es":"manejar jeringas para engrasar","et":"määrdepritsi kasutama","cs":"obsluhovat mazací přístroj","ar":"يشغل مسدس التشحيم","pl":"obsługiwać smarownicę tłokową","da":"betjene fedtsprøjte","ro":"operează pistol de gresare","nl":"vetspuit bedienen"},"alternativeLabel":{"fi":["käyttää voiteluruiskua","käyttää voitelupuristinta"],"el":["χειρισμός του γρασσαδόρου"],"en":["utilise a grease gun","use lubricant machine","run a grease gun","work with a lubricant machine","use grease gun","utilise a lubricant machine","run a lubricant machine","work with a grease gun"],"hu":["zsírozó pisztollyal dolgozik"],"nl":["smeerpistool bedienen","smeerpistool hanteren"],"es":["utilizar jeringas para engrasar","manejar inyectores de lubricantes","manejar pistolas de engrase","trabajar con jeringas para engrasar"]},"description":{"en":{"literal":"Use a grease gun loaded with oil to lubricate industrial machinery in order to ensure proper operations.","mimetype":"plain/text"}},"status":"released","_links":{"self":{"href":"https://ec.europa.eu/esco/api/resource/skill?uri=http://data.europa.eu/esco/skill/070b9cfc-5052-4567-ab82-cb931eaed700&language=en","uri":"http://data.europa.eu/esco/skill/070b9cfc-5052-4567-ab82-cb931eaed700","title":"operate grease gun"},"isTopConceptInScheme":[{"href":"https://ec.europa.eu/esco/api/resource/taxonomy?uri=http://data.europa.eu/esco/concept-scheme/member-skills&language=en","uri":"http://data.europa.eu/esco/concept-scheme/member-skills","title":"ESCO member skills"},{"href":"https://ec.europa.eu/esco/api/resource/taxonomy?uri=http://data.europa.eu/esco/concept-scheme/skills&language=en","uri":"http://data.europa.eu/esco/concept-scheme/skills","title":"ESCO skills"}],"isInScheme":[{"href":"https://ec.europa.eu/esco/api/resource/taxonomy?uri=http://data.europa.eu/esco/concept-scheme/member-skills&language=en","uri":"http://data.europa.eu/esco/concept-scheme/member-skills","title":"ESCO member skills"},{"href":"https://ec.europa.eu/esco/api/resource/taxonomy?uri=http://data.europa.eu/esco/concept-scheme/skills&language=en","uri":"http://data.europa.eu/esco/concept-scheme/skills","title":"ESCO skills"}],"hasSkillType":[{"href":"https://ec.europa.eu/esco/api/resource/concept?uri=http://data.europa.eu/esco/skill-type/skill&language=en","uri":"http://data.europa.eu/esco/skill-type/skill","title":"skill"}],"hasReuseLevel":[{"href":"https://ec.europa.eu/esco/api/resource/concept?uri=http://data.europa.eu/esco/skill-reuse-level/sector-specific&language=en","uri":"http://data.europa.eu/esco/skill-reuse-level/sector-specific","title":"sector specific skills and competences","code":"Level 3"}],"isEssentialForOccupation":[{"href":"https://ec.europa.eu/esco/api/resource/occupation?uri=http://data.europa.eu/esco/occupation/23eddde2-5e8b-4953-b275-cdc864e6d976&language=en","uri":"http://data.europa.eu/esco/occupation/23eddde2-5e8b-4953-b275-cdc864e6d976","title":"greaser"}],"isOptionalForOccupation":[{"href":"https://ec.europa.eu/esco/api/resource/occupation?uri=http://data.europa.eu/esco/occupation/245be6d1-fe9a-4ac8-9f81-122a687e4724&language=en","uri":"http://data.europa.eu/esco/occupation/245be6d1-fe9a-4ac8-9f81-122a687e4724","title":"factory hand"}]},"_embedded":{}},{"className":"Skill","classId":"http://data.europa.eu/esco/model#Skill","uri":"http://data.europa.eu/esco/skill/d6c84f20-db10-47d3-971f-384114f0b6c2","title":"complete membership administration","referenceLanguage":["en"],"preferredLabel":{"de":"Mitgliederverwaltung erledigen","no":"utføre medlemskapsadministrasjon","fi":"huolehtia jäsenhallinnosta","en-us":"complete membership administration","pt":"assegurar a gestão de registos de membros filiados","bg":"административно обработване на членство","lt":"vykdyti narystės administravimo veiklą","hr":"administirati članstvo","lv":"administrēt dalību organizācijā","fr":"s'occuper de la gestion des adhésions","hu":"elvégzi a tagsági adminisztrációt","sk":"dokončiť administratívne postupy týkajúce sa členstva","sl":"izvajati administrativna dela v zvezi s članstvom","ga":"riarachán ballraíochta a chur i gcrích","sv":"sköta medlemsadministration","mt":"ikkompletar tal-amministrazzjoni tas-sħubija","el":"εκτέλεση διαχείρισης εγγραφής μελών","en":"complete membership administration","is":"klárar aðildarveitingu","it":"completare le procedure amministrative riguardanti gli iscritti","es":"completar los trámites administrativos de afiliación","et":"liikmeskonda haldama","cs":"provádět administrativní úkony týkající se členství","ar":"يكمل إدارة العضوية","pl":"wykonywać czynności administracyjne związane z członkostwem","ro":"finalizează aspectele administrative aferente adeziunilor","da":"varetage medlemskabsadministration","nl":"ledenadministratie volledig beheren"},"alternativeLabel":{"en":["supervise membership administration","monitor membership administration","finish membership organisation","monitor membership organisation","finish membership administration","oversee membership administration","oversee membership organisation","supervise membership organisation"]},"description":{"en-us":{"literal":"Oversee and carry out several tasks in the membership administration process such as reporting membership numbers, ensure that the website is reviewed and maintained and writing newsletters.","mimetype":"plain/text"},"en":{"literal":"Oversee and carry out several tasks in the membership administration process such as reporting membership numbers, ensure that the website is reviewed and maintained and writing newsletters.","mimetype":"plain/text"}},"status":"released","_links":{"self":{"href":"https://ec.europa.eu/esco/api/resource/skill?uri=http://data.europa.eu/esco/skill/d6c84f20-db10-47d3-971f-384114f0b6c2&language=en","uri":"http://data.europa.eu/esco/skill/d6c84f20-db10-47d3-971f-384114f0b6c2","title":"complete membership administration"},"isTopConceptInScheme":[{"href":"https://ec.europa.eu/esco/api/resource/taxonomy?uri=http://data.europa.eu/esco/concept-scheme/skills&language=en","uri":"http://data.europa.eu/esco/concept-scheme/skills","title":"ESCO skills"},{"href":"https://ec.europa.eu/esco/api/resource/taxonomy?uri=http://data.europa.eu/esco/concept-scheme/member-skills&language=en","uri":"http://data.europa.eu/esco/concept-scheme/member-skills","title":"ESCO member skills"}],"isInScheme":[{"href":"https://ec.europa.eu/esco/api/resource/taxonomy?uri=http://data.europa.eu/esco/concept-scheme/skills&language=en","uri":"http://data.europa.eu/esco/concept-scheme/skills","title":"ESCO skills"},{"href":"https://ec.europa.eu/esco/api/resource/taxonomy?uri=http://data.europa.eu/esco/concept-scheme/member-skills&language=en","uri":"http://data.europa.eu/esco/concept-scheme/member-skills","title":"ESCO member skills"}],"hasSkillType":[{"href":"https://ec.europa.eu/esco/api/resource/concept?uri=http://data.europa.eu/esco/skill-type/skill&language=en","uri":"http://data.europa.eu/esco/skill-type/skill","title":"skill"}],"hasReuseLevel":[{"href":"https://ec.europa.eu/esco/api/resource/concept?uri=http://data.europa.eu/esco/skill-reuse-level/sector-specific&language=en","uri":"http://data.europa.eu/esco/skill-reuse-level/sector-specific","title":"sector specific skills and competences","code":"Level 3"}],"isEssentialForOccupation":[{"href":"https://ec.europa.eu/esco/api/resource/occupation?uri=http://data.europa.eu/esco/occupation/0a3c2d5b-e1f9-4200-9288-62bf3fed3310&language=en","uri":"http://data.europa.eu/esco/occupation/0a3c2d5b-e1f9-4200-9288-62bf3fed3310","title":"membership administrator"}],"isOptionalForOccupation":[{"href":"https://ec.europa.eu/esco/api/resource/occupation?uri=http://data.europa.eu/esco/occupation/4ae470fc-bcf8-4704-abd5-e086ebb1552c&language=en","uri":"http://data.europa.eu/esco/occupation/4ae470fc-bcf8-4704-abd5-e086ebb1552c","title":"membership manager"},{"href":"https://ec.europa.eu/esco/api/resource/occupation?uri=http://data.europa.eu/esco/occupation/bcc2c1db-f969-4355-bebf-4878ff6c2a94&language=en","uri":"http://data.europa.eu/esco/occupation/bcc2c1db-f969-4355-bebf-4878ff6c2a94","title":"service manager"}]},"_embedded":{}},{"className":"Skill","classId":"http://data.europa.eu/esco/model#Skill","uri":"http://data.europa.eu/esco/skill/1e027857-bb87-4733-934a-d1518aa53438","title":"clean crime scenes","referenceLanguage":["en"],"preferredLabel":{"de":"Tatorte reinigen","no":"rengjøre åsteder","en-us":"clean crime scenes","fi":"puhdistaa rikospaikkoja","pt":"limpar locais de crime","bg":"почистване на местопрестъпления","lt":"valyti nusikaltimo vietas","hr":"čistiti mjesta zločina","lv":"uzkopt noziegumu vietas","fr":"nettoyer des scènes de crime","hu":"megtisztítja a bűncselekmények helyszínét","sk":"upratať miesto činu","sl":"počistiti kraj kaznivega dejanja","ga":"láithreacha coireanna a ghlanadh","sv":"städa brottsplatser","el":"καθαρισμός τόπων εγκλήματος","mt":"tindif tal-postijiet tad-delitti","en":"clean crime scenes","is":"hreinsar vettvang glæpa","it":"pulire le scene del crimine","es":"limpiar la escena del crimen","et":"kuriteopaiku koristama","cs":"uklidit místo činu","ar":"ينظف مسرح الجريمة","pl":"sprzątać miejsca popełnienia przestępstwa","ro":"curăță locul săvârșirii infracțiunii","da":"rengøre gerningssteder","nl":"plaats delict schoonmaken"},"alternativeLabel":{"fi":["siivota rikospaikkoja"],"en":["tidy scenes of crime","sweep scenes of crime","cleanse crime scenes","sweep crime scenes","tidy crime scenes","cleanse scenes of crime","clear crime scenes","clear scenes of crime"],"sl":["počistiti kraj zločina"],"nl":["plaats delict opkuisen"]},"description":{"en-us":{"literal":"Clean the crime scenes after they have been thoroughly investigated and all potential evidence is gathered and documented, in a manner compliant with health and safety regulations.","mimetype":"plain/text"},"en":{"literal":"Clean the crime scenes after they have been thoroughly investigated and all potential evidence is gathered and documented, in a manner compliant with health and safety regulations.","mimetype":"plain/text"}},"status":"released","_links":{"self":{"href":"https://ec.europa.eu/esco/api/resource/skill?uri=http://data.europa.eu/esco/skill/1e027857-bb87-4733-934a-d1518aa53438&language=en","uri":"http://data.europa.eu/esco/skill/1e027857-bb87-4733-934a-d1518aa53438","title":"clean crime scenes"},"isTopConceptInScheme":[{"href":"https://ec.europa.eu/esco/api/resource/taxonomy?uri=http://data.europa.eu/esco/concept-scheme/skills&language=en","uri":"http://data.europa.eu/esco/concept-scheme/skills","title":"ESCO skills"},{"href":"https://ec.europa.eu/esco/api/resource/taxonomy?uri=http://data.europa.eu/esco/concept-scheme/member-skills&language=en","uri":"http://data.europa.eu/esco/concept-scheme/member-skills","title":"ESCO member skills"}],"isInScheme":[{"href":"https://ec.europa.eu/esco/api/resource/taxonomy?uri=http://data.europa.eu/esco/concept-scheme/skills&language=en","uri":"http://data.europa.eu/esco/concept-scheme/skills","title":"ESCO skills"},{"href":"https://ec.europa.eu/esco/api/resource/taxonomy?uri=http://data.europa.eu/esco/concept-scheme/member-skills&language=en","uri":"http://data.europa.eu/esco/concept-scheme/member-skills","title":"ESCO member skills"}],"hasSkillType":[{"href":"https://ec.europa.eu/esco/api/resource/concept?uri=http://data.europa.eu/esco/skill-type/skill&language=en","uri":"http://data.europa.eu/esco/skill-type/skill","title":"skill"}],"hasReuseLevel":[{"href":"https://ec.europa.eu/esco/api/resource/concept?uri=http://data.europa.eu/esco/skill-reuse-level/occupation-specific&language=en","uri":"http://data.europa.eu/esco/skill-reuse-level/occupation-specific","title":"occupation specific skills and competences","code":"Level 4"}],"isOptionalForOccupation":[{"href":"https://ec.europa.eu/esco/api/resource/occupation?uri=http://data.europa.eu/esco/occupation/3cee6bea-4a19-4511-9bbb-fdf820857555&language=en","uri":"http://data.europa.eu/esco/occupation/3cee6bea-4a19-4511-9bbb-fdf820857555","title":"criminal investigator"}]},"_embedded":{}},{"className":"Skill","classId":"http://data.europa.eu/esco/model#Skill","uri":"http://data.europa.eu/esco/skill/72a26def-a915-43a7-aea7-0a0037f5ad89","title":"recommend hearing aids","referenceLanguage":["en"],"preferredLabel":{"de":"Hörhilfen empfehlen","no":"anbefale høreapparater","fi":"suositella kuulolaitteita","en-us":"recommend hearing aids","pt":"recomendar aparelhos auditivos","bg":"препоръчване на слухови апарати","lt":"rekomenduoti klausos aparatus","lv":"ieteikt dzirdes aparātus","hr":"preporučivati slušna pomagala","fr":"recommander des aides auditives","hu":"hallókészüléket ajánl","sk":"recommend hearing aids","sl":"priporočati slušne pripomočke","ga":"áiseanna éisteachta a mholadh","sv":"rekommendera hörhjälpmedel","mt":"rakkomandazzjoni tal-apparati tas-smigħ","el":"παροχή σύστασης σε πελάτη σχετικά με τα ακουστικά βαρηκοΐας","en":"recommend hearing aids","is":"mælir með heyrnartækjum","it":"raccomandare le audioprotesi","es":"recomendar prótesis auditivas","et":"kuulmisabivahendeid soovitama","cs":"doporučovat naslouchátka","ar":"يوصي باستخدام المساعدات السمعية","pl":"rekomendować aparaty słuchowe","da":"anbefale høreapparater","ro":"recomandă aparate auditive","nl":"gehoorapparaten aanbevelen"},"alternativeLabel":{"en":["advise on hearing aids","recommend a hearing aid","support purchase of hearing aids","give advice on hearing aids"],"nl":["gehoorapparaten aanraden"],"es":["sugerir las mejores prótesis auditivas para cada paciente"]},"description":{"en-us":{"literal":"Recommend hearing aids to suit specific needs or conditions.","mimetype":"plain/text"},"en":{"literal":"Recommend hearing aids to suit specific needs or conditions.","mimetype":"plain/text"}},"status":"released","_links":{"self":{"href":"https://ec.europa.eu/esco/api/resource/skill?uri=http://data.europa.eu/esco/skill/72a26def-a915-43a7-aea7-0a0037f5ad89&language=en","uri":"http://data.europa.eu/esco/skill/72a26def-a915-43a7-aea7-0a0037f5ad89","title":"recommend hearing aids"},"isTopConceptInScheme":[{"href":"https://ec.europa.eu/esco/api/resource/taxonomy?uri=http://data.europa.eu/esco/concept-scheme/member-skills&language=en","uri":"http://data.europa.eu/esco/concept-scheme/member-skills","title":"ESCO member skills"},{"href":"https://ec.europa.eu/esco/api/resource/taxonomy?uri=http://data.europa.eu/esco/concept-scheme/skills&language=en","uri":"http://data.europa.eu/esco/concept-scheme/skills","title":"ESCO skills"}],"isInScheme":[{"href":"https://ec.europa.eu/esco/api/resource/taxonomy?uri=http://data.europa.eu/esco/concept-scheme/member-skills&language=en","uri":"http://data.europa.eu/esco/concept-scheme/member-skills","title":"ESCO member skills"},{"href":"https://ec.europa.eu/esco/api/resource/taxonomy?uri=http://data.europa.eu/esco/concept-scheme/skills&language=en","uri":"http://data.europa.eu/esco/concept-scheme/skills","title":"ESCO skills"}],"hasSkillType":[{"href":"https://ec.europa.eu/esco/api/resource/concept?uri=http://data.europa.eu/esco/skill-type/skill&language=en","uri":"http://data.europa.eu/esco/skill-type/skill","title":"skill"}],"hasReuseLevel":[{"href":"https://ec.europa.eu/esco/api/resource/concept?uri=http://data.europa.eu/esco/skill-reuse-level/occupation-specific&language=en","uri":"http://data.europa.eu/esco/skill-reuse-level/occupation-specific","title":"occupation specific skills and competences","code":"Level 4"}],"isOptionalForOccupation":[{"href":"https://ec.europa.eu/esco/api/resource/occupation?uri=http://data.europa.eu/esco/occupation/521bbfd5-c179-46e3-879b-e74bd6db367c&language=en","uri":"http://data.europa.eu/esco/occupation/521bbfd5-c179-46e3-879b-e74bd6db367c","title":"audiology technician"}]},"_embedded":{}},{"className":"Skill","classId":"http://data.europa.eu/esco/model#Skill","uri":"http://data.europa.eu/esco/skill/d5f8208c-07b8-41f3-be93-822942202b31","title":"maintain hatchery facilities","referenceLanguage":["en"],"preferredLabel":{"de":"Brütereien und Setzlingseinrichtungen instand halten","no":"vedlikeholde klekkerifasiliteter","en-us":"maintain hatchery facilities","fi":"huoltaa hautomotiloja","pt":"efetuar a manutenção das instalações no centro de incubação","bg":"поддържане на люпилни съоръжения","lt":"prižiūrėti veisyklų vietas","lv":"uzturēt kārtībā inkubatoru iekārtas","hr":"održavati objekte u mrijestilištima","fr":"entretenir des écloseries","hu":"karbantartja az ikráztató létesítményeket","sk":"vykonávať údržbu liahní","sl":"vzdrževati vzrejališča","ga":"saoráidí gorlainne a chothabháil","sv":"underhålla kläckerianläggningar","el":"συντήρηση εγκαταστάσεων εκκολαπτηρίου","mt":"manutenzjoni tal-faċilitajiet tal-imfaqas","en":"maintain hatchery facilities","is":"viðheldur klakstöðvum","it":"effettuare la manutenzione delle strutture del centro di incubazione","es":"mantener instalaciones de incubación","et":"haudumisrajatisi hooldama","cs":"udržovat zařízení líhní","ar":"يقوم بصيانة مرافق التفريخ","pl":"dbać o wylęgarnie","da":"vedligeholde yngelanlæg","ro":"asigură întreținerea instalațiilor specifice stațiilor de reproducere","nl":"kweekvoorzieningen onderhouden"},"alternativeLabel":{"en":["hatchery facilities repairing","repair hatchery facilities","maintaining hatchery facilities","hatchery facilities maintaining","repairing hatchery facilities"],"ro":["repară instalațiile specifice stațiilor de reproducere"],"nl":["kweekfaciliteiten onderhouden"],"es":["reparar instalaciones de incubación","realizar tareas de mantenimiento en instalaciones de incubación"]},"description":{"en-us":{"literal":"Make minor repairs to hatchery facilities as required.","mimetype":"plain/text"},"en":{"literal":"Make minor repairs to hatchery facilities as required.","mimetype":"plain/text"}},"status":"released","_links":{"self":{"href":"https://ec.europa.eu/esco/api/resource/skill?uri=http://data.europa.eu/esco/skill/d5f8208c-07b8-41f3-be93-822942202b31&language=en","uri":"http://data.europa.eu/esco/skill/d5f8208c-07b8-41f3-be93-822942202b31","title":"maintain hatchery facilities"},"isTopConceptInScheme":[{"href":"https://ec.europa.eu/esco/api/resource/taxonomy?uri=http://data.europa.eu/esco/concept-scheme/skills&language=en","uri":"http://data.europa.eu/esco/concept-scheme/skills","title":"ESCO skills"},{"href":"https://ec.europa.eu/esco/api/resource/taxonomy?uri=http://data.europa.eu/esco/concept-scheme/member-skills&language=en","uri":"http://data.europa.eu/esco/concept-scheme/member-skills","title":"ESCO member skills"}],"isInScheme":[{"href":"https://ec.europa.eu/esco/api/resource/taxonomy?uri=http://data.europa.eu/esco/concept-scheme/skills&language=en","uri":"http://data.europa.eu/esco/concept-scheme/skills","title":"ESCO skills"},{"href":"https://ec.europa.eu/esco/api/resource/taxonomy?uri=http://data.europa.eu/esco/concept-scheme/member-skills&language=en","uri":"http://data.europa.eu/esco/concept-scheme/member-skills","title":"ESCO member skills"}],"hasSkillType":[{"href":"https://ec.europa.eu/esco/api/resource/concept?uri=http://data.europa.eu/esco/skill-type/skill&language=en","uri":"http://data.europa.eu/esco/skill-type/skill","title":"skill"}],"hasReuseLevel":[{"href":"https://ec.europa.eu/esco/api/resource/concept?uri=http://data.europa.eu/esco/skill-reuse-level/sector-specific&language=en","uri":"http://data.europa.eu/esco/skill-reuse-level/sector-specific","title":"sector specific skills and competences","code":"Level 3"}],"isEssentialForOccupation":[{"href":"https://ec.europa.eu/esco/api/resource/occupation?uri=http://data.europa.eu/esco/occupation/a8c7004a-e59c-4a4d-9092-2cb4533ffe58&language=en","uri":"http://data.europa.eu/esco/occupation/a8c7004a-e59c-4a4d-9092-2cb4533ffe58","title":"aquaculture hatchery worker"},{"href":"https://ec.europa.eu/esco/api/resource/occupation?uri=http://data.europa.eu/esco/occupation/802d3a2f-b966-42e3-94df-683adfcff20c&language=en","uri":"http://data.europa.eu/esco/occupation/802d3a2f-b966-42e3-94df-683adfcff20c","title":"aquaculture rearing technician"}]},"_embedded":{}},{"className":"Skill","classId":"http://data.europa.eu/esco/model#Skill","uri":"http://data.europa.eu/esco/skill/40a2c1a1-e446-4cea-a4a7-a79a57703060","title":"condition broodstock","referenceLanguage":["en"],"preferredLabel":{"de":"Fischlaich aufarbeiten","no":"gjennomføre opprettholdende prosedyrer for stamfisk","fi":"kasvattaa emokalastoa","en-us":"condition broodstock","pt":"acondicionar ovos para incubação","bg":"обслужване на размножително стадо","lt":"kontroliuoti akvakultūros veisimą","hr":"kondicionirati matično jato","lv":"apstrādāt vaislas zivis","fr":"s’occuper de reproducteurs","hu":"gondoskodik a tenyészállományról","sk":"starať sa o chov generačných rýb","sl":"vzrejati plemenske ribe","ga":"stoc goir a thógáil","sv":"förbereda avelsdjur för fortplantning","mt":"indukrar tal-ħut riproduttur","el":"προετοιμασία γεννητόρων","en":"condition broodstock","is":"passar upp á klakaðstæðum","it":"condizionare i riproduttori","es":"gestionar la reproducción de peces","et":"sugukarja eest hoolt kandma","cs":"pečovat o generační ryby","ar":"يتابع حالة مخزون البياض","pl":"zajmować się hodowlą tarlaków","da":"klargøre gydebestande","ro":"asigură condiționarea loturilor de reproducători","nl":"voortplantingsmateriaal verzorgen"},"alternativeLabel":{"sl":["vzrejati plemenke"],"en":["raising broodstock","conditioning broodstock","raise broodstock","broodstock conditioning","broodstock raising"],"ro":["întreține reproducători","asigură condiționarea reproducătorilor","întreține loturi de reproducători"],"nl":["reproductiemateriaal verzorgen"],"es":["administrar la reproducción de peces","controlar la reproducción de peces"]},"description":{"en-us":{"literal":"Incubate eggs until hatching. Assess quality of eggs. Inspect fish eggs. Remove dead, unviable, and off-color eggs using a suction syringe. Produce eyed eggs. Hatch and maintain new-born larvae.","mimetype":"plain/text"},"en":{"literal":"Incubate eggs until hatching. Assess quality of eggs. Inspect fish eggs. Remove dead, unviable, and off-colour eggs using a suction syringe. Produce eyed eggs. Hatch and maintain new-born larvae.","mimetype":"plain/text"}},"status":"released","_links":{"self":{"href":"https://ec.europa.eu/esco/api/resource/skill?uri=http://data.europa.eu/esco/skill/40a2c1a1-e446-4cea-a4a7-a79a57703060&language=en","uri":"http://data.europa.eu/esco/skill/40a2c1a1-e446-4cea-a4a7-a79a57703060","title":"condition broodstock"},"isTopConceptInScheme":[{"href":"https://ec.europa.eu/esco/api/resource/taxonomy?uri=http://data.europa.eu/esco/concept-scheme/member-skills&language=en","uri":"http://data.europa.eu/esco/concept-scheme/member-skills","title":"ESCO member skills"},{"href":"https://ec.europa.eu/esco/api/resource/taxonomy?uri=http://data.europa.eu/esco/concept-scheme/skills&language=en","uri":"http://data.europa.eu/esco/concept-scheme/skills","title":"ESCO skills"}],"isInScheme":[{"href":"https://ec.europa.eu/esco/api/resource/taxonomy?uri=http://data.europa.eu/esco/concept-scheme/member-skills&language=en","uri":"http://data.europa.eu/esco/concept-scheme/member-skills","title":"ESCO member skills"},{"href":"https://ec.europa.eu/esco/api/resource/taxonomy?uri=http://data.europa.eu/esco/concept-scheme/skills&language=en","uri":"http://data.europa.eu/esco/concept-scheme/skills","title":"ESCO skills"}],"hasSkillType":[{"href":"https://ec.europa.eu/esco/api/resource/concept?uri=http://data.europa.eu/esco/skill-type/skill&language=en","uri":"http://data.europa.eu/esco/skill-type/skill","title":"skill"}],"hasReuseLevel":[{"href":"https://ec.europa.eu/esco/api/resource/concept?uri=http://data.europa.eu/esco/skill-reuse-level/sector-specific&language=en","uri":"http://data.europa.eu/esco/skill-reuse-level/sector-specific","title":"sector specific skills and competences","code":"Level 3"}],"isEssentialForOccupation":[{"href":"https://ec.europa.eu/esco/api/resource/occupation?uri=http://data.europa.eu/esco/occupation/a8c7004a-e59c-4a4d-9092-2cb4533ffe58&language=en","uri":"http://data.europa.eu/esco/occupation/a8c7004a-e59c-4a4d-9092-2cb4533ffe58","title":"aquaculture hatchery worker"},{"href":"https://ec.europa.eu/esco/api/resource/occupation?uri=http://data.europa.eu/esco/occupation/802d3a2f-b966-42e3-94df-683adfcff20c&language=en","uri":"http://data.europa.eu/esco/occupation/802d3a2f-b966-42e3-94df-683adfcff20c","title":"aquaculture rearing technician"},{"href":"https://ec.europa.eu/esco/api/resource/occupation?uri=http://data.europa.eu/esco/occupation/e93d5c8d-1219-4c11-91d7-9d0ab8d9c08e&language=en","uri":"http://data.europa.eu/esco/occupation/e93d5c8d-1219-4c11-91d7-9d0ab8d9c08e","title":"aquaculture hatchery technician"}]},"_embedded":{}},{"className":"Skill","classId":"http://data.europa.eu/esco/model#Skill","uri":"http://data.europa.eu/esco/skill/7505bd68-9b3c-4b77-ace2-f2fb04e97c7a","title":"assemble ammunition","referenceLanguage":["en"],"preferredLabel":{"de":"Munition zusammensetzen","no":"montere ammunisjon","fi":"koota ampumatarvikkeita","en-us":"assemble ammunition","pt":"fazer a montagem de munições","bg":"сглобяване на амуниции","lt":"sudėti šaudmenis","hr":"sastavljati streljivo","lv":"samontēt munīciju","fr":"assembler des munitions","hu":"lőszert állít össze","sk":"montovať muníciu","sl":"sestavljati strelivo","ga":"armlón a chóimeáil","sv":"montera ammunition","el":"συναρμολόγηση πυρομαχικών","mt":"assemblaġġ tal-munizzjon","en":"assemble ammunition","is":"setur saman skotfæri","it":"assemblare munizioni","es":"ensamblar municiones","et":"laskemoona komplekteerima","cs":"kompletovat munici","ar":"يجمع الذخيرة","pl":"składać amunicję","ro":"asamblează muniții","da":"samle ammunition","nl":"munitie in elkaar zetten"},"alternativeLabel":{"en":["ammunition production","produce ammunition","produce bullets and cartridges","bullets and cartridges production","construct bullets and cartridges","build ammunition","construct ammunition","build bullets and cartridges"],"nl":["munitie assembleren"],"es":["fabricar municiones","producir municiones","armar municiones"]},"description":{"en-us":{"literal":"Fabricate cartridges by greasing threads on fuses and inserting them in sockets. Place primers in cartridge cases and fill these with gunpowder propellants. Seal the cartridges by the use of adhesives.","mimetype":"plain/text"},"en":{"literal":"Fabricate cartridges by greasing threads on fuses and inserting them in sockets. Place primers in cartridge cases and fill these with gunpowder propellants. Seal the cartridges by the use of adhesives.","mimetype":"plain/text"}},"status":"released","_links":{"self":{"href":"https://ec.europa.eu/esco/api/resource/skill?uri=http://data.europa.eu/esco/skill/7505bd68-9b3c-4b77-ace2-f2fb04e97c7a&language=en","uri":"http://data.europa.eu/esco/skill/7505bd68-9b3c-4b77-ace2-f2fb04e97c7a","title":"assemble ammunition"},"isTopConceptInScheme":[{"href":"https://ec.europa.eu/esco/api/resource/taxonomy?uri=http://data.europa.eu/esco/concept-scheme/member-skills&language=en","uri":"http://data.europa.eu/esco/concept-scheme/member-skills","title":"ESCO member skills"},{"href":"https://ec.europa.eu/esco/api/resource/taxonomy?uri=http://data.europa.eu/esco/concept-scheme/skills&language=en","uri":"http://data.europa.eu/esco/concept-scheme/skills","title":"ESCO skills"}],"isInScheme":[{"href":"https://ec.europa.eu/esco/api/resource/taxonomy?uri=http://data.europa.eu/esco/concept-scheme/member-skills&language=en","uri":"http://data.europa.eu/esco/concept-scheme/member-skills","title":"ESCO member skills"},{"href":"https://ec.europa.eu/esco/api/resource/taxonomy?uri=http://data.europa.eu/esco/concept-scheme/skills&language=en","uri":"http://data.europa.eu/esco/concept-scheme/skills","title":"ESCO skills"}],"hasSkillType":[{"href":"https://ec.europa.eu/esco/api/resource/concept?uri=http://data.europa.eu/esco/skill-type/skill&language=en","uri":"http://data.europa.eu/esco/skill-type/skill","title":"skill"}],"hasReuseLevel":[{"href":"https://ec.europa.eu/esco/api/resource/concept?uri=http://data.europa.eu/esco/skill-reuse-level/occupation-specific&language=en","uri":"http://data.europa.eu/esco/skill-reuse-level/occupation-specific","title":"occupation specific skills and competences","code":"Level 4"}],"isEssentialForOccupation":[{"href":"https://ec.europa.eu/esco/api/resource/occupation?uri=http://data.europa.eu/esco/occupation/183d60f2-277f-47c8-a8c6-f5c8eedba2b0&language=en","uri":"http://data.europa.eu/esco/occupation/183d60f2-277f-47c8-a8c6-f5c8eedba2b0","title":"ammunition assembler"}]},"_embedded":{}},{"className":"Skill","classId":"http://data.europa.eu/esco/model#Skill","uri":"http://data.europa.eu/esco/skill/6cad4013-3055-47ba-8316-0720e1a55256","title":"technically design a sound system","referenceLanguage":["en"],"preferredLabel":{"de":"technischen Entwurf für ein Soundsystem anfertigen","no":"lage teknisk design av et lydsystem","fi":"tehdä äänijärjestelmän tekninen suunnitelma","en-us":"technically design a sound system","pt":"operar um sistema de som","bg":"техническо проектиране на озвучителна система","lt":"techniškai suprojektuoti garso sistemą","lv":"izstrādāt skaņas sistēmas tehnisko projektu","hr":"tehnički projektirati ozvučenje","fr":"assurer la conception technique d'un système de sonorisation","hu":"a hangrendszert műszakilag megtervezi","sk":"vypracovať technický návrh zvukového systému","sl":"postaviti zvočni sistem","ga":"córas fuaime a dhearadh go teicniúil","sv":"utforma de tekniska aspekterna av ett ljudsystem","mt":"disinn tekniku tas-sistemi tas-sawnd","el":"τεχνικός σχεδιασμός συστήματος ήχου","en":"technically design a sound system","is":"hannar tæknilega hjóðkerfi","it":"progettare tecnicamente un sistema audio","es":"realizar el diseño técnico de un equipo de sonido","et":"helisüsteemi tehniliselt kujundama","cs":"vytvořit technický design zvukového systému","ar":"يصمم نظام صوت بطريقة تقنية","pl":"opracować projekt techniczny systemu dźwiękowego","da":"udforme et lydsystem teknisk","ro":"proiectează un sistem de sonorizare din punct de vedere tehnic","nl":"geluidssysteem technisch ontwerpen"},"alternativeLabel":{"sl":["tehnično konstruirati zvočni sistem"],"en":["set up a sound system","design a sound system technically","design a technical sound system","create an audio system"],"ro":["asigură proiectarea tehnică a unui sistem de sonorizare"]},"description":{"en-us":{"literal":"Set up, test and operate a complex audio system, based on a given sound concept. This could be a permanent as well as a temporary installation.","mimetype":"plain/text"},"en":{"literal":"Set up, test and operate a complex audio system, based on a given sound concept. This could be a permanent as well as a temporary installation.","mimetype":"plain/text"}},"status":"released","_links":{"self":{"href":"https://ec.europa.eu/esco/api/resource/skill?uri=http://data.europa.eu/esco/skill/6cad4013-3055-47ba-8316-0720e1a55256&language=en","uri":"http://data.europa.eu/esco/skill/6cad4013-3055-47ba-8316-0720e1a55256","title":"technically design a sound system"},"isTopConceptInScheme":[{"href":"https://ec.europa.eu/esco/api/resource/taxonomy?uri=http://data.europa.eu/esco/concept-scheme/member-skills&language=en","uri":"http://data.europa.eu/esco/concept-scheme/member-skills","title":"ESCO member skills"},{"href":"https://ec.europa.eu/esco/api/resource/taxonomy?uri=http://data.europa.eu/esco/concept-scheme/skills&language=en","uri":"http://data.europa.eu/esco/concept-scheme/skills","title":"ESCO skills"}],"isInScheme":[{"href":"https://ec.europa.eu/esco/api/resource/taxonomy?uri=http://data.europa.eu/esco/concept-scheme/member-skills&language=en","uri":"http://data.europa.eu/esco/concept-scheme/member-skills","title":"ESCO member skills"},{"href":"https://ec.europa.eu/esco/api/resource/taxonomy?uri=http://data.europa.eu/esco/concept-scheme/skills&language=en","uri":"http://data.europa.eu/esco/concept-scheme/skills","title":"ESCO skills"}],"hasSkillType":[{"href":"https://ec.europa.eu/esco/api/resource/concept?uri=http://data.europa.eu/esco/skill-type/skill&language=en","uri":"http://data.europa.eu/esco/skill-type/skill","title":"skill"}],"hasReuseLevel":[{"href":"https://ec.europa.eu/esco/api/resource/concept?uri=http://data.europa.eu/esco/skill-reuse-level/sector-specific&language=en","uri":"http://data.europa.eu/esco/skill-reuse-level/sector-specific","title":"sector specific skills and competences","code":"Level 3"}],"isEssentialForOccupation":[{"href":"https://ec.europa.eu/esco/api/resource/occupation?uri=http://data.europa.eu/esco/occupation/acb6b99a-6c13-482a-81b1-8b5614e0153e&language=en","uri":"http://data.europa.eu/esco/occupation/acb6b99a-6c13-482a-81b1-8b5614e0153e","title":"stage technician"},{"href":"https://ec.europa.eu/esco/api/resource/occupation?uri=http://data.europa.eu/esco/occupation/2cbb23b0-0bf1-4871-9e6d-18f005987310&language=en","uri":"http://data.europa.eu/esco/occupation/2cbb23b0-0bf1-4871-9e6d-18f005987310","title":"audio production technician"}],"isOptionalForOccupation":[{"href":"https://ec.europa.eu/esco/api/resource/occupation?uri=http://data.europa.eu/esco/occupation/0da2ee5c-b480-498f-97a8-a292a0f4c54c&language=en","uri":"http://data.europa.eu/esco/occupation/0da2ee5c-b480-498f-97a8-a292a0f4c54c","title":"sound operator"},{"href":"https://ec.europa.eu/esco/api/resource/occupation?uri=http://data.europa.eu/esco/occupation/f09b6100-28a6-4be5-9726-ecf5b24f74f6&language=en","uri":"http://data.europa.eu/esco/occupation/f09b6100-28a6-4be5-9726-ecf5b24f74f6","title":"theatre technician"},{"href":"https://ec.europa.eu/esco/api/resource/occupation?uri=http://data.europa.eu/esco/occupation/4d102082-8d43-4c59-81ab-08a7509f3c40&language=en","uri":"http://data.europa.eu/esco/occupation/4d102082-8d43-4c59-81ab-08a7509f3c40","title":"boom operator"},{"href":"https://ec.europa.eu/esco/api/resource/occupation?uri=http://data.europa.eu/esco/occupation/aa50ae49-1e40-4ba9-959f-22a11ff172b4&language=en","uri":"http://data.europa.eu/esco/occupation/aa50ae49-1e40-4ba9-959f-22a11ff172b4","title":"recording studio technician"},{"href":"https://ec.europa.eu/esco/api/resource/occupation?uri=http://data.europa.eu/esco/occupation/790c8dca-f624-4bdc-ac16-27bc13ead188&language=en","uri":"http://data.europa.eu/esco/occupation/790c8dca-f624-4bdc-ac16-27bc13ead188","title":"sound designer"}]},"_embedded":{}},{"className":"Skill","classId":"http://data.europa.eu/esco/model#Skill","uri":"http://data.europa.eu/esco/skill/98677499-4706-49cb-bb6c-0abe56542e33","title":"schedule audiologist appointments","referenceLanguage":["en"],"preferredLabel":{"de":"Termine bei Hörakustikern oder -akustikerinnen vereinbaren","no":"sette opp audiografavtaler","en-us":"schedule audiologist appointments","fi":"varata aika kuulontutkijalle","pt":"agendar consultas com um audiologista","bg":"записване на часове за аудиологични прегледи","lt":"derinti audiologo konsultacijų laiką","hr":"dogovarati preglede kod audiologa","lv":"plānot vizītes pie audiologa","fr":"planifier des rendez-vous chez un audiologiste","hu":"audiológus időpontjait kezeli","sk":"plánovať rozvrh audiologických vyšetrení","sl":"pripravljati časovni razpored obiskov pri avdiologu","ga":"coinní leis an éisteolaí a sceidealú","sv":"sköta tidsbokning hos audionom","el":"προγραμματισμός των επισκέψεων του ακουολόγου","mt":"skedar tal-appuntamenti mal-awdjoloġisti","en":"schedule audiologist appointments","is":"gefur tíma hjá heyrnarfræðingi","it":"programmare gli appuntamenti con l'audiologo","es":"organizar citas con el audiólogo","et":"audioloogi vastuvõtule registreerima","cs":"objednávat pacienty k audiologovi","ar":"يضع جدولاً زمنيًا لمواعيد أخصائي السمع","pl":"wyznaczać termin wizyt audiologicznych","ro":"face programări la audiolog","da":"planlægge aftaler hos audiolog","nl":"afspraken bij een audioloog plannen"},"alternativeLabel":{"fi":["varata aika audiologille"],"el":["προγραμματισμός των επισκέψεων του ωτολόγου"],"en":["set up audiologist appointments","organise audiologist appointments","arrange audiologist appointments","set audiologist appointments","schedule an audiologist appointment","scheduling an audiologist appointment","scheduling audiologist appointments"],"ro":["programează consulturi la audiolog"],"nl":["afspraken bij een audioloog vastleggen"]},"description":{"en-us":{"literal":"Schedule the appointments for an audiologist's patients.","mimetype":"plain/text"},"en":{"literal":"Schedule the appointments for an audiologist's patients.","mimetype":"plain/text"}},"status":"released","_links":{"self":{"href":"https://ec.europa.eu/esco/api/resource/skill?uri=http://data.europa.eu/esco/skill/98677499-4706-49cb-bb6c-0abe56542e33&language=en","uri":"http://data.europa.eu/esco/skill/98677499-4706-49cb-bb6c-0abe56542e33","title":"schedule audiologist appointments"},"isTopConceptInScheme":[{"href":"https://ec.europa.eu/esco/api/resource/taxonomy?uri=http://data.europa.eu/esco/concept-scheme/skills&language=en","uri":"http://data.europa.eu/esco/concept-scheme/skills","title":"ESCO skills"},{"href":"https://ec.europa.eu/esco/api/resource/taxonomy?uri=http://data.europa.eu/esco/concept-scheme/member-skills&language=en","uri":"http://data.europa.eu/esco/concept-scheme/member-skills","title":"ESCO member skills"}],"isInScheme":[{"href":"https://ec.europa.eu/esco/api/resource/taxonomy?uri=http://data.europa.eu/esco/concept-scheme/skills&language=en","uri":"http://data.europa.eu/esco/concept-scheme/skills","title":"ESCO skills"},{"href":"https://ec.europa.eu/esco/api/resource/taxonomy?uri=http://data.europa.eu/esco/concept-scheme/member-skills&language=en","uri":"http://data.europa.eu/esco/concept-scheme/member-skills","title":"ESCO member skills"}],"hasSkillType":[{"href":"https://ec.europa.eu/esco/api/resource/concept?uri=http://data.europa.eu/esco/skill-type/skill&language=en","uri":"http://data.europa.eu/esco/skill-type/skill","title":"skill"}],"hasReuseLevel":[{"href":"https://ec.europa.eu/esco/api/resource/concept?uri=http://data.europa.eu/esco/skill-reuse-level/occupation-specific&language=en","uri":"http://data.europa.eu/esco/skill-reuse-level/occupation-specific","title":"occupation specific skills and competences","code":"Level 4"}],"isOptionalForOccupation":[{"href":"https://ec.europa.eu/esco/api/resource/occupation?uri=http://data.europa.eu/esco/occupation/521bbfd5-c179-46e3-879b-e74bd6db367c&language=en","uri":"http://data.europa.eu/esco/occupation/521bbfd5-c179-46e3-879b-e74bd6db367c","title":"audiology technician"}]},"_embedded":{}},{"className":"Skill","classId":"http://data.europa.eu/esco/model#Skill","uri":"http://data.europa.eu/esco/skill/e55faa8e-cff7-4e22-8ab9-69040a54cbd1","title":"inject liquid foam","referenceLanguage":["en"],"preferredLabel":{"de":"Flüssigschaum einfüllen","no":"injisere væskeskum","fi":"ruiskuttaa nestemäistä vaahtoa","en-us":"inject liquid foam","pt":"injetar espuma líquida","bg":"инжектиране на течна пяна","lt":"įpurkšti putų","hr":"ubrizgavati tekuću pjenu","lv":"iepūst šķidrās putas","fr":"injecter de la mousse liquide","hu":"befecskendezi a folyékony habot","sk":"vstreknúť tekutú penu","sl":"vbrizgavati tekočo peno","ga":"cúr leachtach a instealladh","sv":"spruta in skum i vätskeform","el":"έγχυση υγρού αφρού","mt":"injezzjoni tal-fowm likwidu","en":"inject liquid foam","is":"sprautar inn fljótandi froðu","it":"iniettare schiuma liquida","es":"inyectar espuma líquida","et":"vedelat vahtu süstima","cs":"vstřikovat tekutou pěnu","ar":"يحقن رغوة السائل","pl":"wstrzykiwać piankę w płynie","ro":"injectează spumă lichidă","da":"indsprøjte flydende skum","nl":"vloeibaar schuim inspuiten"},"alternativeLabel":{"de":["Flüssigschaum injizieren"],"en":["inject a liquid foam","add liquid foam","insert liquid foam","injection of liquid foam","injecting liquid foam","implant liquid foam","infuse liquid foam"],"hu":["beinjektálja a folyékony habot"],"es":["llenar con espuma líquida","colocar espuma líquida","insertar espuma líquida"],"et":["vedelat vahtu sisestama"]},"description":{"en-us":{"literal":"Force foam into a limited space such as the space between the inner and outer cups of vacuum bottles or pour liquid foam into a mold in order to obtain the desired shape.","mimetype":"plain/text"},"en":{"literal":"Force foam into a limited space such as the space between the inner and outer cups of vacuum bottles or pour liquid foam into a mould in order to obtain the desired shape.","mimetype":"plain/text"}},"status":"released","_links":{"self":{"href":"https://ec.europa.eu/esco/api/resource/skill?uri=http://data.europa.eu/esco/skill/e55faa8e-cff7-4e22-8ab9-69040a54cbd1&language=en","uri":"http://data.europa.eu/esco/skill/e55faa8e-cff7-4e22-8ab9-69040a54cbd1","title":"inject liquid foam"},"isTopConceptInScheme":[{"href":"https://ec.europa.eu/esco/api/resource/taxonomy?uri=http://data.europa.eu/esco/concept-scheme/member-skills&language=en","uri":"http://data.europa.eu/esco/concept-scheme/member-skills","title":"ESCO member skills"},{"href":"https://ec.europa.eu/esco/api/resource/taxonomy?uri=http://data.europa.eu/esco/concept-scheme/skills&language=en","uri":"http://data.europa.eu/esco/concept-scheme/skills","title":"ESCO skills"}],"isInScheme":[{"href":"https://ec.europa.eu/esco/api/resource/taxonomy?uri=http://data.europa.eu/esco/concept-scheme/member-skills&language=en","uri":"http://data.europa.eu/esco/concept-scheme/member-skills","title":"ESCO member skills"},{"href":"https://ec.europa.eu/esco/api/resource/taxonomy?uri=http://data.europa.eu/esco/concept-scheme/skills&language=en","uri":"http://data.europa.eu/esco/concept-scheme/skills","title":"ESCO skills"}],"hasSkillType":[{"href":"https://ec.europa.eu/esco/api/resource/concept?uri=http://data.europa.eu/esco/skill-type/skill&language=en","uri":"http://data.europa.eu/esco/skill-type/skill","title":"skill"}],"hasReuseLevel":[{"href":"https://ec.europa.eu/esco/api/resource/concept?uri=http://data.europa.eu/esco/skill-reuse-level/occupation-specific&language=en","uri":"http://data.europa.eu/esco/skill-reuse-level/occupation-specific","title":"occupation specific skills and competences","code":"Level 4"}],"isOptionalForOccupation":[{"href":"https://ec.europa.eu/esco/api/resource/occupation?uri=http://data.europa.eu/esco/occupation/4a30b421-2fda-42d6-b7e1-1c31753f061d&language=en","uri":"http://data.europa.eu/esco/occupation/4a30b421-2fda-42d6-b7e1-1c31753f061d","title":"insulating tube winder"}]},"_embedded":{}},{"className":"Skill","classId":"http://data.europa.eu/esco/model#Skill","uri":"http://data.europa.eu/esco/skill/e63438d4-0e09-4ca4-8622-56a94f45664c","title":"collect broodstock","referenceLanguage":["en"],"preferredLabel":{"no":"samle inn stamfisk","de":"Fischlaich einsammeln","en-us":"collect broodstock","fi":"kerätä emokalastoa","pt":"proceder à colheita de reprodutores","bg":"събиране на размножително стадо","lt":"rinkti akvakultūros veislių mėginius","lv":"iegūt vaislas zivis","hr":"skupljati matično jato","fr":"collecter des reproducteurs","hu":"tenyészállományt gyűjt","sk":"zbierať generačné ryby","sl":"zbirati plemenske ribe","ga":"stoc goir a bhailiú","sv":"samla in avelsdjur","mt":"ġbir tal-ħut riproduttur","el":"συλλογή γεννητόρων","en":"collect broodstock","is":"safnar lirfum og klaki til uppeldis","it":"prelevare i riproduttori","es":"capturar peces reproductores","et":"sugukarja koguma","cs":"shromažďovat generační ryby","ar":"جمع الأسماك البالغة","pl":"zbierać tarlaki","da":"indsamle gydebestande","ro":"adună reproducători","nl":"voortplantingsmateriaal verzamelen"},"alternativeLabel":{"sl":["zbirati plemenke"],"en":["harvesting broodstock","collecting broodstock","broodstock collecting","broodstock harvesting","harvest broodstock"],"ro":["recoltează loturi de reproducători","recoltează reproducători"],"es":["atrapar peces reproductores"],"nl":["reproductiemateriaal verzamelen"]},"description":{"en-us":{"literal":"Collect larvae or juveniles from environment, using appropriate techniques for the specific species i.e. fish, mollusks, crustaceans or new candidates for aquaculture.","mimetype":"plain/text"},"en":{"literal":"Collect larvae or juveniles from environment, using appropriate techniques for the specific species i.e. fish, molluscs, crustaceans or new candidates for aquaculture.","mimetype":"plain/text"}},"status":"released","_links":{"self":{"href":"https://ec.europa.eu/esco/api/resource/skill?uri=http://data.europa.eu/esco/skill/e63438d4-0e09-4ca4-8622-56a94f45664c&language=en","uri":"http://data.europa.eu/esco/skill/e63438d4-0e09-4ca4-8622-56a94f45664c","title":"collect broodstock"},"isTopConceptInScheme":[{"href":"https://ec.europa.eu/esco/api/resource/taxonomy?uri=http://data.europa.eu/esco/concept-scheme/member-skills&language=en","uri":"http://data.europa.eu/esco/concept-scheme/member-skills","title":"ESCO member skills"},{"href":"https://ec.europa.eu/esco/api/resource/taxonomy?uri=http://data.europa.eu/esco/concept-scheme/skills&language=en","uri":"http://data.europa.eu/esco/concept-scheme/skills","title":"ESCO skills"}],"isInScheme":[{"href":"https://ec.europa.eu/esco/api/resource/taxonomy?uri=http://data.europa.eu/esco/concept-scheme/member-skills&language=en","uri":"http://data.europa.eu/esco/concept-scheme/member-skills","title":"ESCO member skills"},{"href":"https://ec.europa.eu/esco/api/resource/taxonomy?uri=http://data.europa.eu/esco/concept-scheme/skills&language=en","uri":"http://data.europa.eu/esco/concept-scheme/skills","title":"ESCO skills"}],"hasSkillType":[{"href":"https://ec.europa.eu/esco/api/resource/concept?uri=http://data.europa.eu/esco/skill-type/skill&language=en","uri":"http://data.europa.eu/esco/skill-type/skill","title":"skill"}],"hasReuseLevel":[{"href":"https://ec.europa.eu/esco/api/resource/concept?uri=http://data.europa.eu/esco/skill-reuse-level/sector-specific&language=en","uri":"http://data.europa.eu/esco/skill-reuse-level/sector-specific","title":"sector specific skills and competences","code":"Level 3"}],"isEssentialForOccupation":[{"href":"https://ec.europa.eu/esco/api/resource/occupation?uri=http://data.europa.eu/esco/occupation/204c8b13-f5de-4e39-bd23-86ff8cf89b4d&language=en","uri":"http://data.europa.eu/esco/occupation/204c8b13-f5de-4e39-bd23-86ff8cf89b4d","title":"harvest diver"},{"href":"https://ec.europa.eu/esco/api/resource/occupation?uri=http://data.europa.eu/esco/occupation/207d5c25-46fe-401c-b32f-551684e9a8ea&language=en","uri":"http://data.europa.eu/esco/occupation/207d5c25-46fe-401c-b32f-551684e9a8ea","title":"on foot aquatic resources collector"},{"href":"https://ec.europa.eu/esco/api/resource/occupation?uri=http://data.europa.eu/esco/occupation/a8c7004a-e59c-4a4d-9092-2cb4533ffe58&language=en","uri":"http://data.europa.eu/esco/occupation/a8c7004a-e59c-4a4d-9092-2cb4533ffe58","title":"aquaculture hatchery worker"}]},"_embedded":{}},{"className":"Skill","classId":"http://data.europa.eu/esco/model#Skill","uri":"http://data.europa.eu/esco/skill/da037304-d958-4580-89ad-edc914dc0b21","title":"manage recreational facility","referenceLanguage":["en"],"preferredLabel":{"de":"Erholungseinrichtung leiten","no":"administrere fritidssender","fi":"ohjata vapaa-aikapalvelujen tarjontaa","en-us":"manage recreational facility","pt":"gerir uma instalação recreativa","bg":"ръководене на туристически обект за отдих","lt":"vadovauti poilsio ir pasilinksminimo įstaigai","hr":"upravljati  objektom za rekreaciju","lv":"pārvaldīt izklaides iestādi","fr":"gérer des installations récréatives","hu":"rekreációs létesítményt vezet","sk":"riadiť rekreačné zariadenie","sl":"upravljati rekreacijski objekt","ga":"saoráid chaithimh aimsire a bhainistiú","sv":"driva rekreationsanläggning","mt":"immaniġġjar tal-faċilitajiet rikreattivi","el":"διαχείριση εγκατάστασης ψυχαγωγίας","en":"manage recreational facility","is":"hefur umsjón með tómstundaaðstöðu","it":"gestire la struttura ricreativa","es":"gestionar las instalaciones de ocio","et":"meelelahutusasutust juhtima","cs":"řídit rekreační zařízení","ar":"يدير المرافق الترفيهية","pl":"zarządzać placówką rekreacyjną","ro":"gestionează facilități recreative","da":"administrere rekreativ facilitet","nl":"recreatieaccommodatie beheren"},"alternativeLabel":{"fi":["ohjata kulttuuripalvelujen tarjontaa"],"bg":["ръководене на туристически обект"],"el":["διαχείριση μονάδας ψυχαγωγίας"],"en":["regulate recreational facility","maintain recreational facility","manage recreational facilities","manage a recreational facility","managing a  recreational facility","oversee recreational facility","supervise recreational facility"],"ro":["administrează facilități recreative"],"nl":["recreatiefaciliteiten beheren"]},"description":{"en-us":{"literal":"Manage the daily operations of a cultural facility. organize all activities and coordinate the different departments functioning within a cultural facility. Develop a plan of action and arrange the necessary funds.","mimetype":"plain/text"},"en":{"literal":"Manage the daily operations of a cultural facility. Organise all activities and coordinate the different departments functioning within a cultural facility. Develop a plan of action and arrange the necessary funds.","mimetype":"plain/text"}},"status":"released","_links":{"self":{"href":"https://ec.europa.eu/esco/api/resource/skill?uri=http://data.europa.eu/esco/skill/da037304-d958-4580-89ad-edc914dc0b21&language=en","uri":"http://data.europa.eu/esco/skill/da037304-d958-4580-89ad-edc914dc0b21","title":"manage recreational facility"},"isTopConceptInScheme":[{"href":"https://ec.europa.eu/esco/api/resource/taxonomy?uri=http://data.europa.eu/esco/concept-scheme/skills&language=en","uri":"http://data.europa.eu/esco/concept-scheme/skills","title":"ESCO skills"},{"href":"https://ec.europa.eu/esco/api/resource/taxonomy?uri=http://data.europa.eu/esco/concept-scheme/member-skills&language=en","uri":"http://data.europa.eu/esco/concept-scheme/member-skills","title":"ESCO member skills"}],"isInScheme":[{"href":"https://ec.europa.eu/esco/api/resource/taxonomy?uri=http://data.europa.eu/esco/concept-scheme/skills&language=en","uri":"http://data.europa.eu/esco/concept-scheme/skills","title":"ESCO skills"},{"href":"https://ec.europa.eu/esco/api/resource/taxonomy?uri=http://data.europa.eu/esco/concept-scheme/member-skills&language=en","uri":"http://data.europa.eu/esco/concept-scheme/member-skills","title":"ESCO member skills"}],"hasSkillType":[{"href":"https://ec.europa.eu/esco/api/resource/concept?uri=http://data.europa.eu/esco/skill-type/skill&language=en","uri":"http://data.europa.eu/esco/skill-type/skill","title":"skill"}],"hasReuseLevel":[{"href":"https://ec.europa.eu/esco/api/resource/concept?uri=http://data.europa.eu/esco/skill-reuse-level/sector-specific&language=en","uri":"http://data.europa.eu/esco/skill-reuse-level/sector-specific","title":"sector specific skills and competences","code":"Level 3"}],"isEssentialForOccupation":[{"href":"https://ec.europa.eu/esco/api/resource/occupation?uri=http://data.europa.eu/esco/occupation/771955d9-e988-47f3-b60f-207adb2cd571&language=en","uri":"http://data.europa.eu/esco/occupation/771955d9-e988-47f3-b60f-207adb2cd571","title":"recreational facilities manager"},{"href":"https://ec.europa.eu/esco/api/resource/occupation?uri=http://data.europa.eu/esco/occupation/1c948509-4015-40b0-b380-105fc85782a5&language=en","uri":"http://data.europa.eu/esco/occupation/1c948509-4015-40b0-b380-105fc85782a5","title":"zoo curator"},{"href":"https://ec.europa.eu/esco/api/resource/occupation?uri=http://data.europa.eu/esco/occupation/55f001af-fa48-4c0c-a7e5-fc69babe3d45&language=en","uri":"http://data.europa.eu/esco/occupation/55f001af-fa48-4c0c-a7e5-fc69babe3d45","title":"botanist"},{"href":"https://ec.europa.eu/esco/api/resource/occupation?uri=http://data.europa.eu/esco/occupation/33e3a746-f209-4a1a-96df-301505531cb2&language=en","uri":"http://data.europa.eu/esco/occupation/33e3a746-f209-4a1a-96df-301505531cb2","title":"beauty salon manager"},{"href":"https://ec.europa.eu/esco/api/resource/occupation?uri=http://data.europa.eu/esco/occupation/080fc550-b7ca-4576-aaf5-06fffbede994&language=en","uri":"http://data.europa.eu/esco/occupation/080fc550-b7ca-4576-aaf5-06fffbede994","title":"spa manager"},{"href":"https://ec.europa.eu/esco/api/resource/occupation?uri=http://data.europa.eu/esco/occupation/87e40e79-16fb-4391-9dcb-c15f40e026c1&language=en","uri":"http://data.europa.eu/esco/occupation/87e40e79-16fb-4391-9dcb-c15f40e026c1","title":"betting manager"}],"isOptionalForOccupation":[{"href":"https://ec.europa.eu/esco/api/resource/occupation?uri=http://data.europa.eu/esco/occupation/146f2c99-3f8b-4856-95ba-3ecfea681809&language=en","uri":"http://data.europa.eu/esco/occupation/146f2c99-3f8b-4856-95ba-3ecfea681809","title":"gambling manager"},{"href":"https://ec.europa.eu/esco/api/resource/occupation?uri=http://data.europa.eu/esco/occupation/bcc2c1db-f969-4355-bebf-4878ff6c2a94&language=en","uri":"http://data.europa.eu/esco/occupation/bcc2c1db-f969-4355-bebf-4878ff6c2a94","title":"service manager"}]},"_embedded":{}},{"className":"Skill","classId":"http://data.europa.eu/esco/model#Skill","uri":"http://data.europa.eu/esco/skill/9f2385b1-4409-4db2-8342-77377d5b18df","title":"manage membership","referenceLanguage":["en"],"preferredLabel":{"de":"Mitgliedschaftsverwaltung durchführen","no":"administrere medlemskap","en-us":"manage membership","fi":"hallinnoida jäsenyyteen liittyviä tehtäviä","pt":"gerir processos de filiação","bg":"администриране на членството","lt":"tvarkyti su naryste susijusius reikalus","hr":"upravljati članstvom","lv":"pārvaldīt dalību organizācijā","fr":"gérer des adhésions","hu":"tagságot kezel","sk":"riadiť členskú základňu","sl":"upravljati članstvo","ga":"ballraíocht a bhainistiú","sv":"hantera medlemskap","el":"διαχείριση εγγραφής μελών","mt":"immaniġġjar tas-sħubija","en":"manage membership","is":"hefur umsjón með aðildarmálum","it":"gestire le iscrizioni","es":"gestionar las afiliaciones","et":"liikmeskonda haldama","cs":"spravovat členství","ar":"يدير العضوية","pl":"zarządzać członkostwem","ro":"gestionează adeziunile","da":"administrere medlemskab","nl":"lidmaatschappen beheren"},"alternativeLabel":{"en":["supervise membership","oversee membership","maintain membership","administer membership"]},"description":{"en-us":{"literal":"Ensure efficient internal processes and systems in order to manage membership and oversee the work related to it.","mimetype":"plain/text"},"en":{"literal":"Ensure efficient internal processes and systems in order to manage membership and oversee the work related to it.","mimetype":"plain/text"}},"status":"released","_links":{"self":{"href":"https://ec.europa.eu/esco/api/resource/skill?uri=http://data.europa.eu/esco/skill/9f2385b1-4409-4db2-8342-77377d5b18df&language=en","uri":"http://data.europa.eu/esco/skill/9f2385b1-4409-4db2-8342-77377d5b18df","title":"manage membership"},"isTopConceptInScheme":[{"href":"https://ec.europa.eu/esco/api/resource/taxonomy?uri=http://data.europa.eu/esco/concept-scheme/member-skills&language=en","uri":"http://data.europa.eu/esco/concept-scheme/member-skills","title":"ESCO member skills"},{"href":"https://ec.europa.eu/esco/api/resource/taxonomy?uri=http://data.europa.eu/esco/concept-scheme/skills&language=en","uri":"http://data.europa.eu/esco/concept-scheme/skills","title":"ESCO skills"}],"isInScheme":[{"href":"https://ec.europa.eu/esco/api/resource/taxonomy?uri=http://data.europa.eu/esco/concept-scheme/member-skills&language=en","uri":"http://data.europa.eu/esco/concept-scheme/member-skills","title":"ESCO member skills"},{"href":"https://ec.europa.eu/esco/api/resource/taxonomy?uri=http://data.europa.eu/esco/concept-scheme/skills&language=en","uri":"http://data.europa.eu/esco/concept-scheme/skills","title":"ESCO skills"}],"hasSkillType":[{"href":"https://ec.europa.eu/esco/api/resource/concept?uri=http://data.europa.eu/esco/skill-type/skill&language=en","uri":"http://data.europa.eu/esco/skill-type/skill","title":"skill"}],"hasReuseLevel":[{"href":"https://ec.europa.eu/esco/api/resource/concept?uri=http://data.europa.eu/esco/skill-reuse-level/sector-specific&language=en","uri":"http://data.europa.eu/esco/skill-reuse-level/sector-specific","title":"sector specific skills and competences","code":"Level 3"}],"isEssentialForOccupation":[{"href":"https://ec.europa.eu/esco/api/resource/occupation?uri=http://data.europa.eu/esco/occupation/4ae470fc-bcf8-4704-abd5-e086ebb1552c&language=en","uri":"http://data.europa.eu/esco/occupation/4ae470fc-bcf8-4704-abd5-e086ebb1552c","title":"membership manager"}],"isOptionalForOccupation":[{"href":"https://ec.europa.eu/esco/api/resource/occupation?uri=http://data.europa.eu/esco/occupation/bcc2c1db-f969-4355-bebf-4878ff6c2a94&language=en","uri":"http://data.europa.eu/esco/occupation/bcc2c1db-f969-4355-bebf-4878ff6c2a94","title":"service manager"}]},"_embedded":{}},{"className":"Skill","classId":"http://data.europa.eu/esco/model#Skill","uri":"http://data.europa.eu/esco/skill/656b16e0-8113-406d-b4b3-405dff292213","title":"label components","referenceLanguage":["en"],"preferredLabel":{"de":"Bestandteile kennzeichnen","no":"etikettkomponenter","fi":"nimetä komponentteja","en-us":"label components","pt":"rotular componentes","bg":"етикетиране на компоненти","lt":"žymėti dalis etiketėmis","lv":"marķēt sastāvdaļas","hr":"označivati sastavne dijelove","fr":"étiqueter des composants","hu":"felcímkézi az alkatrészeket","sk":"označiť komponenty","sl":"označevati sestavne dele","ga":"lipéad a chur ar chomhpháirteanna","sv":"märka komponenter","el":"επισήμανση των εξαρτημάτων","mt":"tikkettar tal-komponenti","en":"label components","is":"merkir hluti","it":"etichettare componenti","es":"etiquetar componentes","et":"komponente märgistama","cs":"označovat komponenty štítkem","ar":"يوسم المكونات","pl":"znakować składniki","ro":"etichetează componente","da":"mærke komponenter","nl":"onderdelen etiketteren"},"alternativeLabel":{"de":["Komponenten kennzeichnen"],"bg":["етикетиране на елементи"],"en":["label accessories","label parts","labelling components","label materials","label a component","label goods"],"pl":["etykietować składniki"],"es":["identificar componentes","etiquetar piezas","etiquetar partes"]},"description":{"en-us":{"literal":"Identify and label the different parts of goods or materials to ensure they are well kept for later use.","mimetype":"plain/text"},"en":{"literal":"Identify and label the different parts of goods or materials to ensure they are well kept for later use.","mimetype":"plain/text"}},"status":"released","_links":{"self":{"href":"https://ec.europa.eu/esco/api/resource/skill?uri=http://data.europa.eu/esco/skill/656b16e0-8113-406d-b4b3-405dff292213&language=en","uri":"http://data.europa.eu/esco/skill/656b16e0-8113-406d-b4b3-405dff292213","title":"label components"},"isTopConceptInScheme":[{"href":"https://ec.europa.eu/esco/api/resource/taxonomy?uri=http://data.europa.eu/esco/concept-scheme/member-skills&language=en","uri":"http://data.europa.eu/esco/concept-scheme/member-skills","title":"ESCO member skills"},{"href":"https://ec.europa.eu/esco/api/resource/taxonomy?uri=http://data.europa.eu/esco/concept-scheme/skills&language=en","uri":"http://data.europa.eu/esco/concept-scheme/skills","title":"ESCO skills"}],"isInScheme":[{"href":"https://ec.europa.eu/esco/api/resource/taxonomy?uri=http://data.europa.eu/esco/concept-scheme/member-skills&language=en","uri":"http://data.europa.eu/esco/concept-scheme/member-skills","title":"ESCO member skills"},{"href":"https://ec.europa.eu/esco/api/resource/taxonomy?uri=http://data.europa.eu/esco/concept-scheme/skills&language=en","uri":"http://data.europa.eu/esco/concept-scheme/skills","title":"ESCO skills"}],"hasSkillType":[{"href":"https://ec.europa.eu/esco/api/resource/concept?uri=http://data.europa.eu/esco/skill-type/skill&language=en","uri":"http://data.europa.eu/esco/skill-type/skill","title":"skill"}],"hasReuseLevel":[{"href":"https://ec.europa.eu/esco/api/resource/concept?uri=http://data.europa.eu/esco/skill-reuse-level/sector-specific&language=en","uri":"http://data.europa.eu/esco/skill-reuse-level/sector-specific","title":"sector specific skills and competences","code":"Level 3"}],"isOptionalForOccupation":[{"href":"https://ec.europa.eu/esco/api/resource/occupation?uri=http://data.europa.eu/esco/occupation/a78d8e2b-fe31-447f-8694-38ed7198d143&language=en","uri":"http://data.europa.eu/esco/occupation/a78d8e2b-fe31-447f-8694-38ed7198d143","title":"taxidermist"},{"href":"https://ec.europa.eu/esco/api/resource/occupation?uri=http://data.europa.eu/esco/occupation/d87b1c64-eed1-404c-87de-f9f81c85fbde&language=en","uri":"http://data.europa.eu/esco/occupation/d87b1c64-eed1-404c-87de-f9f81c85fbde","title":"cotton gin operator"}]},"_embedded":{}},{"className":"Skill","classId":"http://data.europa.eu/esco/model#Skill","uri":"http://data.europa.eu/esco/skill/1175cd3f-c4d1-46f6-8e76-e59ec58a82b3","title":"clean off fouling","referenceLanguage":["en"],"preferredLabel":{"no":"vaske av begroing","de":"Bewuchs entfernen","en-us":"clean off fouling","fi":"poistaa kasvustoja","pt":"limpar resíduos incrustados","bg":"почистване на биологичното обрастване","lt":"nuvalyti nešvarumus","hr":"čistiti obrasline","lv":"notīrīt mēslus","fr":"éliminer des impuretés","hu":"letakarítja a lerakódásokat","sk":"vyčistiť znečistenie","sl":"počistiti obraščanje","ga":"salú a ghlanadh amach","sv":"avlägsna påväxt","el":"απομάκρυνση ακαθαρσιών από τις υδατοκαλλιέργειες","mt":"tindif tal-ħmieġ tal-akkwakultura","en":"clean off fouling","is":"hreinsar burt óhreinindi","it":"pulire le incrostazioni","es":"limpiar incrustaciones","et":"reostusest puhastama","cs":"odstraňovat zanesení","ar":"ينظف الأوساخ المترسبة","pl":"usuwać zanieczyszczenia","da":"fjerne begroning","ro":"curăță depuneri biologice de pe instalațiile de acvacultură","nl":"vervuiling verwijderen"},"alternativeLabel":{"lt":["nuvalyti teršalus"],"en":["fouling cleaning off","cleaning fouling off","removing fouling","remove fouling","cleaning off fouling","fouling removing"],"hr":["ukloniti obraštajne organizme"],"pl":["usuwać osad śluzowaty"],"es":["quitar incrustaciones","eliminar incrustaciones"]},"description":{"en-us":{"literal":"Clean off fouling in aquaculture facilities.","mimetype":"plain/text"},"en":{"literal":"Clean off fouling in aquaculture facilities.","mimetype":"plain/text"}},"status":"released","_links":{"self":{"href":"https://ec.europa.eu/esco/api/resource/skill?uri=http://data.europa.eu/esco/skill/1175cd3f-c4d1-46f6-8e76-e59ec58a82b3&language=en","uri":"http://data.europa.eu/esco/skill/1175cd3f-c4d1-46f6-8e76-e59ec58a82b3","title":"clean off fouling"},"isTopConceptInScheme":[{"href":"https://ec.europa.eu/esco/api/resource/taxonomy?uri=http://data.europa.eu/esco/concept-scheme/skills&language=en","uri":"http://data.europa.eu/esco/concept-scheme/skills","title":"ESCO skills"},{"href":"https://ec.europa.eu/esco/api/resource/taxonomy?uri=http://data.europa.eu/esco/concept-scheme/member-skills&language=en","uri":"http://data.europa.eu/esco/concept-scheme/member-skills","title":"ESCO member skills"}],"isInScheme":[{"href":"https://ec.europa.eu/esco/api/resource/taxonomy?uri=http://data.europa.eu/esco/concept-scheme/skills&language=en","uri":"http://data.europa.eu/esco/concept-scheme/skills","title":"ESCO skills"},{"href":"https://ec.europa.eu/esco/api/resource/taxonomy?uri=http://data.europa.eu/esco/concept-scheme/member-skills&language=en","uri":"http://data.europa.eu/esco/concept-scheme/member-skills","title":"ESCO member skills"}],"hasSkillType":[{"href":"https://ec.europa.eu/esco/api/resource/concept?uri=http://data.europa.eu/esco/skill-type/skill&language=en","uri":"http://data.europa.eu/esco/skill-type/skill","title":"skill"}],"hasReuseLevel":[{"href":"https://ec.europa.eu/esco/api/resource/concept?uri=http://data.europa.eu/esco/skill-reuse-level/occupation-specific&language=en","uri":"http://data.europa.eu/esco/skill-reuse-level/occupation-specific","title":"occupation specific skills and competences","code":"Level 4"}],"isEssentialForOccupation":[{"href":"https://ec.europa.eu/esco/api/resource/occupation?uri=http://data.europa.eu/esco/occupation/a8c7004a-e59c-4a4d-9092-2cb4533ffe58&language=en","uri":"http://data.europa.eu/esco/occupation/a8c7004a-e59c-4a4d-9092-2cb4533ffe58","title":"aquaculture hatchery worker"}]},"_embedded":{}},{"className":"Skill","classId":"http://data.europa.eu/esco/model#Skill","uri":"http://data.europa.eu/esco/skill/ac6e266a-5362-4690-8937-b71a2d9311d1","title":"carry out repair of motorcycles","referenceLanguage":["en"],"preferredLabel":{"de":"Instandsetzung von Motorrädern durchführen","no":"utføre reparasjoner av motorsykler","fi":"korjata moottoripyöriä","en-us":"carry out repair of motorcycles","pt":"reparar motociclos","bg":"извършване на ремонт на мотоциклети","lt":"remontuoti motociklus","lv":"remontēt motociklus","hr":"popravljati motocikle","fr":"effectuer la réparation de motos","hu":"motorkerékpár javítását végzi","sk":"vykonávať opravy motocyklov","sl":"popravljati motorna kolesa","ga":"gluaisrothair a dheisiú","sv":"utföra reparation av motorcyklar","el":"διενέργεια επισκευής μοτοσικλετών","mt":"twettiq tat-tiswija tal-muturi","en":"carry out repair of motorcycles","is":"sinnir viðgerðum á mótorhjólum","it":"eseguire la riparazione di motocicli","es":"llevar a cabo la reparación de motocicletas","et":"mootorrataste remonti teostama","cs":"provádět opravu motocyklů","ar":"يضطلع بإصلاح الدراجات النارية","pl":"naprawiać motocykle","ro":"execută lucrări de reparații la motociclete","da":"reparere motorcykler","nl":"reparaties van motorfietsen uitvoeren"},"alternativeLabel":{"fi":["huoltaa moottoripyöriä"],"en":["make repair of motorcycles","carry out repair of a motorcycle","carrying out repair of motorcycles","complete repair of motorcycles","oversee repair of motorcycles","carrying out repair of a motorcycle","undertake repair of motorcycles"],"ro":["execută lucrări de întreținere și reparații la motociclete"],"es":["hacer la reparación de motocicletas","realizar la reparación de motocicletas"],"nl":["motorfietsen repareren","motorfietsen herstellen","bromfietsen herstellen","bromfietsen repareren","herstellingen van motorfietsen uitvoeren"]},"description":{"en-us":{"literal":"Carry out repairs and routine maintenance checks for motorcycles such as engine tune-ups, oil changes, tire rotation, tire changes, engine failures and mechanical system malfunctions. Replace parts and components.","mimetype":"plain/text"},"en":{"literal":"Carry out repairs and routine maintenance checks for motorcycles such as engine tune-ups, oil changes, tire rotation, tire changes, engine failures and mechanical system malfunctions. Replace parts and components.","mimetype":"plain/text"}},"status":"released","_links":{"self":{"href":"https://ec.europa.eu/esco/api/resource/skill?uri=http://data.europa.eu/esco/skill/ac6e266a-5362-4690-8937-b71a2d9311d1&language=en","uri":"http://data.europa.eu/esco/skill/ac6e266a-5362-4690-8937-b71a2d9311d1","title":"carry out repair of motorcycles"},"isTopConceptInScheme":[{"href":"https://ec.europa.eu/esco/api/resource/taxonomy?uri=http://data.europa.eu/esco/concept-scheme/skills&language=en","uri":"http://data.europa.eu/esco/concept-scheme/skills","title":"ESCO skills"},{"href":"https://ec.europa.eu/esco/api/resource/taxonomy?uri=http://data.europa.eu/esco/concept-scheme/member-skills&language=en","uri":"http://data.europa.eu/esco/concept-scheme/member-skills","title":"ESCO member skills"}],"isInScheme":[{"href":"https://ec.europa.eu/esco/api/resource/taxonomy?uri=http://data.europa.eu/esco/concept-scheme/skills&language=en","uri":"http://data.europa.eu/esco/concept-scheme/skills","title":"ESCO skills"},{"href":"https://ec.europa.eu/esco/api/resource/taxonomy?uri=http://data.europa.eu/esco/concept-scheme/member-skills&language=en","uri":"http://data.europa.eu/esco/concept-scheme/member-skills","title":"ESCO member skills"}],"hasSkillType":[{"href":"https://ec.europa.eu/esco/api/resource/concept?uri=http://data.europa.eu/esco/skill-type/skill&language=en","uri":"http://data.europa.eu/esco/skill-type/skill","title":"skill"}],"hasReuseLevel":[{"href":"https://ec.europa.eu/esco/api/resource/concept?uri=http://data.europa.eu/esco/skill-reuse-level/sector-specific&language=en","uri":"http://data.europa.eu/esco/skill-reuse-level/sector-specific","title":"sector specific skills and competences","code":"Level 3"}],"isOptionalForOccupation":[{"href":"https://ec.europa.eu/esco/api/resource/occupation?uri=http://data.europa.eu/esco/occupation/c0749528-ee2a-41bd-a1f6-c13825b5e569&language=en","uri":"http://data.europa.eu/esco/occupation/c0749528-ee2a-41bd-a1f6-c13825b5e569","title":"roadside vehicle technician"},{"href":"https://ec.europa.eu/esco/api/resource/occupation?uri=http://data.europa.eu/esco/occupation/bcc2c1db-f969-4355-bebf-4878ff6c2a94&language=en","uri":"http://data.europa.eu/esco/occupation/bcc2c1db-f969-4355-bebf-4878ff6c2a94","title":"service manager"},{"href":"https://ec.europa.eu/esco/api/resource/occupation?uri=http://data.europa.eu/esco/occupation/5c9dea76-c7da-4e58-857c-fc3cbe7b960a&language=en","uri":"http://data.europa.eu/esco/occupation/5c9dea76-c7da-4e58-857c-fc3cbe7b960a","title":"garage manager"},{"href":"https://ec.europa.eu/esco/api/resource/occupation?uri=http://data.europa.eu/esco/occupation/4ad4024e-d1d3-4dea-b6d1-2c7948111dce&language=en","uri":"http://data.europa.eu/esco/occupation/4ad4024e-d1d3-4dea-b6d1-2c7948111dce","title":"vehicle technician"}]},"_embedded":{}},{"className":"Skill","classId":"http://data.europa.eu/esco/model#Skill","uri":"http://data.europa.eu/esco/skill/18becb9d-75e2-4f4e-a24c-72060c14e83e","title":"feed raw material into plant machinery","referenceLanguage":["en"],"preferredLabel":{"de":"Maschinen mit Rohmaterialien beschicken","no":"mate produksjonsmaskiner med råmaterial","en-us":"feed raw material into plant machinery","fi":"syöttää raaka-aineita laitoksen koneisiin","pt":"alimentar as máquinas com matérias-primas","bg":"подаване на суровини в производствени машини","lt":"sudėti žaliavas į gamyklos įrenginius","lv":"padot izejvielas ražotnes iekārtās","hr":"ubacivati sirovine u strojeve postrojenja","fr":"alimenter une installation en matières premières","hu":"betáplálja a nyersanyagot az üzemi berendezésbe","sk":"zásobovať surovinami stroje v zariadení","sl":"dovajati surovine v stroje","ga":"amhábhar a chur isteach i meaisínre gléasra","sv":"mata anläggningsmaskiner med råmaterial","mt":"alimentazzjoni tal-materja prima fil-makkinarju tal-impjanti","el":"εισαγωγή πρώτων υλών στα μηχανήματα της εγκατάστασης","en":"feed raw material into plant machinery","is":"matar hráefnum inn í vélbúnað verksmiðju","it":"alimentare materie prime all’interno dei macchinari dello stabilimento","es":"colocar materias primas en máquinas industriales","et":"toormaterjali töötlusseadmetesse sisestama","cs":"vkládat suroviny do strojů v závodě","ar":"يلقم المواد الخام إلى آلات المصانع","pl":"zaopatrywać maszyny zakładowe w surowce","da":"tilføre råvarer til maskiner","ro":"alimentează utilajele cu materii prime","nl":"grondstoffen aan machines toevoeren"},"alternativeLabel":{"en":["load  plant machinery with raw material","insertion of raw material into plant machinery","feeding of raw material into plant machinery","load plant machinery with raw material","insert raw material into plant machinery","feeding plant machinery with raw material","feeding raw material into plant machinery","feed plant machinery with raw material"],"es":["meter materias primas en máquinas industriales","incorporar materias primas en máquinas industriales","alimentar máquinas industriales con materias primas"],"nl":["machines met grondstoffen vullen"]},"description":{"en-us":{"literal":"Insert raw materials, chemicals and processing agents into plant machinery.","mimetype":"plain/text"},"en":{"literal":"Insert raw materials, chemicals and processing agents into plant machinery.","mimetype":"plain/text"}},"status":"released","_links":{"self":{"href":"https://ec.europa.eu/esco/api/resource/skill?uri=http://data.europa.eu/esco/skill/18becb9d-75e2-4f4e-a24c-72060c14e83e&language=en","uri":"http://data.europa.eu/esco/skill/18becb9d-75e2-4f4e-a24c-72060c14e83e","title":"feed raw material into plant machinery"},"isTopConceptInScheme":[{"href":"https://ec.europa.eu/esco/api/resource/taxonomy?uri=http://data.europa.eu/esco/concept-scheme/skills&language=en","uri":"http://data.europa.eu/esco/concept-scheme/skills","title":"ESCO skills"},{"href":"https://ec.europa.eu/esco/api/resource/taxonomy?uri=http://data.europa.eu/esco/concept-scheme/member-skills&language=en","uri":"http://data.europa.eu/esco/concept-scheme/member-skills","title":"ESCO member skills"}],"isInScheme":[{"href":"https://ec.europa.eu/esco/api/resource/taxonomy?uri=http://data.europa.eu/esco/concept-scheme/skills&language=en","uri":"http://data.europa.eu/esco/concept-scheme/skills","title":"ESCO skills"},{"href":"https://ec.europa.eu/esco/api/resource/taxonomy?uri=http://data.europa.eu/esco/concept-scheme/member-skills&language=en","uri":"http://data.europa.eu/esco/concept-scheme/member-skills","title":"ESCO member skills"}],"hasSkillType":[{"href":"https://ec.europa.eu/esco/api/resource/concept?uri=http://data.europa.eu/esco/skill-type/skill&language=en","uri":"http://data.europa.eu/esco/skill-type/skill","title":"skill"}],"hasReuseLevel":[{"href":"https://ec.europa.eu/esco/api/resource/concept?uri=http://data.europa.eu/esco/skill-reuse-level/cross-sector&language=en","uri":"http://data.europa.eu/esco/skill-reuse-level/cross-sector","title":"cross-sector skills and competences","code":"Level 2"}],"isEssentialForOccupation":[{"href":"https://ec.europa.eu/esco/api/resource/occupation?uri=http://data.europa.eu/esco/occupation/2fa8c1fc-e722-4985-9822-f5d8174248cf&language=en","uri":"http://data.europa.eu/esco/occupation/2fa8c1fc-e722-4985-9822-f5d8174248cf","title":"asphalt plant operator"}],"isOptionalForOccupation":[{"href":"https://ec.europa.eu/esco/api/resource/occupation?uri=http://data.europa.eu/esco/occupation/4a30b421-2fda-42d6-b7e1-1c31753f061d&language=en","uri":"http://data.europa.eu/esco/occupation/4a30b421-2fda-42d6-b7e1-1c31753f061d","title":"insulating tube winder"}]},"_embedded":{}},{"className":"Skill","classId":"http://data.europa.eu/esco/model#Skill","uri":"http://data.europa.eu/esco/skill/7fcbbd23-cbad-441e-8ad4-952a13759935","title":"repair stuffed animals","referenceLanguage":["en"],"preferredLabel":{"de":"Stofftiere reparieren","no":"reparere utstoppede dyr","fi":"korjata täytettyjä eläimiä","en-us":"repair stuffed animals","pt":"reparar animais embalsamados","bg":"поправяне на препарирани животни","lt":"taisyti minkštus žaislus","lv":"labot dzīvnieku izbāzeņus","hr":"popravljati plišane igračke","fr":"réparer des animaux empaillés","hu":"kitömött állatokat javít","sk":"opravovať vypchaté zvieratá","sl":"popravljati nagačene živali","ga":"ainmhithe stuáilte a dheisiú","sv":"reparera uppstoppade djur","mt":"tiswija tal-annimali bbalzmati","el":"επισκευή λούτρινων ζώων","en":"repair stuffed animals","is":"gerir við tuskudýr","it":"riparare gli animali imbalsamati","es":"reparar peluches","et":"topiseid parandama","cs":"opravovat plyšová zvířátka","ar":"يصلح دمى الحيوانات المحشوة","pl":"naprawiać wypchane zwierzęta","ro":"repară animale împăiate","da":"reparere udstoppede dyr","nl":"pluche dieren repareren"},"alternativeLabel":{"de":["Plüschtiere reparieren"],"en":["adjust stuffed animals","fix a stuffed animal","overhaul stuffed animals","repair a stuffed animal","repairing stuffed animals","mend stuffed animals"],"nl":["pluche dieren herstellen"],"es":["arreglar juguetes de peluche","componer juguetes rellenos"]},"description":{"en-us":{"literal":"Consult documentation and perform the necessary tasks such replacing parts, repair fur or change the colors, to return the item back to its original condition and maintain its authenticity.","mimetype":"plain/text"},"en":{"literal":"Consult documentation and perform the necessary tasks such replacing parts, repair fur or change the colours, to return the item back to its original condition and maintain its authenticity.","mimetype":"plain/text"}},"status":"released","_links":{"self":{"href":"https://ec.europa.eu/esco/api/resource/skill?uri=http://data.europa.eu/esco/skill/7fcbbd23-cbad-441e-8ad4-952a13759935&language=en","uri":"http://data.europa.eu/esco/skill/7fcbbd23-cbad-441e-8ad4-952a13759935","title":"repair stuffed animals"},"isTopConceptInScheme":[{"href":"https://ec.europa.eu/esco/api/resource/taxonomy?uri=http://data.europa.eu/esco/concept-scheme/skills&language=en","uri":"http://data.europa.eu/esco/concept-scheme/skills","title":"ESCO skills"},{"href":"https://ec.europa.eu/esco/api/resource/taxonomy?uri=http://data.europa.eu/esco/concept-scheme/member-skills&language=en","uri":"http://data.europa.eu/esco/concept-scheme/member-skills","title":"ESCO member skills"}],"isInScheme":[{"href":"https://ec.europa.eu/esco/api/resource/taxonomy?uri=http://data.europa.eu/esco/concept-scheme/skills&language=en","uri":"http://data.europa.eu/esco/concept-scheme/skills","title":"ESCO skills"},{"href":"https://ec.europa.eu/esco/api/resource/taxonomy?uri=http://data.europa.eu/esco/concept-scheme/member-skills&language=en","uri":"http://data.europa.eu/esco/concept-scheme/member-skills","title":"ESCO member skills"}],"hasSkillType":[{"href":"https://ec.europa.eu/esco/api/resource/concept?uri=http://data.europa.eu/esco/skill-type/skill&language=en","uri":"http://data.europa.eu/esco/skill-type/skill","title":"skill"}],"hasReuseLevel":[{"href":"https://ec.europa.eu/esco/api/resource/concept?uri=http://data.europa.eu/esco/skill-reuse-level/occupation-specific&language=en","uri":"http://data.europa.eu/esco/skill-reuse-level/occupation-specific","title":"occupation specific skills and competences","code":"Level 4"}],"isOptionalForOccupation":[{"href":"https://ec.europa.eu/esco/api/resource/occupation?uri=http://data.europa.eu/esco/occupation/a78d8e2b-fe31-447f-8694-38ed7198d143&language=en","uri":"http://data.europa.eu/esco/occupation/a78d8e2b-fe31-447f-8694-38ed7198d143","title":"taxidermist"}]},"_embedded":{}},{"className":"Skill","classId":"http://data.europa.eu/esco/model#Skill","uri":"http://data.europa.eu/esco/skill/92abebbd-4c71-426a-bc99-988b0d918c90","title":"photograph crime scenes","referenceLanguage":["en"],"preferredLabel":{"no":"fotografere åsteder","de":"Tatorte fotografieren","en-us":"photograph crime scenes","fi":"valokuvata rikospaikkoja","pt":"fotografar locais de crime","bg":"снимане на местопрестъпления","lt":"fotografuoti nusikaltimo vietas","lv":"fotografēt noziegumu vietas","hr":"fotografirati mjesta zločina","fr":"photographier des scènes de crime","hu":"bűncselekmények elkövetési helyszíneit fényképezi","sk":"fotografovať miesta činu","sl":"fotografirati kraje kaznivega dejanja","ga":"grianghraif a ghlacadh de láithreacha coireanna","sv":"fotografera brottsplatser","mt":"teħid tar-ritratti tal-postijiet tad-delitti","el":"φωτογράφηση τόπων εγκλήματος","en":"photograph crime scenes","is":"tekur myndir á glæpavettvangi","it":"fotografare scene del crimine","es":"fotografiar la escena del crimen","et":"kuriteopaiku pildistama","cs":"nafotit místo činu","ar":"يصور مسرح الجريمة","pl":"fotografować miejsca popełnienia przestępstwa","ro":"fotografiază locul săvârșirii infracțiunii","da":"fotografere gerningssteder","nl":"plaatsen delict fotograferen"},"alternativeLabel":{"bg":["фотографиране на местопрестъпления"],"en":["picture scenes of crime","collect images of crime scenes","record crime scenes","photograph scenes of crime","picture crime scenes","collect images of scenes of crime","record scenes of crime"],"es":["fotografiar el lugar del delito"]},"description":{"en-us":{"literal":"Photograph (possible) crime scenes in a manner compliant with regulations, to ensure that all information necessary for the further investigation of the case is gathered and recorded.","mimetype":"plain/text"},"en":{"literal":"Photograph (possible) crime scenes in a manner compliant with regulations, to ensure that all information necessary for the further investigation of the case is gathered and recorded.","mimetype":"plain/text"}},"status":"released","_links":{"self":{"href":"https://ec.europa.eu/esco/api/resource/skill?uri=http://data.europa.eu/esco/skill/92abebbd-4c71-426a-bc99-988b0d918c90&language=en","uri":"http://data.europa.eu/esco/skill/92abebbd-4c71-426a-bc99-988b0d918c90","title":"photograph crime scenes"},"isTopConceptInScheme":[{"href":"https://ec.europa.eu/esco/api/resource/taxonomy?uri=http://data.europa.eu/esco/concept-scheme/member-skills&language=en","uri":"http://data.europa.eu/esco/concept-scheme/member-skills","title":"ESCO member skills"},{"href":"https://ec.europa.eu/esco/api/resource/taxonomy?uri=http://data.europa.eu/esco/concept-scheme/skills&language=en","uri":"http://data.europa.eu/esco/concept-scheme/skills","title":"ESCO skills"}],"isInScheme":[{"href":"https://ec.europa.eu/esco/api/resource/taxonomy?uri=http://data.europa.eu/esco/concept-scheme/member-skills&language=en","uri":"http://data.europa.eu/esco/concept-scheme/member-skills","title":"ESCO member skills"},{"href":"https://ec.europa.eu/esco/api/resource/taxonomy?uri=http://data.europa.eu/esco/concept-scheme/skills&language=en","uri":"http://data.europa.eu/esco/concept-scheme/skills","title":"ESCO skills"}],"hasSkillType":[{"href":"https://ec.europa.eu/esco/api/resource/concept?uri=http://data.europa.eu/esco/skill-type/skill&language=en","uri":"http://data.europa.eu/esco/skill-type/skill","title":"skill"}],"hasReuseLevel":[{"href":"https://ec.europa.eu/esco/api/resource/concept?uri=http://data.europa.eu/esco/skill-reuse-level/occupation-specific&language=en","uri":"http://data.europa.eu/esco/skill-reuse-level/occupation-specific","title":"occupation specific skills and competences","code":"Level 4"}],"isEssentialForOccupation":[{"href":"https://ec.europa.eu/esco/api/resource/occupation?uri=http://data.europa.eu/esco/occupation/3cee6bea-4a19-4511-9bbb-fdf820857555&language=en","uri":"http://data.europa.eu/esco/occupation/3cee6bea-4a19-4511-9bbb-fdf820857555","title":"criminal investigator"}]},"_embedded":{}},{"className":"Skill","classId":"http://data.europa.eu/esco/model#Skill","uri":"http://data.europa.eu/esco/skill/94b3b5cf-4850-4e6f-9199-a887b9f082c2","title":"coordinate membership work","referenceLanguage":["en"],"preferredLabel":{"no":"koordinere medlemsarbeid","de":"Mitgliederarbeit koordinieren","fi":"koordinoida jäsentyötä","en-us":"coordinate membership work","pt":"coordenar os processos relativos à filiação de membros","bg":"координиране на административната работа, свързана с членството","lt":"koordinuoti su narystės klausimais susijusią veiklą","hr":"koordinirati poslove u vezi s članstvom","lv":"koordinēt darbu saistībā ar dalību organizācijā","fr":"coordonner le travail de gestion des affiliés","hu":"tagsági munkát koordinál","sk":"koordinovať prácu v rámci členskej základne","sl":"koordinirati delo v zvezi s članstvom","ga":"obair bhallraíochta a chomhordú","sv":"samordna medlemskapsarbete","el":"συντονισμός των εργασιών εγγραφής μελών","mt":"koordinazzjoni tal-ħidma tas-sħubija","en":"coordinate membership work","is":"samræmir aðildarverkefni","it":"coordinare il lavoro degli iscritti","es":"coordinar el trabajo de afiliación","et":"koordineerima liikmeskonna haldamist","cs":"koordinovat práci pro členství","ar":"ينسق عمل العضوية","pl":"koordynować działania związane z członkostwem","da":"koordinere medlemskabsarbejde","ro":"coordonează activitatea aferentă adeziunilor","nl":"lidmaatschapsprocedures coördineren"},"alternativeLabel":{"sl":["usklajevati delo v zvezi s članstvom"],"en":["arrange affiliation activity","arrange membership work","regulate membership work","organise affiliation work","organise membership work","arrange affiliation work","arrange members work"]},"description":{"en-us":{"literal":"Provide internal coordination for membership work such as oversee implementation of efficient membership processes, systems and strategies and ensure affiliate information is accurate and up to date.","mimetype":"plain/text"},"en":{"literal":"Provide internal coordination for membership work such as oversee implementation of efficient membership processes, systems and strategies and ensure affiliate information is accurate and up to date.","mimetype":"plain/text"}},"status":"released","_links":{"self":{"href":"https://ec.europa.eu/esco/api/resource/skill?uri=http://data.europa.eu/esco/skill/94b3b5cf-4850-4e6f-9199-a887b9f082c2&language=en","uri":"http://data.europa.eu/esco/skill/94b3b5cf-4850-4e6f-9199-a887b9f082c2","title":"coordinate membership work"},"isTopConceptInScheme":[{"href":"https://ec.europa.eu/esco/api/resource/taxonomy?uri=http://data.europa.eu/esco/concept-scheme/member-skills&language=en","uri":"http://data.europa.eu/esco/concept-scheme/member-skills","title":"ESCO member skills"},{"href":"https://ec.europa.eu/esco/api/resource/taxonomy?uri=http://data.europa.eu/esco/concept-scheme/skills&language=en","uri":"http://data.europa.eu/esco/concept-scheme/skills","title":"ESCO skills"}],"isInScheme":[{"href":"https://ec.europa.eu/esco/api/resource/taxonomy?uri=http://data.europa.eu/esco/concept-scheme/member-skills&language=en","uri":"http://data.europa.eu/esco/concept-scheme/member-skills","title":"ESCO member skills"},{"href":"https://ec.europa.eu/esco/api/resource/taxonomy?uri=http://data.europa.eu/esco/concept-scheme/skills&language=en","uri":"http://data.europa.eu/esco/concept-scheme/skills","title":"ESCO skills"}],"hasSkillType":[{"href":"https://ec.europa.eu/esco/api/resource/concept?uri=http://data.europa.eu/esco/skill-type/skill&language=en","uri":"http://data.europa.eu/esco/skill-type/skill","title":"skill"}],"hasReuseLevel":[{"href":"https://ec.europa.eu/esco/api/resource/concept?uri=http://data.europa.eu/esco/skill-reuse-level/sector-specific&language=en","uri":"http://data.europa.eu/esco/skill-reuse-level/sector-specific","title":"sector specific skills and competences","code":"Level 3"}],"isEssentialForOccupation":[{"href":"https://ec.europa.eu/esco/api/resource/occupation?uri=http://data.europa.eu/esco/occupation/4ae470fc-bcf8-4704-abd5-e086ebb1552c&language=en","uri":"http://data.europa.eu/esco/occupation/4ae470fc-bcf8-4704-abd5-e086ebb1552c","title":"membership manager"}],"isOptionalForOccupation":[{"href":"https://ec.europa.eu/esco/api/resource/occupation?uri=http://data.europa.eu/esco/occupation/bcc2c1db-f969-4355-bebf-4878ff6c2a94&language=en","uri":"http://data.europa.eu/esco/occupation/bcc2c1db-f969-4355-bebf-4878ff6c2a94","title":"service manager"}]},"_embedded":{}}]}}