{"total":8196,"offset":264,"limit":20,"language":"en","uri":"http://data.europa.eu/esco/concept-scheme/skills","relation":"hasTopConcept","_links":{"self":{"href":"https://ec.europa.eu/esco/api/resource/related?uri=http://data.europa.eu/esco/concept-scheme/skills&relation=hasTopConcept&limit=20&offset=264&language=en&full=true"},"prev":{"href":"https://ec.europa.eu/esco/api/resource/related?uri=http://data.europa.eu/esco/concept-scheme/skills&relation=hasTopConcept&limit=20&offset=263&language=en&full=true"},"next":{"href":"https://ec.europa.eu/esco/api/resource/related?uri=http://data.europa.eu/esco/concept-scheme/skills&relation=hasTopConcept&limit=20&offset=265&language=en&full=true"}},"_embedded":{"hasTopConcept":[{"className":"Skill","classId":"http://data.europa.eu/esco/model#Skill","uri":"http://data.europa.eu/esco/skill/64d1250f-1c2b-4bea-929e-626ba927ea35","title":"evidence-based radiography practice","referenceLanguage":["en"],"preferredLabel":{"no":"evidensbasert radiografipraksis","de":"evidenzbasierte Radiografiepraxis","en-us":"evidence-based radiography practice","fi":"näyttöön perustuva radiografinen hoito","pt":"práticas de radiologia baseadas em elementos concretos","bg":"доказателствен подход в радиографската практика","lt":"įrodymais grindžiama radiografijos praktika","lv":"uz pierādījumiem balstīta prakse radioloģijā","hr":"radiografijska praksa utemeljena na dokazima","fr":"approche factuelle en radiographie","hu":"bizonyítékokon alapuló radiográfiai gyakorlat","sk":"rádiografická prax založená na dôkazoch","sl":"na dokazih temelječa radiografija","ga":"cleachtas radagrafaíochta fianaisebhunaithe","sv":"evidensbaserad radiografi","el":"επιστημονικά τεκμηριωμένη χρήση ακτινογραφιών","mt":"prattika tar-radjografija abbażi tal-evidenza","en":"evidence-based radiography practice","is":"gagnreyndar röntgenlækningar","it":"pratica radiografica basata su dati probanti","es":"radiografía basada en la investigación","et":"tõenduspõhine radioloogia","cs":"radiografická praxe založená na důkazech","ar":"ممارسة التصوير بالأشعة القائم على الأدلة","pl":"praktyka radiograficzna oparta na dowodach","ro":"abordare bazată pe dovezi în radiografie","da":"evidensbaseret radiografi","nl":"empirisch onderbouwde aanpak in de radiografische praktijk"},"alternativeLabel":{"de":["evidenzbasierte Röntgenpraxis"],"sv":["evidensbaserad röntgenfotografering"],"en":["evidence-based radiography praxis","evidence-based radiography process","evidence-based radiography methods","evidence-based radiography performance","evidence-based radiography processes","radiography practice based on proven clinical expertise","proven clinical expertise in radiography practices","evidence-based radiography method"],"es":["método radiográfico basado en la investigación"],"nl":["op feitenmateriaal gebaseerde aanpak in de radiografische praktijk","benadering gebaseerd op wetenschappelijke feiten in de radiografische praktijk","evidence-based approach in de radiografische praktijk"]},"description":{"en-us":{"literal":"The radiography principles that require the application of quality decision-making and radiography care based on proven clinical expertise as well as the most recent research developments in the field.","mimetype":"plain/text"},"en":{"literal":"The radiography principles that require the application of quality decision-making and radiography care based on proven clinical expertise as well as the most recent research developments in the field.","mimetype":"plain/text"}},"status":"released","_links":{"self":{"href":"https://ec.europa.eu/esco/api/resource/skill?uri=http://data.europa.eu/esco/skill/64d1250f-1c2b-4bea-929e-626ba927ea35&language=en","uri":"http://data.europa.eu/esco/skill/64d1250f-1c2b-4bea-929e-626ba927ea35","title":"evidence-based radiography practice"},"isTopConceptInScheme":[{"href":"https://ec.europa.eu/esco/api/resource/taxonomy?uri=http://data.europa.eu/esco/concept-scheme/member-skills&language=en","uri":"http://data.europa.eu/esco/concept-scheme/member-skills","title":"ESCO member skills"},{"href":"https://ec.europa.eu/esco/api/resource/taxonomy?uri=http://data.europa.eu/esco/concept-scheme/skills&language=en","uri":"http://data.europa.eu/esco/concept-scheme/skills","title":"ESCO skills"}],"isInScheme":[{"href":"https://ec.europa.eu/esco/api/resource/taxonomy?uri=http://data.europa.eu/esco/concept-scheme/member-skills&language=en","uri":"http://data.europa.eu/esco/concept-scheme/member-skills","title":"ESCO member skills"},{"href":"https://ec.europa.eu/esco/api/resource/taxonomy?uri=http://data.europa.eu/esco/concept-scheme/skills&language=en","uri":"http://data.europa.eu/esco/concept-scheme/skills","title":"ESCO skills"}],"hasSkillType":[{"href":"https://ec.europa.eu/esco/api/resource/concept?uri=http://data.europa.eu/esco/skill-type/knowledge&language=en","uri":"http://data.europa.eu/esco/skill-type/knowledge","title":"knowledge"}],"hasReuseLevel":[{"href":"https://ec.europa.eu/esco/api/resource/concept?uri=http://data.europa.eu/esco/skill-reuse-level/sector-specific&language=en","uri":"http://data.europa.eu/esco/skill-reuse-level/sector-specific","title":"sector specific skills and competences","code":"Level 3"}],"isEssentialForOccupation":[{"href":"https://ec.europa.eu/esco/api/resource/occupation?uri=http://data.europa.eu/esco/occupation/a9e54177-a185-404d-b6e6-15663d31137e&language=en","uri":"http://data.europa.eu/esco/occupation/a9e54177-a185-404d-b6e6-15663d31137e","title":"therapeutic radiographer"},{"href":"https://ec.europa.eu/esco/api/resource/occupation?uri=http://data.europa.eu/esco/occupation/5efb4fff-8c5f-4697-9587-034d9f6af094&language=en","uri":"http://data.europa.eu/esco/occupation/5efb4fff-8c5f-4697-9587-034d9f6af094","title":"nuclear medicine radiographer"},{"href":"https://ec.europa.eu/esco/api/resource/occupation?uri=http://data.europa.eu/esco/occupation/7d092380-1c2e-48fe-81de-0d191b4e96d6&language=en","uri":"http://data.europa.eu/esco/occupation/7d092380-1c2e-48fe-81de-0d191b4e96d6","title":"diagnostic radiographer"},{"href":"https://ec.europa.eu/esco/api/resource/occupation?uri=http://data.europa.eu/esco/occupation/7639a601-6db0-41ed-9fb0-813d9b8beb05&language=en","uri":"http://data.europa.eu/esco/occupation/7639a601-6db0-41ed-9fb0-813d9b8beb05","title":"radiographer"}]},"_embedded":{}},{"className":"Skill","classId":"http://data.europa.eu/esco/model#Skill","uri":"http://data.europa.eu/esco/skill/038a6d0f-787f-4f71-aac6-bd54e16c57cf","title":"history of tobacco","referenceLanguage":["en"],"preferredLabel":{"de":"Geschichte des Tabaks","no":"tobakkens historie","en-us":"history of tobacco","fi":"tupakan historia","pt":"história do tabaco","bg":"история на тютюна","lt":"tabako istorija","lv":"tabakas vēsture","hr":"povijest duhana","fr":"histoire du tabac","hu":"a dohány története","sk":"dejiny tabaku","sl":"zgodovina tobaka","ga":"stair an tobac","sv":"tobakens historia","mt":"storja tat-tabakk","el":"ιστορία του καπνού","en":"history of tobacco","is":"saga tóbaks","it":"storia del tabacco","es":"historia del tabaco","et":"tubaka ajalugu","cs":"historie tabáku","ar":"تاريخ التبغ","pl":"historia tytoniu","ro":"istoria tutunului","da":"tobakkens historie","nl":"geschiedenis van tabak"},"alternativeLabel":{"en":["past of tobacco","tobacco history","the history of tobacco","yesteryear of tobacco","norms of tobacco","history regarding tobacco","traditions of tobacco"],"es":["orígenes del tabaco","evolución del tabaco","evolución del cultivo del tabaco","historia del cultivo del tabaco","orígenes del cultivo del tabaco"]},"description":{"en-us":{"literal":"The different stages and developments of tobacco cultivation, cultural particularities and trading through time.","mimetype":"plain/text"},"en":{"literal":"The different stages and developments of tobacco cultivation, cultural particularities and trading through time. ","mimetype":"plain/text"}},"status":"released","_links":{"self":{"href":"https://ec.europa.eu/esco/api/resource/skill?uri=http://data.europa.eu/esco/skill/038a6d0f-787f-4f71-aac6-bd54e16c57cf&language=en","uri":"http://data.europa.eu/esco/skill/038a6d0f-787f-4f71-aac6-bd54e16c57cf","title":"history of tobacco"},"isTopConceptInScheme":[{"href":"https://ec.europa.eu/esco/api/resource/taxonomy?uri=http://data.europa.eu/esco/concept-scheme/member-skills&language=en","uri":"http://data.europa.eu/esco/concept-scheme/member-skills","title":"ESCO member skills"},{"href":"https://ec.europa.eu/esco/api/resource/taxonomy?uri=http://data.europa.eu/esco/concept-scheme/skills&language=en","uri":"http://data.europa.eu/esco/concept-scheme/skills","title":"ESCO skills"}],"isInScheme":[{"href":"https://ec.europa.eu/esco/api/resource/taxonomy?uri=http://data.europa.eu/esco/concept-scheme/member-skills&language=en","uri":"http://data.europa.eu/esco/concept-scheme/member-skills","title":"ESCO member skills"},{"href":"https://ec.europa.eu/esco/api/resource/taxonomy?uri=http://data.europa.eu/esco/concept-scheme/skills&language=en","uri":"http://data.europa.eu/esco/concept-scheme/skills","title":"ESCO skills"}],"hasSkillType":[{"href":"https://ec.europa.eu/esco/api/resource/concept?uri=http://data.europa.eu/esco/skill-type/knowledge&language=en","uri":"http://data.europa.eu/esco/skill-type/knowledge","title":"knowledge"}],"hasReuseLevel":[{"href":"https://ec.europa.eu/esco/api/resource/concept?uri=http://data.europa.eu/esco/skill-reuse-level/sector-specific&language=en","uri":"http://data.europa.eu/esco/skill-reuse-level/sector-specific","title":"sector specific skills and competences","code":"Level 3"}],"isEssentialForOccupation":[{"href":"https://ec.europa.eu/esco/api/resource/occupation?uri=http://data.europa.eu/esco/occupation/d3de3205-dd5c-4112-86bc-161e41cd77a5&language=en","uri":"http://data.europa.eu/esco/occupation/d3de3205-dd5c-4112-86bc-161e41cd77a5","title":"cigar inspector"},{"href":"https://ec.europa.eu/esco/api/resource/occupation?uri=http://data.europa.eu/esco/occupation/5f84de7d-5008-45c4-a993-8066388e0756&language=en","uri":"http://data.europa.eu/esco/occupation/5f84de7d-5008-45c4-a993-8066388e0756","title":"leaf sorter"},{"href":"https://ec.europa.eu/esco/api/resource/occupation?uri=http://data.europa.eu/esco/occupation/066a9d8f-3948-409c-a3cf-ed8ed37cfe22&language=en","uri":"http://data.europa.eu/esco/occupation/066a9d8f-3948-409c-a3cf-ed8ed37cfe22","title":"curing room worker"}],"isOptionalForOccupation":[{"href":"https://ec.europa.eu/esco/api/resource/occupation?uri=http://data.europa.eu/esco/occupation/ecfcf554-254f-4dd7-a20c-b60cc6b16054&language=en","uri":"http://data.europa.eu/esco/occupation/ecfcf554-254f-4dd7-a20c-b60cc6b16054","title":"cigarette making machine operator"},{"href":"https://ec.europa.eu/esco/api/resource/occupation?uri=http://data.europa.eu/esco/occupation/17abb59e-a1f9-4ce8-88b7-569e5413dca9&language=en","uri":"http://data.europa.eu/esco/occupation/17abb59e-a1f9-4ce8-88b7-569e5413dca9","title":"cigar brander"}]},"_embedded":{}},{"className":"Skill","classId":"http://data.europa.eu/esco/model#Skill","uri":"http://data.europa.eu/esco/skill/7b0fb3d0-20a2-41a5-805a-b67a7dd98691","title":"betting legislation","referenceLanguage":["en"],"preferredLabel":{"no":"lovgivning om vedding","de":"Wettrecht","fi":"vedonlyöntilainsäädäntö","en-us":"betting legislation","pt":"legislação em matéria de apostas","bg":"законодателство в областта на игрите със залози","lt":"lažybų veiklos teisės aktai","lv":"derību jomas tiesību akti","hr":"zakonodavstvo o klađenju","fr":"législation sur les paris","hu":"a fogadásra vonatkozó jogszabályok","sk":"právne predpisy týkajúce sa stávkovania","sl":"zakonodaja o stavah","ga":"reachtaíocht gealltóireachta","sv":"vadslagningslagstiftning","mt":"leġiżlazzjoni dwar l-imħatri","el":"νομοθεσία για τις δραστηριότητες στοιχημάτων","en":"betting legislation","is":"lög um veðmál","it":"normativa sulle scommesse","es":"legislación relativa a las apuestas","et":"kihlveoeeskirjad","cs":"právní předpisy upravující sázení","ar":"قوانين الرهان","pl":"przepisy w zakresie zakładów","da":"lovgivning om væddemål","ro":"legislație în domeniul pariurilor și al jocurilor de noroc","nl":"wet op de kansspelen"},"alternativeLabel":{"bg":["законодателство в областта на залозите","законодателство в областта на залаганията","законодателство в областта на игрите със залагания"],"en":["wagering legislation","betting laws","gambling legislation","gambling laws"],"hr":["propisi o klađenju"],"hu":["a szerencsejátékra vonatkozó jogszabályok"],"ro":["reglementarea pariurilor","legea pariurilor online"],"nl":["gokwet","gokwetgeving"],"et":["kihlvedude eeskirjad"]},"description":{"en-us":{"literal":"The official legislations and laws that regulate or prohibit betting activities.","mimetype":"plain/text"},"en":{"literal":"The official legislations and laws that regulate or prohibit betting activities.","mimetype":"plain/text"}},"status":"released","_links":{"self":{"href":"https://ec.europa.eu/esco/api/resource/skill?uri=http://data.europa.eu/esco/skill/7b0fb3d0-20a2-41a5-805a-b67a7dd98691&language=en","uri":"http://data.europa.eu/esco/skill/7b0fb3d0-20a2-41a5-805a-b67a7dd98691","title":"betting legislation"},"isTopConceptInScheme":[{"href":"https://ec.europa.eu/esco/api/resource/taxonomy?uri=http://data.europa.eu/esco/concept-scheme/skills&language=en","uri":"http://data.europa.eu/esco/concept-scheme/skills","title":"ESCO skills"},{"href":"https://ec.europa.eu/esco/api/resource/taxonomy?uri=http://data.europa.eu/esco/concept-scheme/member-skills&language=en","uri":"http://data.europa.eu/esco/concept-scheme/member-skills","title":"ESCO member skills"}],"isInScheme":[{"href":"https://ec.europa.eu/esco/api/resource/taxonomy?uri=http://data.europa.eu/esco/concept-scheme/skills&language=en","uri":"http://data.europa.eu/esco/concept-scheme/skills","title":"ESCO skills"},{"href":"https://ec.europa.eu/esco/api/resource/taxonomy?uri=http://data.europa.eu/esco/concept-scheme/member-skills&language=en","uri":"http://data.europa.eu/esco/concept-scheme/member-skills","title":"ESCO member skills"}],"hasSkillType":[{"href":"https://ec.europa.eu/esco/api/resource/concept?uri=http://data.europa.eu/esco/skill-type/knowledge&language=en","uri":"http://data.europa.eu/esco/skill-type/knowledge","title":"knowledge"}],"hasReuseLevel":[{"href":"https://ec.europa.eu/esco/api/resource/concept?uri=http://data.europa.eu/esco/skill-reuse-level/occupation-specific&language=en","uri":"http://data.europa.eu/esco/skill-reuse-level/occupation-specific","title":"occupation specific skills and competences","code":"Level 4"}],"isEssentialForOccupation":[{"href":"https://ec.europa.eu/esco/api/resource/occupation?uri=http://data.europa.eu/esco/occupation/87e40e79-16fb-4391-9dcb-c15f40e026c1&language=en","uri":"http://data.europa.eu/esco/occupation/87e40e79-16fb-4391-9dcb-c15f40e026c1","title":"betting manager"}]},"_embedded":{}},{"className":"Skill","classId":"http://data.europa.eu/esco/model#Skill","uri":"http://data.europa.eu/esco/skill/5f7c6321-25d2-4c5a-83ea-0e68da0ecb85","title":"perform ocular tonometry","referenceLanguage":["en"],"preferredLabel":{"de":"Augendruckmessung vornehmen","no":"utføre okulær tonometri","en-us":"perform ocular tonometry","fi":"tehdä silmänpainemittauksia","pt":"realizar uma tonometria ocular","bg":"извършване на офталмотонометрия","lt":"atlikti akių tonometriją","hr":"mjeriti očni tlak","lv":"veikt acs tonometriju","fr":"réaliser une tonométrie oculaire","hu":"szemészeti tonometriát végez","sk":"perform ocular tonometry","sl":"izvajati merjenje očesnega pritiska","ga":"tástáil shúilí a dhéanamh","sv":"utföra ögontrycksmätning","mt":"twettiq tat-tonometrija tal-għajnejn","el":"διενέργεια τονομέτρησης","en":"perform ocular tonometry","is":"framkvæmir augnþrýstingsmælingu","it":"eseguire una tonometria oculare","es":"realizar una tonometría ocular","et":"silma siserõhku mõõtma","cs":"provádět tonometrii","ar":"يقوم بقياس توتر العين","pl":"przeprowadzać badania ciśnienia śródgałkowego","ro":"efectuează tonometrie oculară","da":"udføre okular tonometri","nl":"oculaire tonometrie uitvoeren"},"alternativeLabel":{"sv":["utföra oftaltonometri"],"sl":["izvajati tonometrijo","določati očesni tlak"],"en":["carry out ocular-tonometry tests","carry out ocular-tonometry","test intraocular pressure","carry out ocular tonometry","determine intraocular pressure","carry intraocular pressure test"],"pl":["przeprowadzać badania ciśnienia wewnątrzgałkowego","przeprowadzać tonometrię"],"es":["practicar una tonometría ocular"]},"description":{"en-us":{"literal":"Perform ocular tonometry as a test to determine the intraocular pressure inside the eye of patients at risk from glaucoma.","mimetype":"plain/text"},"en":{"literal":"Perform ocular tonometry as a test to determine the intraocular pressure inside the eye of patients at risk from glaucoma.","mimetype":"plain/text"}},"status":"released","_links":{"self":{"href":"https://ec.europa.eu/esco/api/resource/skill?uri=http://data.europa.eu/esco/skill/5f7c6321-25d2-4c5a-83ea-0e68da0ecb85&language=en","uri":"http://data.europa.eu/esco/skill/5f7c6321-25d2-4c5a-83ea-0e68da0ecb85","title":"perform ocular tonometry"},"isTopConceptInScheme":[{"href":"https://ec.europa.eu/esco/api/resource/taxonomy?uri=http://data.europa.eu/esco/concept-scheme/member-skills&language=en","uri":"http://data.europa.eu/esco/concept-scheme/member-skills","title":"ESCO member skills"},{"href":"https://ec.europa.eu/esco/api/resource/taxonomy?uri=http://data.europa.eu/esco/concept-scheme/skills&language=en","uri":"http://data.europa.eu/esco/concept-scheme/skills","title":"ESCO skills"}],"isInScheme":[{"href":"https://ec.europa.eu/esco/api/resource/taxonomy?uri=http://data.europa.eu/esco/concept-scheme/member-skills&language=en","uri":"http://data.europa.eu/esco/concept-scheme/member-skills","title":"ESCO member skills"},{"href":"https://ec.europa.eu/esco/api/resource/taxonomy?uri=http://data.europa.eu/esco/concept-scheme/skills&language=en","uri":"http://data.europa.eu/esco/concept-scheme/skills","title":"ESCO skills"}],"hasSkillType":[{"href":"https://ec.europa.eu/esco/api/resource/concept?uri=http://data.europa.eu/esco/skill-type/skill&language=en","uri":"http://data.europa.eu/esco/skill-type/skill","title":"skill"}],"hasReuseLevel":[{"href":"https://ec.europa.eu/esco/api/resource/concept?uri=http://data.europa.eu/esco/skill-reuse-level/occupation-specific&language=en","uri":"http://data.europa.eu/esco/skill-reuse-level/occupation-specific","title":"occupation specific skills and competences","code":"Level 4"}],"isOptionalForOccupation":[{"href":"https://ec.europa.eu/esco/api/resource/occupation?uri=http://data.europa.eu/esco/occupation/bffbe18a-cb8b-4f90-bd87-7505cd3b16f5&language=en","uri":"http://data.europa.eu/esco/occupation/bffbe18a-cb8b-4f90-bd87-7505cd3b16f5","title":"optometrist"}]},"_embedded":{}},{"className":"Skill","classId":"http://data.europa.eu/esco/model#Skill","uri":"http://data.europa.eu/esco/skill/b8b5d6aa-6c28-4e06-a98b-8a8a4c245a8c","title":"perform vision rehabilitation","referenceLanguage":["en"],"preferredLabel":{"de":"Rehabilitation des Sehens betreiben","no":"utføre synsrehabilitering","fi":"tehdä näönkuntoutusta","en-us":"perform vision rehabilitation","pt":"efetuar a reabilitação da visão","bg":"провеждане на рехабилитация на зрението","lt":"atlikti regėjimo reabilitaciją","hr":"rehabilitirati vid","lv":"veikt redzes rehabilitāciju","fr":"réaliser une rééducation visuelle","hu":"látáshelyreállítást végez","sk":"perform vision rehabilitation","sl":"izvajati rehabilitacijo vida","ga":"athshlánú radhairc a sholáthar","sv":"genomföra synrehabilitering","el":"διενέργεια αποκατάστασης της όρασης","mt":"twettiq tar-riabilitazzjoni tal-vista","en":"perform vision rehabilitation","is":"framkvæmir endurhæfingu á sjón","it":"eseguire una riabilitazione della vista","es":"utilizar la rehabilitación visual","et":"nägemisrehabilitatsiooni rakendama","cs":"provádět rehabilitaci zraku","ar":"يجري إعادة تأهيل الرؤية","pl":"przeprowadzać rehabilitację wzroku","ro":"efectuează reabilitare vizuală","da":"genoptræne syn","nl":"revalidatie van het zicht uitvoeren"},"alternativeLabel":{"en":["carry out vision rehabilitation","perform vision rehabilitations","apply vision rehabilitation techniques","perform rehabilitation of vision"],"fr":["réaliser une rééducation de la vision"],"es":["usar la rehabilitación visual"]},"description":{"en-us":{"literal":"maximize the remaining sight in people with low vision using rehabilitation strategies and magnification aids.","mimetype":"plain/text"},"en":{"literal":"Maximise the remaining sight in people with low vision using rehabilitation strategies and magnification aids.","mimetype":"plain/text"}},"status":"released","_links":{"self":{"href":"https://ec.europa.eu/esco/api/resource/skill?uri=http://data.europa.eu/esco/skill/b8b5d6aa-6c28-4e06-a98b-8a8a4c245a8c&language=en","uri":"http://data.europa.eu/esco/skill/b8b5d6aa-6c28-4e06-a98b-8a8a4c245a8c","title":"perform vision rehabilitation"},"isTopConceptInScheme":[{"href":"https://ec.europa.eu/esco/api/resource/taxonomy?uri=http://data.europa.eu/esco/concept-scheme/skills&language=en","uri":"http://data.europa.eu/esco/concept-scheme/skills","title":"ESCO skills"},{"href":"https://ec.europa.eu/esco/api/resource/taxonomy?uri=http://data.europa.eu/esco/concept-scheme/member-skills&language=en","uri":"http://data.europa.eu/esco/concept-scheme/member-skills","title":"ESCO member skills"}],"isInScheme":[{"href":"https://ec.europa.eu/esco/api/resource/taxonomy?uri=http://data.europa.eu/esco/concept-scheme/skills&language=en","uri":"http://data.europa.eu/esco/concept-scheme/skills","title":"ESCO skills"},{"href":"https://ec.europa.eu/esco/api/resource/taxonomy?uri=http://data.europa.eu/esco/concept-scheme/member-skills&language=en","uri":"http://data.europa.eu/esco/concept-scheme/member-skills","title":"ESCO member skills"}],"hasSkillType":[{"href":"https://ec.europa.eu/esco/api/resource/concept?uri=http://data.europa.eu/esco/skill-type/skill&language=en","uri":"http://data.europa.eu/esco/skill-type/skill","title":"skill"}],"hasReuseLevel":[{"href":"https://ec.europa.eu/esco/api/resource/concept?uri=http://data.europa.eu/esco/skill-reuse-level/sector-specific&language=en","uri":"http://data.europa.eu/esco/skill-reuse-level/sector-specific","title":"sector specific skills and competences","code":"Level 3"}],"isEssentialForOccupation":[{"href":"https://ec.europa.eu/esco/api/resource/occupation?uri=http://data.europa.eu/esco/occupation/bffbe18a-cb8b-4f90-bd87-7505cd3b16f5&language=en","uri":"http://data.europa.eu/esco/occupation/bffbe18a-cb8b-4f90-bd87-7505cd3b16f5","title":"optometrist"},{"href":"https://ec.europa.eu/esco/api/resource/occupation?uri=http://data.europa.eu/esco/occupation/771244bf-b204-4e7f-8b25-ee523ae7b791&language=en","uri":"http://data.europa.eu/esco/occupation/771244bf-b204-4e7f-8b25-ee523ae7b791","title":"orthoptist"}]},"_embedded":{}},{"className":"Skill","classId":"http://data.europa.eu/esco/model#Skill","uri":"http://data.europa.eu/esco/skill/108112e0-a3df-43bf-91ec-d9614ca4224c","title":"provide psychological support to patients","referenceLanguage":["en"],"preferredLabel":{"de":"Patienten/Patientinnen psychologische Unterstützung bieten","no":"gi psykologisk støtte til pasienter","fi":"tarjota psykologista tukea potilaille","en-us":"provide psychological support to patients","pt":"facultar apoio psicológico aos pacientes","bg":"предоставяне на психологическа подкрепа на пациенти","lt":"teikti psichologinę pagalbą pacientams","lv":"sniegt pacientiem psiholoģisko atbalstu","hr":"pružati psihološku potporu pacijentima","fr":"apporter un soutien psychologique aux patients","hu":"pszichológiai támogatást nyújt a betegeknek","sk":"provide psychological support to patients","sl":"zagotavljati psihološko podporo pacientom","ga":"tacaíocht shíceolaíoch a thabhairt d’othair","sv":"ge psykologiskt stöd åt patienter","mt":"forniment tal-appoġġ psikoloġiku lill-pazjenti","el":"παροχή ψυχολογικής υποστήριξης σε ασθενείς","en":"provide psychological support to patients","is":"veitir sálfræðilegan stuðning til sjúklinga","it":"fornire un sostegno psicologico ai pazienti","es":"proporcionar apoyo psicológico a los pacientes","et":"patsienti psühholoogiliselt toetama","cs":"poskytovat psychologickou podporu pacientům","ar":"يقدم الدعم النفسي للمرضى","pl":"udzielać pacjentom wsparcia psychologicznego","da":"yde psykologisk støtte til patienter","ro":"oferă pacienților sprijin psihologic","nl":"psychologische steun aan patiënten bieden"},"alternativeLabel":{"en":["provide psychological support to healthcare users","provide psychological support to service users","support patients' pyschological wellbeing","give psychological support to patients"],"es":["ofrecer apoyo psicológico a los pacientes"]},"description":{"en-us":{"literal":"Provide accurate psychological and emotional support to anxious, vulnerable and confused healthcare users related to the treatment undergone.","mimetype":"plain/text"},"en":{"literal":"Provide accurate psychological and emotional support to anxious, vulnerable and confused healthcare users related to the treatment undergone.","mimetype":"plain/text"}},"status":"released","_links":{"self":{"href":"https://ec.europa.eu/esco/api/resource/skill?uri=http://data.europa.eu/esco/skill/108112e0-a3df-43bf-91ec-d9614ca4224c&language=en","uri":"http://data.europa.eu/esco/skill/108112e0-a3df-43bf-91ec-d9614ca4224c","title":"provide psychological support to patients"},"isTopConceptInScheme":[{"href":"https://ec.europa.eu/esco/api/resource/taxonomy?uri=http://data.europa.eu/esco/concept-scheme/skills&language=en","uri":"http://data.europa.eu/esco/concept-scheme/skills","title":"ESCO skills"},{"href":"https://ec.europa.eu/esco/api/resource/taxonomy?uri=http://data.europa.eu/esco/concept-scheme/member-skills&language=en","uri":"http://data.europa.eu/esco/concept-scheme/member-skills","title":"ESCO member skills"}],"isInScheme":[{"href":"https://ec.europa.eu/esco/api/resource/taxonomy?uri=http://data.europa.eu/esco/concept-scheme/skills&language=en","uri":"http://data.europa.eu/esco/concept-scheme/skills","title":"ESCO skills"},{"href":"https://ec.europa.eu/esco/api/resource/taxonomy?uri=http://data.europa.eu/esco/concept-scheme/member-skills&language=en","uri":"http://data.europa.eu/esco/concept-scheme/member-skills","title":"ESCO member skills"}],"hasSkillType":[{"href":"https://ec.europa.eu/esco/api/resource/concept?uri=http://data.europa.eu/esco/skill-type/skill&language=en","uri":"http://data.europa.eu/esco/skill-type/skill","title":"skill"}],"hasReuseLevel":[{"href":"https://ec.europa.eu/esco/api/resource/concept?uri=http://data.europa.eu/esco/skill-reuse-level/cross-sector&language=en","uri":"http://data.europa.eu/esco/skill-reuse-level/cross-sector","title":"cross-sector skills and competences","code":"Level 2"}],"isEssentialForOccupation":[{"href":"https://ec.europa.eu/esco/api/resource/occupation?uri=http://data.europa.eu/esco/occupation/7d092380-1c2e-48fe-81de-0d191b4e96d6&language=en","uri":"http://data.europa.eu/esco/occupation/7d092380-1c2e-48fe-81de-0d191b4e96d6","title":"diagnostic radiographer"},{"href":"https://ec.europa.eu/esco/api/resource/occupation?uri=http://data.europa.eu/esco/occupation/a9e54177-a185-404d-b6e6-15663d31137e&language=en","uri":"http://data.europa.eu/esco/occupation/a9e54177-a185-404d-b6e6-15663d31137e","title":"therapeutic radiographer"},{"href":"https://ec.europa.eu/esco/api/resource/occupation?uri=http://data.europa.eu/esco/occupation/7639a601-6db0-41ed-9fb0-813d9b8beb05&language=en","uri":"http://data.europa.eu/esco/occupation/7639a601-6db0-41ed-9fb0-813d9b8beb05","title":"radiographer"},{"href":"https://ec.europa.eu/esco/api/resource/occupation?uri=http://data.europa.eu/esco/occupation/5efb4fff-8c5f-4697-9587-034d9f6af094&language=en","uri":"http://data.europa.eu/esco/occupation/5efb4fff-8c5f-4697-9587-034d9f6af094","title":"nuclear medicine radiographer"}]},"_embedded":{}},{"className":"Skill","classId":"http://data.europa.eu/esco/model#Skill","uri":"http://data.europa.eu/esco/skill/c2432314-940b-43a0-bb99-7abe069ddb37","title":"analyse seismic risk","referenceLanguage":["en"],"preferredLabel":{"no":"analysere seismisk risiko","de":"Erdbebenrisiko analysieren","en-us":"analyze  seismic risk","fi":"analysoida seismistä riskiä","pt":"analisar riscos sísmicos","bg":"анализиране на сеизмичния риск","lt":"analizuoti seisminę riziką","lv":"analizēt seismiskos riskus","hr":"analizirati seizmički rizik","fr":"analyser le risque sismique","hu":"földrengéskockázatot elemez","sk":"analyzovať seizmické riziko","sl":"analizirati seizmološko tveganje","ga":"riosca seismeach a anailísiú","sv":"analysera seismiska risker","el":"ανάλυση της σεισμικής επικινδυνότητας","mt":"analiżi tar-riskji sismiċi","en":"analyse seismic risk","is":"greinir jarðskjálftahættu","it":"analizzare il rischio sismico","es":"evaluar el riesgo sísmico","et":"maavärinaohtu analüüsima","cs":"analyzovat seismické riziko","ar":"يحلل المخاطر الزلزالية","pl":"analizować ryzyko sejsmiczne","da":"analysere seismisk risiko","ro":"analizează riscurile seismice","nl":"aardbevingsrisico analyseren"},"alternativeLabel":{"en":["analyze seismic risk","assess seismic risk","monitor seismic risk","evaluate seismic risk","examine seismic risk","analysing seismic risk","analyzing seismic risk"],"hu":["szeizmológiai kockázatot elemez"],"es":["analizar los datos obtenidos a través de sismómetros para determinar el riesgo sísmico","estimar el riesgo sísmico","detectar el riesgo sísmico","predecir el riesgo sísmico","analizar el riesgo sísmico"]},"description":{"en-us":{"literal":"Study data acquired from seismometers and other equipment in order to detect seismic risks in specific areas of planned construction.","mimetype":"plain/text"},"en":{"literal":"Study data acquired from seismometers and other equipment in order to detect seismic risks in specific areas of planned construction.","mimetype":"plain/text"}},"status":"released","_links":{"self":{"href":"https://ec.europa.eu/esco/api/resource/skill?uri=http://data.europa.eu/esco/skill/c2432314-940b-43a0-bb99-7abe069ddb37&language=en","uri":"http://data.europa.eu/esco/skill/c2432314-940b-43a0-bb99-7abe069ddb37","title":"analyse seismic risk"},"isTopConceptInScheme":[{"href":"https://ec.europa.eu/esco/api/resource/taxonomy?uri=http://data.europa.eu/esco/concept-scheme/member-skills&language=en","uri":"http://data.europa.eu/esco/concept-scheme/member-skills","title":"ESCO member skills"},{"href":"https://ec.europa.eu/esco/api/resource/taxonomy?uri=http://data.europa.eu/esco/concept-scheme/skills&language=en","uri":"http://data.europa.eu/esco/concept-scheme/skills","title":"ESCO skills"}],"isInScheme":[{"href":"https://ec.europa.eu/esco/api/resource/taxonomy?uri=http://data.europa.eu/esco/concept-scheme/member-skills&language=en","uri":"http://data.europa.eu/esco/concept-scheme/member-skills","title":"ESCO member skills"},{"href":"https://ec.europa.eu/esco/api/resource/taxonomy?uri=http://data.europa.eu/esco/concept-scheme/skills&language=en","uri":"http://data.europa.eu/esco/concept-scheme/skills","title":"ESCO skills"}],"hasSkillType":[{"href":"https://ec.europa.eu/esco/api/resource/concept?uri=http://data.europa.eu/esco/skill-type/skill&language=en","uri":"http://data.europa.eu/esco/skill-type/skill","title":"skill"}],"hasReuseLevel":[{"href":"https://ec.europa.eu/esco/api/resource/concept?uri=http://data.europa.eu/esco/skill-reuse-level/occupation-specific&language=en","uri":"http://data.europa.eu/esco/skill-reuse-level/occupation-specific","title":"occupation specific skills and competences","code":"Level 4"}],"isOptionalForOccupation":[{"href":"https://ec.europa.eu/esco/api/resource/occupation?uri=http://data.europa.eu/esco/occupation/b79cfd33-6e46-4b71-b180-c9a84422f047&language=en","uri":"http://data.europa.eu/esco/occupation/b79cfd33-6e46-4b71-b180-c9a84422f047","title":"seismologist"}]},"_embedded":{}},{"className":"Skill","classId":"http://data.europa.eu/esco/model#Skill","uri":"http://data.europa.eu/esco/skill/bc328421-3ecb-4b41-9eed-b01966845273","title":"recognise indicators of problem betting","referenceLanguage":["en"],"preferredLabel":{"de":"Symptome von Wettsucht erkennen","no":"gjenkjenne tegn på spillavhengighet","en-us":"recognize indicators of problem betting","fi":"tunnistaa ongelmavedonlyönnin merkkejä","pt":"reconhecer indicadores de problemas com apostas","bg":"разпознаване на признаци за проблеми, свързани със залаганията","lt":"pastebėti su lažybomis susijusių psichologinių problemų požymius","hr":"prepoznati pokazatelje ovisnosti o klađenju","lv":"atpazīt azartspēļu izraisītu problēmu pazīmes","fr":"reconnaître les indicateurs de paris pathologiques","hu":"felismeri a fogadási problémák jeleit","sk":"rozpoznať ukazovatele problémového stávkovania","sl":"prepoznati kazalnike zasvojenosti s stavami","ga":"comharthaí a aithint maidir le handúil sa ghealltóireacht","sv":"känna igen tecken på problematiskt beteende vid vadslagningsspel","el":"αναγνώριση ενδείξεων εθισμού στο στοίχημα","mt":"rikonoxximent tal-indikaturi tal-vizzju tal-imħatri","en":"recognise indicators of problem betting","is":"ber kennsl á tilvísanir um veðvandamál","it":"riconoscere i segnali del gioco compulsivo","es":"identificar indicadores de ludopatía o de conducta problemática en el juego","et":"hasartmänguprobleemide märke ära tundma","cs":"rozpoznat známky problematického holdování sázení","ar":"يتعرف على مؤشرات مشاكل الرهان","pl":"rozpoznawać oznaki problematycznych zachowań związanych z obstawianiem zakładów","da":"genkende tegn på ludomani","ro":"recunoaște indiciile unui comportament problematic sau impropriu în cazul pariurilor","nl":"indicatoren van problematisch wedden herkennen"},"alternativeLabel":{"en":["be aware of negative signs of betting and act promptly","identify problematic behavioural signals associated with betting","recognise betting problem indicators","recognise problem betting indicators"],"nl":["signalen van problematisch gokken herkennen","signalen van problematisch wedden herkennen","tekenen van problematisch wedden herkennen","indicatoren van problematisch gokken herkennen","tekenen van problematisch gokken herkennen"]},"description":{"en-us":{"literal":"recognize and react adequately to signs of problem betting, such as obsession, irrational behavior and borrowing money.","mimetype":"plain/text"},"en":{"literal":"Recognise and react adequately to signs of problem betting, such as obsession, irrational behaviour and borrowing money.","mimetype":"plain/text"}},"status":"released","_links":{"self":{"href":"https://ec.europa.eu/esco/api/resource/skill?uri=http://data.europa.eu/esco/skill/bc328421-3ecb-4b41-9eed-b01966845273&language=en","uri":"http://data.europa.eu/esco/skill/bc328421-3ecb-4b41-9eed-b01966845273","title":"recognise indicators of problem betting"},"isTopConceptInScheme":[{"href":"https://ec.europa.eu/esco/api/resource/taxonomy?uri=http://data.europa.eu/esco/concept-scheme/member-skills&language=en","uri":"http://data.europa.eu/esco/concept-scheme/member-skills","title":"ESCO member skills"},{"href":"https://ec.europa.eu/esco/api/resource/taxonomy?uri=http://data.europa.eu/esco/concept-scheme/skills&language=en","uri":"http://data.europa.eu/esco/concept-scheme/skills","title":"ESCO skills"}],"isInScheme":[{"href":"https://ec.europa.eu/esco/api/resource/taxonomy?uri=http://data.europa.eu/esco/concept-scheme/member-skills&language=en","uri":"http://data.europa.eu/esco/concept-scheme/member-skills","title":"ESCO member skills"},{"href":"https://ec.europa.eu/esco/api/resource/taxonomy?uri=http://data.europa.eu/esco/concept-scheme/skills&language=en","uri":"http://data.europa.eu/esco/concept-scheme/skills","title":"ESCO skills"}],"hasSkillType":[{"href":"https://ec.europa.eu/esco/api/resource/concept?uri=http://data.europa.eu/esco/skill-type/skill&language=en","uri":"http://data.europa.eu/esco/skill-type/skill","title":"skill"}],"hasReuseLevel":[{"href":"https://ec.europa.eu/esco/api/resource/concept?uri=http://data.europa.eu/esco/skill-reuse-level/occupation-specific&language=en","uri":"http://data.europa.eu/esco/skill-reuse-level/occupation-specific","title":"occupation specific skills and competences","code":"Level 4"}],"isEssentialForOccupation":[{"href":"https://ec.europa.eu/esco/api/resource/occupation?uri=http://data.europa.eu/esco/occupation/87e40e79-16fb-4391-9dcb-c15f40e026c1&language=en","uri":"http://data.europa.eu/esco/occupation/87e40e79-16fb-4391-9dcb-c15f40e026c1","title":"betting manager"}]},"_embedded":{}},{"className":"Skill","classId":"http://data.europa.eu/esco/model#Skill","uri":"http://data.europa.eu/esco/skill/ac745bcf-7b2a-4f64-bd81-129c1d4c8699","title":"prescribe corrective lenses","referenceLanguage":["en"],"preferredLabel":{"no":"foreskrive korrigerende linser","de":"Sehhilfen verschreiben","fi":"määrätä korjaavia linssejä","en-us":"prescribe corrective lenses","pt":"prescrever lentes corretoras","bg":"предписване на коригиращи лещи","lt":"paskirti korekcinius lęšius","hr":"propisivati korektivne leće","lv":"parakstīt korektīvās lēcas","fr":"prescrire des verres correcteurs","hu":"korrekciós lencséket ír fel","sk":"prescribe corrective lenses","sl":"predpisovati korektivne leče","ga":"lionsaí ceartaitheacha a ordú","sv":"förskriva korrektionsglas","el":"συνταγογράφηση διορθωτικών γυαλιών","mt":"ordnar tal-lentijiet tal-kuntatt bir-riċetta","en":"prescribe corrective lenses","is":"fyrirskipar sjónskekkjulinsur","it":"prescrivere le lenti correttive","es":"prescribir lentes graduadas","et":"nägemist korrigeerivaid prille või kontaktläätsi määrama","cs":"předepisovat korektivní čočky","ar":"يصف العدسات التصحيحية","pl":"wypisywać recepty na soczewki korekcyjne","ro":"prescrie lentile corectoare","da":"ordinere korrigerende linser","nl":"corrigerende lenzen voorschrijven"},"alternativeLabel":{"en":["ordain eyeglasses and contact lenses","prescribe corrective lense","prescribe the use of eyeglasses and contact lenses","prescribe eyeglasses and contact lenses","prescribe the use of corrective lenses","ordain corrective lenses"],"es":["recomendar lentes graduadas","prescribir gafas"]},"description":{"en-us":{"literal":"Prescribe eyeglasses and contact lenses, according to measurements and tests conducted.","mimetype":"plain/text"},"en":{"literal":"Prescribe eyeglasses and contact lenses, according to measurements and tests conducted.","mimetype":"plain/text"}},"status":"released","_links":{"self":{"href":"https://ec.europa.eu/esco/api/resource/skill?uri=http://data.europa.eu/esco/skill/ac745bcf-7b2a-4f64-bd81-129c1d4c8699&language=en","uri":"http://data.europa.eu/esco/skill/ac745bcf-7b2a-4f64-bd81-129c1d4c8699","title":"prescribe corrective lenses"},"isTopConceptInScheme":[{"href":"https://ec.europa.eu/esco/api/resource/taxonomy?uri=http://data.europa.eu/esco/concept-scheme/skills&language=en","uri":"http://data.europa.eu/esco/concept-scheme/skills","title":"ESCO skills"},{"href":"https://ec.europa.eu/esco/api/resource/taxonomy?uri=http://data.europa.eu/esco/concept-scheme/member-skills&language=en","uri":"http://data.europa.eu/esco/concept-scheme/member-skills","title":"ESCO member skills"}],"isInScheme":[{"href":"https://ec.europa.eu/esco/api/resource/taxonomy?uri=http://data.europa.eu/esco/concept-scheme/skills&language=en","uri":"http://data.europa.eu/esco/concept-scheme/skills","title":"ESCO skills"},{"href":"https://ec.europa.eu/esco/api/resource/taxonomy?uri=http://data.europa.eu/esco/concept-scheme/member-skills&language=en","uri":"http://data.europa.eu/esco/concept-scheme/member-skills","title":"ESCO member skills"}],"hasSkillType":[{"href":"https://ec.europa.eu/esco/api/resource/concept?uri=http://data.europa.eu/esco/skill-type/skill&language=en","uri":"http://data.europa.eu/esco/skill-type/skill","title":"skill"}],"hasReuseLevel":[{"href":"https://ec.europa.eu/esco/api/resource/concept?uri=http://data.europa.eu/esco/skill-reuse-level/sector-specific&language=en","uri":"http://data.europa.eu/esco/skill-reuse-level/sector-specific","title":"sector specific skills and competences","code":"Level 3"}],"isEssentialForOccupation":[{"href":"https://ec.europa.eu/esco/api/resource/occupation?uri=http://data.europa.eu/esco/occupation/bffbe18a-cb8b-4f90-bd87-7505cd3b16f5&language=en","uri":"http://data.europa.eu/esco/occupation/bffbe18a-cb8b-4f90-bd87-7505cd3b16f5","title":"optometrist"}],"isOptionalForOccupation":[{"href":"https://ec.europa.eu/esco/api/resource/occupation?uri=http://data.europa.eu/esco/occupation/771244bf-b204-4e7f-8b25-ee523ae7b791&language=en","uri":"http://data.europa.eu/esco/occupation/771244bf-b204-4e7f-8b25-ee523ae7b791","title":"orthoptist"}]},"_embedded":{}},{"className":"Skill","classId":"http://data.europa.eu/esco/model#Skill","uri":"http://data.europa.eu/esco/skill/188fdd8d-eaa6-4a1c-bdfc-46db60de4975","title":"control levels of nicotine per cigar","referenceLanguage":["en"],"preferredLabel":{"no":"kontrollere nivåer av nikotin per sigar","de":"Nikotingehalt pro Zigarre kontrollieren","en-us":"control levels of nicotine per cigar","fi":"säädellä savukkeiden nikotiinipitoisuutta","pt":"controlar os níveis de nicotina por charuto","bg":"контролиране на нивата на никотин във всяка цигара","lt":"kontroliuoti nikotino kiekį cigare","hr":"regulirati razine nikotina po cigari","lv":"kontrolēt nikotīna līmeni cigāros","fr":"contrôler le niveau de nicotine par cigare","hu":"ellenőrzi a szivaronkénti nikotinszintet","sk":"regulovať úrovne nikotínu na cigaru","sl":"nadzorovati raven nikotina v cigari","ga":"leibhéil nicitín in aghaidh na todóige a rialú","sv":"kontrollera nikotinhalten i en cigarr","mt":"kontroll tal-livelli ta’ nikotina f’kull sigarru","el":"έλεγχος των επιπέδων νικοτίνης ανά πούρο","en":"control levels of nicotine per cigar","is":"stýrir magni nikótíns á vindli","it":"controllare i livelli di nicotina a sigaro","es":"controlar los niveles de nicotina de los cigarros","et":"ühe sigari nikotiinisisaldust kontrollima","cs":"kontrolovat množství nikotinu na cigaretu","ar":"يتحكم في مستويات النيكوتين في السجائر","pl":"kontrolować poziom nikotyny w cygarach","da":"kontrollere nikotinindholdet pr. cigar","ro":"controlează nivelul de nicotină din trabucuri","nl":"nicotineniveaus per sigaar controleren"},"alternativeLabel":{"en":["control the level of nicotine per cigar","direct levels of nicotine per cigar","controlling levels of nicotine per cigar","control the levels of nicotine per cigar","supervise levels of nicotine per cigar","oversee levels of nicotine per cigar","manage levels of nicotine per cigar"],"es":["gestionar los niveles de nicotina de los cigarros"]},"description":{"en-us":{"literal":"Control the levels of nicotine present in the leaves of tobacco to maintain required levels of nicotine in each cigar and comply with relevant regulations, if any.","mimetype":"plain/text"},"en":{"literal":"Control the levels of nicotine present in the leaves of tobacco to maintain required levels of nicotine in each cigar and comply with relevant regulations, if any.","mimetype":"plain/text"}},"status":"released","_links":{"self":{"href":"https://ec.europa.eu/esco/api/resource/skill?uri=http://data.europa.eu/esco/skill/188fdd8d-eaa6-4a1c-bdfc-46db60de4975&language=en","uri":"http://data.europa.eu/esco/skill/188fdd8d-eaa6-4a1c-bdfc-46db60de4975","title":"control levels of nicotine per cigar"},"isTopConceptInScheme":[{"href":"https://ec.europa.eu/esco/api/resource/taxonomy?uri=http://data.europa.eu/esco/concept-scheme/member-skills&language=en","uri":"http://data.europa.eu/esco/concept-scheme/member-skills","title":"ESCO member skills"},{"href":"https://ec.europa.eu/esco/api/resource/taxonomy?uri=http://data.europa.eu/esco/concept-scheme/skills&language=en","uri":"http://data.europa.eu/esco/concept-scheme/skills","title":"ESCO skills"}],"isInScheme":[{"href":"https://ec.europa.eu/esco/api/resource/taxonomy?uri=http://data.europa.eu/esco/concept-scheme/member-skills&language=en","uri":"http://data.europa.eu/esco/concept-scheme/member-skills","title":"ESCO member skills"},{"href":"https://ec.europa.eu/esco/api/resource/taxonomy?uri=http://data.europa.eu/esco/concept-scheme/skills&language=en","uri":"http://data.europa.eu/esco/concept-scheme/skills","title":"ESCO skills"}],"hasSkillType":[{"href":"https://ec.europa.eu/esco/api/resource/concept?uri=http://data.europa.eu/esco/skill-type/skill&language=en","uri":"http://data.europa.eu/esco/skill-type/skill","title":"skill"}],"hasReuseLevel":[{"href":"https://ec.europa.eu/esco/api/resource/concept?uri=http://data.europa.eu/esco/skill-reuse-level/occupation-specific&language=en","uri":"http://data.europa.eu/esco/skill-reuse-level/occupation-specific","title":"occupation specific skills and competences","code":"Level 4"}],"isEssentialForOccupation":[{"href":"https://ec.europa.eu/esco/api/resource/occupation?uri=http://data.europa.eu/esco/occupation/d3de3205-dd5c-4112-86bc-161e41cd77a5&language=en","uri":"http://data.europa.eu/esco/occupation/d3de3205-dd5c-4112-86bc-161e41cd77a5","title":"cigar inspector"}]},"_embedded":{}},{"className":"Skill","classId":"http://data.europa.eu/esco/model#Skill","uri":"http://data.europa.eu/esco/skill/b4193ea3-548c-4e2b-a4e9-27a59632b04c","title":"fertiliser catalysts","referenceLanguage":["en"],"preferredLabel":{"no":"gjødselkatalysatorer","de":"Katalysatoren für die Düngemittelindustrie","en-us":"fertilizer  catalysts","fi":"lannoitteiden katalyytit","pt":"catalisadores de adubos","bg":"катализатори в торовата индустрия","lt":"trąšų katalizatoriai","hr":"katalizatori gnojiva","lv":"katalizatori mēslošanas līdzekļos","fr":"catalyseurs pour engrais","hu":"a műtrágyák katalizátorai","sk":"hnojivové katalyzátory","sl":"katalizatorji v gnojilih","ga":"catalaígh leasachán","sv":"gödselmedelskatalysatorer","el":"καταλύτες λίπανσης","mt":"katalizzaturi tal-fertilizzanti","en":"fertiliser catalysts","is":"gróðuráburðarhvatar","it":"catalizzatori per fertilizzanti","es":"catalizadores empleados en la producción de fertilizantes","et":"väetiste katalüsaatorid","cs":"katalyzátory používané k výrobě hnojiv","ar":"محفزات الأسمدة","pl":"katalizatory nawozowe","da":"gødningskatalysatorer","ro":"catalizatori pentru fertilizatori","nl":"meststofkatalysatoren"},"alternativeLabel":{"sv":["katalysatorer för gödselmedelsproduktion","gödningsmedelskatalysatorer"],"el":["λιπαντικοί καταλύτες"],"en":["sulphuric acid","nitric acid","ammonia","catalysts for fertilizers"],"ro":["acid sulfuric","acid azotic","amoniac"],"nl":["kunstmestkatalysatoren"]},"description":{"en-us":{"literal":"The description, composition and action of the catalysts used in fertilizers industry such as nitric acid, sulfuric acid or ammonia production.","mimetype":"plain/text"},"en":{"literal":"The description, composition and action of the catalysts used in fertilisers industry such as nitric acid, sulfuric acid or ammonia production.","mimetype":"plain/text"}},"status":"released","_links":{"self":{"href":"https://ec.europa.eu/esco/api/resource/skill?uri=http://data.europa.eu/esco/skill/b4193ea3-548c-4e2b-a4e9-27a59632b04c&language=en","uri":"http://data.europa.eu/esco/skill/b4193ea3-548c-4e2b-a4e9-27a59632b04c","title":"fertiliser catalysts"},"isTopConceptInScheme":[{"href":"https://ec.europa.eu/esco/api/resource/taxonomy?uri=http://data.europa.eu/esco/concept-scheme/skills&language=en","uri":"http://data.europa.eu/esco/concept-scheme/skills","title":"ESCO skills"},{"href":"https://ec.europa.eu/esco/api/resource/taxonomy?uri=http://data.europa.eu/esco/concept-scheme/member-skills&language=en","uri":"http://data.europa.eu/esco/concept-scheme/member-skills","title":"ESCO member skills"}],"isInScheme":[{"href":"https://ec.europa.eu/esco/api/resource/taxonomy?uri=http://data.europa.eu/esco/concept-scheme/skills&language=en","uri":"http://data.europa.eu/esco/concept-scheme/skills","title":"ESCO skills"},{"href":"https://ec.europa.eu/esco/api/resource/taxonomy?uri=http://data.europa.eu/esco/concept-scheme/member-skills&language=en","uri":"http://data.europa.eu/esco/concept-scheme/member-skills","title":"ESCO member skills"}],"hasSkillType":[{"href":"https://ec.europa.eu/esco/api/resource/concept?uri=http://data.europa.eu/esco/skill-type/knowledge&language=en","uri":"http://data.europa.eu/esco/skill-type/knowledge","title":"knowledge"}],"hasReuseLevel":[{"href":"https://ec.europa.eu/esco/api/resource/concept?uri=http://data.europa.eu/esco/skill-reuse-level/occupation-specific&language=en","uri":"http://data.europa.eu/esco/skill-reuse-level/occupation-specific","title":"occupation specific skills and competences","code":"Level 4"}],"isOptionalForOccupation":[{"href":"https://ec.europa.eu/esco/api/resource/occupation?uri=http://data.europa.eu/esco/occupation/81f8ea60-41d4-434a-b0fc-f870e83e7e27&language=en","uri":"http://data.europa.eu/esco/occupation/81f8ea60-41d4-434a-b0fc-f870e83e7e27","title":"fertiliser mixer"}]},"_embedded":{}},{"className":"Skill","classId":"http://data.europa.eu/esco/model#Skill","uri":"http://data.europa.eu/esco/skill/4ad83664-21a9-4f96-8834-0fc8f671be9c","title":"dispatch order processing","referenceLanguage":["en"],"preferredLabel":{"de":"Abwicklung des Versandauftrags","no":"behandling av utsendelsesordre","en-us":"dispatch order processing","fi":"lähettää käsitellyt tilaukset","pt":"despachar o processamento de encomendas","bg":"разпределяне на обработката на поръчките","lt":"atklikti su užsakymo vykdymu susijusius skirstymo darbus","lv":"apstrādāt pasūtījumus","hr":"obrađivati narudžbe za slanje","fr":"répartir le traitement des commandes","hu":"feldolgozza a megrendeléseket","sk":"spracovať objednávky na expedíciu","sl":"obdelovati odpremne naloge","ga":"déileáil le próiseáil orduithe","sv":"skicka iväg beställningar","mt":"dispaċċ tal-ipproċessar tal-ordnijiet","el":"διεκπεραίωση παραγγελίας αποστολής","en":"dispatch order processing","is":"afgreiðir pöntun","it":"smistare gli ordini completati","es":"procesar el envío de un pedido","et":"tellimusi saatmiseks ette valmistama","cs":"expedovat objednávky","ar":"يرسل الطلبات المجهزة","pl":"przetwarzać zamówienia do wysłania","da":"afsende ordrer","ro":"asigură dispecerizarea prelucrării comenzilor","nl":"bestellingen verzenden"},"alternativeLabel":{"en":["dispatching order processing","analyse order processing","measure order processing","order processing dispatch","refine order processing","handle order processing"],"es":["realizar el envío de un pedido","llevar a cabo el envío de un pedido"]},"description":{"en-us":{"literal":"Pack and deliver the packed goods to a shipping carrier.","mimetype":"plain/text"},"en":{"literal":"Pack and deliver the packed goods to a shipping carrier.","mimetype":"plain/text"}},"status":"released","_links":{"self":{"href":"https://ec.europa.eu/esco/api/resource/skill?uri=http://data.europa.eu/esco/skill/4ad83664-21a9-4f96-8834-0fc8f671be9c&language=en","uri":"http://data.europa.eu/esco/skill/4ad83664-21a9-4f96-8834-0fc8f671be9c","title":"dispatch order processing"},"isTopConceptInScheme":[{"href":"https://ec.europa.eu/esco/api/resource/taxonomy?uri=http://data.europa.eu/esco/concept-scheme/skills&language=en","uri":"http://data.europa.eu/esco/concept-scheme/skills","title":"ESCO skills"},{"href":"https://ec.europa.eu/esco/api/resource/taxonomy?uri=http://data.europa.eu/esco/concept-scheme/member-skills&language=en","uri":"http://data.europa.eu/esco/concept-scheme/member-skills","title":"ESCO member skills"}],"isInScheme":[{"href":"https://ec.europa.eu/esco/api/resource/taxonomy?uri=http://data.europa.eu/esco/concept-scheme/skills&language=en","uri":"http://data.europa.eu/esco/concept-scheme/skills","title":"ESCO skills"},{"href":"https://ec.europa.eu/esco/api/resource/taxonomy?uri=http://data.europa.eu/esco/concept-scheme/member-skills&language=en","uri":"http://data.europa.eu/esco/concept-scheme/member-skills","title":"ESCO member skills"}],"hasSkillType":[{"href":"https://ec.europa.eu/esco/api/resource/concept?uri=http://data.europa.eu/esco/skill-type/skill&language=en","uri":"http://data.europa.eu/esco/skill-type/skill","title":"skill"}],"hasReuseLevel":[{"href":"https://ec.europa.eu/esco/api/resource/concept?uri=http://data.europa.eu/esco/skill-reuse-level/sector-specific&language=en","uri":"http://data.europa.eu/esco/skill-reuse-level/sector-specific","title":"sector specific skills and competences","code":"Level 3"}],"isEssentialForOccupation":[{"href":"https://ec.europa.eu/esco/api/resource/occupation?uri=http://data.europa.eu/esco/occupation/808becc8-5a4e-4e71-a043-c2ea32b56ae3&language=en","uri":"http://data.europa.eu/esco/occupation/808becc8-5a4e-4e71-a043-c2ea32b56ae3","title":"materials handler"},{"href":"https://ec.europa.eu/esco/api/resource/occupation?uri=http://data.europa.eu/esco/occupation/e4f33b45-ee95-48b5-b2f8-e397aa14ed41&language=en","uri":"http://data.europa.eu/esco/occupation/e4f33b45-ee95-48b5-b2f8-e397aa14ed41","title":"distribution centre dispatcher"},{"href":"https://ec.europa.eu/esco/api/resource/occupation?uri=http://data.europa.eu/esco/occupation/bea705fe-06ac-4147-b8e0-6e8ac1208d8f&language=en","uri":"http://data.europa.eu/esco/occupation/bea705fe-06ac-4147-b8e0-6e8ac1208d8f","title":"warehouse worker"}]},"_embedded":{}},{"className":"Skill","classId":"http://data.europa.eu/esco/model#Skill","uri":"http://data.europa.eu/esco/skill/f1ec7f2b-8b4f-4fbf-86e2-5ba5928fd030","title":"perform bilateral interpretation","referenceLanguage":["en"],"preferredLabel":{"no":"utføre bilateral tolkning","de":"bilateral dolmetschen","fi":"tulkata puhuttua kieltä toiselle kielelle","en-us":"perform bilateral interpretation","pt":"realizar interpretação bilateral","bg":"осъществяване на двупосочен устен превод","lt":"versti žodžiu iš originalo kalbos ir į originalo kalbą","lv":"veikt divpusējo tulkošanu","hr":"dvosmjerno usmeno prevoditi","fr":"réaliser une interprétation bilatérale ou de liaison","hu":"kétirányú tolmácsolást végez","sk":"tlmočiť obojsmerne","sl":"tolmačiti dvosmerno","ga":"ateangaireacht dhéthaobhach a dhéanamh","sv":"utföra tvåvägstolkning","mt":"twettiq tal-interpretar bilaterali","el":"παροχή υπηρεσιών ευθείας και αντίστροφης διερμηνείας","en":"perform bilateral interpretation","is":"framkvæmir tvíhliða túlkun","it":"svolgere un'interpretazione bilaterale","es":"hacer interpretación bilateral","et":"kahepoolselt suuliselt tõlkima","cs":"dvoustranně tlumočit","ar":"يجري تفسير ثنائي","pl":"świadczyć usługi dwustronnego tłumaczenia ustnego","ro":"efectuează interpretare bilaterală","da":"udføre bilateral tolkning","nl":"bilateraal tolken"},"alternativeLabel":{"de":["bilaterales Dolmetschen betreiben"],"fi":["suorittaa asioimistulkkausta"],"en":["perform bilateral interpretations","carry out bilateral interpretation","performing bilateral interpretation","engage in bilateral interpretation","conduct bilateral interpretation"],"nl":["gesprekstolken"],"es":["interpretar bilateralmente","realizar interpretación bilateral"]},"description":{"en-us":{"literal":"Understand and interpret oral statements in both directions of a language pair, while maintaining the speaker’s communicative intent.","mimetype":"plain/text"},"en":{"literal":"Understand and interpret oral statements in both directions of a language pair, while maintaining the speaker’s communicative intent.","mimetype":"plain/text"}},"status":"released","_links":{"self":{"href":"https://ec.europa.eu/esco/api/resource/skill?uri=http://data.europa.eu/esco/skill/f1ec7f2b-8b4f-4fbf-86e2-5ba5928fd030&language=en","uri":"http://data.europa.eu/esco/skill/f1ec7f2b-8b4f-4fbf-86e2-5ba5928fd030","title":"perform bilateral interpretation"},"isTopConceptInScheme":[{"href":"https://ec.europa.eu/esco/api/resource/taxonomy?uri=http://data.europa.eu/esco/concept-scheme/skills&language=en","uri":"http://data.europa.eu/esco/concept-scheme/skills","title":"ESCO skills"},{"href":"https://ec.europa.eu/esco/api/resource/taxonomy?uri=http://data.europa.eu/esco/concept-scheme/member-skills&language=en","uri":"http://data.europa.eu/esco/concept-scheme/member-skills","title":"ESCO member skills"}],"isInScheme":[{"href":"https://ec.europa.eu/esco/api/resource/taxonomy?uri=http://data.europa.eu/esco/concept-scheme/skills&language=en","uri":"http://data.europa.eu/esco/concept-scheme/skills","title":"ESCO skills"},{"href":"https://ec.europa.eu/esco/api/resource/taxonomy?uri=http://data.europa.eu/esco/concept-scheme/member-skills&language=en","uri":"http://data.europa.eu/esco/concept-scheme/member-skills","title":"ESCO member skills"}],"hasSkillType":[{"href":"https://ec.europa.eu/esco/api/resource/concept?uri=http://data.europa.eu/esco/skill-type/skill&language=en","uri":"http://data.europa.eu/esco/skill-type/skill","title":"skill"}],"hasReuseLevel":[{"href":"https://ec.europa.eu/esco/api/resource/concept?uri=http://data.europa.eu/esco/skill-reuse-level/sector-specific&language=en","uri":"http://data.europa.eu/esco/skill-reuse-level/sector-specific","title":"sector specific skills and competences","code":"Level 3"}],"isEssentialForOccupation":[{"href":"https://ec.europa.eu/esco/api/resource/occupation?uri=http://data.europa.eu/esco/occupation/23e692a9-a242-4d4f-988f-ed562f757864&language=en","uri":"http://data.europa.eu/esco/occupation/23e692a9-a242-4d4f-988f-ed562f757864","title":"interpreter"},{"href":"https://ec.europa.eu/esco/api/resource/occupation?uri=http://data.europa.eu/esco/occupation/7d7ea936-a1c6-499d-9aa7-054e943b019b&language=en","uri":"http://data.europa.eu/esco/occupation/7d7ea936-a1c6-499d-9aa7-054e943b019b","title":"interpretation agency manager"}]},"_embedded":{}},{"className":"Skill","classId":"http://data.europa.eu/esco/model#Skill","uri":"http://data.europa.eu/esco/skill/953f120c-e08e-44a4-b300-5adb69f8809c","title":"feed fertilizer mixer","referenceLanguage":["en"],"preferredLabel":{"de":"Düngermischanlage beschicken","no":"mate gjødselblander","fi":"annostella aineita lannoitteensekoittimeen","en-us":"feed fertilizer mixer","pt":"alimentar a misturadora de adubos","bg":"зареждане на смесители за торове","lt":"tiekti žaliavas į trąšų maišymo mašiną","hr":"ubacivati u miješalicu za gnojivo","lv":"uzpildīt mēslošanas līdzekļu maisītāju","fr":"alimenter un mélangeur à engrais","hu":"a trágyakeverőbe önti az anyagokat","sk":"plniť miešač hnojiva","sl":"polniti mešalnik za gnojilo","ga":"meascthóir leasacháin a fhothú","sv":"fylla på gödselblandare","el":"τροφοδοσία αναμεικτήρα λιπασμάτων","mt":"alimentazzjoni tal-mikser tal-fertilizzant","en":"feed fertilizer mixer","is":"matar áburðarblandara","it":"alimentare l'impastatrice di fertilizzanti","es":"llenar mezcladoras de fertilizante","et":"väetisesegurit täitma","cs":"plnit míchačku na hnojivo","ar":"يزود خلاط الأسمدة","pl":"zasilać mieszarkę do nawozów","ro":"alimentează malaxoare de îngrășăminte","da":"forsyne gødningsblander","nl":"mixers voor meststoffen vullen"},"alternativeLabel":{"lt":["tiekti žaliavas į trąšų maišyklę"],"en":["feeding fertilizer mixer","fertilizer mixer feeding","fertilizer mixer supplying","supplying fertilizer mixer","supply fertilizer mixer"],"nl":["mixers voor meststoffen voeden"]},"description":{"en-us":{"literal":"Feed the fertilizer mixer with dry materials from the storage hopper by pulling the lever.","mimetype":"plain/text"},"en":{"literal":"Feed the fertiliser mixer with dry materials from the storage hopper by pulling the lever.","mimetype":"plain/text"}},"status":"released","_links":{"self":{"href":"https://ec.europa.eu/esco/api/resource/skill?uri=http://data.europa.eu/esco/skill/953f120c-e08e-44a4-b300-5adb69f8809c&language=en","uri":"http://data.europa.eu/esco/skill/953f120c-e08e-44a4-b300-5adb69f8809c","title":"feed fertilizer mixer"},"isTopConceptInScheme":[{"href":"https://ec.europa.eu/esco/api/resource/taxonomy?uri=http://data.europa.eu/esco/concept-scheme/member-skills&language=en","uri":"http://data.europa.eu/esco/concept-scheme/member-skills","title":"ESCO member skills"},{"href":"https://ec.europa.eu/esco/api/resource/taxonomy?uri=http://data.europa.eu/esco/concept-scheme/skills&language=en","uri":"http://data.europa.eu/esco/concept-scheme/skills","title":"ESCO skills"}],"isInScheme":[{"href":"https://ec.europa.eu/esco/api/resource/taxonomy?uri=http://data.europa.eu/esco/concept-scheme/member-skills&language=en","uri":"http://data.europa.eu/esco/concept-scheme/member-skills","title":"ESCO member skills"},{"href":"https://ec.europa.eu/esco/api/resource/taxonomy?uri=http://data.europa.eu/esco/concept-scheme/skills&language=en","uri":"http://data.europa.eu/esco/concept-scheme/skills","title":"ESCO skills"}],"hasSkillType":[{"href":"https://ec.europa.eu/esco/api/resource/concept?uri=http://data.europa.eu/esco/skill-type/skill&language=en","uri":"http://data.europa.eu/esco/skill-type/skill","title":"skill"}],"hasReuseLevel":[{"href":"https://ec.europa.eu/esco/api/resource/concept?uri=http://data.europa.eu/esco/skill-reuse-level/sector-specific&language=en","uri":"http://data.europa.eu/esco/skill-reuse-level/sector-specific","title":"sector specific skills and competences","code":"Level 3"}],"isEssentialForOccupation":[{"href":"https://ec.europa.eu/esco/api/resource/occupation?uri=http://data.europa.eu/esco/occupation/81f8ea60-41d4-434a-b0fc-f870e83e7e27&language=en","uri":"http://data.europa.eu/esco/occupation/81f8ea60-41d4-434a-b0fc-f870e83e7e27","title":"fertiliser mixer"},{"href":"https://ec.europa.eu/esco/api/resource/occupation?uri=http://data.europa.eu/esco/occupation/165f32b8-756a-4ef3-87f1-83fbbdc60db7&language=en","uri":"http://data.europa.eu/esco/occupation/165f32b8-756a-4ef3-87f1-83fbbdc60db7","title":"pesticide mixer"}]},"_embedded":{}},{"className":"Skill","classId":"http://data.europa.eu/esco/model#Skill","uri":"http://data.europa.eu/esco/skill/8fced680-a4e4-4ecc-9999-3061ddc3583e","title":"perform dental charting","referenceLanguage":["en"],"preferredLabel":{"de":"Zahndiagramme erstellen","no":"utføre dental kartlegging","en-us":"perform dental charting","fi":"tehdä hammaskarttoja","pt":"realizar planos dos dentes","bg":"съставяне на зъболекарски карти","lt":"aprašyti dantis pateikiant schemą","lv":"sagatavot zobu karti","hr":"izrađivati zubne kartone","fr":"réaliser un schéma dentaire","hu":"fogászati diagramot készít","sk":"perform dental charting","sl":"popisati stanje zob v ustni votlini","ga":"cairtiú fiacla a dhéanamh","sv":"utföra tandundersökningar","el":"δημιουργία ανθρώπινων οδοντικών διαγραμμάτων","mt":"twettiq tat-tabelli dentali","en":"perform dental charting","is":"býr til tannlæknaskýrslu","it":"creazione della cartella clinica dentale","es":"realizar un odontograma","et":"hambakaarti koostama","cs":"provádět mapování zubů","ar":"يجري رسم تخطيطي للأسنان","pl":"sporządzać diagram uzębienia","ro":"întocmește fișa dentară","da":"foretage tandstatus","nl":"tanden in kaart brengen"},"alternativeLabel":{"en":["create dental charts","perform charting of patient's teeth","create chart of teeth","create a dental chart","carry out dental charting"],"es":["hacer un odontograma"]},"description":{"en-us":{"literal":"Create a dental chart of the patient`s mouth in order to provide information on tooth decay, cavities, missing teeth, the depths of gum pockets, abnormalities in teeth such as rotations, erosion or abrasions in the teeth or enamel, damage to teeth, or the presence of prosthetic teeth according to the dentist`s directions and under the dentist`s supervision.","mimetype":"plain/text"},"en":{"literal":"Create a dental chart of the patient`s mouth in order to provide information on tooth decay, cavities, missing teeth, the depths of gum pockets, abnormalities in teeth such as rotations, erosion or abrasions in the teeth or enamel, damage to teeth, or the presence of prosthetic teeth according to the dentist`s directions and under the dentist`s supervision.","mimetype":"plain/text"}},"status":"released","_links":{"self":{"href":"https://ec.europa.eu/esco/api/resource/skill?uri=http://data.europa.eu/esco/skill/8fced680-a4e4-4ecc-9999-3061ddc3583e&language=en","uri":"http://data.europa.eu/esco/skill/8fced680-a4e4-4ecc-9999-3061ddc3583e","title":"perform dental charting"},"isTopConceptInScheme":[{"href":"https://ec.europa.eu/esco/api/resource/taxonomy?uri=http://data.europa.eu/esco/concept-scheme/member-skills&language=en","uri":"http://data.europa.eu/esco/concept-scheme/member-skills","title":"ESCO member skills"},{"href":"https://ec.europa.eu/esco/api/resource/taxonomy?uri=http://data.europa.eu/esco/concept-scheme/skills&language=en","uri":"http://data.europa.eu/esco/concept-scheme/skills","title":"ESCO skills"}],"isInScheme":[{"href":"https://ec.europa.eu/esco/api/resource/taxonomy?uri=http://data.europa.eu/esco/concept-scheme/member-skills&language=en","uri":"http://data.europa.eu/esco/concept-scheme/member-skills","title":"ESCO member skills"},{"href":"https://ec.europa.eu/esco/api/resource/taxonomy?uri=http://data.europa.eu/esco/concept-scheme/skills&language=en","uri":"http://data.europa.eu/esco/concept-scheme/skills","title":"ESCO skills"}],"hasSkillType":[{"href":"https://ec.europa.eu/esco/api/resource/concept?uri=http://data.europa.eu/esco/skill-type/skill&language=en","uri":"http://data.europa.eu/esco/skill-type/skill","title":"skill"}],"hasReuseLevel":[{"href":"https://ec.europa.eu/esco/api/resource/concept?uri=http://data.europa.eu/esco/skill-reuse-level/sector-specific&language=en","uri":"http://data.europa.eu/esco/skill-reuse-level/sector-specific","title":"sector specific skills and competences","code":"Level 3"}],"isEssentialForOccupation":[{"href":"https://ec.europa.eu/esco/api/resource/occupation?uri=http://data.europa.eu/esco/occupation/bdc74965-1d1a-4f8e-a490-9cf71f494e02&language=en","uri":"http://data.europa.eu/esco/occupation/bdc74965-1d1a-4f8e-a490-9cf71f494e02","title":"dental chairside assistant"},{"href":"https://ec.europa.eu/esco/api/resource/occupation?uri=http://data.europa.eu/esco/occupation/d18deca3-3063-4970-9ddc-e3c70404a28c&language=en","uri":"http://data.europa.eu/esco/occupation/d18deca3-3063-4970-9ddc-e3c70404a28c","title":"dental hygienist"}]},"_embedded":{}},{"className":"Skill","classId":"http://data.europa.eu/esco/model#Skill","uri":"http://data.europa.eu/esco/skill/9e7ffb8a-e034-4024-8370-0cf68cd05352","title":"set tolerances","referenceLanguage":["en"],"preferredLabel":{"de":"Toleranzen festlegen","no":"angi toleransenivåer","en-us":"set tolerances","fi":"asettaa toleransseja","pt":"definir tolerâncias","bg":"задаване на допуски","lt":"nustatyti leidžiamąsias nuokrypas","hr":"utvrđivati dopuštena odstupanja","lv":"noteikt pielaides","fr":"définir des tolérances","hu":"tűréshatárokat állapít meg","sk":"nastaviť tolerancie","sl":"nastavljati tolerance","ga":"lamháltais a shocrú","sv":"ställa in toleransnivå","el":"καθορισμός ανοχών","mt":"issettjar tat-tolleranzi","en":"set tolerances","is":"hefur leyfileg frávik til hliðsjónar","it":"impostare tolleranze","es":"establecer tolerancias","et":"hälbeid määrama","cs":"nastavovat tolerance","ar":"يضبط قدرات الاحتمال","pl":"ustalać poziom tolerancji","ro":"definește toleranțe","da":"indstille tolerancer","nl":"toleranties instellen"},"alternativeLabel":{"de":["Toleranzschwellen festlegen"],"fi":["asettaa vaihteluvälejä"],"en":["tolerances setting","tolerance aligning","aligning tolerances","setting tolerances","tolerances aligning","align tolerances","tolerance setting"],"es":["fijar tolerancias","aplicar tolerancias"],"et":["tolerantse määrama"]},"description":{"en-us":{"literal":"Align tolerances while inserting and placing different parts to avoid tolerance discrepancy and misfits in assembly.","mimetype":"plain/text"},"en":{"literal":"Align tolerances while inserting and placing different parts to avoid tolerance discrepancy and misfits in assembly.","mimetype":"plain/text"}},"status":"released","_links":{"self":{"href":"https://ec.europa.eu/esco/api/resource/skill?uri=http://data.europa.eu/esco/skill/9e7ffb8a-e034-4024-8370-0cf68cd05352&language=en","uri":"http://data.europa.eu/esco/skill/9e7ffb8a-e034-4024-8370-0cf68cd05352","title":"set tolerances"},"isTopConceptInScheme":[{"href":"https://ec.europa.eu/esco/api/resource/taxonomy?uri=http://data.europa.eu/esco/concept-scheme/skills&language=en","uri":"http://data.europa.eu/esco/concept-scheme/skills","title":"ESCO skills"},{"href":"https://ec.europa.eu/esco/api/resource/taxonomy?uri=http://data.europa.eu/esco/concept-scheme/member-skills&language=en","uri":"http://data.europa.eu/esco/concept-scheme/member-skills","title":"ESCO member skills"}],"isInScheme":[{"href":"https://ec.europa.eu/esco/api/resource/taxonomy?uri=http://data.europa.eu/esco/concept-scheme/skills&language=en","uri":"http://data.europa.eu/esco/concept-scheme/skills","title":"ESCO skills"},{"href":"https://ec.europa.eu/esco/api/resource/taxonomy?uri=http://data.europa.eu/esco/concept-scheme/member-skills&language=en","uri":"http://data.europa.eu/esco/concept-scheme/member-skills","title":"ESCO member skills"}],"hasSkillType":[{"href":"https://ec.europa.eu/esco/api/resource/concept?uri=http://data.europa.eu/esco/skill-type/skill&language=en","uri":"http://data.europa.eu/esco/skill-type/skill","title":"skill"}],"hasReuseLevel":[{"href":"https://ec.europa.eu/esco/api/resource/concept?uri=http://data.europa.eu/esco/skill-reuse-level/sector-specific&language=en","uri":"http://data.europa.eu/esco/skill-reuse-level/sector-specific","title":"sector specific skills and competences","code":"Level 3"}],"isEssentialForOccupation":[{"href":"https://ec.europa.eu/esco/api/resource/occupation?uri=http://data.europa.eu/esco/occupation/26e1add0-da3f-4ed6-aa91-791cb550146f&language=en","uri":"http://data.europa.eu/esco/occupation/26e1add0-da3f-4ed6-aa91-791cb550146f","title":"microsystem engineering technician"},{"href":"https://ec.europa.eu/esco/api/resource/occupation?uri=http://data.europa.eu/esco/occupation/dec7ed73-8688-4328-bc50-c72d31b25956&language=en","uri":"http://data.europa.eu/esco/occupation/dec7ed73-8688-4328-bc50-c72d31b25956","title":"precision instrument assembler"}]},"_embedded":{}},{"className":"Skill","classId":"http://data.europa.eu/esco/model#Skill","uri":"http://data.europa.eu/esco/skill/6815d124-3017-4abf-be8e-5f5082cabecb","title":"interpret languages in live broadcasting shows","referenceLanguage":["en"],"preferredLabel":{"no":"tolke språk på direktesendte show","de":"in Livesendungen dolmetschen","en-us":"interpret languages in live broadcasting shows","fi":"tulkata kieliä reaaliaikaisesti lähetettävissä ohjelmissa","pt":"interpretar línguas em programas transmitidos ao vivo","bg":"устен превод при предавания на живо","lt":"versti žodžiu tiesiogiai transliuojamose laidose","lv":"veikt mutisko tulkošanu tiešraides raidījumos","hr":"usmeno prevoditi u emisijama uživo","fr":"fournir un service d’interprétation dans des émissions diffusées en direct","hu":"élő közvetítéseket tolmácsol","sk":"tlmočiť živé vysielanie","sl":"jezikovno tolmačiti v oddajah v živo","ga":"ateangaireacht a dhéanamh le linn craoltaí beo","sv":"tolka vid direktsändningar","mt":"interpretar tal-lingwi f’avvenimenti mxandra f’ħin reali","el":"παροχή υπηρεσιών διερμηνείας σε εκπομπές που μεταδίδονται ζωντανά","en":"interpret languages in live broadcasting shows","is":"túlkar tungumál í þáttum í beinni útsendingu","it":"interpretare in lingua in occasione di trasmissioni dal vivo","es":"interpretar en diferentes lenguas en emisiones en directo","et":"otsesaadetes suuliselt tõlkima","cs":"tlumočit během přímých přenosů","ar":"يترجم اللغات في برامج البث الحي","pl":"świadczyć usługi tłumaczeń ustnych w trakcie transmisji na żywo","ro":"efectuează interpretare la emisiuni în direct","da":"tolke under direkte udsendelser","nl":"tolken in live-uitzendingen"},"alternativeLabel":{"en":["interpreting of languages in live broadcasting shows","interpreting language in live broadcasting shows","provide interpretation of languages in live broadcasting shows","deliver interpretation of languages in live broadcasting shows","generate interpretation of languages in live broadcasting shows"],"es":["realizar interpretación en emisiones de televisión","hacer interpretación en diferentes lenguas en programas de radio","hacer interpretación en programas de radiotelevisión","interpretar en programas de radiotelevisión en directo"]},"description":{"en-us":{"literal":"Interpret spoken information in live broadcasting outlets whether in a consecutive or simultaneous fashion for interviews, political speeches, and public announcements.","mimetype":"plain/text"},"en":{"literal":"Interpret spoken information in live broadcasting outlets whether in a consecutive or simultaneous fashion for interviews, political speeches, and public announcements.","mimetype":"plain/text"}},"status":"released","_links":{"self":{"href":"https://ec.europa.eu/esco/api/resource/skill?uri=http://data.europa.eu/esco/skill/6815d124-3017-4abf-be8e-5f5082cabecb&language=en","uri":"http://data.europa.eu/esco/skill/6815d124-3017-4abf-be8e-5f5082cabecb","title":"interpret languages in live broadcasting shows"},"isTopConceptInScheme":[{"href":"https://ec.europa.eu/esco/api/resource/taxonomy?uri=http://data.europa.eu/esco/concept-scheme/member-skills&language=en","uri":"http://data.europa.eu/esco/concept-scheme/member-skills","title":"ESCO member skills"},{"href":"https://ec.europa.eu/esco/api/resource/taxonomy?uri=http://data.europa.eu/esco/concept-scheme/skills&language=en","uri":"http://data.europa.eu/esco/concept-scheme/skills","title":"ESCO skills"}],"isInScheme":[{"href":"https://ec.europa.eu/esco/api/resource/taxonomy?uri=http://data.europa.eu/esco/concept-scheme/member-skills&language=en","uri":"http://data.europa.eu/esco/concept-scheme/member-skills","title":"ESCO member skills"},{"href":"https://ec.europa.eu/esco/api/resource/taxonomy?uri=http://data.europa.eu/esco/concept-scheme/skills&language=en","uri":"http://data.europa.eu/esco/concept-scheme/skills","title":"ESCO skills"}],"hasSkillType":[{"href":"https://ec.europa.eu/esco/api/resource/concept?uri=http://data.europa.eu/esco/skill-type/skill&language=en","uri":"http://data.europa.eu/esco/skill-type/skill","title":"skill"}],"hasReuseLevel":[{"href":"https://ec.europa.eu/esco/api/resource/concept?uri=http://data.europa.eu/esco/skill-reuse-level/occupation-specific&language=en","uri":"http://data.europa.eu/esco/skill-reuse-level/occupation-specific","title":"occupation specific skills and competences","code":"Level 4"}],"isOptionalForOccupation":[{"href":"https://ec.europa.eu/esco/api/resource/occupation?uri=http://data.europa.eu/esco/occupation/23e692a9-a242-4d4f-988f-ed562f757864&language=en","uri":"http://data.europa.eu/esco/occupation/23e692a9-a242-4d4f-988f-ed562f757864","title":"interpreter"}]},"_embedded":{}},{"className":"Skill","classId":"http://data.europa.eu/esco/model#Skill","uri":"http://data.europa.eu/esco/skill/f7fd1900-b7f3-4f7c-88ac-a1c199bb41d7","title":"assist the dentist during the dental treatment procedure","referenceLanguage":["en"],"preferredLabel":{"no":"assistere tannlegen under tannbehandlingsprosedyren","de":"dem Zahnarzt/der Zahnärztin bei der Zahnbehandlung assistieren","en-us":"assist the dentist during the dental treatment procedure","fi":"avustaa hammaslääkäriä hammashoitotoimenpiteiden aikana","pt":"assistir o/a dentista durante o tratamento dentário","bg":"асистиране на зъболекар при извършване на зъболекарски процедури","lt":"padėti dantistui atliekant dantų gydymo procedūrą","lv":"asistēt zobārstam zobārstniecības procedūru laikā","hr":"pomagati stomatologu tijekom stomatološke obrade","fr":"assister un dentiste pendant la procédure de traitement dentaire","hu":"segíti a fogorvost a fogkezelés során","sk":"assist the dentist during the dental treatment procedure","sl":"pomagati zobozdravniku pri zobozdravstvenem posegu","ga":"cúnamh a thabhairt d’fhiaclóir le linn gnáthamh cóireála fiacla","sv":"assistera tandläkaren vid tandvårdsbehandlingar","mt":"assistenza għad-dentisti waqt il-proċeduri tat-trattamenti dentali","el":"υποστήριξη του οδοντιάτρου κατά τη διάρκεια της διαδικασίας της οδοντιατρικής περίθαλψης","en":"assist the dentist during the dental treatment procedure","is":"aðstoðar tannlækninn í tannmeðferðarferlinu","it":"fornire assistenza al dentista durante lo svolgimento delle cure dentarie","es":"asistir al odontólogo durante el procedimiento dental","et":"hambaarsti hambaraviprotseduuri käigus assisteerima","cs":"asistovat zubnímu lékaři během stomatologického ošetření","ar":"يساعد طبيب الأسنان أثناء إجراء علاج الأسنان","pl":"pomagać dentyście w trakcie zabiegu leczenia zębów","ro":"asistă medicul stomatolog în cursul procedurilor de tratament dentar","da":"assistere tandlægen under tandbehandling","nl":"tandartsen assisteren tijdens tandheelkundige behandelingsprocedures"},"alternativeLabel":{"en":["assist in the dental treatment procedure","participate in the dental treatment procedure","assist the dentist during dental treatment procedures","assist the dentist during dental treatment","assist the dentist during dental procedures"],"es":["ayudar al dentista durante el procedimiento","apoyar al odontólogo durante el procedimiento dental","apoyar al dentista durante el procedimiento","ayudar al odontólogo durante el procedimiento dental","asistir al dentista durante el procedimiento"]},"description":{"en-us":{"literal":"Actively participate in the treatment procedure to retract tissue, tongue and cheek. Keep area clear and prevent saliva build-up and debris in the patient`s mouth by using a suction tip and oral evacuator, stabilizing tissue and clipping sutures in oral surgery and applying force to chisel guided by dentist in the removal of impacted teeth.","mimetype":"plain/text"},"en":{"literal":"Actively participate in the treatment procedure to retract tissue, tongue and cheek. Keep area clear and prevent saliva build-up and debris in the patient`s mouth by using a suction tip and oral evacuator, stabilising tissue and clipping sutures in oral surgery and applying force to chisel guided by dentist in the removal of impacted teeth.","mimetype":"plain/text"}},"status":"released","_links":{"self":{"href":"https://ec.europa.eu/esco/api/resource/skill?uri=http://data.europa.eu/esco/skill/f7fd1900-b7f3-4f7c-88ac-a1c199bb41d7&language=en","uri":"http://data.europa.eu/esco/skill/f7fd1900-b7f3-4f7c-88ac-a1c199bb41d7","title":"assist the dentist during the dental treatment procedure"},"isTopConceptInScheme":[{"href":"https://ec.europa.eu/esco/api/resource/taxonomy?uri=http://data.europa.eu/esco/concept-scheme/skills&language=en","uri":"http://data.europa.eu/esco/concept-scheme/skills","title":"ESCO skills"},{"href":"https://ec.europa.eu/esco/api/resource/taxonomy?uri=http://data.europa.eu/esco/concept-scheme/member-skills&language=en","uri":"http://data.europa.eu/esco/concept-scheme/member-skills","title":"ESCO member skills"}],"isInScheme":[{"href":"https://ec.europa.eu/esco/api/resource/taxonomy?uri=http://data.europa.eu/esco/concept-scheme/skills&language=en","uri":"http://data.europa.eu/esco/concept-scheme/skills","title":"ESCO skills"},{"href":"https://ec.europa.eu/esco/api/resource/taxonomy?uri=http://data.europa.eu/esco/concept-scheme/member-skills&language=en","uri":"http://data.europa.eu/esco/concept-scheme/member-skills","title":"ESCO member skills"}],"hasSkillType":[{"href":"https://ec.europa.eu/esco/api/resource/concept?uri=http://data.europa.eu/esco/skill-type/skill&language=en","uri":"http://data.europa.eu/esco/skill-type/skill","title":"skill"}],"hasReuseLevel":[{"href":"https://ec.europa.eu/esco/api/resource/concept?uri=http://data.europa.eu/esco/skill-reuse-level/occupation-specific&language=en","uri":"http://data.europa.eu/esco/skill-reuse-level/occupation-specific","title":"occupation specific skills and competences","code":"Level 4"}],"isEssentialForOccupation":[{"href":"https://ec.europa.eu/esco/api/resource/occupation?uri=http://data.europa.eu/esco/occupation/bdc74965-1d1a-4f8e-a490-9cf71f494e02&language=en","uri":"http://data.europa.eu/esco/occupation/bdc74965-1d1a-4f8e-a490-9cf71f494e02","title":"dental chairside assistant"}]},"_embedded":{}},{"className":"Skill","classId":"http://data.europa.eu/esco/model#Skill","uri":"http://data.europa.eu/esco/skill/42f8adc8-e4ff-4263-be44-fe9a83ef286e","title":"provide advocacy interpreting services","referenceLanguage":["en"],"preferredLabel":{"de":"im Rahmen der Interessenvertretung für Minderheiten dolmetschen","no":"levere tolketjenester til minoritetsgrupper","en-us":"provide advocacy interpreting services","fi":"tarjota asioimistulkkauspalveluita","pt":"prestar apoio em serviços de tradução","bg":"предоставяне на услуги за устен превод в помощ на малцинства","lt":"teikti tarpininkaujamojo vertimo žodžiu paslaugas","lv":"sniegt tulkošanas pakalpojumus minoritāšu aizstāvības vajadzībām","hr":"usmeno prevoditi i posredovati","fr":"fournir des services d’interprétation et de médiation culturelles","hu":"támogató tolmácsolási szolgáltatásokat nyújt","sk":"poskytovať tlmočnícke služby obhajoby","sl":"tolmačiti pri zastopanju manjšin","ga":"seirbhísí ateangaireachta abhcóideachta a chur ar fáil","sv":"tillhandahålla tolktjänster till underrepresenterade grupper","mt":"forniment ta’ servizzi tal-interpretar ta’ rappreżentanza","el":"παροχή υπηρεσιών διερμηνείας σε μειονοτικές ομάδες","en":"provide advocacy interpreting services","is":"útvegar túlkunarþjónustu til stuðnings","it":"fornire servizio di interpretazione di sostegno","es":"proporcionar servicios de interpretación con fines de promoción comunitaria","et":"eestkoste tõlketeenust osutama","cs":"poskytovat tlumočnické služby při obhajobě příslušníků menšin","ar":"يوفر خدمات الترجمة الترويجية","pl":"świadczyć usługi tłumaczeń ustnych na rzecz członków społeczności mniejszościowych","da":"tolke i forbindelse med kampagner","ro":"oferă servicii de interpretare pentru apărarea intereselor minorităților","nl":"tolkdiensten bij belangenbehartiging verzorgen"},"alternativeLabel":{"en":["providing advocacy interpreting service","deliver advocacy interpreting services","supply advocacy interpreting services","providing advocacy interpreting services","offer advocacy interpreting services"],"es":["proporcionar servicios de interpretación con fines sociales"]},"description":{"en-us":{"literal":"Provide language interpretation services aimed at helping people belonging to minority communities get their message across irrespective of the language.","mimetype":"plain/text"},"en":{"literal":"Provide language interpretation services aimed at helping people belonging to minority communities get their message across irrespective of the language.","mimetype":"plain/text"}},"status":"released","_links":{"self":{"href":"https://ec.europa.eu/esco/api/resource/skill?uri=http://data.europa.eu/esco/skill/42f8adc8-e4ff-4263-be44-fe9a83ef286e&language=en","uri":"http://data.europa.eu/esco/skill/42f8adc8-e4ff-4263-be44-fe9a83ef286e","title":"provide advocacy interpreting services"},"isTopConceptInScheme":[{"href":"https://ec.europa.eu/esco/api/resource/taxonomy?uri=http://data.europa.eu/esco/concept-scheme/member-skills&language=en","uri":"http://data.europa.eu/esco/concept-scheme/member-skills","title":"ESCO member skills"},{"href":"https://ec.europa.eu/esco/api/resource/taxonomy?uri=http://data.europa.eu/esco/concept-scheme/skills&language=en","uri":"http://data.europa.eu/esco/concept-scheme/skills","title":"ESCO skills"}],"isInScheme":[{"href":"https://ec.europa.eu/esco/api/resource/taxonomy?uri=http://data.europa.eu/esco/concept-scheme/member-skills&language=en","uri":"http://data.europa.eu/esco/concept-scheme/member-skills","title":"ESCO member skills"},{"href":"https://ec.europa.eu/esco/api/resource/taxonomy?uri=http://data.europa.eu/esco/concept-scheme/skills&language=en","uri":"http://data.europa.eu/esco/concept-scheme/skills","title":"ESCO skills"}],"hasSkillType":[{"href":"https://ec.europa.eu/esco/api/resource/concept?uri=http://data.europa.eu/esco/skill-type/skill&language=en","uri":"http://data.europa.eu/esco/skill-type/skill","title":"skill"}],"hasReuseLevel":[{"href":"https://ec.europa.eu/esco/api/resource/concept?uri=http://data.europa.eu/esco/skill-reuse-level/sector-specific&language=en","uri":"http://data.europa.eu/esco/skill-reuse-level/sector-specific","title":"sector specific skills and competences","code":"Level 3"}],"isOptionalForOccupation":[{"href":"https://ec.europa.eu/esco/api/resource/occupation?uri=http://data.europa.eu/esco/occupation/23e692a9-a242-4d4f-988f-ed562f757864&language=en","uri":"http://data.europa.eu/esco/occupation/23e692a9-a242-4d4f-988f-ed562f757864","title":"interpreter"},{"href":"https://ec.europa.eu/esco/api/resource/occupation?uri=http://data.europa.eu/esco/occupation/7d7ea936-a1c6-499d-9aa7-054e943b019b&language=en","uri":"http://data.europa.eu/esco/occupation/7d7ea936-a1c6-499d-9aa7-054e943b019b","title":"interpretation agency manager"}]},"_embedded":{}},{"className":"Skill","classId":"http://data.europa.eu/esco/model#Skill","uri":"http://data.europa.eu/esco/skill/dfccb2c7-3bbd-42bd-85ed-887ded1e6504","title":"prepare patients for dental treatment","referenceLanguage":["en"],"preferredLabel":{"de":"Patienten/Patientinnen für zahnmedizinische Eingriffe vorbereiten","no":"klargjøre pasienter for tannbehandling","en-us":"prepare patients for dental treatment","fi":"valmistella potilaita hammashoitoa varten","pt":"preparar os pacientes para o tratamento dentário","bg":"подготвяне на пациенти за зъболечение","lt":"parengti pacientus dantų gydymui","lv":"sagatavot pacientus zobārstniecības procedūrām","hr":"pripremati pacijente za stomatološki postupak","fr":"préparer les patients pour un traitement dentaire","hu":"betegeket fogászati kezelésre készít elő","sk":"prepare patients for dental treatment","sl":"pripravljati paciente za zobozdravstveni poseg","ga":"othair a ullmhú do chóireáil fiacla","sv":"förbereda patienter för tandbehandling","mt":"tħejjija tal-pazjenti għat-trattamenti dentali","el":"προετοιμασία ασθενών για την παροχή οδοντιατρικής περίθαλψης","en":"prepare patients for dental treatment","is":"undirbýr sjúklinga fyrir tannlækningameðferð","it":"preparare i pazienti per il trattamento odontoiatrico","es":"preparar al paciente para el tratamiento dental","et":"hambaraviprotseduuriks patsienti ette valmistama","cs":"připravovat pacienty na dentální ošetření","ar":"يعد المرضى لعلاج الأسنان","pl":"przygotowywać pacjentów do zabiegu stomatologicznego","da":"klargøre patienter til tandbehandling","ro":"pregătește pacienți pentru tratamente stomatologice","nl":"patiënten klaarmaken voor een tandheelkundige behandeling"},"alternativeLabel":{"cs":["připravovat pacienty na ošetření zubů"],"en":["prepare patients for dental treatments","prepare patient for dental treatment","make patients ready for dental treatment","seat and drape patients for dental treatment"],"es":["acondicionar al paciente para el tratamiento dental"]},"description":{"en-us":{"literal":"Seat and drape the patient, explaining treatment procedures to patient if required.","mimetype":"plain/text"},"en":{"literal":"Seat and drape the patient, explaining treatment procedures to patient if required.","mimetype":"plain/text"}},"status":"released","_links":{"self":{"href":"https://ec.europa.eu/esco/api/resource/skill?uri=http://data.europa.eu/esco/skill/dfccb2c7-3bbd-42bd-85ed-887ded1e6504&language=en","uri":"http://data.europa.eu/esco/skill/dfccb2c7-3bbd-42bd-85ed-887ded1e6504","title":"prepare patients for dental treatment"},"isTopConceptInScheme":[{"href":"https://ec.europa.eu/esco/api/resource/taxonomy?uri=http://data.europa.eu/esco/concept-scheme/skills&language=en","uri":"http://data.europa.eu/esco/concept-scheme/skills","title":"ESCO skills"},{"href":"https://ec.europa.eu/esco/api/resource/taxonomy?uri=http://data.europa.eu/esco/concept-scheme/member-skills&language=en","uri":"http://data.europa.eu/esco/concept-scheme/member-skills","title":"ESCO member skills"}],"isInScheme":[{"href":"https://ec.europa.eu/esco/api/resource/taxonomy?uri=http://data.europa.eu/esco/concept-scheme/skills&language=en","uri":"http://data.europa.eu/esco/concept-scheme/skills","title":"ESCO skills"},{"href":"https://ec.europa.eu/esco/api/resource/taxonomy?uri=http://data.europa.eu/esco/concept-scheme/member-skills&language=en","uri":"http://data.europa.eu/esco/concept-scheme/member-skills","title":"ESCO member skills"}],"hasSkillType":[{"href":"https://ec.europa.eu/esco/api/resource/concept?uri=http://data.europa.eu/esco/skill-type/skill&language=en","uri":"http://data.europa.eu/esco/skill-type/skill","title":"skill"}],"hasReuseLevel":[{"href":"https://ec.europa.eu/esco/api/resource/concept?uri=http://data.europa.eu/esco/skill-reuse-level/occupation-specific&language=en","uri":"http://data.europa.eu/esco/skill-reuse-level/occupation-specific","title":"occupation specific skills and competences","code":"Level 4"}],"isEssentialForOccupation":[{"href":"https://ec.europa.eu/esco/api/resource/occupation?uri=http://data.europa.eu/esco/occupation/bdc74965-1d1a-4f8e-a490-9cf71f494e02&language=en","uri":"http://data.europa.eu/esco/occupation/bdc74965-1d1a-4f8e-a490-9cf71f494e02","title":"dental chairside assistant"}]},"_embedded":{}}]}}