{"total":8196,"offset":261,"limit":20,"language":"en","uri":"http://data.europa.eu/esco/concept-scheme/skills","relation":"hasTopConcept","_links":{"self":{"href":"https://ec.europa.eu/esco/api/resource/related?uri=http://data.europa.eu/esco/concept-scheme/skills&relation=hasTopConcept&limit=20&offset=261&language=en&full=true"},"prev":{"href":"https://ec.europa.eu/esco/api/resource/related?uri=http://data.europa.eu/esco/concept-scheme/skills&relation=hasTopConcept&limit=20&offset=260&language=en&full=true"},"next":{"href":"https://ec.europa.eu/esco/api/resource/related?uri=http://data.europa.eu/esco/concept-scheme/skills&relation=hasTopConcept&limit=20&offset=262&language=en&full=true"}},"_embedded":{"hasTopConcept":[{"className":"Skill","classId":"http://data.europa.eu/esco/model#Skill","uri":"http://data.europa.eu/esco/skill/400a0e76-2e24-4521-beee-52717921361f","title":"manage artworks' transportation","referenceLanguage":["en"],"preferredLabel":{"no":"administrere kunstverktransport","de":"Transport von Kunstwerken leiten","en-us":"manage artworks' transportation","fi":"järjestää taideteosten kuljetus","pt":"gerir o transporte de obras de arte","bg":"организиране на превоза на произведения на изкуството","lt":"koordinuoti meno dirbinių pervežimo veiklą","hr":"organizirati prijevoz umjetničkih djela","lv":"pārvaldīt mākslas darbu pārvadājumus","fr":"gérer le transport d'œuvres d'art","hu":"megszervezi a műalkotások szállítását","sk":"riadiť prepravu umeleckých diel","sl":"urejati prevoz umetniških del","ga":"iompar saothar ealaíne a bhainistiú","sv":"arrangera transport av konstverk","el":"διαχείριση της μεταφοράς έργων τέχνης","mt":"immaniġġjar tat-trasport tax-xogħlijiet tal-arti","en":"manage artworks' transportation","is":"sér um flutning listaverka","it":"gestire il trasporto delle opere d'arte","es":"gestionar el transporte de las obras de arte","et":"kunstiteoste transporti korraldama","cs":"řídit přepravu uměleckých děl","ar":"يدير نقل الأعمال الفنية","pl":"zarządzać transportem dzieł sztuki","ro":"supervizează transportul exponatelor","da":"administrere transport af kunstværker","nl":"vervoer van kunstwerken regelen"},"alternativeLabel":{"bg":["организиране на превоза на художествени произведения"],"en":["management of artworks' transportation","managing artworks' transportation","artworks' transportation management","supervise artworks' transportation","oversee artworks' transportation","maintain artworks' transportation","regulate artworks' transportation"],"ro":["organizează transportul obiectelor de artă"]},"description":{"en-us":{"literal":"Arrange transportation of art pieces between different galleries, on a national as well as an international level.","mimetype":"plain/text"},"en":{"literal":"Arrange transportation of art pieces between different galleries, on a national as well as an international level.","mimetype":"plain/text"}},"status":"released","_links":{"self":{"href":"https://ec.europa.eu/esco/api/resource/skill?uri=http://data.europa.eu/esco/skill/400a0e76-2e24-4521-beee-52717921361f&language=en","uri":"http://data.europa.eu/esco/skill/400a0e76-2e24-4521-beee-52717921361f","title":"manage artworks' transportation"},"isTopConceptInScheme":[{"href":"https://ec.europa.eu/esco/api/resource/taxonomy?uri=http://data.europa.eu/esco/concept-scheme/skills&language=en","uri":"http://data.europa.eu/esco/concept-scheme/skills","title":"ESCO skills"},{"href":"https://ec.europa.eu/esco/api/resource/taxonomy?uri=http://data.europa.eu/esco/concept-scheme/member-skills&language=en","uri":"http://data.europa.eu/esco/concept-scheme/member-skills","title":"ESCO member skills"}],"isInScheme":[{"href":"https://ec.europa.eu/esco/api/resource/taxonomy?uri=http://data.europa.eu/esco/concept-scheme/skills&language=en","uri":"http://data.europa.eu/esco/concept-scheme/skills","title":"ESCO skills"},{"href":"https://ec.europa.eu/esco/api/resource/taxonomy?uri=http://data.europa.eu/esco/concept-scheme/member-skills&language=en","uri":"http://data.europa.eu/esco/concept-scheme/member-skills","title":"ESCO member skills"}],"hasSkillType":[{"href":"https://ec.europa.eu/esco/api/resource/concept?uri=http://data.europa.eu/esco/skill-type/skill&language=en","uri":"http://data.europa.eu/esco/skill-type/skill","title":"skill"}],"hasReuseLevel":[{"href":"https://ec.europa.eu/esco/api/resource/concept?uri=http://data.europa.eu/esco/skill-reuse-level/occupation-specific&language=en","uri":"http://data.europa.eu/esco/skill-reuse-level/occupation-specific","title":"occupation specific skills and competences","code":"Level 4"}],"isEssentialForOccupation":[{"href":"https://ec.europa.eu/esco/api/resource/occupation?uri=http://data.europa.eu/esco/occupation/2c8a4b72-21f4-4ab1-9dbd-1cae779211b7&language=en","uri":"http://data.europa.eu/esco/occupation/2c8a4b72-21f4-4ab1-9dbd-1cae779211b7","title":"commercial art gallery manager"}]},"_embedded":{}},{"className":"Skill","classId":"http://data.europa.eu/esco/model#Skill","uri":"http://data.europa.eu/esco/skill/94b67cb4-8757-4489-a94f-9dceed58a8b0","title":"monitor artwork market","referenceLanguage":["en"],"preferredLabel":{"de":"Kunstmarkt beobachten","no":"overvåke kunstverkmarkedet","en-us":"monitor artwork market","fi":"seurata taidemarkkinoita","pt":"acompanhar o mercado de obras de arte","bg":"следене на пазара на произведения на изкуството","lt":"stebėti meno rinką","lv":"uzraudzīt mākslas darbu tirgu","hr":"pratiti tržište umjetnina","fr":"surveiller le marché d’œuvres d'art","hu":"figyelemmel kíséri a művészeti piacot","sk":"monitorovať trh s umeleckými dielami","sl":"spremljati dogajanje na trgu umetniških del","ga":"faireachán a dhéanamh ar an margadh saothar ealaíne","sv":"följa konstmarknaden","el":"παρακολούθηση αγοράς έργων τέχνης","mt":"monitoraġġ tas-suq tax-xogħlijiet tal-arti","en":"monitor artwork market","is":"fylgist með listaverkamarkaði","it":"monitorare il mercato delle opere d'arte","es":"estudiar el mercado de obras de arte","et":"kunstiturgu jälgima","cs":"sledovat trh s uměním","ar":"يرصد سوق الأعمال الفنية","pl":"monitorować rynek dzieł sztuki","da":"overvåge kunstmarkedet","ro":"monitorizează piața obiectelor de artă","nl":"de kunstmarkt volgen"},"alternativeLabel":{"fi":["valvoa taidemarkkinoita"],"bg":["следене на пазара на художествени произведения"],"en":["view artwork market","monitor the artwork market","oversee artwork market","supervise artwork market","monitor artwork markets","watch artwork market","monitoring artwork markets"],"pl":["śledzić rynek dzieł sztuki"]},"description":{"en-us":{"literal":"Estimate value and price of artwork; permanently monitor art market in order to notice trends or sudden price changes; identify which kind of artwork is selling well during a certain period of time.","mimetype":"plain/text"},"en":{"literal":"Estimate value and price of artwork; permanently monitor art market in order to notice trends or sudden price changes; identify which kind of artwork is selling well during a certain period of time.","mimetype":"plain/text"}},"status":"released","_links":{"self":{"href":"https://ec.europa.eu/esco/api/resource/skill?uri=http://data.europa.eu/esco/skill/94b67cb4-8757-4489-a94f-9dceed58a8b0&language=en","uri":"http://data.europa.eu/esco/skill/94b67cb4-8757-4489-a94f-9dceed58a8b0","title":"monitor artwork market"},"isTopConceptInScheme":[{"href":"https://ec.europa.eu/esco/api/resource/taxonomy?uri=http://data.europa.eu/esco/concept-scheme/member-skills&language=en","uri":"http://data.europa.eu/esco/concept-scheme/member-skills","title":"ESCO member skills"},{"href":"https://ec.europa.eu/esco/api/resource/taxonomy?uri=http://data.europa.eu/esco/concept-scheme/skills&language=en","uri":"http://data.europa.eu/esco/concept-scheme/skills","title":"ESCO skills"}],"isInScheme":[{"href":"https://ec.europa.eu/esco/api/resource/taxonomy?uri=http://data.europa.eu/esco/concept-scheme/member-skills&language=en","uri":"http://data.europa.eu/esco/concept-scheme/member-skills","title":"ESCO member skills"},{"href":"https://ec.europa.eu/esco/api/resource/taxonomy?uri=http://data.europa.eu/esco/concept-scheme/skills&language=en","uri":"http://data.europa.eu/esco/concept-scheme/skills","title":"ESCO skills"}],"hasSkillType":[{"href":"https://ec.europa.eu/esco/api/resource/concept?uri=http://data.europa.eu/esco/skill-type/skill&language=en","uri":"http://data.europa.eu/esco/skill-type/skill","title":"skill"}],"hasReuseLevel":[{"href":"https://ec.europa.eu/esco/api/resource/concept?uri=http://data.europa.eu/esco/skill-reuse-level/occupation-specific&language=en","uri":"http://data.europa.eu/esco/skill-reuse-level/occupation-specific","title":"occupation specific skills and competences","code":"Level 4"}],"isEssentialForOccupation":[{"href":"https://ec.europa.eu/esco/api/resource/occupation?uri=http://data.europa.eu/esco/occupation/2c8a4b72-21f4-4ab1-9dbd-1cae779211b7&language=en","uri":"http://data.europa.eu/esco/occupation/2c8a4b72-21f4-4ab1-9dbd-1cae779211b7","title":"commercial art gallery manager"}]},"_embedded":{}},{"className":"Skill","classId":"http://data.europa.eu/esco/model#Skill","uri":"http://data.europa.eu/esco/skill/5badb272-c27b-4c92-bd68-713cef631149","title":"prepare meals for flights","referenceLanguage":["en"],"preferredLabel":{"no":"tilberede måltider for flyvninger","de":"Mahlzeiten für Flüge zubereiten","en-us":"prepare meals for flights","fi":"valmistaa aterioita lennoille","pt":"preparar refeições para voos","bg":"приготвяне на ястия за полети","lt":"paruošti maistą skrydžiams","lv":"pagatavot maltītes lidojumiem","hr":"pripremati obroke za letove","fr":"préparer des repas pour les vols","hu":"a légi járatokra ételt készít","sk":"pripraviť jedlo pre let","sl":"pripravljati obroke za lete","ga":"béilí a ullmhú le haghaidh eitiltí","sv":"laga flygplansmat","el":"προετοιμασία γευμάτων πτήσεων","mt":"tħejjija tal-ikliet għat-titjiriet","en":"prepare meals for flights","is":"undirbýr mat fyrir flug","it":"preparare i pasti per i voli","es":"preparar las comidas para el vuelo","et":"lennueineid ette valmistama","cs":"připravovat občerstvení pro lety","ar":"يجهز وجبات رحلات الطيران","pl":"przygotowywać posiłki serwowane podczas lotu","da":"forberede flymåltider","ro":"pregătește mâncarea servită în avion","nl":"maaltijden voor vluchten bereiden"},"alternativeLabel":{"sl":["pripravljati hrano in pijačo za lete"],"en":["prepare meals served in aircraft","prepare meals served by air crew","prepare food and drink served on aeroplanes","make meals for flights","prepare drink and food served on aeroplanes","produce airline meals","prepare airline meals","prepare aeroplane food","prepare aircraft meals"],"es":["disponer las comidas para el vuelo","proveer las comidas para el vuelo"]},"description":{"en-us":{"literal":"Prepare meals and drinks according to the menu specifications of an airline company.","mimetype":"plain/text"},"en":{"literal":"Prepare meals and drinks according to the menu specifications of an airline company.","mimetype":"plain/text"}},"status":"released","_links":{"self":{"href":"https://ec.europa.eu/esco/api/resource/skill?uri=http://data.europa.eu/esco/skill/5badb272-c27b-4c92-bd68-713cef631149&language=en","uri":"http://data.europa.eu/esco/skill/5badb272-c27b-4c92-bd68-713cef631149","title":"prepare meals for flights"},"isTopConceptInScheme":[{"href":"https://ec.europa.eu/esco/api/resource/taxonomy?uri=http://data.europa.eu/esco/concept-scheme/skills&language=en","uri":"http://data.europa.eu/esco/concept-scheme/skills","title":"ESCO skills"},{"href":"https://ec.europa.eu/esco/api/resource/taxonomy?uri=http://data.europa.eu/esco/concept-scheme/member-skills&language=en","uri":"http://data.europa.eu/esco/concept-scheme/member-skills","title":"ESCO member skills"}],"isInScheme":[{"href":"https://ec.europa.eu/esco/api/resource/taxonomy?uri=http://data.europa.eu/esco/concept-scheme/skills&language=en","uri":"http://data.europa.eu/esco/concept-scheme/skills","title":"ESCO skills"},{"href":"https://ec.europa.eu/esco/api/resource/taxonomy?uri=http://data.europa.eu/esco/concept-scheme/member-skills&language=en","uri":"http://data.europa.eu/esco/concept-scheme/member-skills","title":"ESCO member skills"}],"hasSkillType":[{"href":"https://ec.europa.eu/esco/api/resource/concept?uri=http://data.europa.eu/esco/skill-type/skill&language=en","uri":"http://data.europa.eu/esco/skill-type/skill","title":"skill"}],"hasReuseLevel":[{"href":"https://ec.europa.eu/esco/api/resource/concept?uri=http://data.europa.eu/esco/skill-reuse-level/occupation-specific&language=en","uri":"http://data.europa.eu/esco/skill-reuse-level/occupation-specific","title":"occupation specific skills and competences","code":"Level 4"}],"isOptionalForOccupation":[{"href":"https://ec.europa.eu/esco/api/resource/occupation?uri=http://data.europa.eu/esco/occupation/b4bff870-5c8f-4c33-b07f-f04d79830633&language=en","uri":"http://data.europa.eu/esco/occupation/b4bff870-5c8f-4c33-b07f-f04d79830633","title":"airline food service worker"}]},"_embedded":{}},{"className":"Skill","classId":"http://data.europa.eu/esco/model#Skill","uri":"http://data.europa.eu/esco/skill/87a765a4-1039-462a-833d-e1807cac5d45","title":"observe documents","referenceLanguage":["en"],"preferredLabel":{"de":"Dokumente aufmerksam durchsehen","no":"iaktta dokumenter","en-us":"observe documents","fi":"tarkkailla asiakirjoja","pt":"verificar documentos","bg":"преглеждане на документи","lt":"vertinti dokumentus","lv":"ņemt vērā dokumentu saturu","hr":"promatrati dokumente","fr":"examiner des documents","hu":"dokumentumokat ellenőriz","sk":"venovať pozornosť dokumentom","sl":"pozorno preverjati listine","ga":"breathnú ar dhoiciméid","sv":"granska handlingar","mt":"osservazzjoni tad-dokumenti","el":"παρατήρηση εγγράφων","en":"observe documents","is":"skoðar gögn","it":"esaminare la conformità dei documenti","es":"revisar los documentos","et":"dokumente jälgima","cs":"kontrolovat dokumenty","ar":"يراقب الوثائق","pl":"analizować treść dokumentów","ro":"examinează documente","da":"kontrollere dokumenter","nl":"documenten bestuderen"},"alternativeLabel":{"sv":["granska dokument"],"en":["see documents","view documentation","view documents","scrutinise documentation","scrutinise documents","inspect documentation","see documentation","inspect documents"]},"description":{"en-us":{"literal":"Pay attention to documents in order to ensure the accuracy and consistency of the included information.","mimetype":"plain/text"},"en":{"literal":"Pay attention to documents in order to ensure the accuracy and consistency of the included information.","mimetype":"plain/text"}},"status":"released","_links":{"self":{"href":"https://ec.europa.eu/esco/api/resource/skill?uri=http://data.europa.eu/esco/skill/87a765a4-1039-462a-833d-e1807cac5d45&language=en","uri":"http://data.europa.eu/esco/skill/87a765a4-1039-462a-833d-e1807cac5d45","title":"observe documents"},"isTopConceptInScheme":[{"href":"https://ec.europa.eu/esco/api/resource/taxonomy?uri=http://data.europa.eu/esco/concept-scheme/member-skills&language=en","uri":"http://data.europa.eu/esco/concept-scheme/member-skills","title":"ESCO member skills"},{"href":"https://ec.europa.eu/esco/api/resource/taxonomy?uri=http://data.europa.eu/esco/concept-scheme/skills&language=en","uri":"http://data.europa.eu/esco/concept-scheme/skills","title":"ESCO skills"}],"isInScheme":[{"href":"https://ec.europa.eu/esco/api/resource/taxonomy?uri=http://data.europa.eu/esco/concept-scheme/member-skills&language=en","uri":"http://data.europa.eu/esco/concept-scheme/member-skills","title":"ESCO member skills"},{"href":"https://ec.europa.eu/esco/api/resource/taxonomy?uri=http://data.europa.eu/esco/concept-scheme/skills&language=en","uri":"http://data.europa.eu/esco/concept-scheme/skills","title":"ESCO skills"}],"hasSkillType":[{"href":"https://ec.europa.eu/esco/api/resource/concept?uri=http://data.europa.eu/esco/skill-type/skill&language=en","uri":"http://data.europa.eu/esco/skill-type/skill","title":"skill"}],"hasReuseLevel":[{"href":"https://ec.europa.eu/esco/api/resource/concept?uri=http://data.europa.eu/esco/skill-reuse-level/occupation-specific&language=en","uri":"http://data.europa.eu/esco/skill-reuse-level/occupation-specific","title":"occupation specific skills and competences","code":"Level 4"}],"isEssentialForOccupation":[{"href":"https://ec.europa.eu/esco/api/resource/occupation?uri=http://data.europa.eu/esco/occupation/578470d7-1848-44cd-a769-96cdd64b2c37&language=en","uri":"http://data.europa.eu/esco/occupation/578470d7-1848-44cd-a769-96cdd64b2c37","title":"civil registrar"}]},"_embedded":{}},{"className":"Skill","classId":"http://data.europa.eu/esco/model#Skill","uri":"http://data.europa.eu/esco/skill/bb0c06f6-2272-4cae-907c-d68f10c4f80f","title":"construct canal locks","referenceLanguage":["en"],"preferredLabel":{"de":"Kanalschleusen bauen","no":"konstruere kanasluser","en-us":"construct canal locks","fi":"rakentaa kanavan sulkuja","pt":"construir represas","bg":"изграждане на шлюзове на канали","lt":"statyti kanalų šliuzus","lv":"būvēt kanālu slūžas","hr":"graditi brodske prevodnice","fr":"construire une écluse sur un canal","hu":"csatornazsilipet épít","sk":"vybudovať plavebné komory","sl":"graditi zapornice na prekopih","ga":"loic chanálacha a thógáil","sv":"bygga slussar","el":"κατασκευή δεξαμενών ανύψωσης σε διώρυγα","mt":"kostruzzjoni tal-magħluq tal-kanali","en":"construct canal locks","is":"byggir lokuhólf","it":"costruire le chiuse di un canale","es":"construir esclusas","et":"kanalilüüse ehitama","cs":"stavět na kanálech zdymadla","ar":"يشيّد أقفال القناة","pl":"budować śluzy","da":"konstruere kanalsluser","ro":"construiește ecluze de canal","nl":"kanaalsluizen bouwen"},"alternativeLabel":{"fi":["rakentaa kanavasulkuja"],"en":["building canal locks","construct locks on canals","canal lock construction","constructing canal locks","construction of canal locks","build canal locks","install canal locks","installing canal locks","constructing locks on canals","installation of canal locks","canal lock building","canal lock installation"],"nl":["kanaalsluizen construeren"],"es":["instalar esclusas","colocar esclusas"]},"description":{"en-us":{"literal":"Install lock systems in sections of canals for the raising and lowering of vessels from one level to another. These are used for their passage over canals as well as for the control of the water level.","mimetype":"plain/text"},"en":{"literal":"Install lock systems in sections of canals for the raising and lowering of vessels from one level to another. These are used for their passage over canals as well as for the control of the water level.","mimetype":"plain/text"}},"status":"released","_links":{"self":{"href":"https://ec.europa.eu/esco/api/resource/skill?uri=http://data.europa.eu/esco/skill/bb0c06f6-2272-4cae-907c-d68f10c4f80f&language=en","uri":"http://data.europa.eu/esco/skill/bb0c06f6-2272-4cae-907c-d68f10c4f80f","title":"construct canal locks"},"isTopConceptInScheme":[{"href":"https://ec.europa.eu/esco/api/resource/taxonomy?uri=http://data.europa.eu/esco/concept-scheme/member-skills&language=en","uri":"http://data.europa.eu/esco/concept-scheme/member-skills","title":"ESCO member skills"},{"href":"https://ec.europa.eu/esco/api/resource/taxonomy?uri=http://data.europa.eu/esco/concept-scheme/skills&language=en","uri":"http://data.europa.eu/esco/concept-scheme/skills","title":"ESCO skills"}],"isInScheme":[{"href":"https://ec.europa.eu/esco/api/resource/taxonomy?uri=http://data.europa.eu/esco/concept-scheme/member-skills&language=en","uri":"http://data.europa.eu/esco/concept-scheme/member-skills","title":"ESCO member skills"},{"href":"https://ec.europa.eu/esco/api/resource/taxonomy?uri=http://data.europa.eu/esco/concept-scheme/skills&language=en","uri":"http://data.europa.eu/esco/concept-scheme/skills","title":"ESCO skills"}],"hasSkillType":[{"href":"https://ec.europa.eu/esco/api/resource/concept?uri=http://data.europa.eu/esco/skill-type/skill&language=en","uri":"http://data.europa.eu/esco/skill-type/skill","title":"skill"}],"hasReuseLevel":[{"href":"https://ec.europa.eu/esco/api/resource/concept?uri=http://data.europa.eu/esco/skill-reuse-level/sector-specific&language=en","uri":"http://data.europa.eu/esco/skill-reuse-level/sector-specific","title":"sector specific skills and competences","code":"Level 3"}],"isEssentialForOccupation":[{"href":"https://ec.europa.eu/esco/api/resource/occupation?uri=http://data.europa.eu/esco/occupation/21fe7141-68fa-4db7-9ee2-53097cef541a&language=en","uri":"http://data.europa.eu/esco/occupation/21fe7141-68fa-4db7-9ee2-53097cef541a","title":"waterway construction labourer"}],"isOptionalForOccupation":[{"href":"https://ec.europa.eu/esco/api/resource/occupation?uri=http://data.europa.eu/esco/occupation/e575efca-c3e4-43fe-8c46-327d310f795e&language=en","uri":"http://data.europa.eu/esco/occupation/e575efca-c3e4-43fe-8c46-327d310f795e","title":"underwater construction supervisor"}]},"_embedded":{}},{"className":"Skill","classId":"http://data.europa.eu/esco/model#Skill","uri":"http://data.europa.eu/esco/skill/84025201-b011-4bd1-a9ee-b174394f5d9d","title":"display warnings around dive site","referenceLanguage":["en"],"preferredLabel":{"de":"Tauchstelle markieren","no":"plassere advarsler rundt dykkestedet","en-us":"display warnings around dive site","fi":"asettaa varoituksia sukelluskohteen ympärille","pt":"colocar sinalização de advertência em área de mergulho","bg":"поставяне на предупредителни надписи около участъци за гмуркане","lt":"išdėstyti perspėjamuosius ženklus aplink nardymo darbų vietą","lv":"izvietot brīdinājumus ap niršanas vietu","hr":"postavljati znakove upozorenja oko ronilačke lokacije","fr":"installer des systèmes d’avertissement autour d’un site de plongée","hu":"figyelmeztető jelzéseket helyez el a merülési hely körül","sk":"umiestniť výstrahy okolo miesta potápania","sl":"nameščati opozorila okoli kraja potapljanja","ga":"fógraí rabhaidh a chur in airde timpeall ar láthair thumadóireachta","sv":"sätta upp varningsutrustning vid dykplats","el":"ανάρτηση προειδοποιητικών ενδείξεων σε τοποθεσίες κατάδυσης","mt":"wiri ta’ twissijiet madwar sit tal-għadis","en":"display warnings around dive site","is":"setur upp varnaðarskilti kringum köfunarvettvang","it":"predisporre i segnali di pericolo intorno al punto dell’immersione","es":"señalizar zonas de buceo","et":"sukeldumisalal hoiatusi andma","cs":"umístit v místě ponoru výstražné značky","ar":"يعرض التحذيرات حول موقع الغوص","pl":"rozmieszczać urządzenia ostrzegawcze wokół miejsca nurkowania","ro":"plasează marcaje de avertizare în zona de scufundare","da":"vise advarsler omkring dykkested","nl":"waarschuwingen rondom duikplekken plaatsen"},"alternativeLabel":{"de":["Warnhinweise um Tauchstelle anbringen"],"en":["display of dive site warnings","display dive site warnings","put up warning signs at dive site","display of warnings around dive site","put up dive site warning signs","displaying warnings around dive site","place dive site warnings","ensure dive site warning are in place"],"es":["indicar zonas de buceo","colocar señales de advertencia en zonas de buceo"]},"description":{"en-us":{"literal":"Ensure that warning devices are displayed in the area around a dive site, so as to keep it clear of any equipment other than that associated with the diving operation.","mimetype":"plain/text"},"en":{"literal":"Ensure that warning devices are displayed in the area around a dive site, so as to keep it clear of any equipment other than that associated with the diving operation.","mimetype":"plain/text"}},"status":"released","_links":{"self":{"href":"https://ec.europa.eu/esco/api/resource/skill?uri=http://data.europa.eu/esco/skill/84025201-b011-4bd1-a9ee-b174394f5d9d&language=en","uri":"http://data.europa.eu/esco/skill/84025201-b011-4bd1-a9ee-b174394f5d9d","title":"display warnings around dive site"},"isTopConceptInScheme":[{"href":"https://ec.europa.eu/esco/api/resource/taxonomy?uri=http://data.europa.eu/esco/concept-scheme/skills&language=en","uri":"http://data.europa.eu/esco/concept-scheme/skills","title":"ESCO skills"},{"href":"https://ec.europa.eu/esco/api/resource/taxonomy?uri=http://data.europa.eu/esco/concept-scheme/member-skills&language=en","uri":"http://data.europa.eu/esco/concept-scheme/member-skills","title":"ESCO member skills"}],"isInScheme":[{"href":"https://ec.europa.eu/esco/api/resource/taxonomy?uri=http://data.europa.eu/esco/concept-scheme/skills&language=en","uri":"http://data.europa.eu/esco/concept-scheme/skills","title":"ESCO skills"},{"href":"https://ec.europa.eu/esco/api/resource/taxonomy?uri=http://data.europa.eu/esco/concept-scheme/member-skills&language=en","uri":"http://data.europa.eu/esco/concept-scheme/member-skills","title":"ESCO member skills"}],"hasSkillType":[{"href":"https://ec.europa.eu/esco/api/resource/concept?uri=http://data.europa.eu/esco/skill-type/skill&language=en","uri":"http://data.europa.eu/esco/skill-type/skill","title":"skill"}],"hasReuseLevel":[{"href":"https://ec.europa.eu/esco/api/resource/concept?uri=http://data.europa.eu/esco/skill-reuse-level/sector-specific&language=en","uri":"http://data.europa.eu/esco/skill-reuse-level/sector-specific","title":"sector specific skills and competences","code":"Level 3"}],"isEssentialForOccupation":[{"href":"https://ec.europa.eu/esco/api/resource/occupation?uri=http://data.europa.eu/esco/occupation/bcc199fe-f7df-42a5-bd45-e33ae6160f26&language=en","uri":"http://data.europa.eu/esco/occupation/bcc199fe-f7df-42a5-bd45-e33ae6160f26","title":"rescue diver"}],"isOptionalForOccupation":[{"href":"https://ec.europa.eu/esco/api/resource/occupation?uri=http://data.europa.eu/esco/occupation/5a596834-bc8f-4273-8d09-006957b60347&language=en","uri":"http://data.europa.eu/esco/occupation/5a596834-bc8f-4273-8d09-006957b60347","title":"construction commercial diver"},{"href":"https://ec.europa.eu/esco/api/resource/occupation?uri=http://data.europa.eu/esco/occupation/e575efca-c3e4-43fe-8c46-327d310f795e&language=en","uri":"http://data.europa.eu/esco/occupation/e575efca-c3e4-43fe-8c46-327d310f795e","title":"underwater construction supervisor"}]},"_embedded":{}},{"className":"Skill","classId":"http://data.europa.eu/esco/model#Skill","uri":"http://data.europa.eu/esco/skill/d811beb9-333c-4c06-9897-aae76ae91c00","title":"curate artwork for exhibitions","referenceLanguage":["en"],"preferredLabel":{"no":"velge kunstverk for utstillinger","de":"Kunstwerke für Ausstellungen kuratieren","en-us":"curate artwork for exhibitions","fi":"kuratoida taidetta näyttelyissä","pt":"escolher obras de arte para exposições","bg":"организиране на произведения на изкуството за изложби","lt":"atrinkti meno kūrinius parodoms","hr":"birati umjetnička djela za izložbe","lv":"atlasīt mākslas darbus izstādēm","fr":"organiser des œuvres pour des expositions","hu":"kurátori tevékenységet folytat","sk":"kurátorsky zabezpečiť umelecké diela na výstavy","sl":"izbirati umetniška dela za razstave","ga":"bheith i mbun coimeádaíochta ar shaothar ealaíne le haghaidh taispeántas","sv":"fungera som kurator för utställningar","mt":"immaniġġjar tax-xogħlijiet tal-arti għall-wirjiet","el":"επιλογή έργων τέχνης για εκθέσεις","en":"curate artwork for exhibitions","is":"velur listaverk fyrir sýningu","it":"curare le opere d'arte per le esposizioni","es":"seleccionar obras de arte para una exposición","et":"kunstinäitusi kureerima","cs":"vybírat umělecká díla pro výstavy","ar":"يشرف على الأعمال الفنية للمعارض","pl":"dobierać dzieła sztuki, które mają stać się elementem wystawy","da":"kuratere kunstværker til udstillinger","ro":"organizează expoziții de artă","nl":"kunstwerken voor tentoonstellingen cureren"},"alternativeLabel":{"fi":["toimia taidenäyttelyn kuraattorina"],"bg":["организиране на художествени произведения за изложби"],"en":["identify artwork for exhibitions","prepare artwork for exhibitions","choose artwork for exhibitions","curate artwork for an exhibition","curating artwork for exhibitions","curating artwork for an exhibition"],"hu":["kiállítási tárgyakat gondoz"],"nl":["kunstwerken voor exposities cureren"],"es":["escoger obras de arte para una exposición","elegir obras de arte para una exposición"]},"description":{"en-us":{"literal":"Make decisions about the type of work gallery exhibitions will show. Identify artwork that is likely to interest the audience.","mimetype":"plain/text"},"en":{"literal":"Make decisions about the type of work gallery exhibitions will show. Identify artwork that is likely to interest the audience.","mimetype":"plain/text"}},"status":"released","_links":{"self":{"href":"https://ec.europa.eu/esco/api/resource/skill?uri=http://data.europa.eu/esco/skill/d811beb9-333c-4c06-9897-aae76ae91c00&language=en","uri":"http://data.europa.eu/esco/skill/d811beb9-333c-4c06-9897-aae76ae91c00","title":"curate artwork for exhibitions"},"isTopConceptInScheme":[{"href":"https://ec.europa.eu/esco/api/resource/taxonomy?uri=http://data.europa.eu/esco/concept-scheme/member-skills&language=en","uri":"http://data.europa.eu/esco/concept-scheme/member-skills","title":"ESCO member skills"},{"href":"https://ec.europa.eu/esco/api/resource/taxonomy?uri=http://data.europa.eu/esco/concept-scheme/skills&language=en","uri":"http://data.europa.eu/esco/concept-scheme/skills","title":"ESCO skills"}],"isInScheme":[{"href":"https://ec.europa.eu/esco/api/resource/taxonomy?uri=http://data.europa.eu/esco/concept-scheme/member-skills&language=en","uri":"http://data.europa.eu/esco/concept-scheme/member-skills","title":"ESCO member skills"},{"href":"https://ec.europa.eu/esco/api/resource/taxonomy?uri=http://data.europa.eu/esco/concept-scheme/skills&language=en","uri":"http://data.europa.eu/esco/concept-scheme/skills","title":"ESCO skills"}],"hasSkillType":[{"href":"https://ec.europa.eu/esco/api/resource/concept?uri=http://data.europa.eu/esco/skill-type/skill&language=en","uri":"http://data.europa.eu/esco/skill-type/skill","title":"skill"}],"hasReuseLevel":[{"href":"https://ec.europa.eu/esco/api/resource/concept?uri=http://data.europa.eu/esco/skill-reuse-level/occupation-specific&language=en","uri":"http://data.europa.eu/esco/skill-reuse-level/occupation-specific","title":"occupation specific skills and competences","code":"Level 4"}],"isEssentialForOccupation":[{"href":"https://ec.europa.eu/esco/api/resource/occupation?uri=http://data.europa.eu/esco/occupation/2c8a4b72-21f4-4ab1-9dbd-1cae779211b7&language=en","uri":"http://data.europa.eu/esco/occupation/2c8a4b72-21f4-4ab1-9dbd-1cae779211b7","title":"commercial art gallery manager"}]},"_embedded":{}},{"className":"Skill","classId":"http://data.europa.eu/esco/model#Skill","uri":"http://data.europa.eu/esco/skill/d0a7144b-ba91-4489-acb8-a055c6b7e968","title":"scan negatives","referenceLanguage":["en"],"preferredLabel":{"de":"Negative scannen","no":"skanne negativer","fi":"skannata negatiiveja","en-us":"scan negatives","pt":"digitalizar negativos","bg":"сканиране на негативи","lt":"skenuoti negatyvus","hr":"skenirati negative","lv":"skenēt fotonegatīvus","fr":"numériser des négatifs","hu":"beolvassa a negatívokat","sk":"naskenovať negatívy","sl":"skenirati negative","ga":"claonchlónna a scanadh","sv":"skanna negativ","el":"σάρωση των αρνητικών","mt":"skennjar tan-negattivi","en":"scan negatives","is":"rennur yfir negatífur","it":"eseguire la scansione di negativi","es":"escanear negativos","et":"negatiive skaneerima","cs":"skenovat negativy","ar":"يمسح الصور السالبة","pl":"skanować negatywy","ro":"scanează negative","da":"scanne negativer","nl":"negatieven scannen"},"alternativeLabel":{"en":["scan photograph negatives","copy negatives","scan photo negatives"],"hu":["szkenneli a negatívokat"],"es":["hacer una copia escaneada de los negativos","hacer un escaneado de los negativos","escanear el negativo","hacer un escaneo de un negativo","hacer una copia escaneada del negativo"]},"description":{"en-us":{"literal":"Scan processed negatives so they can be digitally stored, edited, and printed.","mimetype":"plain/text"},"en":{"literal":"Scan processed negatives so they can be digitally stored, edited, and printed.","mimetype":"plain/text"}},"status":"released","_links":{"self":{"href":"https://ec.europa.eu/esco/api/resource/skill?uri=http://data.europa.eu/esco/skill/d0a7144b-ba91-4489-acb8-a055c6b7e968&language=en","uri":"http://data.europa.eu/esco/skill/d0a7144b-ba91-4489-acb8-a055c6b7e968","title":"scan negatives"},"isTopConceptInScheme":[{"href":"https://ec.europa.eu/esco/api/resource/taxonomy?uri=http://data.europa.eu/esco/concept-scheme/member-skills&language=en","uri":"http://data.europa.eu/esco/concept-scheme/member-skills","title":"ESCO member skills"},{"href":"https://ec.europa.eu/esco/api/resource/taxonomy?uri=http://data.europa.eu/esco/concept-scheme/skills&language=en","uri":"http://data.europa.eu/esco/concept-scheme/skills","title":"ESCO skills"}],"isInScheme":[{"href":"https://ec.europa.eu/esco/api/resource/taxonomy?uri=http://data.europa.eu/esco/concept-scheme/member-skills&language=en","uri":"http://data.europa.eu/esco/concept-scheme/member-skills","title":"ESCO member skills"},{"href":"https://ec.europa.eu/esco/api/resource/taxonomy?uri=http://data.europa.eu/esco/concept-scheme/skills&language=en","uri":"http://data.europa.eu/esco/concept-scheme/skills","title":"ESCO skills"}],"hasSkillType":[{"href":"https://ec.europa.eu/esco/api/resource/concept?uri=http://data.europa.eu/esco/skill-type/skill&language=en","uri":"http://data.europa.eu/esco/skill-type/skill","title":"skill"}],"hasReuseLevel":[{"href":"https://ec.europa.eu/esco/api/resource/concept?uri=http://data.europa.eu/esco/skill-reuse-level/sector-specific&language=en","uri":"http://data.europa.eu/esco/skill-reuse-level/sector-specific","title":"sector specific skills and competences","code":"Level 3"}],"isEssentialForOccupation":[{"href":"https://ec.europa.eu/esco/api/resource/occupation?uri=http://data.europa.eu/esco/occupation/54ffd31f-ed90-4af4-b877-cd246351ad39&language=en","uri":"http://data.europa.eu/esco/occupation/54ffd31f-ed90-4af4-b877-cd246351ad39","title":"prepress technician"}],"isOptionalForOccupation":[{"href":"https://ec.europa.eu/esco/api/resource/occupation?uri=http://data.europa.eu/esco/occupation/ab4086a0-0e2f-436e-80f8-a3291e594bd1&language=en","uri":"http://data.europa.eu/esco/occupation/ab4086a0-0e2f-436e-80f8-a3291e594bd1","title":"lithographer"},{"href":"https://ec.europa.eu/esco/api/resource/occupation?uri=http://data.europa.eu/esco/occupation/7180a7be-68cd-4636-8c12-706722ad8862&language=en","uri":"http://data.europa.eu/esco/occupation/7180a7be-68cd-4636-8c12-706722ad8862","title":"photographic developer"}]},"_embedded":{}},{"className":"Skill","classId":"http://data.europa.eu/esco/model#Skill","uri":"http://data.europa.eu/esco/skill/f38c18f1-f44a-42f2-b9f1-92064258e37a","title":"advertise the gallery","referenceLanguage":["en"],"preferredLabel":{"de":"Werbung für eine Galerie machen","no":"annonsere galleriinformasjon","fi":"mainostaa taidegalleriaa","en-us":"advertise the gallery","pt":"publicitar uma galeria","bg":"рекламиране на художествена галерия","lt":"reklamuoti galeriją","hr":"oglašavati galeriju","lv":"reklamēt galeriju","fr":"faire de publicité pour une galerie","hu":"reklámozza a galériát","sk":"propagovať galériu","sl":"oglaševati galerijo","ga":"an dánlann a fhógairt","sv":"göra reklam för galleri","el":"διαφήμιση της πινακοθήκης","mt":"reklamar tal-galleriji tal-arti","en":"advertise the gallery","is":"auglýsir galleríið","it":"promuovere la galleria d'arte","es":"anunciar la galería de arte","et":"galeriid reklaamima","cs":"dělat reklamu na galerii","ar":"يعلن عن المعرض","pl":"reklamować galerię dzieł sztuki","ro":"promovează galeria de artă","da":"annoncere for galleri","nl":"reclame maken voor de galerie"},"alternativeLabel":{"cs":["propagovat galerii"],"bg":["рекламиране на галерия на изкуството"],"el":["διαφήμιση της γκαλερί","διαφήμιση των έργων τέχνης","διαφήμιση του μουσείου τέχνης"],"en":["advertising a gallery","endorse the gallery","promote the gallery","gallery advertising","advertising the gallery","market the gallery","advocate the gallery"],"es":["promocionar la galería de arte"],"nl":["reclame maken voor de kunstgalerij"]},"description":{"en-us":{"literal":"Actively promote and advertise the art gallery. Choose and monitor advertising channels.","mimetype":"plain/text"},"en":{"literal":"Actively promote and advertise the art gallery. Choose and monitor advertising channels.","mimetype":"plain/text"}},"scopeNote":{"en":{"literal":"Promotion may happen using emails, websites, stands, radio announcements and editorial coverage.","mimetype":"plain/text"}},"status":"released","_links":{"self":{"href":"https://ec.europa.eu/esco/api/resource/skill?uri=http://data.europa.eu/esco/skill/f38c18f1-f44a-42f2-b9f1-92064258e37a&language=en","uri":"http://data.europa.eu/esco/skill/f38c18f1-f44a-42f2-b9f1-92064258e37a","title":"advertise the gallery"},"isTopConceptInScheme":[{"href":"https://ec.europa.eu/esco/api/resource/taxonomy?uri=http://data.europa.eu/esco/concept-scheme/member-skills&language=en","uri":"http://data.europa.eu/esco/concept-scheme/member-skills","title":"ESCO member skills"},{"href":"https://ec.europa.eu/esco/api/resource/taxonomy?uri=http://data.europa.eu/esco/concept-scheme/skills&language=en","uri":"http://data.europa.eu/esco/concept-scheme/skills","title":"ESCO skills"}],"isInScheme":[{"href":"https://ec.europa.eu/esco/api/resource/taxonomy?uri=http://data.europa.eu/esco/concept-scheme/member-skills&language=en","uri":"http://data.europa.eu/esco/concept-scheme/member-skills","title":"ESCO member skills"},{"href":"https://ec.europa.eu/esco/api/resource/taxonomy?uri=http://data.europa.eu/esco/concept-scheme/skills&language=en","uri":"http://data.europa.eu/esco/concept-scheme/skills","title":"ESCO skills"}],"hasSkillType":[{"href":"https://ec.europa.eu/esco/api/resource/concept?uri=http://data.europa.eu/esco/skill-type/skill&language=en","uri":"http://data.europa.eu/esco/skill-type/skill","title":"skill"}],"hasReuseLevel":[{"href":"https://ec.europa.eu/esco/api/resource/concept?uri=http://data.europa.eu/esco/skill-reuse-level/occupation-specific&language=en","uri":"http://data.europa.eu/esco/skill-reuse-level/occupation-specific","title":"occupation specific skills and competences","code":"Level 4"}],"isEssentialForOccupation":[{"href":"https://ec.europa.eu/esco/api/resource/occupation?uri=http://data.europa.eu/esco/occupation/2c8a4b72-21f4-4ab1-9dbd-1cae779211b7&language=en","uri":"http://data.europa.eu/esco/occupation/2c8a4b72-21f4-4ab1-9dbd-1cae779211b7","title":"commercial art gallery manager"}]},"_embedded":{}},{"className":"Skill","classId":"http://data.europa.eu/esco/model#Skill","uri":"http://data.europa.eu/esco/skill/e189ae1f-aeeb-44ae-94ac-f02f81cc70ec","title":"assign vehicles in accordance with requirements","referenceLanguage":["en"],"preferredLabel":{"de":"Fahrzeuge den Anforderungen entsprechend zuweisen","no":"tilordne kjøretøyer i samsvar med krav","fi":"määritellä ajoneuvot vaatimusten mukaisesti","en-us":"assign vehicles in accordance with requirements","pt":"atribuir veículos em conformidade com os requisitos","bg":"определяне на превозни средства в съответствие с изискванията","lt":"skirti transporto priemones atsižvelgiant į reikalavimus","hr":"raspoređivati vozila u skladu sa zahtjevima","lv":"norīkot transportlīdzekļus atbilstoši prasībām","fr":"attribuer des véhicules en fonction de besoins","hu":"az igényekkel összhangban kiosztja a járműveket","sk":"prideliť vozidlá podľa požiadaviek","sl":"dodeljevati vozila v skladu z zahtevami","ga":"feithiclí a shannadh de réir riachtanas","sv":"tilldela fordon utifrån behov","mt":"assenjar tal-vetturi skont ir-rekwiżiti","el":"ναύλωση οχημάτων σύμφωνα με τις απαιτήσεις","en":"assign vehicles in accordance with requirements","is":"úthlutar bifreiðum í samræmi við kröfur","it":"assegnare i veicoli in base alle esigenze","es":"asignar los vehículos de acuerdo con los requisitos","et":"sõidukeid vastavalt nõuetele jaotama","cs":"přidělovat vozidla v závislosti na požadavcích","ar":"يعيّن المركبات وفقاً للمتطلبات","pl":"przydzielać pojazdy zgodnie z wymogami","da":"fordele køretøjer i overensstemmelse med krav","ro":"alocă vehiculele în funcție de cerințe","nl":"voertuigen toewijzen conform de vereisten"},"alternativeLabel":{"de":["Fahrzeuge bedarfsgerecht disponieren"],"fi":["valita ajoneuvot vaatimusten mukaisesti"],"bg":["подбиране на превозни средства в съответствие с изискванията"],"en":["assess task requirements and assign appropriate vehicle","effectively match appropriate vehicles to services","vehicles in accordance with requirement criteria","select vehicles in accordance with requirements","assign vehicles according to requirement criteria","select vehicles according to requirements","assess task requirements and assign suitable vehicle","determine suitable vehicle for completion of specific tasks","determine appropriate vehicle for completion of specific tasks","assign vehicles according to requirements"],"es":["establecer los vehículos conforme a los requisitos","determinar los vehículos con arreglo a las condiciones"],"nl":["voertuigen toewijzen in overeenstemming met de vereisten"]},"description":{"en-us":{"literal":"Assign vehicles after assessing the level of demand in relation to the frequency intended, and the structure of the location. Determine the appropriate vehicle for the service intended.","mimetype":"plain/text"},"en":{"literal":"Assign vehicles after assessing the level of demand in relation to the frequency intended, and the structure of the location. Determine the appropriate vehicle for the service intended.","mimetype":"plain/text"}},"status":"released","_links":{"self":{"href":"https://ec.europa.eu/esco/api/resource/skill?uri=http://data.europa.eu/esco/skill/e189ae1f-aeeb-44ae-94ac-f02f81cc70ec&language=en","uri":"http://data.europa.eu/esco/skill/e189ae1f-aeeb-44ae-94ac-f02f81cc70ec","title":"assign vehicles in accordance with requirements"},"isTopConceptInScheme":[{"href":"https://ec.europa.eu/esco/api/resource/taxonomy?uri=http://data.europa.eu/esco/concept-scheme/skills&language=en","uri":"http://data.europa.eu/esco/concept-scheme/skills","title":"ESCO skills"},{"href":"https://ec.europa.eu/esco/api/resource/taxonomy?uri=http://data.europa.eu/esco/concept-scheme/member-skills&language=en","uri":"http://data.europa.eu/esco/concept-scheme/member-skills","title":"ESCO member skills"}],"isInScheme":[{"href":"https://ec.europa.eu/esco/api/resource/taxonomy?uri=http://data.europa.eu/esco/concept-scheme/skills&language=en","uri":"http://data.europa.eu/esco/concept-scheme/skills","title":"ESCO skills"},{"href":"https://ec.europa.eu/esco/api/resource/taxonomy?uri=http://data.europa.eu/esco/concept-scheme/member-skills&language=en","uri":"http://data.europa.eu/esco/concept-scheme/member-skills","title":"ESCO member skills"}],"hasSkillType":[{"href":"https://ec.europa.eu/esco/api/resource/concept?uri=http://data.europa.eu/esco/skill-type/skill&language=en","uri":"http://data.europa.eu/esco/skill-type/skill","title":"skill"}],"hasReuseLevel":[{"href":"https://ec.europa.eu/esco/api/resource/concept?uri=http://data.europa.eu/esco/skill-reuse-level/occupation-specific&language=en","uri":"http://data.europa.eu/esco/skill-reuse-level/occupation-specific","title":"occupation specific skills and competences","code":"Level 4"}],"isEssentialForOccupation":[{"href":"https://ec.europa.eu/esco/api/resource/occupation?uri=http://data.europa.eu/esco/occupation/4ea620f2-5c75-49ee-85a0-b2fb6bbf3624&language=en","uri":"http://data.europa.eu/esco/occupation/4ea620f2-5c75-49ee-85a0-b2fb6bbf3624","title":"road operations manager"}]},"_embedded":{}},{"className":"Skill","classId":"http://data.europa.eu/esco/model#Skill","uri":"http://data.europa.eu/esco/skill/f71e79b8-8724-4c04-bd54-40219954fa55","title":"repair photographic film","referenceLanguage":["en"],"preferredLabel":{"de":"Fotofilm reparieren","no":"reparere fotografisk film","en-us":"repair photographic film","fi":"korjata valokuvafilmiä","pt":"reparar a película fotográfica","bg":"поправяне на фотографски филм","lt":"taisyti fotojuostą","hr":"popraviti fotografski film","lv":"salabot fotofilmu","fr":"réparer des pellicules photo","hu":"a fényképészeti filmet helyreállítja","sk":"opraviť fotografický film","sl":"popravljati fotografski film","ga":"scannán grianghrafadóireachta a dheisiú","sv":"reparera fotografisk film","mt":"tiswija tat-tertuqiet fotografiċi","el":"επιδιόρθωση του φωτογραφικού φιλμ","en":"repair photographic film","is":"gerir við ljósmyndunarfilmu","it":"riparare la pellicola fotografica","es":"reparar la película fotográfica","et":"fotofilmi parandama","cs":"opravovat fotografický film","ar":"يصلح فيلم التصوير الفوتوغرافي","pl":"naprawiać klisze fotograficzne","ro":"repară filme fotografice","da":"reparere fotografisk film","nl":"fotografische film repareren"},"alternativeLabel":{"en":["fix photographic film","adjust photographic film","photographic film repair","repairing photographic film"],"ga":["scannán fótagrafach a dheisiú"],"hu":["a fotográfiai filmet helyreállítja"],"nl":["fotografische film herstellen"],"es":["arreglar la película fotográfica","arreglar la película","reparar la película"]},"description":{"en-us":{"literal":"Detect tears in photographic film, repair them using a hand stapler.","mimetype":"plain/text"},"en":{"literal":"Detect tears in photographic film, repair them using a hand stapler.","mimetype":"plain/text"}},"status":"released","_links":{"self":{"href":"https://ec.europa.eu/esco/api/resource/skill?uri=http://data.europa.eu/esco/skill/f71e79b8-8724-4c04-bd54-40219954fa55&language=en","uri":"http://data.europa.eu/esco/skill/f71e79b8-8724-4c04-bd54-40219954fa55","title":"repair photographic film"},"isTopConceptInScheme":[{"href":"https://ec.europa.eu/esco/api/resource/taxonomy?uri=http://data.europa.eu/esco/concept-scheme/skills&language=en","uri":"http://data.europa.eu/esco/concept-scheme/skills","title":"ESCO skills"},{"href":"https://ec.europa.eu/esco/api/resource/taxonomy?uri=http://data.europa.eu/esco/concept-scheme/member-skills&language=en","uri":"http://data.europa.eu/esco/concept-scheme/member-skills","title":"ESCO member skills"}],"isInScheme":[{"href":"https://ec.europa.eu/esco/api/resource/taxonomy?uri=http://data.europa.eu/esco/concept-scheme/skills&language=en","uri":"http://data.europa.eu/esco/concept-scheme/skills","title":"ESCO skills"},{"href":"https://ec.europa.eu/esco/api/resource/taxonomy?uri=http://data.europa.eu/esco/concept-scheme/member-skills&language=en","uri":"http://data.europa.eu/esco/concept-scheme/member-skills","title":"ESCO member skills"}],"hasSkillType":[{"href":"https://ec.europa.eu/esco/api/resource/concept?uri=http://data.europa.eu/esco/skill-type/skill&language=en","uri":"http://data.europa.eu/esco/skill-type/skill","title":"skill"}],"hasReuseLevel":[{"href":"https://ec.europa.eu/esco/api/resource/concept?uri=http://data.europa.eu/esco/skill-reuse-level/cross-sector&language=en","uri":"http://data.europa.eu/esco/skill-reuse-level/cross-sector","title":"cross-sector skills and competences","code":"Level 2"}],"isOptionalForOccupation":[{"href":"https://ec.europa.eu/esco/api/resource/occupation?uri=http://data.europa.eu/esco/occupation/7180a7be-68cd-4636-8c12-706722ad8862&language=en","uri":"http://data.europa.eu/esco/occupation/7180a7be-68cd-4636-8c12-706722ad8862","title":"photographic developer"},{"href":"https://ec.europa.eu/esco/api/resource/occupation?uri=http://data.europa.eu/esco/occupation/b4f08f2e-3c97-4484-9094-446a17dad802&language=en","uri":"http://data.europa.eu/esco/occupation/b4f08f2e-3c97-4484-9094-446a17dad802","title":"motion picture film developer"}]},"_embedded":{}},{"className":"Skill","classId":"http://data.europa.eu/esco/model#Skill","uri":"http://data.europa.eu/esco/skill/7e44b647-e1ca-402e-a990-c75362e45ebc","title":"register death","referenceLanguage":["en"],"preferredLabel":{"de":"Tod im Register eintragen","no":"registrere død","fi":"rekisteröidä kuolemat","en-us":"register death","pt":"registar óbitos","bg":"регистриране на смърт","lt":"registruoti mirusiuosius","lv":"reģistrēt miršanu","hr":"upisivati smrt","fr":"enregistrer un décès","hu":"bevezeti a halált az anyakönyvbe","sk":"zaznamenať údaje o úmrtí","sl":"registrirati smrti","ga":"básanna a chlárú","sv":"registrera dödsfall","el":"δήλωση θανάτου","mt":"reġistrazzjoni tal-imwiet","en":"register death","is":"skráir andlátsupplýsingar","it":"registrare il decesso","es":"registrar una defunción","et":"surma registreerima","cs":"zaregistrovat úmrtí","ar":"يسجل بيانات الوفاة","pl":"prowadzić rejestr zgonów","ro":"înregistrează decesul","da":"registrere dødsfald","nl":"overlijdens registreren"},"alternativeLabel":{"el":["γνωστοποίηση θανάτου"],"en":["evidence death","inform of death","register of death","record death","record of death","chronicle death"]},"description":{"en-us":{"literal":"Check if the description why the person died is in order. Question someone who was close to the person who died such as a family member in order to enter the obtained information on the death certificate.","mimetype":"plain/text"},"en":{"literal":"Check if the description why the person died is in order. Question someone who was close to the person who died such as a family member in order to enter the obtained information on the death certificate.","mimetype":"plain/text"}},"status":"released","_links":{"self":{"href":"https://ec.europa.eu/esco/api/resource/skill?uri=http://data.europa.eu/esco/skill/7e44b647-e1ca-402e-a990-c75362e45ebc&language=en","uri":"http://data.europa.eu/esco/skill/7e44b647-e1ca-402e-a990-c75362e45ebc","title":"register death"},"isTopConceptInScheme":[{"href":"https://ec.europa.eu/esco/api/resource/taxonomy?uri=http://data.europa.eu/esco/concept-scheme/skills&language=en","uri":"http://data.europa.eu/esco/concept-scheme/skills","title":"ESCO skills"},{"href":"https://ec.europa.eu/esco/api/resource/taxonomy?uri=http://data.europa.eu/esco/concept-scheme/member-skills&language=en","uri":"http://data.europa.eu/esco/concept-scheme/member-skills","title":"ESCO member skills"}],"isInScheme":[{"href":"https://ec.europa.eu/esco/api/resource/taxonomy?uri=http://data.europa.eu/esco/concept-scheme/skills&language=en","uri":"http://data.europa.eu/esco/concept-scheme/skills","title":"ESCO skills"},{"href":"https://ec.europa.eu/esco/api/resource/taxonomy?uri=http://data.europa.eu/esco/concept-scheme/member-skills&language=en","uri":"http://data.europa.eu/esco/concept-scheme/member-skills","title":"ESCO member skills"}],"hasSkillType":[{"href":"https://ec.europa.eu/esco/api/resource/concept?uri=http://data.europa.eu/esco/skill-type/skill&language=en","uri":"http://data.europa.eu/esco/skill-type/skill","title":"skill"}],"hasReuseLevel":[{"href":"https://ec.europa.eu/esco/api/resource/concept?uri=http://data.europa.eu/esco/skill-reuse-level/occupation-specific&language=en","uri":"http://data.europa.eu/esco/skill-reuse-level/occupation-specific","title":"occupation specific skills and competences","code":"Level 4"}],"isEssentialForOccupation":[{"href":"https://ec.europa.eu/esco/api/resource/occupation?uri=http://data.europa.eu/esco/occupation/578470d7-1848-44cd-a769-96cdd64b2c37&language=en","uri":"http://data.europa.eu/esco/occupation/578470d7-1848-44cd-a769-96cdd64b2c37","title":"civil registrar"}]},"_embedded":{}},{"className":"Skill","classId":"http://data.europa.eu/esco/model#Skill","uri":"http://data.europa.eu/esco/skill/5bb4e18e-4bee-428c-b8b6-7316e4704b92","title":"carry out recruiting services","referenceLanguage":["en"],"preferredLabel":{"de":"Anwerbedienste ausführen","no":"utføre rekrutteringstjenester","fi":"suorittaa rekrytointipalveluja","en-us":"carry out recruiting services","pt":"prestar serviços de recrutamento","bg":"извършване на услуги за набиране на персонал","lt":"teikti įdarbinimo paslaugas","lv":"sniegt darbā iekārtošanas pakalpojumus","hr":"pružati usluge pronalaska kandidata za posao","fr":"réaliser des services de recrutement","hu":"toborzási szolgáltatásokat végez","sk":"vykonávať náborové služby","sl":"izvajati storitve zaposlovanja","ga":"seirbhísí earcaíochta a dhéanamh","sv":"utföra rekryteringstjänster","el":"διενέργεια υπηρεσιών πρόσληψης","mt":"twettiq tas-servizzi ta’ reklutaġġ","en":"carry out recruiting services","is":"sinnir ráðningarþjónustu","it":"eseguire i servizi di assunzione","es":"llevar a cabo la contratación de servicios","et":"värbamisteenuseid osutama","cs":"provádět nábor","ar":"ينفذ خدمات الاستقطاب والتوظيف","pl":"świadczyć usługi rekrutacyjne","ro":"desfășoară servicii de recrutare","da":"varetage rekrutteringsopgaver","nl":"wervingsdiensten uitvoeren"},"alternativeLabel":{"fi":["suorittaa työhönottopalveluja"],"en":["undertake recruiting services","carrying out a recruiting service","carry out a recruiting service","make recruiting services","oversee recruiting services","complete recruiting services","carrying out recruiting services"],"ro":["prestează servicii de recrutare"],"es":["realizar la contratación de servicios","contratar servicios"],"nl":["rekruteringsdiensten uitvoeren"]},"description":{"en-us":{"literal":"Attract, screen, select and haul on board persons fit for a job.","mimetype":"plain/text"},"en":{"literal":"Attract, screen, select and haul on board persons fit for a job.","mimetype":"plain/text"}},"status":"released","_links":{"self":{"href":"https://ec.europa.eu/esco/api/resource/skill?uri=http://data.europa.eu/esco/skill/5bb4e18e-4bee-428c-b8b6-7316e4704b92&language=en","uri":"http://data.europa.eu/esco/skill/5bb4e18e-4bee-428c-b8b6-7316e4704b92","title":"carry out recruiting services"},"isTopConceptInScheme":[{"href":"https://ec.europa.eu/esco/api/resource/taxonomy?uri=http://data.europa.eu/esco/concept-scheme/skills&language=en","uri":"http://data.europa.eu/esco/concept-scheme/skills","title":"ESCO skills"},{"href":"https://ec.europa.eu/esco/api/resource/taxonomy?uri=http://data.europa.eu/esco/concept-scheme/member-skills&language=en","uri":"http://data.europa.eu/esco/concept-scheme/member-skills","title":"ESCO member skills"}],"isInScheme":[{"href":"https://ec.europa.eu/esco/api/resource/taxonomy?uri=http://data.europa.eu/esco/concept-scheme/skills&language=en","uri":"http://data.europa.eu/esco/concept-scheme/skills","title":"ESCO skills"},{"href":"https://ec.europa.eu/esco/api/resource/taxonomy?uri=http://data.europa.eu/esco/concept-scheme/member-skills&language=en","uri":"http://data.europa.eu/esco/concept-scheme/member-skills","title":"ESCO member skills"}],"hasSkillType":[{"href":"https://ec.europa.eu/esco/api/resource/concept?uri=http://data.europa.eu/esco/skill-type/skill&language=en","uri":"http://data.europa.eu/esco/skill-type/skill","title":"skill"}],"hasReuseLevel":[{"href":"https://ec.europa.eu/esco/api/resource/concept?uri=http://data.europa.eu/esco/skill-reuse-level/cross-sector&language=en","uri":"http://data.europa.eu/esco/skill-reuse-level/cross-sector","title":"cross-sector skills and competences","code":"Level 2"}],"isEssentialForOccupation":[{"href":"https://ec.europa.eu/esco/api/resource/occupation?uri=http://data.europa.eu/esco/occupation/068370e0-9c27-4814-87d0-44fbb3140815&language=en","uri":"http://data.europa.eu/esco/occupation/068370e0-9c27-4814-87d0-44fbb3140815","title":"recruitment consultant"},{"href":"https://ec.europa.eu/esco/api/resource/occupation?uri=http://data.europa.eu/esco/occupation/2c8a4b72-21f4-4ab1-9dbd-1cae779211b7&language=en","uri":"http://data.europa.eu/esco/occupation/2c8a4b72-21f4-4ab1-9dbd-1cae779211b7","title":"commercial art gallery manager"}],"isOptionalForOccupation":[{"href":"https://ec.europa.eu/esco/api/resource/occupation?uri=http://data.europa.eu/esco/occupation/6d03eaef-1ce5-4a1e-bb41-0908e1af1b65&language=en","uri":"http://data.europa.eu/esco/occupation/6d03eaef-1ce5-4a1e-bb41-0908e1af1b65","title":"occupational analyst"}]},"_embedded":{}},{"className":"Skill","classId":"http://data.europa.eu/esco/model#Skill","uri":"http://data.europa.eu/esco/skill/0c904534-d935-48b8-8e0f-1c43a14fe3a3","title":"prepare raw materials for man-made fibres manufacturing","referenceLanguage":["en"],"preferredLabel":{"de":"Rohstoffe für die Herstellung synthetischer Fasern vorbereiten","no":"forberede råmaterialer for kunstfiberproduksjon","fi":"valmistella raaka-aineita tekokuitujen valmistusta varten","en-us":"prepare raw materials for man-made fibers  manufacturing","pt":"preparar matérias-primas para o fabrico de fibras sintéticas ou artificiais","bg":"приготвяне на суровини за производството на химични влакна","lt":"paruošti žaliavas dirbtiniam pluoštui gaminti","hr":"pripremati sirovine za proizvodnju umjetnih vlakana","lv":"sagatavot izejvielas mākslīgo šķiedru ražošanai","fr":"préparer des matières premières pour la fabrication de fibres synthétiques","hu":"alapanyagokat készít elő a műszálgyártáshoz","sk":"pripraviť suroviny na výrobu umelých vlákien","sl":"pripravljati surovine za proizvodnjo umetnih vlaken","ga":"amhábhair a ullmhú le haghaidh snáithíní a mhonarú ar de dhéantús an duine iad","sv":"förbereda råmaterial för tillverkning av konstfiber","el":"προετοιμασία των πρώτων υλών για την κατασκευή συνθετικών ινών","mt":"tħejjija tal-materja prima għall-manifattura tal-fibri magħmulin mill-bniedem","en":"prepare raw materials for man-made fibres manufacturing","is":"undirbýr hráefni fyrir manngerða trefjaþráðarframleiðslu","it":"preparare le materie prime per la produzione di fibre sintetiche","es":"preparar las materias primas para la fabricación de fibras artificiales y sintéticas","et":"keemiliste kiudude tootmise materjale ette valmistama","cs":"připravovat suroviny pro výrobu chemických vláken","ar":"يجهز المواد الخام الخاصة بتصنيع الألياف الاصطناعية","pl":"przygotowywać surowce do wytwarzania włókien sztucznych","da":"forberede råmaterialer til fremstilling af kemofibre","ro":"pregătește materii prime pentru producția de fibre artificiale","nl":"grondstoffen voor de productie van kunstvezels voorbereiden"},"alternativeLabel":{"de":["Rohstoffe für die Herstellung von Kunstfasern vorbereiten"],"en":["prepare to manufacture man-made fibres","pre-processing of man-made fibres","pre-process man-made fibres","prepare raw materials for man-made fibres fibers manufacturing","pre-processing of man-mde fibres","preparation of man-made fibres manufacturing"],"pl":["przygotowywać surowce do wytwarzania włókien chemicznych"],"hu":["alapanyagokat készít elő a szintetikusszál-gyártáshoz"],"nl":["grondstoffen voor de productie van kunstmatige vezels voorbereiden"],"es":["procesar las materias primas para la fabricación de fibras artificiales y sintéticas","preparar las materias primas para fabricar fibras artificiales y sintéticas","preparar las materias primas para la producción de fibras artificiales y sintéticas","preparar las materias primas para producir fibras artificiales y sintéticas"]},"description":{"en-us":{"literal":"Settle the supply of raw materials that need to go into the processing phase such as spinning, in order to prepare the fibers for manufacturing purposes.","mimetype":"plain/text"},"en":{"literal":"Settle the supply of raw materials that need to go into the processing phase such as spinning, in order to prepare the fibres for manufacturing purposes.","mimetype":"plain/text"}},"status":"released","_links":{"self":{"href":"https://ec.europa.eu/esco/api/resource/skill?uri=http://data.europa.eu/esco/skill/0c904534-d935-48b8-8e0f-1c43a14fe3a3&language=en","uri":"http://data.europa.eu/esco/skill/0c904534-d935-48b8-8e0f-1c43a14fe3a3","title":"prepare raw materials for man-made fibres manufacturing"},"isTopConceptInScheme":[{"href":"https://ec.europa.eu/esco/api/resource/taxonomy?uri=http://data.europa.eu/esco/concept-scheme/skills&language=en","uri":"http://data.europa.eu/esco/concept-scheme/skills","title":"ESCO skills"},{"href":"https://ec.europa.eu/esco/api/resource/taxonomy?uri=http://data.europa.eu/esco/concept-scheme/member-skills&language=en","uri":"http://data.europa.eu/esco/concept-scheme/member-skills","title":"ESCO member skills"}],"isInScheme":[{"href":"https://ec.europa.eu/esco/api/resource/taxonomy?uri=http://data.europa.eu/esco/concept-scheme/skills&language=en","uri":"http://data.europa.eu/esco/concept-scheme/skills","title":"ESCO skills"},{"href":"https://ec.europa.eu/esco/api/resource/taxonomy?uri=http://data.europa.eu/esco/concept-scheme/member-skills&language=en","uri":"http://data.europa.eu/esco/concept-scheme/member-skills","title":"ESCO member skills"}],"hasSkillType":[{"href":"https://ec.europa.eu/esco/api/resource/concept?uri=http://data.europa.eu/esco/skill-type/skill&language=en","uri":"http://data.europa.eu/esco/skill-type/skill","title":"skill"}],"hasReuseLevel":[{"href":"https://ec.europa.eu/esco/api/resource/concept?uri=http://data.europa.eu/esco/skill-reuse-level/sector-specific&language=en","uri":"http://data.europa.eu/esco/skill-reuse-level/sector-specific","title":"sector specific skills and competences","code":"Level 3"}],"isEssentialForOccupation":[{"href":"https://ec.europa.eu/esco/api/resource/occupation?uri=http://data.europa.eu/esco/occupation/107865e2-ba60-4e4f-b57d-4dd5064f517f&language=en","uri":"http://data.europa.eu/esco/occupation/107865e2-ba60-4e4f-b57d-4dd5064f517f","title":"twisting machine operator"},{"href":"https://ec.europa.eu/esco/api/resource/occupation?uri=http://data.europa.eu/esco/occupation/35291723-dc32-4a7f-a9f0-39c0e5fd96dd&language=en","uri":"http://data.europa.eu/esco/occupation/35291723-dc32-4a7f-a9f0-39c0e5fd96dd","title":"man-made fiber spinner"}],"isOptionalForOccupation":[{"href":"https://ec.europa.eu/esco/api/resource/occupation?uri=http://data.europa.eu/esco/occupation/0152b59d-5005-470c-9273-ef321477d8dc&language=en","uri":"http://data.europa.eu/esco/occupation/0152b59d-5005-470c-9273-ef321477d8dc","title":"nonwoven filament machine operator"}]},"_embedded":{}},{"className":"Skill","classId":"http://data.europa.eu/esco/model#Skill","uri":"http://data.europa.eu/esco/skill/9aba81c6-b5b3-4c32-ab93-4280c17179fc","title":"manage relationships with artists","referenceLanguage":["en"],"preferredLabel":{"no":"pleie relasjoner med kunstnere","de":"Beziehungen mit Künstlern regeln","fi":"hoitaa suhteita taiteilijoihin","en-us":"manage relationships with artists","pt":"gerir relações com artistas","bg":"развиване на отношения с хора на изкуството","lt":"palaikyti ryšius su menininkais","hr":"upravljati odnosima s umjetnicima","lv":"veidot un uzturēt attiecības ar māksliniekiem","fr":"gérer les relations avec des artistes","hu":"művészekkel kapcsolatot ápol","sk":"riadiť vzťahy s umelcami","sl":"vzdrževati odnose z umetniki","ga":"caidreamh le healaíontóirí a bhainistiú","sv":"sköta relationer med konstnärer","mt":"immaniġġjar tar-relazzjonijiet mal-artisti","el":"διαχείριση σχέσεων με καλλιτέχνες","en":"manage relationships with artists","is":"sér um sambönd við listafólk","it":"gestire i rapporti con gli artisti","es":"gestionar la relación con los artistas","et":"haldama suhteid kunstnikega","cs":"udržovat vztahy s umělci","ar":"يدير العلاقات مع الفنانين","pl":"zarządzać relacjami z artystami","ro":"gestionează relațiile cu artiștii","da":"administrere forhold til kunstnere","nl":"relaties met artiesten beheren"},"alternativeLabel":{"en":["oversee  relationships with artists","manage relationship with artists","maintain  relationships with artists","manage a relationships with an artist","managing relationships with artists","regulate  relationships with artists","supervise  relationships with artists"]},"description":{"en-us":{"literal":"Develop relationships with artists new to the gallery, and extend existing relationships with established artists.","mimetype":"plain/text"},"en":{"literal":"Develop relationships with artists new to the gallery, and extend existing relationships with established artists.","mimetype":"plain/text"}},"status":"released","_links":{"self":{"href":"https://ec.europa.eu/esco/api/resource/skill?uri=http://data.europa.eu/esco/skill/9aba81c6-b5b3-4c32-ab93-4280c17179fc&language=en","uri":"http://data.europa.eu/esco/skill/9aba81c6-b5b3-4c32-ab93-4280c17179fc","title":"manage relationships with artists"},"isTopConceptInScheme":[{"href":"https://ec.europa.eu/esco/api/resource/taxonomy?uri=http://data.europa.eu/esco/concept-scheme/skills&language=en","uri":"http://data.europa.eu/esco/concept-scheme/skills","title":"ESCO skills"},{"href":"https://ec.europa.eu/esco/api/resource/taxonomy?uri=http://data.europa.eu/esco/concept-scheme/member-skills&language=en","uri":"http://data.europa.eu/esco/concept-scheme/member-skills","title":"ESCO member skills"}],"isInScheme":[{"href":"https://ec.europa.eu/esco/api/resource/taxonomy?uri=http://data.europa.eu/esco/concept-scheme/skills&language=en","uri":"http://data.europa.eu/esco/concept-scheme/skills","title":"ESCO skills"},{"href":"https://ec.europa.eu/esco/api/resource/taxonomy?uri=http://data.europa.eu/esco/concept-scheme/member-skills&language=en","uri":"http://data.europa.eu/esco/concept-scheme/member-skills","title":"ESCO member skills"}],"hasSkillType":[{"href":"https://ec.europa.eu/esco/api/resource/concept?uri=http://data.europa.eu/esco/skill-type/skill&language=en","uri":"http://data.europa.eu/esco/skill-type/skill","title":"skill"}],"hasReuseLevel":[{"href":"https://ec.europa.eu/esco/api/resource/concept?uri=http://data.europa.eu/esco/skill-reuse-level/cross-sector&language=en","uri":"http://data.europa.eu/esco/skill-reuse-level/cross-sector","title":"cross-sector skills and competences","code":"Level 2"}],"isEssentialForOccupation":[{"href":"https://ec.europa.eu/esco/api/resource/occupation?uri=http://data.europa.eu/esco/occupation/21ae429f-a152-46a6-a73c-9ec65c7803f0&language=en","uri":"http://data.europa.eu/esco/occupation/21ae429f-a152-46a6-a73c-9ec65c7803f0","title":"promoter"},{"href":"https://ec.europa.eu/esco/api/resource/occupation?uri=http://data.europa.eu/esco/occupation/2c8a4b72-21f4-4ab1-9dbd-1cae779211b7&language=en","uri":"http://data.europa.eu/esco/occupation/2c8a4b72-21f4-4ab1-9dbd-1cae779211b7","title":"commercial art gallery manager"}]},"_embedded":{}},{"className":"Skill","classId":"http://data.europa.eu/esco/model#Skill","uri":"http://data.europa.eu/esco/skill/1b8a6c1c-5421-47d5-8a08-c6b222b9ac83","title":"cut photographic film","referenceLanguage":["en"],"preferredLabel":{"de":"Fotofilm schneiden","no":"klippe fotografisk film","en-us":"cut photographic film","fi":"leikata valokuvafilmiä","pt":"cortar película fotográfica","bg":"рязане на фотографски филм","lt":"karpyti fotojuostą","lv":"sadalīt fotofilmu","hr":"rezati fotografski film","fr":"découper des pellicules photo","hu":"fényképészeti filmeket megvág","sk":"nastrihať fotografický film","sl":"rezati fotografske filme","ga":"scannán grianghrafadóireachta a ghearradh","sv":"klippa fotografisk film","mt":"tqattigħ tat-tertuqiet fotografiċi","el":"κοπή του φωτογραφικού φιλμ","en":"cut photographic film","is":"klippir ljósmyndunarfilmu","it":"ritagliare pellicola fotografica","es":"cortar la película fotográfica","et":"fotofilmi lõikama","cs":"stříhat fotografický film","ar":"يقطع فيلم التصوير الفوتوغرافي","pl":"ciąć kliszę fotograficzną","ro":"taie filme fotografice","da":"klippe fotografisk film","nl":"fotografische film snijden"},"alternativeLabel":{"en":["cut photo film"],"ga":["scannán fótagrafach a ghearradh"],"hu":["fotográfiai filmeket megvág"],"es":["cortar la película fotográfica en negativos","cortar la película","cortar la película en negativos"]},"description":{"en-us":{"literal":"Cut the photographic film into negatives, each negative representing one photograph or shot.","mimetype":"plain/text"},"en":{"literal":"Cut the photographic film into negatives, each negative representing one photograph or shot.","mimetype":"plain/text"}},"status":"released","_links":{"self":{"href":"https://ec.europa.eu/esco/api/resource/skill?uri=http://data.europa.eu/esco/skill/1b8a6c1c-5421-47d5-8a08-c6b222b9ac83&language=en","uri":"http://data.europa.eu/esco/skill/1b8a6c1c-5421-47d5-8a08-c6b222b9ac83","title":"cut photographic film"},"isTopConceptInScheme":[{"href":"https://ec.europa.eu/esco/api/resource/taxonomy?uri=http://data.europa.eu/esco/concept-scheme/member-skills&language=en","uri":"http://data.europa.eu/esco/concept-scheme/member-skills","title":"ESCO member skills"},{"href":"https://ec.europa.eu/esco/api/resource/taxonomy?uri=http://data.europa.eu/esco/concept-scheme/skills&language=en","uri":"http://data.europa.eu/esco/concept-scheme/skills","title":"ESCO skills"}],"isInScheme":[{"href":"https://ec.europa.eu/esco/api/resource/taxonomy?uri=http://data.europa.eu/esco/concept-scheme/member-skills&language=en","uri":"http://data.europa.eu/esco/concept-scheme/member-skills","title":"ESCO member skills"},{"href":"https://ec.europa.eu/esco/api/resource/taxonomy?uri=http://data.europa.eu/esco/concept-scheme/skills&language=en","uri":"http://data.europa.eu/esco/concept-scheme/skills","title":"ESCO skills"}],"hasSkillType":[{"href":"https://ec.europa.eu/esco/api/resource/concept?uri=http://data.europa.eu/esco/skill-type/skill&language=en","uri":"http://data.europa.eu/esco/skill-type/skill","title":"skill"}],"hasReuseLevel":[{"href":"https://ec.europa.eu/esco/api/resource/concept?uri=http://data.europa.eu/esco/skill-reuse-level/cross-sector&language=en","uri":"http://data.europa.eu/esco/skill-reuse-level/cross-sector","title":"cross-sector skills and competences","code":"Level 2"}],"isEssentialForOccupation":[{"href":"https://ec.europa.eu/esco/api/resource/occupation?uri=http://data.europa.eu/esco/occupation/7180a7be-68cd-4636-8c12-706722ad8862&language=en","uri":"http://data.europa.eu/esco/occupation/7180a7be-68cd-4636-8c12-706722ad8862","title":"photographic developer"}],"isOptionalForOccupation":[{"href":"https://ec.europa.eu/esco/api/resource/occupation?uri=http://data.europa.eu/esco/occupation/b4f08f2e-3c97-4484-9094-446a17dad802&language=en","uri":"http://data.europa.eu/esco/occupation/b4f08f2e-3c97-4484-9094-446a17dad802","title":"motion picture film developer"}]},"_embedded":{}},{"className":"Skill","classId":"http://data.europa.eu/esco/model#Skill","uri":"http://data.europa.eu/esco/skill/f17e2759-b522-4505-ac1c-e58e8c2e29b1","title":"tend twisting machines","referenceLanguage":["en"],"preferredLabel":{"no":"håndtere tvinnemaskiner","de":"Zwirnmaschinen bedienen","en-us":"tend twisting machines","fi":"hoitaa punontakoneita","pt":"assegurar o correto funcionamento das máquinas de torção","bg":"управляване на машини за пресукване","lt":"prižiūrėti sukimo mašinas","lv":"apkalpot savīšanas iekārtas","hr":"rukovati strojevima za pletenje","fr":"utiliser une machine à retordre","hu":"sodrógépeket tart fenn","sk":"obsluhovať zakrucovacie stroje","sl":"upravljati sukalne stroje","ga":"féachaint i ndiaidh meaisíní casta","sv":"sköta tvinnmaskiner","mt":"tħaddim tal-magni tal-brim","el":"χειρισμός μηχανών σύστριψης","en":"tend twisting machines","is":"annast vindingsvélar","it":"essere addetto a filatoi a doppia torsione","es":"ocuparse de máquinas retorcedoras","et":"korrutusmasinatega töötama","cs":"obsluhovat skrucovací stroje","ar":"يرعى آلات اللف","pl":"zajmować się skręcarkami","da":"passe tvindingsmaskiner","ro":"operează mașini de răsucit fire","nl":"twijnmachines bedienen"},"alternativeLabel":{"en":["tend twisting machinery for yarn production","operate twisting machines","tend twisting machinery","tend twisting machines for yarn production","operate twisting machinery"],"es":["manejar máquinas retorcedoras","operar con máquinas retorcedoras"],"nl":["twijnmachines onderhouden"]},"description":{"en-us":{"literal":"Set up, operate, and maintain twisting machines to spin two or more fibers together into a yarn.","mimetype":"plain/text"},"en":{"literal":"Set up, operate, and maintain twisting machines to spin two or more fibres together into a yarn.","mimetype":"plain/text"}},"status":"released","_links":{"self":{"href":"https://ec.europa.eu/esco/api/resource/skill?uri=http://data.europa.eu/esco/skill/f17e2759-b522-4505-ac1c-e58e8c2e29b1&language=en","uri":"http://data.europa.eu/esco/skill/f17e2759-b522-4505-ac1c-e58e8c2e29b1","title":"tend twisting machines"},"isTopConceptInScheme":[{"href":"https://ec.europa.eu/esco/api/resource/taxonomy?uri=http://data.europa.eu/esco/concept-scheme/skills&language=en","uri":"http://data.europa.eu/esco/concept-scheme/skills","title":"ESCO skills"},{"href":"https://ec.europa.eu/esco/api/resource/taxonomy?uri=http://data.europa.eu/esco/concept-scheme/member-skills&language=en","uri":"http://data.europa.eu/esco/concept-scheme/member-skills","title":"ESCO member skills"}],"isInScheme":[{"href":"https://ec.europa.eu/esco/api/resource/taxonomy?uri=http://data.europa.eu/esco/concept-scheme/skills&language=en","uri":"http://data.europa.eu/esco/concept-scheme/skills","title":"ESCO skills"},{"href":"https://ec.europa.eu/esco/api/resource/taxonomy?uri=http://data.europa.eu/esco/concept-scheme/member-skills&language=en","uri":"http://data.europa.eu/esco/concept-scheme/member-skills","title":"ESCO member skills"}],"hasSkillType":[{"href":"https://ec.europa.eu/esco/api/resource/concept?uri=http://data.europa.eu/esco/skill-type/skill&language=en","uri":"http://data.europa.eu/esco/skill-type/skill","title":"skill"}],"hasReuseLevel":[{"href":"https://ec.europa.eu/esco/api/resource/concept?uri=http://data.europa.eu/esco/skill-reuse-level/occupation-specific&language=en","uri":"http://data.europa.eu/esco/skill-reuse-level/occupation-specific","title":"occupation specific skills and competences","code":"Level 4"}],"isEssentialForOccupation":[{"href":"https://ec.europa.eu/esco/api/resource/occupation?uri=http://data.europa.eu/esco/occupation/107865e2-ba60-4e4f-b57d-4dd5064f517f&language=en","uri":"http://data.europa.eu/esco/occupation/107865e2-ba60-4e4f-b57d-4dd5064f517f","title":"twisting machine operator"}]},"_embedded":{}},{"className":"Skill","classId":"http://data.europa.eu/esco/model#Skill","uri":"http://data.europa.eu/esco/skill/3b11f87b-54a0-4bce-b26b-5dbbb95b5555","title":"manage timber orders","referenceLanguage":["en"],"preferredLabel":{"de":"Aufträge in der Nutzholzwirtschaft verwalten","no":"administrere tømmerbestillinger","fi":"vastata puutavaratilauksista","en-us":"manage lumber  orders","pt":"gerir as encomendas de madeira","bg":"управляване на поръчки на дървен материал","lt":"valdyti medienos užsakymus","lv":"pārvaldīt kokmateriālu pasūtījumus","hr":"upravljati narudžbama drvne građe","fr":"gérer des commandes de bois","hu":"faanyagra vonatkozó megrendeléseket kezel","sk":"riadiť objednávky dreva","sl":"upravljati naročila lesa","ga":"orduithe adhmaid a bhainistiú","sv":"hantera virkesordrar","el":"διαχείριση παραγγελιών ξυλείας","mt":"immaniġġjar tal-ordnijiet tal-injam","en":"manage timber orders","is":"sér um pantanir á timbri","it":"gestire gli ordini di legname","es":"gestionar pedidos de madera","et":"metsamaterjali tellimusi haldama","cs":"spravovat objednávky dřeva","ar":"يدير طلبيات الأخشاب","pl":"zarządzać zamówieniami na drewno","da":"forvalte træordrer","ro":"gestionează comenzile de material lemnos","nl":"houtbestellingen beheren"},"alternativeLabel":{"sv":["hantera virkesbeställningar"],"en":["managing timber orders","assemble orders of timber","manage orders of timber","timber orders assembling","managing orders of timber","timber orders managing","assembling timber orders","assemble timber orders","assembling orders of timber"],"es":["controlar pedidos de madera","administrar pedidos de madera"]},"description":{"en-us":{"literal":"Ensure that goods are in stock and accessible so that they can be dispatched. Identify any special loading or transportation requirements relating to the assembly of orders. Check and confirm any requirements to maintain the condition of the goods while the order is being assembled. Assemble the orders with the correct type and quantity of goods. Label orders following organizational procedures.","mimetype":"plain/text"},"en":{"literal":"Ensure that goods are in stock and accessible so that they can be dispatched. Identify any special loading or transportation requirements relating to the assembly of orders. Check and confirm any requirements to maintain the condition of the goods while the order is being assembled. Assemble the orders with the correct type and quantity of goods. Label orders following organisational procedures.","mimetype":"plain/text"}},"status":"released","_links":{"self":{"href":"https://ec.europa.eu/esco/api/resource/skill?uri=http://data.europa.eu/esco/skill/3b11f87b-54a0-4bce-b26b-5dbbb95b5555&language=en","uri":"http://data.europa.eu/esco/skill/3b11f87b-54a0-4bce-b26b-5dbbb95b5555","title":"manage timber orders"},"isTopConceptInScheme":[{"href":"https://ec.europa.eu/esco/api/resource/taxonomy?uri=http://data.europa.eu/esco/concept-scheme/member-skills&language=en","uri":"http://data.europa.eu/esco/concept-scheme/member-skills","title":"ESCO member skills"},{"href":"https://ec.europa.eu/esco/api/resource/taxonomy?uri=http://data.europa.eu/esco/concept-scheme/skills&language=en","uri":"http://data.europa.eu/esco/concept-scheme/skills","title":"ESCO skills"}],"isInScheme":[{"href":"https://ec.europa.eu/esco/api/resource/taxonomy?uri=http://data.europa.eu/esco/concept-scheme/member-skills&language=en","uri":"http://data.europa.eu/esco/concept-scheme/member-skills","title":"ESCO member skills"},{"href":"https://ec.europa.eu/esco/api/resource/taxonomy?uri=http://data.europa.eu/esco/concept-scheme/skills&language=en","uri":"http://data.europa.eu/esco/concept-scheme/skills","title":"ESCO skills"}],"hasSkillType":[{"href":"https://ec.europa.eu/esco/api/resource/concept?uri=http://data.europa.eu/esco/skill-type/skill&language=en","uri":"http://data.europa.eu/esco/skill-type/skill","title":"skill"}],"hasReuseLevel":[{"href":"https://ec.europa.eu/esco/api/resource/concept?uri=http://data.europa.eu/esco/skill-reuse-level/occupation-specific&language=en","uri":"http://data.europa.eu/esco/skill-reuse-level/occupation-specific","title":"occupation specific skills and competences","code":"Level 4"}],"isEssentialForOccupation":[{"href":"https://ec.europa.eu/esco/api/resource/occupation?uri=http://data.europa.eu/esco/occupation/c3dc576e-2a58-4481-9b6f-9853067af8ea&language=en","uri":"http://data.europa.eu/esco/occupation/c3dc576e-2a58-4481-9b6f-9853067af8ea","title":"timber trader"}]},"_embedded":{}},{"className":"Skill","classId":"http://data.europa.eu/esco/model#Skill","uri":"http://data.europa.eu/esco/skill/29bd4e41-98f7-4525-8b6a-4687b5c9bece","title":"register birth","referenceLanguage":["en"],"preferredLabel":{"de":"Geburt im Register eintragen","no":"registrere fødsel","en-us":"register birth","fi":"rekisteröidä syntymät","pt":"registar nascimentos","bg":"регистриране на раждане","lt":"registruoti gimusiuosius","hr":"upisivati rođenje","lv":"reģistrēt dzimšanu","fr":"enregistrer une naissance","hu":"bevezeti a születést az anyakönyvbe","sk":"zaznamenať údaje o narodení","sl":"registrirati rojstva","ga":"breitheanna a chlárú","sv":"registrera födsel","mt":"reġistrazzjoni tat-twelid","el":"δήλωση γέννας","en":"register birth","is":"skráir fæðingarupplýsingar","it":"registrare la nascita","es":"registrar un nacimiento","et":"sündi registreerima","cs":"zaregistrovat narození","ar":"يسجل تاريخ الميلاد","pl":"prowadzić rejestr urodzeń","ro":"înregistrează naşterea","da":"registrere fødsler","nl":"geboorten registreren"},"alternativeLabel":{"el":["γνωστοποίηση γέννας"],"en":["obtain birth certificate","notify birth of child","record birth of child","notify birth","chronicle birth","record birth"]},"description":{"en-us":{"literal":"Question parents and enter the obtained information on the birth certificate.","mimetype":"plain/text"},"en":{"literal":"Question parents and enter the obtained information on the birth certificate.","mimetype":"plain/text"}},"status":"released","_links":{"self":{"href":"https://ec.europa.eu/esco/api/resource/skill?uri=http://data.europa.eu/esco/skill/29bd4e41-98f7-4525-8b6a-4687b5c9bece&language=en","uri":"http://data.europa.eu/esco/skill/29bd4e41-98f7-4525-8b6a-4687b5c9bece","title":"register birth"},"isTopConceptInScheme":[{"href":"https://ec.europa.eu/esco/api/resource/taxonomy?uri=http://data.europa.eu/esco/concept-scheme/skills&language=en","uri":"http://data.europa.eu/esco/concept-scheme/skills","title":"ESCO skills"},{"href":"https://ec.europa.eu/esco/api/resource/taxonomy?uri=http://data.europa.eu/esco/concept-scheme/member-skills&language=en","uri":"http://data.europa.eu/esco/concept-scheme/member-skills","title":"ESCO member skills"}],"isInScheme":[{"href":"https://ec.europa.eu/esco/api/resource/taxonomy?uri=http://data.europa.eu/esco/concept-scheme/skills&language=en","uri":"http://data.europa.eu/esco/concept-scheme/skills","title":"ESCO skills"},{"href":"https://ec.europa.eu/esco/api/resource/taxonomy?uri=http://data.europa.eu/esco/concept-scheme/member-skills&language=en","uri":"http://data.europa.eu/esco/concept-scheme/member-skills","title":"ESCO member skills"}],"hasSkillType":[{"href":"https://ec.europa.eu/esco/api/resource/concept?uri=http://data.europa.eu/esco/skill-type/skill&language=en","uri":"http://data.europa.eu/esco/skill-type/skill","title":"skill"}],"hasReuseLevel":[{"href":"https://ec.europa.eu/esco/api/resource/concept?uri=http://data.europa.eu/esco/skill-reuse-level/occupation-specific&language=en","uri":"http://data.europa.eu/esco/skill-reuse-level/occupation-specific","title":"occupation specific skills and competences","code":"Level 4"}],"isEssentialForOccupation":[{"href":"https://ec.europa.eu/esco/api/resource/occupation?uri=http://data.europa.eu/esco/occupation/578470d7-1848-44cd-a769-96cdd64b2c37&language=en","uri":"http://data.europa.eu/esco/occupation/578470d7-1848-44cd-a769-96cdd64b2c37","title":"civil registrar"}]},"_embedded":{}},{"className":"Skill","classId":"http://data.europa.eu/esco/model#Skill","uri":"http://data.europa.eu/esco/skill/685086a2-4166-47da-bed7-90423be8c99d","title":"construct dams","referenceLanguage":["en"],"preferredLabel":{"no":"konstruere demninger","de":"Dämme bauen","fi":"rakentaa patoja","en-us":"construct dams","pt":"construir barragens","bg":"изграждане на язовири","lt":"statyti užtvankas","hr":"graditi brane","lv":"būvēt dambjus","fr":"construire des digues","hu":"gátat épít","sk":"vybudovať priehrady","sl":"graditi jezove","ga":"dambaí a thógáil","sv":"bygga dammar","el":"κατασκευή φραγμάτων","mt":"kostruzzjoni tad-digi","en":"construct dams","is":"byggir stíflur","it":"costruire le dighe","es":"construir presas","et":"tamme ehitama","cs":"stavět přehrady","ar":"يبني السدود","pl":"budować tamy","ro":"construiește baraje","da":"konstruere damme","nl":"dammen bouwen"},"alternativeLabel":{"en":["constructing of dams","damming of watercourses","build dams","dam construction","constructing dams","damming watercourses","dam building","construction of dams","building of dams"],"nl":["dammen construeren"],"es":["construir presas de contención","construir embalses","construir represas"]},"description":{"en-us":{"literal":"Dewater a suitable area through the construction of a diversion tunnel and use earthmoving equipment to build a coffer dam. Remove rocks and rubble in order to construct a plant, which uses concrete to prevent water leakages by using waterstops.","mimetype":"plain/text"},"en":{"literal":"Dewater a suitable area through the construction of a diversion tunnel and use earthmoving equipment to build a coffer dam. Remove rocks and rubble in order to construct a plant, which uses concrete to prevent water leakages by using waterstops.","mimetype":"plain/text"}},"status":"released","_links":{"self":{"href":"https://ec.europa.eu/esco/api/resource/skill?uri=http://data.europa.eu/esco/skill/685086a2-4166-47da-bed7-90423be8c99d&language=en","uri":"http://data.europa.eu/esco/skill/685086a2-4166-47da-bed7-90423be8c99d","title":"construct dams"},"isTopConceptInScheme":[{"href":"https://ec.europa.eu/esco/api/resource/taxonomy?uri=http://data.europa.eu/esco/concept-scheme/member-skills&language=en","uri":"http://data.europa.eu/esco/concept-scheme/member-skills","title":"ESCO member skills"},{"href":"https://ec.europa.eu/esco/api/resource/taxonomy?uri=http://data.europa.eu/esco/concept-scheme/skills&language=en","uri":"http://data.europa.eu/esco/concept-scheme/skills","title":"ESCO skills"}],"isInScheme":[{"href":"https://ec.europa.eu/esco/api/resource/taxonomy?uri=http://data.europa.eu/esco/concept-scheme/member-skills&language=en","uri":"http://data.europa.eu/esco/concept-scheme/member-skills","title":"ESCO member skills"},{"href":"https://ec.europa.eu/esco/api/resource/taxonomy?uri=http://data.europa.eu/esco/concept-scheme/skills&language=en","uri":"http://data.europa.eu/esco/concept-scheme/skills","title":"ESCO skills"}],"hasSkillType":[{"href":"https://ec.europa.eu/esco/api/resource/concept?uri=http://data.europa.eu/esco/skill-type/skill&language=en","uri":"http://data.europa.eu/esco/skill-type/skill","title":"skill"}],"hasReuseLevel":[{"href":"https://ec.europa.eu/esco/api/resource/concept?uri=http://data.europa.eu/esco/skill-reuse-level/sector-specific&language=en","uri":"http://data.europa.eu/esco/skill-reuse-level/sector-specific","title":"sector specific skills and competences","code":"Level 3"}],"isEssentialForOccupation":[{"href":"https://ec.europa.eu/esco/api/resource/occupation?uri=http://data.europa.eu/esco/occupation/21fe7141-68fa-4db7-9ee2-53097cef541a&language=en","uri":"http://data.europa.eu/esco/occupation/21fe7141-68fa-4db7-9ee2-53097cef541a","title":"waterway construction labourer"}],"isOptionalForOccupation":[{"href":"https://ec.europa.eu/esco/api/resource/occupation?uri=http://data.europa.eu/esco/occupation/e575efca-c3e4-43fe-8c46-327d310f795e&language=en","uri":"http://data.europa.eu/esco/occupation/e575efca-c3e4-43fe-8c46-327d310f795e","title":"underwater construction supervisor"}]},"_embedded":{}}]}}